player_id,name,birth_date,nationality,primary_position,position_group,coarse_group,career_status,canonical_season,season_start_year,season_end_year,season_format,age,appearances,goals,n_clubs,n_competitions,clubs,leagues,stat_scope,is_partial,model_eligible
achraf-hakimi,Achraf Hakimi,1998-11-04,Spain,full-back,FB,DEF,active,2017–18,2017,2018,split_year,19,9,2,1,1,Real Madrid,La Liga,domestic_league,False,True
achraf-hakimi,Achraf Hakimi,1998-11-04,Spain,full-back,FB,DEF,active,2018–19,2018,2019,split_year,20,21,2,1,1,Borussia Dortmund (loan),Bundesliga,domestic_league,False,True
achraf-hakimi,Achraf Hakimi,1998-11-04,Spain,full-back,FB,DEF,active,2019–20,2019,2020,split_year,21,33,5,1,1,Borussia Dortmund (loan),Bundesliga,domestic_league,False,True
achraf-hakimi,Achraf Hakimi,1998-11-04,Spain,full-back,FB,DEF,active,2020–21,2020,2021,split_year,22,37,7,1,1,Inter Milan,Serie A,domestic_league,False,True
achraf-hakimi,Achraf Hakimi,1998-11-04,Spain,full-back,FB,DEF,active,2021–22,2021,2022,split_year,23,32,4,1,1,Paris Saint-Germain,Ligue 1,domestic_league,False,True
achraf-hakimi,Achraf Hakimi,1998-11-04,Spain,full-back,FB,DEF,active,2022–23,2022,2023,split_year,24,28,5,1,1,Paris Saint-Germain,Ligue 1,domestic_league,False,True
achraf-hakimi,Achraf Hakimi,1998-11-04,Spain,full-back,FB,DEF,active,2023–24,2023,2024,split_year,25,25,4,1,1,Paris Saint-Germain,Ligue 1,domestic_league,False,True
achraf-hakimi,Achraf Hakimi,1998-11-04,Spain,full-back,FB,DEF,active,2024–25,2024,2025,split_year,26,25,4,1,1,Paris Saint-Germain,Ligue 1,domestic_league,False,True
achraf-hakimi,Achraf Hakimi,1998-11-04,Spain,full-back,FB,DEF,active,2025–26,2025,2026,split_year,27,18,2,1,1,Paris Saint-Germain,Ligue 1,domestic_league,False,True
alejandro-balde,Alejandro Balde,2003-10-18,Spain,full-back,FB,DEF,active,2021–22,2021,2022,split_year,18,5,0,1,1,Barcelona,La Liga,domestic_league,False,True
alejandro-balde,Alejandro Balde,2003-10-18,Spain,full-back,FB,DEF,active,2022–23,2022,2023,split_year,19,33,1,1,1,Barcelona,La Liga,domestic_league,False,True
alejandro-balde,Alejandro Balde,2003-10-18,Spain,full-back,FB,DEF,active,2023–24,2023,2024,split_year,20,18,0,1,1,Barcelona,La Liga,domestic_league,False,True
alejandro-balde,Alejandro Balde,2003-10-18,Spain,full-back,FB,DEF,active,2024–25,2024,2025,split_year,21,32,0,1,1,Barcelona,La Liga,domestic_league,False,True
alejandro-balde,Alejandro Balde,2003-10-18,Spain,full-back,FB,DEF,active,2025–26,2025,2026,split_year,22,28,0,1,1,Barcelona,La Liga,domestic_league,False,True
alessandro-bastoni,Alessandro Bastoni,1999-04-13,Italy,centre-back,CB,DEF,active,2016–17,2016,2017,split_year,17,3,0,1,1,Atalanta,Serie A,domestic_league,False,True
alessandro-bastoni,Alessandro Bastoni,1999-04-13,Italy,centre-back,CB,DEF,active,2017–18,2017,2018,split_year,18,4,0,1,1,Atalanta (loan),Serie A,domestic_league,False,True
alessandro-bastoni,Alessandro Bastoni,1999-04-13,Italy,centre-back,CB,DEF,active,2018–19,2018,2019,split_year,19,24,1,1,1,Parma (loan),Serie A,domestic_league,False,True
alessandro-bastoni,Alessandro Bastoni,1999-04-13,Italy,centre-back,CB,DEF,active,2019–20,2019,2020,split_year,20,25,2,1,1,Inter Milan,Serie A,domestic_league,False,True
alessandro-bastoni,Alessandro Bastoni,1999-04-13,Italy,centre-back,CB,DEF,active,2020–21,2020,2021,split_year,21,33,0,1,1,Inter Milan,Serie A,domestic_league,False,True
alessandro-bastoni,Alessandro Bastoni,1999-04-13,Italy,centre-back,CB,DEF,active,2021–22,2021,2022,split_year,22,31,1,1,1,Inter Milan,Serie A,domestic_league,False,True
alessandro-bastoni,Alessandro Bastoni,1999-04-13,Italy,centre-back,CB,DEF,active,2022–23,2022,2023,split_year,23,29,0,1,1,Inter Milan,Serie A,domestic_league,False,True
alessandro-bastoni,Alessandro Bastoni,1999-04-13,Italy,centre-back,CB,DEF,active,2023–24,2023,2024,split_year,24,28,1,1,1,Inter Milan,Serie A,domestic_league,False,True
alessandro-bastoni,Alessandro Bastoni,1999-04-13,Italy,centre-back,CB,DEF,active,2024–25,2024,2025,split_year,25,33,1,1,1,Inter Milan,Serie A,domestic_league,False,True
alessandro-bastoni,Alessandro Bastoni,1999-04-13,Italy,centre-back,CB,DEF,active,2025–26,2025,2026,split_year,26,28,1,1,1,Inter Milan,Serie A,domestic_league,False,True
alessandro-del-piero,Alessandro Del Piero,1974-11-09,Italy,forward,AM,MID,retired,1991–92,1991,1992,split_year,17,4,0,1,1,Padova,Serie B,domestic_league,False,True
alessandro-del-piero,Alessandro Del Piero,1974-11-09,Italy,forward,AM,MID,retired,1992–93,1992,1993,split_year,18,10,1,1,1,Padova,Serie B,domestic_league,False,True
alessandro-del-piero,Alessandro Del Piero,1974-11-09,Italy,forward,AM,MID,retired,1993–94,1993,1994,split_year,19,11,5,1,1,Juventus,Serie A,domestic_league,False,True
alessandro-del-piero,Alessandro Del Piero,1974-11-09,Italy,forward,AM,MID,retired,1994–95,1994,1995,split_year,20,29,8,1,1,Juventus,Serie A,domestic_league,False,True
alessandro-del-piero,Alessandro Del Piero,1974-11-09,Italy,forward,AM,MID,retired,1995–96,1995,1996,split_year,21,29,6,1,1,Juventus,Serie A,domestic_league,False,True
alessandro-del-piero,Alessandro Del Piero,1974-11-09,Italy,forward,AM,MID,retired,1996–97,1996,1997,split_year,22,22,8,1,1,Juventus,Serie A,domestic_league,False,True
alessandro-del-piero,Alessandro Del Piero,1974-11-09,Italy,forward,AM,MID,retired,1997–98,1997,1998,split_year,23,32,21,1,1,Juventus,Serie A,domestic_league,False,True
alessandro-del-piero,Alessandro Del Piero,1974-11-09,Italy,forward,AM,MID,retired,1998–99,1998,1999,split_year,24,8,2,1,1,Juventus,Serie A,domestic_league,False,True
alessandro-del-piero,Alessandro Del Piero,1974-11-09,Italy,forward,AM,MID,retired,1999–2000,1999,2000,split_year,25,34,9,1,1,Juventus,Serie A,domestic_league,False,True
alessandro-del-piero,Alessandro Del Piero,1974-11-09,Italy,forward,AM,MID,retired,2000–01,2000,2001,split_year,26,25,9,1,1,Juventus,Serie A,domestic_league,False,True
alessandro-del-piero,Alessandro Del Piero,1974-11-09,Italy,forward,AM,MID,retired,2001–02,2001,2002,split_year,27,32,16,1,1,Juventus,Serie A,domestic_league,False,True
alessandro-del-piero,Alessandro Del Piero,1974-11-09,Italy,forward,AM,MID,retired,2002–03,2002,2003,split_year,28,24,16,1,1,Juventus,Serie A,domestic_league,False,True
alessandro-del-piero,Alessandro Del Piero,1974-11-09,Italy,forward,AM,MID,retired,2003–04,2003,2004,split_year,29,22,8,1,1,Juventus,Serie A,domestic_league,False,True
alessandro-del-piero,Alessandro Del Piero,1974-11-09,Italy,forward,AM,MID,retired,2004–05,2004,2005,split_year,30,30,14,1,1,Juventus,Serie A,domestic_league,False,True
alessandro-del-piero,Alessandro Del Piero,1974-11-09,Italy,forward,AM,MID,retired,2005–06,2005,2006,split_year,31,33,12,1,1,Juventus,Serie A,domestic_league,False,True
alessandro-del-piero,Alessandro Del Piero,1974-11-09,Italy,forward,AM,MID,retired,2006–07,2006,2007,split_year,32,35,20,1,1,Juventus,Serie B,domestic_league,False,True
alessandro-del-piero,Alessandro Del Piero,1974-11-09,Italy,forward,AM,MID,retired,2007–08,2007,2008,split_year,33,37,21,1,1,Juventus,Serie A,domestic_league,False,True
alessandro-del-piero,Alessandro Del Piero,1974-11-09,Italy,forward,AM,MID,retired,2008–09,2008,2009,split_year,34,31,13,1,1,Juventus,Serie A,domestic_league,False,True
alessandro-del-piero,Alessandro Del Piero,1974-11-09,Italy,forward,AM,MID,retired,2009–10,2009,2010,split_year,35,23,9,1,1,Juventus,Serie A,domestic_league,False,True
alessandro-del-piero,Alessandro Del Piero,1974-11-09,Italy,forward,AM,MID,retired,2010–11,2010,2011,split_year,36,33,8,1,1,Juventus,Serie A,domestic_league,False,True
alessandro-del-piero,Alessandro Del Piero,1974-11-09,Italy,forward,AM,MID,retired,2011–12,2011,2012,split_year,37,23,3,1,1,Juventus,Serie A,domestic_league,False,True
alessandro-del-piero,Alessandro Del Piero,1974-11-09,Italy,forward,AM,MID,retired,2012–13,2012,2013,split_year,38,24,14,1,1,Sydney FC,A-League,domestic_league,False,True
alessandro-del-piero,Alessandro Del Piero,1974-11-09,Italy,forward,AM,MID,retired,2013–14,2013,2014,split_year,39,24,10,1,1,Sydney FC,A-League,domestic_league,False,True
alessandro-del-piero,Alessandro Del Piero,1974-11-09,Italy,forward,AM,MID,retired,2014,2014,2014,calendar_year,40,10,1,1,1,Delhi Dynamos,Indian Super League,domestic_league,False,True
alessandro-nesta,Alessandro Nesta,1976-03-19,Italy,centre-back,CB,DEF,retired,1993–94,1993,1994,split_year,17,2,0,1,1,Lazio,Serie A,domestic_league,False,True
alessandro-nesta,Alessandro Nesta,1976-03-19,Italy,centre-back,CB,DEF,retired,1994–95,1994,1995,split_year,18,11,0,1,1,Lazio,Serie A,domestic_league,False,True
alessandro-nesta,Alessandro Nesta,1976-03-19,Italy,centre-back,CB,DEF,retired,1995–96,1995,1996,split_year,19,23,0,1,1,Lazio,Serie A,domestic_league,False,True
alessandro-nesta,Alessandro Nesta,1976-03-19,Italy,centre-back,CB,DEF,retired,1996–97,1996,1997,split_year,20,25,0,1,1,Lazio,Serie A,domestic_league,False,True
alessandro-nesta,Alessandro Nesta,1976-03-19,Italy,centre-back,CB,DEF,retired,1997–98,1997,1998,split_year,21,30,0,1,1,Lazio,Serie A,domestic_league,False,True
alessandro-nesta,Alessandro Nesta,1976-03-19,Italy,centre-back,CB,DEF,retired,1998–99,1998,1999,split_year,22,20,1,1,1,Lazio,Serie A,domestic_league,False,True
alessandro-nesta,Alessandro Nesta,1976-03-19,Italy,centre-back,CB,DEF,retired,1999–2000,1999,2000,split_year,23,28,0,1,1,Lazio,Serie A,domestic_league,False,True
alessandro-nesta,Alessandro Nesta,1976-03-19,Italy,centre-back,CB,DEF,retired,2000–01,2000,2001,split_year,24,29,0,1,1,Lazio,Serie A,domestic_league,False,True
alessandro-nesta,Alessandro Nesta,1976-03-19,Italy,centre-back,CB,DEF,retired,2001–02,2001,2002,split_year,25,25,0,1,1,Lazio,Serie A,domestic_league,False,True
alessandro-nesta,Alessandro Nesta,1976-03-19,Italy,centre-back,CB,DEF,retired,2002–03,2002,2003,split_year,26,29,1,1,1,AC Milan,Serie A,domestic_league,False,True
alessandro-nesta,Alessandro Nesta,1976-03-19,Italy,centre-back,CB,DEF,retired,2003–04,2003,2004,split_year,27,26,0,1,1,AC Milan,Serie A,domestic_league,False,True
alessandro-nesta,Alessandro Nesta,1976-03-19,Italy,centre-back,CB,DEF,retired,2004–05,2004,2005,split_year,28,29,0,1,1,AC Milan,Serie A,domestic_league,False,True
alessandro-nesta,Alessandro Nesta,1976-03-19,Italy,centre-back,CB,DEF,retired,2005–06,2005,2006,split_year,29,30,1,1,1,AC Milan,Serie A,domestic_league,False,True
alessandro-nesta,Alessandro Nesta,1976-03-19,Italy,centre-back,CB,DEF,retired,2006–07,2006,2007,split_year,30,14,0,1,1,AC Milan,Serie A,domestic_league,False,True
alessandro-nesta,Alessandro Nesta,1976-03-19,Italy,centre-back,CB,DEF,retired,2007–08,2007,2008,split_year,31,29,1,1,1,AC Milan,Serie A,domestic_league,False,True
alessandro-nesta,Alessandro Nesta,1976-03-19,Italy,centre-back,CB,DEF,retired,2008–09,2008,2009,split_year,32,1,0,1,1,AC Milan,Serie A,domestic_league,False,True
alessandro-nesta,Alessandro Nesta,1976-03-19,Italy,centre-back,CB,DEF,retired,2009–10,2009,2010,split_year,33,23,3,1,1,AC Milan,Serie A,domestic_league,False,True
alessandro-nesta,Alessandro Nesta,1976-03-19,Italy,centre-back,CB,DEF,retired,2010–11,2010,2011,split_year,34,26,0,1,1,AC Milan,Serie A,domestic_league,False,True
alessandro-nesta,Alessandro Nesta,1976-03-19,Italy,centre-back,CB,DEF,retired,2011–12,2011,2012,split_year,35,17,1,1,1,AC Milan,Serie A,domestic_league,False,True
alessandro-nesta,Alessandro Nesta,1976-03-19,Italy,centre-back,CB,DEF,retired,2012,2012,2012,calendar_year,36,8,0,1,1,Montreal Impact,MLS,domestic_league,False,True
alessandro-nesta,Alessandro Nesta,1976-03-19,Italy,centre-back,CB,DEF,retired,2013,2013,2013,calendar_year,37,23,0,1,1,Montreal Impact,MLS,domestic_league,False,True
alessandro-nesta,Alessandro Nesta,1976-03-19,Italy,centre-back,CB,DEF,retired,2014,2014,2014,calendar_year,38,3,0,1,1,Chennaiyin,Indian Super League,domestic_league,False,True
alexander-isak,Alexander Isak,1999-09-21,Sweden,forward,FW,FWD,active,2016,2016,2016,calendar_year,17,24,10,1,1,AIK,Allsvenskan,domestic_league,False,True
alexander-isak,Alexander Isak,1999-09-21,Sweden,forward,FW,FWD,active,2016–17,2016,2017,split_year,17,0,0,1,1,Borussia Dortmund,Bundesliga,domestic_league,False,True
alexander-isak,Alexander Isak,1999-09-21,Sweden,forward,FW,FWD,active,2017–18,2017,2018,split_year,18,5,0,1,1,Borussia Dortmund,Bundesliga,domestic_league,False,True
alexander-isak,Alexander Isak,1999-09-21,Sweden,forward,FW,FWD,active,2018–19,2018,2019,split_year,19,16,13,1,1,Willem II (loan),Eredivisie,domestic_league,False,True
alexander-isak,Alexander Isak,1999-09-21,Sweden,forward,FW,FWD,active,2019–20,2019,2020,split_year,20,37,9,1,1,Real Sociedad,La Liga,domestic_league,False,True
alexander-isak,Alexander Isak,1999-09-21,Sweden,forward,FW,FWD,active,2020–21,2020,2021,split_year,21,34,17,1,1,Real Sociedad,La Liga,domestic_league,False,True
alexander-isak,Alexander Isak,1999-09-21,Sweden,forward,FW,FWD,active,2021–22,2021,2022,split_year,22,32,6,1,1,Real Sociedad,La Liga,domestic_league,False,True
alexander-isak,Alexander Isak,1999-09-21,Sweden,forward,FW,FWD,active,2022–23,2022,2023,split_year,23,24,11,2,2,Newcastle United; Real Sociedad,Premier League; La Liga,domestic_league,False,True
alexander-isak,Alexander Isak,1999-09-21,Sweden,forward,FW,FWD,active,2023–24,2023,2024,split_year,24,30,21,1,1,Newcastle United,Premier League,domestic_league,False,True
alexander-isak,Alexander Isak,1999-09-21,Sweden,forward,FW,FWD,active,2024–25,2024,2025,split_year,25,34,23,1,1,Newcastle United,Premier League,domestic_league,False,True
alexander-isak,Alexander Isak,1999-09-21,Sweden,forward,FW,FWD,active,2025–26,2025,2026,split_year,26,14,3,1,1,Liverpool,Premier League,domestic_league,False,True
alexis-sanchez,Alexis Sánchez,1988-12-19,Chile,wing half,WNG,WIDE,active,2005,2005,2005,calendar_year,17,35,3,1,1,Cobreloa,Chilean Primera División,domestic_league,False,True
alexis-sanchez,Alexis Sánchez,1988-12-19,Chile,wing half,WNG,WIDE,active,2006,2006,2006,calendar_year,18,30,13,2,1,Cobreloa; Colo-Colo,Chilean Primera División,domestic_league,False,True
alexis-sanchez,Alexis Sánchez,1988-12-19,Chile,wing half,WNG,WIDE,active,2007,2007,2007,calendar_year,19,14,1,1,1,Colo-Colo,Chilean Primera División,domestic_league,False,True
alexis-sanchez,Alexis Sánchez,1988-12-19,Chile,wing half,WNG,WIDE,active,2007–08,2007,2008,split_year,19,23,4,1,1,River Plate,Argentine Primera División,domestic_league,False,True
alexis-sanchez,Alexis Sánchez,1988-12-19,Chile,wing half,WNG,WIDE,active,2008–09,2008,2009,split_year,20,32,3,1,1,Udinese,Serie A,domestic_league,False,True
alexis-sanchez,Alexis Sánchez,1988-12-19,Chile,wing half,WNG,WIDE,active,2009–10,2009,2010,split_year,21,32,5,1,1,Udinese,Serie A,domestic_league,False,True
alexis-sanchez,Alexis Sánchez,1988-12-19,Chile,wing half,WNG,WIDE,active,2010–11,2010,2011,split_year,22,31,12,1,1,Udinese,Serie A,domestic_league,False,True
alexis-sanchez,Alexis Sánchez,1988-12-19,Chile,wing half,WNG,WIDE,active,2011–12,2011,2012,split_year,23,25,12,1,1,Barcelona,La Liga,domestic_league,False,True
alexis-sanchez,Alexis Sánchez,1988-12-19,Chile,wing half,WNG,WIDE,active,2012–13,2012,2013,split_year,24,29,8,1,1,Barcelona,La Liga,domestic_league,False,True
alexis-sanchez,Alexis Sánchez,1988-12-19,Chile,wing half,WNG,WIDE,active,2013–14,2013,2014,split_year,25,34,19,1,1,Barcelona,La Liga,domestic_league,False,True
alexis-sanchez,Alexis Sánchez,1988-12-19,Chile,wing half,WNG,WIDE,active,2014–15,2014,2015,split_year,26,35,16,1,1,Arsenal,Premier League,domestic_league,False,True
alexis-sanchez,Alexis Sánchez,1988-12-19,Chile,wing half,WNG,WIDE,active,2015–16,2015,2016,split_year,27,30,13,1,1,Arsenal,Premier League,domestic_league,False,True
alexis-sanchez,Alexis Sánchez,1988-12-19,Chile,wing half,WNG,WIDE,active,2016–17,2016,2017,split_year,28,38,24,1,1,Arsenal,Premier League,domestic_league,False,True
alexis-sanchez,Alexis Sánchez,1988-12-19,Chile,wing half,WNG,WIDE,active,2017–18,2017,2018,split_year,29,31,9,2,1,Arsenal; Manchester United,Premier League,domestic_league,False,True
alexis-sanchez,Alexis Sánchez,1988-12-19,Chile,wing half,WNG,WIDE,active,2018–19,2018,2019,split_year,30,20,1,1,1,Manchester United,Premier League,domestic_league,False,True
alexis-sanchez,Alexis Sánchez,1988-12-19,Chile,wing half,WNG,WIDE,active,2019–20,2019,2020,split_year,31,22,4,1,1,Inter Milan (loan),Serie A,domestic_league,False,True
alexis-sanchez,Alexis Sánchez,1988-12-19,Chile,wing half,WNG,WIDE,active,2020–21,2020,2021,split_year,32,30,7,1,1,Inter Milan,Serie A,domestic_league,False,True
alexis-sanchez,Alexis Sánchez,1988-12-19,Chile,wing half,WNG,WIDE,active,2021–22,2021,2022,split_year,33,27,5,1,1,Inter Milan,Serie A,domestic_league,False,True
alexis-sanchez,Alexis Sánchez,1988-12-19,Chile,wing half,WNG,WIDE,active,2022–23,2022,2023,split_year,34,35,14,1,1,Marseille,Ligue 1,domestic_league,False,True
alexis-sanchez,Alexis Sánchez,1988-12-19,Chile,wing half,WNG,WIDE,active,2023–24,2023,2024,split_year,35,23,2,1,1,Inter Milan,Serie A,domestic_league,False,True
alexis-sanchez,Alexis Sánchez,1988-12-19,Chile,wing half,WNG,WIDE,active,2024–25,2024,2025,split_year,36,13,0,1,1,Udinese,Serie A,domestic_league,False,True
alexis-sanchez,Alexis Sánchez,1988-12-19,Chile,wing half,WNG,WIDE,active,2025–26,2025,2026,split_year,37,28,4,1,1,Sevilla,La Liga,domestic_league,False,True
alphonso-davies,Alphonso Davies,2000-11-02,Canada,full-back,FB,DEF,active,2016,2016,2016,calendar_year,16,8,0,1,1,Vancouver Whitecaps FC,MLS,domestic_league,False,True
alphonso-davies,Alphonso Davies,2000-11-02,Canada,full-back,FB,DEF,active,2017,2017,2017,calendar_year,17,26,0,1,1,Vancouver Whitecaps FC,MLS,domestic_league,False,True
alphonso-davies,Alphonso Davies,2000-11-02,Canada,full-back,FB,DEF,active,2018,2018,2018,calendar_year,18,31,8,1,1,Vancouver Whitecaps FC,MLS,domestic_league,False,True
alphonso-davies,Alphonso Davies,2000-11-02,Canada,full-back,FB,DEF,active,2018–19,2018,2019,split_year,18,6,1,1,1,Bayern Munich,Bundesliga,domestic_league,False,True
alphonso-davies,Alphonso Davies,2000-11-02,Canada,full-back,FB,DEF,active,2019–20,2019,2020,split_year,19,29,3,1,1,Bayern Munich,Bundesliga,domestic_league,False,True
alphonso-davies,Alphonso Davies,2000-11-02,Canada,full-back,FB,DEF,active,2020–21,2020,2021,split_year,20,23,1,1,1,Bayern Munich,Bundesliga,domestic_league,False,True
alphonso-davies,Alphonso Davies,2000-11-02,Canada,full-back,FB,DEF,active,2021–22,2021,2022,split_year,21,22,0,1,1,Bayern Munich,Bundesliga,domestic_league,False,True
alphonso-davies,Alphonso Davies,2000-11-02,Canada,full-back,FB,DEF,active,2022–23,2022,2023,split_year,22,25,1,1,1,Bayern Munich,Bundesliga,domestic_league,False,True
alphonso-davies,Alphonso Davies,2000-11-02,Canada,full-back,FB,DEF,active,2023–24,2023,2024,split_year,23,29,2,1,1,Bayern Munich,Bundesliga,domestic_league,False,True
alphonso-davies,Alphonso Davies,2000-11-02,Canada,full-back,FB,DEF,active,2024–25,2024,2025,split_year,24,19,1,1,1,Bayern Munich,Bundesliga,domestic_league,False,True
alphonso-davies,Alphonso Davies,2000-11-02,Canada,full-back,FB,DEF,active,2025–26,2025,2026,split_year,25,13,1,1,1,Bayern Munich,Bundesliga,domestic_league,False,True
andrea-pirlo,Andrea Pirlo,1979-05-19,Italy,midfielder,CM,MID,retired,1994–95,1994,1995,split_year,15,1,0,1,1,Brescia,Serie A,domestic_league,False,True
andrea-pirlo,Andrea Pirlo,1979-05-19,Italy,midfielder,CM,MID,retired,1995–96,1995,1996,split_year,16,0,0,1,1,Brescia,Serie B,domestic_league,False,True
andrea-pirlo,Andrea Pirlo,1979-05-19,Italy,midfielder,CM,MID,retired,1996–97,1996,1997,split_year,17,17,2,1,1,Brescia,Serie B,domestic_league,False,True
andrea-pirlo,Andrea Pirlo,1979-05-19,Italy,midfielder,CM,MID,retired,1997–98,1997,1998,split_year,18,29,4,1,1,Brescia,Serie A,domestic_league,False,True
andrea-pirlo,Andrea Pirlo,1979-05-19,Italy,midfielder,CM,MID,retired,1998–99,1998,1999,split_year,19,18,0,1,1,Inter Milan,Serie A,domestic_league,False,True
andrea-pirlo,Andrea Pirlo,1979-05-19,Italy,midfielder,CM,MID,retired,1999–2000,1999,2000,split_year,20,28,6,1,1,Reggina (loan),Serie A,domestic_league,False,True
andrea-pirlo,Andrea Pirlo,1979-05-19,Italy,midfielder,CM,MID,retired,2000–01,2000,2001,split_year,21,14,0,2,1,Brescia (loan); Inter Milan,Serie A,domestic_league,False,True
andrea-pirlo,Andrea Pirlo,1979-05-19,Italy,midfielder,CM,MID,retired,2001–02,2001,2002,split_year,22,18,2,1,1,AC Milan,Serie A,domestic_league,False,True
andrea-pirlo,Andrea Pirlo,1979-05-19,Italy,midfielder,CM,MID,retired,2002–03,2002,2003,split_year,23,27,9,1,1,AC Milan,Serie A,domestic_league,False,True
andrea-pirlo,Andrea Pirlo,1979-05-19,Italy,midfielder,CM,MID,retired,2003–04,2003,2004,split_year,24,32,6,1,1,AC Milan,Serie A,domestic_league,False,True
andrea-pirlo,Andrea Pirlo,1979-05-19,Italy,midfielder,CM,MID,retired,2004–05,2004,2005,split_year,25,30,4,1,1,AC Milan,Serie A,domestic_league,False,True
andrea-pirlo,Andrea Pirlo,1979-05-19,Italy,midfielder,CM,MID,retired,2005–06,2005,2006,split_year,26,33,4,1,1,AC Milan,Serie A,domestic_league,False,True
andrea-pirlo,Andrea Pirlo,1979-05-19,Italy,midfielder,CM,MID,retired,2006–07,2006,2007,split_year,27,34,2,1,1,AC Milan,Serie A,domestic_league,False,True
andrea-pirlo,Andrea Pirlo,1979-05-19,Italy,midfielder,CM,MID,retired,2007–08,2007,2008,split_year,28,33,3,1,1,AC Milan,Serie A,domestic_league,False,True
andrea-pirlo,Andrea Pirlo,1979-05-19,Italy,midfielder,CM,MID,retired,2008–09,2008,2009,split_year,29,26,1,1,1,AC Milan,Serie A,domestic_league,False,True
andrea-pirlo,Andrea Pirlo,1979-05-19,Italy,midfielder,CM,MID,retired,2009–10,2009,2010,split_year,30,34,0,1,1,AC Milan,Serie A,domestic_league,False,True
andrea-pirlo,Andrea Pirlo,1979-05-19,Italy,midfielder,CM,MID,retired,2010–11,2010,2011,split_year,31,17,1,1,1,AC Milan,Serie A,domestic_league,False,True
andrea-pirlo,Andrea Pirlo,1979-05-19,Italy,midfielder,CM,MID,retired,2011–12,2011,2012,split_year,32,37,3,1,1,Juventus,Serie A,domestic_league,False,True
andrea-pirlo,Andrea Pirlo,1979-05-19,Italy,midfielder,CM,MID,retired,2012–13,2012,2013,split_year,33,32,5,1,1,Juventus,Serie A,domestic_league,False,True
andrea-pirlo,Andrea Pirlo,1979-05-19,Italy,midfielder,CM,MID,retired,2013–14,2013,2014,split_year,34,30,4,1,1,Juventus,Serie A,domestic_league,False,True
andrea-pirlo,Andrea Pirlo,1979-05-19,Italy,midfielder,CM,MID,retired,2014–15,2014,2015,split_year,35,20,4,1,1,Juventus,Serie A,domestic_league,False,True
andrea-pirlo,Andrea Pirlo,1979-05-19,Italy,midfielder,CM,MID,retired,2015,2015,2015,calendar_year,36,13,0,1,1,New York City FC,Major League Soccer,domestic_league,False,True
andrea-pirlo,Andrea Pirlo,1979-05-19,Italy,midfielder,CM,MID,retired,2016,2016,2016,calendar_year,37,32,1,1,1,New York City FC,Major League Soccer,domestic_league,False,True
andrea-pirlo,Andrea Pirlo,1979-05-19,Italy,midfielder,CM,MID,retired,2017,2017,2017,calendar_year,38,15,0,1,1,New York City FC,Major League Soccer,domestic_league,False,True
andres-iniesta,Andrés Iniesta,1984-05-11,Spain,midfielder,CM,MID,inactive,2002–03,2002,2003,split_year,18,6,0,1,1,Barcelona,La Liga,domestic_league,False,True
andres-iniesta,Andrés Iniesta,1984-05-11,Spain,midfielder,CM,MID,inactive,2003–04,2003,2004,split_year,19,11,1,1,1,Barcelona,La Liga,domestic_league,False,True
andres-iniesta,Andrés Iniesta,1984-05-11,Spain,midfielder,CM,MID,inactive,2004–05,2004,2005,split_year,20,37,2,1,1,Barcelona,La Liga,domestic_league,False,True
andres-iniesta,Andrés Iniesta,1984-05-11,Spain,midfielder,CM,MID,inactive,2005–06,2005,2006,split_year,21,33,0,1,1,Barcelona,La Liga,domestic_league,False,True
andres-iniesta,Andrés Iniesta,1984-05-11,Spain,midfielder,CM,MID,inactive,2006–07,2006,2007,split_year,22,37,6,1,1,Barcelona,La Liga,domestic_league,False,True
andres-iniesta,Andrés Iniesta,1984-05-11,Spain,midfielder,CM,MID,inactive,2007–08,2007,2008,split_year,23,31,3,1,1,Barcelona,La Liga,domestic_league,False,True
andres-iniesta,Andrés Iniesta,1984-05-11,Spain,midfielder,CM,MID,inactive,2008–09,2008,2009,split_year,24,26,4,1,1,Barcelona,La Liga,domestic_league,False,True
andres-iniesta,Andrés Iniesta,1984-05-11,Spain,midfielder,CM,MID,inactive,2009–10,2009,2010,split_year,25,29,1,1,1,Barcelona,La Liga,domestic_league,False,True
andres-iniesta,Andrés Iniesta,1984-05-11,Spain,midfielder,CM,MID,inactive,2010–11,2010,2011,split_year,26,34,8,1,1,Barcelona,La Liga,domestic_league,False,True
andres-iniesta,Andrés Iniesta,1984-05-11,Spain,midfielder,CM,MID,inactive,2011–12,2011,2012,split_year,27,27,2,1,1,Barcelona,La Liga,domestic_league,False,True
andres-iniesta,Andrés Iniesta,1984-05-11,Spain,midfielder,CM,MID,inactive,2012–13,2012,2013,split_year,28,31,3,1,1,Barcelona,La Liga,domestic_league,False,True
andres-iniesta,Andrés Iniesta,1984-05-11,Spain,midfielder,CM,MID,inactive,2013–14,2013,2014,split_year,29,35,3,1,1,Barcelona,La Liga,domestic_league,False,True
andres-iniesta,Andrés Iniesta,1984-05-11,Spain,midfielder,CM,MID,inactive,2014–15,2014,2015,split_year,30,24,0,1,1,Barcelona,La Liga,domestic_league,False,True
andres-iniesta,Andrés Iniesta,1984-05-11,Spain,midfielder,CM,MID,inactive,2015–16,2015,2016,split_year,31,28,1,1,1,Barcelona,La Liga,domestic_league,False,True
andres-iniesta,Andrés Iniesta,1984-05-11,Spain,midfielder,CM,MID,inactive,2016–17,2016,2017,split_year,32,23,0,1,1,Barcelona,La Liga,domestic_league,False,True
andres-iniesta,Andrés Iniesta,1984-05-11,Spain,midfielder,CM,MID,inactive,2017–18,2017,2018,split_year,33,30,1,1,1,Barcelona,La Liga,domestic_league,False,True
andres-iniesta,Andrés Iniesta,1984-05-11,Spain,midfielder,CM,MID,inactive,2018,2018,2018,calendar_year,34,14,3,1,1,Vissel Kobe,J1 League,domestic_league,False,True
andres-iniesta,Andrés Iniesta,1984-05-11,Spain,midfielder,CM,MID,inactive,2019,2019,2019,calendar_year,35,23,6,1,1,Vissel Kobe,J1 League,domestic_league,False,True
andres-iniesta,Andrés Iniesta,1984-05-11,Spain,midfielder,CM,MID,inactive,2020,2020,2020,calendar_year,36,26,4,1,1,Vissel Kobe,J1 League,domestic_league,False,True
andres-iniesta,Andrés Iniesta,1984-05-11,Spain,midfielder,CM,MID,inactive,2021,2021,2021,calendar_year,37,23,6,1,1,Vissel Kobe,J1 League,domestic_league,False,True
andres-iniesta,Andrés Iniesta,1984-05-11,Spain,midfielder,CM,MID,inactive,2022,2022,2022,calendar_year,38,24,2,1,1,Vissel Kobe,J1 League,domestic_league,False,True
andres-iniesta,Andrés Iniesta,1984-05-11,Spain,midfielder,CM,MID,inactive,2023,2023,2023,calendar_year,39,4,0,1,1,Vissel Kobe,J1 League,domestic_league,False,True
andres-iniesta,Andrés Iniesta,1984-05-11,Spain,midfielder,CM,MID,inactive,2023–24,2023,2024,split_year,39,20,5,1,1,Emirates,UAE Pro League,domestic_league,False,True
andy-robertson,Andy Robertson,1994-03-11,United Kingdom,full-back,FB,DEF,active,2012–13,2012,2013,split_year,18,34,2,1,1,Queen's Park,Scottish Third Division,domestic_league,False,True
andy-robertson,Andy Robertson,1994-03-11,United Kingdom,full-back,FB,DEF,active,2013–14,2013,2014,split_year,19,36,3,1,1,Dundee United,Scottish Premiership,domestic_league,False,True
andy-robertson,Andy Robertson,1994-03-11,United Kingdom,full-back,FB,DEF,active,2014–15,2014,2015,split_year,20,24,0,1,1,Hull City,Premier League,domestic_league,False,True
andy-robertson,Andy Robertson,1994-03-11,United Kingdom,full-back,FB,DEF,active,2015–16,2015,2016,split_year,21,42,2,1,1,Hull City,Championship,domestic_league,False,True
andy-robertson,Andy Robertson,1994-03-11,United Kingdom,full-back,FB,DEF,active,2016–17,2016,2017,split_year,22,33,1,1,1,Hull City,Premier League,domestic_league,False,True
andy-robertson,Andy Robertson,1994-03-11,United Kingdom,full-back,FB,DEF,active,2017–18,2017,2018,split_year,23,22,1,1,1,Liverpool,Premier League,domestic_league,False,True
andy-robertson,Andy Robertson,1994-03-11,United Kingdom,full-back,FB,DEF,active,2018–19,2018,2019,split_year,24,36,0,1,1,Liverpool,Premier League,domestic_league,False,True
andy-robertson,Andy Robertson,1994-03-11,United Kingdom,full-back,FB,DEF,active,2019–20,2019,2020,split_year,25,36,2,1,1,Liverpool,Premier League,domestic_league,False,True
andy-robertson,Andy Robertson,1994-03-11,United Kingdom,full-back,FB,DEF,active,2020–21,2020,2021,split_year,26,38,1,1,1,Liverpool,Premier League,domestic_league,False,True
andy-robertson,Andy Robertson,1994-03-11,United Kingdom,full-back,FB,DEF,active,2021–22,2021,2022,split_year,27,29,3,1,1,Liverpool,Premier League,domestic_league,False,True
andy-robertson,Andy Robertson,1994-03-11,United Kingdom,full-back,FB,DEF,active,2022–23,2022,2023,split_year,28,34,0,1,1,Liverpool,Premier League,domestic_league,False,True
andy-robertson,Andy Robertson,1994-03-11,United Kingdom,full-back,FB,DEF,active,2023–24,2023,2024,split_year,29,23,3,1,1,Liverpool,Premier League,domestic_league,False,True
andy-robertson,Andy Robertson,1994-03-11,United Kingdom,full-back,FB,DEF,active,2024–25,2024,2025,split_year,30,33,0,1,1,Liverpool,Premier League,domestic_league,False,True
andy-robertson,Andy Robertson,1994-03-11,United Kingdom,full-back,FB,DEF,active,2025–26,2025,2026,split_year,31,24,1,1,1,Liverpool,Premier League,domestic_league,False,True
andy-robertson,Andy Robertson,1994-03-11,United Kingdom,full-back,FB,DEF,active,2026–27,2026,2027,split_year,32,0,0,1,1,Tottenham Hotspur,Premier League,domestic_league,True,True
angel-di-maria,Ángel Di María,1988-02-14,Argentina,wing half,WNG,WIDE,active,2005–06,2005,2006,split_year,17,10,0,1,1,Rosario Central,Argentine Primera División,domestic_league,False,True
angel-di-maria,Ángel Di María,1988-02-14,Argentina,wing half,WNG,WIDE,active,2006–07,2006,2007,split_year,18,25,6,1,1,Rosario Central,Argentine Primera División,domestic_league,False,True
angel-di-maria,Ángel Di María,1988-02-14,Argentina,wing half,WNG,WIDE,active,2007–08,2007,2008,split_year,19,26,0,1,1,Benfica,Primeira Liga,domestic_league,False,True
angel-di-maria,Ángel Di María,1988-02-14,Argentina,wing half,WNG,WIDE,active,2008–09,2008,2009,split_year,20,24,2,1,1,Benfica,Primeira Liga,domestic_league,False,True
angel-di-maria,Ángel Di María,1988-02-14,Argentina,wing half,WNG,WIDE,active,2009–10,2009,2010,split_year,21,26,5,1,1,Benfica,Primeira Liga,domestic_league,False,True
angel-di-maria,Ángel Di María,1988-02-14,Argentina,wing half,WNG,WIDE,active,2010–11,2010,2011,split_year,22,35,6,1,1,Real Madrid,La Liga,domestic_league,False,True
angel-di-maria,Ángel Di María,1988-02-14,Argentina,wing half,WNG,WIDE,active,2011–12,2011,2012,split_year,23,23,5,1,1,Real Madrid,La Liga,domestic_league,False,True
angel-di-maria,Ángel Di María,1988-02-14,Argentina,wing half,WNG,WIDE,active,2012–13,2012,2013,split_year,24,32,7,1,1,Real Madrid,La Liga,domestic_league,False,True
angel-di-maria,Ángel Di María,1988-02-14,Argentina,wing half,WNG,WIDE,active,2013–14,2013,2014,split_year,25,34,4,1,1,Real Madrid,La Liga,domestic_league,False,True
angel-di-maria,Ángel Di María,1988-02-14,Argentina,wing half,WNG,WIDE,active,2014–15,2014,2015,split_year,26,27,3,2,2,Manchester United; Real Madrid,Premier League; La Liga,domestic_league,False,True
angel-di-maria,Ángel Di María,1988-02-14,Argentina,wing half,WNG,WIDE,active,2015–16,2015,2016,split_year,27,29,10,1,1,Paris Saint-Germain,Ligue 1,domestic_league,False,True
angel-di-maria,Ángel Di María,1988-02-14,Argentina,wing half,WNG,WIDE,active,2016–17,2016,2017,split_year,28,29,6,1,1,Paris Saint-Germain,Ligue 1,domestic_league,False,True
angel-di-maria,Ángel Di María,1988-02-14,Argentina,wing half,WNG,WIDE,active,2017–18,2017,2018,split_year,29,30,11,1,1,Paris Saint-Germain,Ligue 1,domestic_league,False,True
angel-di-maria,Ángel Di María,1988-02-14,Argentina,wing half,WNG,WIDE,active,2018–19,2018,2019,split_year,30,30,12,1,1,Paris Saint-Germain,Ligue 1,domestic_league,False,True
angel-di-maria,Ángel Di María,1988-02-14,Argentina,wing half,WNG,WIDE,active,2019–20,2019,2020,split_year,31,26,8,1,1,Paris Saint-Germain,Ligue 1,domestic_league,False,True
angel-di-maria,Ángel Di María,1988-02-14,Argentina,wing half,WNG,WIDE,active,2020–21,2020,2021,split_year,32,27,4,1,1,Paris Saint-Germain,Ligue 1,domestic_league,False,True
angel-di-maria,Ángel Di María,1988-02-14,Argentina,wing half,WNG,WIDE,active,2021–22,2021,2022,split_year,33,26,5,1,1,Paris Saint-Germain,Ligue 1,domestic_league,False,True
angel-di-maria,Ángel Di María,1988-02-14,Argentina,wing half,WNG,WIDE,active,2022–23,2022,2023,split_year,34,26,4,1,1,Juventus,Serie A,domestic_league,False,True
angel-di-maria,Ángel Di María,1988-02-14,Argentina,wing half,WNG,WIDE,active,2023–24,2023,2024,split_year,35,28,9,1,1,Benfica,Primeira Liga,domestic_league,False,True
angel-di-maria,Ángel Di María,1988-02-14,Argentina,wing half,WNG,WIDE,active,2024–25,2024,2025,split_year,36,25,8,1,1,Benfica,Primeira Liga,domestic_league,False,True
angel-di-maria,Ángel Di María,1988-02-14,Argentina,wing half,WNG,WIDE,active,2025,2025,2025,calendar_year,37,16,7,1,1,Rosario Central,Argentine Primera División,domestic_league,False,True
angel-di-maria,Ángel Di María,1988-02-14,Argentina,wing half,WNG,WIDE,active,2026,2026,2026,calendar_year,38,15,5,1,1,Rosario Central,Argentine Primera División,domestic_league,True,True
antoine-griezmann,Antoine Griezmann,1991-03-21,France,forward,AM,MID,active,2009–10,2009,2010,split_year,18,39,6,1,1,Real Sociedad,Segunda División,domestic_league,False,True
antoine-griezmann,Antoine Griezmann,1991-03-21,France,forward,AM,MID,active,2010–11,2010,2011,split_year,19,37,7,1,1,Real Sociedad,La Liga,domestic_league,False,True
antoine-griezmann,Antoine Griezmann,1991-03-21,France,forward,AM,MID,active,2011–12,2011,2012,split_year,20,35,7,1,1,Real Sociedad,La Liga,domestic_league,False,True
antoine-griezmann,Antoine Griezmann,1991-03-21,France,forward,AM,MID,active,2012–13,2012,2013,split_year,21,34,10,1,1,Real Sociedad,La Liga,domestic_league,False,True
antoine-griezmann,Antoine Griezmann,1991-03-21,France,forward,AM,MID,active,2013–14,2013,2014,split_year,22,35,16,1,1,Real Sociedad,La Liga,domestic_league,False,True
antoine-griezmann,Antoine Griezmann,1991-03-21,France,forward,AM,MID,active,2014–15,2014,2015,split_year,23,37,22,1,1,Atlético Madrid,La Liga,domestic_league,False,True
antoine-griezmann,Antoine Griezmann,1991-03-21,France,forward,AM,MID,active,2015–16,2015,2016,split_year,24,38,22,1,1,Atlético Madrid,La Liga,domestic_league,False,True
antoine-griezmann,Antoine Griezmann,1991-03-21,France,forward,AM,MID,active,2016–17,2016,2017,split_year,25,36,16,1,1,Atlético Madrid,La Liga,domestic_league,False,True
antoine-griezmann,Antoine Griezmann,1991-03-21,France,forward,AM,MID,active,2017–18,2017,2018,split_year,26,32,19,1,1,Atlético Madrid,La Liga,domestic_league,False,True
antoine-griezmann,Antoine Griezmann,1991-03-21,France,forward,AM,MID,active,2018–19,2018,2019,split_year,27,37,15,1,1,Atlético Madrid,La Liga,domestic_league,False,True
antoine-griezmann,Antoine Griezmann,1991-03-21,France,forward,AM,MID,active,2019–20,2019,2020,split_year,28,35,9,1,1,Barcelona,La Liga,domestic_league,False,True
antoine-griezmann,Antoine Griezmann,1991-03-21,France,forward,AM,MID,active,2020–21,2020,2021,split_year,29,36,13,1,1,Barcelona,La Liga,domestic_league,False,True
antoine-griezmann,Antoine Griezmann,1991-03-21,France,forward,AM,MID,active,2021–22,2021,2022,split_year,30,29,3,2,1,Atlético Madrid (loan); Barcelona,La Liga,domestic_league,False,True
antoine-griezmann,Antoine Griezmann,1991-03-21,France,forward,AM,MID,active,2022–23,2022,2023,split_year,31,38,15,1,1,Atlético Madrid,La Liga,domestic_league,False,True
antoine-griezmann,Antoine Griezmann,1991-03-21,France,forward,AM,MID,active,2023–24,2023,2024,split_year,32,33,16,1,1,Atlético Madrid,La Liga,domestic_league,False,True
antoine-griezmann,Antoine Griezmann,1991-03-21,France,forward,AM,MID,active,2024–25,2024,2025,split_year,33,38,8,1,1,Atlético Madrid,La Liga,domestic_league,False,True
antoine-griezmann,Antoine Griezmann,1991-03-21,France,forward,AM,MID,active,2025–26,2025,2026,split_year,34,34,7,1,1,Atlético Madrid,La Liga,domestic_league,False,True
antoine-griezmann,Antoine Griezmann,1991-03-21,France,forward,AM,MID,active,2026,2026,2026,calendar_year,35,3,1,1,1,Orlando City,Major League Soccer,domestic_league,True,True
antonio-rudiger,Antonio Rüdiger,1993-03-03,Germany,centre-back,CB,DEF,active,2011–12,2011,2012,split_year,18,1,0,1,1,VfB Stuttgart,Bundesliga,domestic_league,False,True
antonio-rudiger,Antonio Rüdiger,1993-03-03,Germany,centre-back,CB,DEF,active,2012–13,2012,2013,split_year,19,16,0,1,1,VfB Stuttgart,Bundesliga,domestic_league,False,True
antonio-rudiger,Antonio Rüdiger,1993-03-03,Germany,centre-back,CB,DEF,active,2013–14,2013,2014,split_year,20,30,2,1,1,VfB Stuttgart,Bundesliga,domestic_league,False,True
antonio-rudiger,Antonio Rüdiger,1993-03-03,Germany,centre-back,CB,DEF,active,2014–15,2014,2015,split_year,21,19,0,1,1,VfB Stuttgart,Bundesliga,domestic_league,False,True
antonio-rudiger,Antonio Rüdiger,1993-03-03,Germany,centre-back,CB,DEF,active,2015–16,2015,2016,split_year,22,30,2,1,1,Roma (loan),Serie A,domestic_league,False,True
antonio-rudiger,Antonio Rüdiger,1993-03-03,Germany,centre-back,CB,DEF,active,2016–17,2016,2017,split_year,23,26,0,1,1,Roma,Serie A,domestic_league,False,True
antonio-rudiger,Antonio Rüdiger,1993-03-03,Germany,centre-back,CB,DEF,active,2017–18,2017,2018,split_year,24,27,2,1,1,Chelsea,Premier League,domestic_league,False,True
antonio-rudiger,Antonio Rüdiger,1993-03-03,Germany,centre-back,CB,DEF,active,2018–19,2018,2019,split_year,25,33,1,1,1,Chelsea,Premier League,domestic_league,False,True
antonio-rudiger,Antonio Rüdiger,1993-03-03,Germany,centre-back,CB,DEF,active,2019–20,2019,2020,split_year,26,20,2,1,1,Chelsea,Premier League,domestic_league,False,True
antonio-rudiger,Antonio Rüdiger,1993-03-03,Germany,centre-back,CB,DEF,active,2020–21,2020,2021,split_year,27,19,1,1,1,Chelsea,Premier League,domestic_league,False,True
antonio-rudiger,Antonio Rüdiger,1993-03-03,Germany,centre-back,CB,DEF,active,2021–22,2021,2022,split_year,28,34,3,1,1,Chelsea,Premier League,domestic_league,False,True
antonio-rudiger,Antonio Rüdiger,1993-03-03,Germany,centre-back,CB,DEF,active,2022–23,2022,2023,split_year,29,33,1,1,1,Real Madrid,La Liga,domestic_league,False,True
antonio-rudiger,Antonio Rüdiger,1993-03-03,Germany,centre-back,CB,DEF,active,2023–24,2023,2024,split_year,30,33,1,1,1,Real Madrid,La Liga,domestic_league,False,True
antonio-rudiger,Antonio Rüdiger,1993-03-03,Germany,centre-back,CB,DEF,active,2024–25,2024,2025,split_year,31,29,0,1,1,Real Madrid,La Liga,domestic_league,False,True
antonio-rudiger,Antonio Rüdiger,1993-03-03,Germany,centre-back,CB,DEF,active,2025–26,2025,2026,split_year,32,18,1,1,1,Real Madrid,La Liga,domestic_league,False,True
antonio-rudiger,Antonio Rüdiger,1993-03-03,Germany,centre-back,CB,DEF,active,2026–27,2026,2027,split_year,33,0,0,1,1,Real Madrid,La Liga,domestic_league,True,True
arda-turan,Arda Turan,1987-01-30,Turkey,midfielder,WNG,WIDE,retired,2004–05,2004,2005,split_year,17,1,0,1,1,Galatasaray,Süper Lig,domestic_league,False,True
arda-turan,Arda Turan,1987-01-30,Turkey,midfielder,WNG,WIDE,retired,2005–06,2005,2006,split_year,18,15,2,1,1,Manisaspor (loan),Süper Lig,domestic_league,False,True
arda-turan,Arda Turan,1987-01-30,Turkey,midfielder,WNG,WIDE,retired,2006–07,2006,2007,split_year,19,29,5,1,1,Galatasaray,Süper Lig,domestic_league,False,True
arda-turan,Arda Turan,1987-01-30,Turkey,midfielder,WNG,WIDE,retired,2007–08,2007,2008,split_year,20,30,7,1,1,Galatasaray,Süper Lig,domestic_league,False,True
arda-turan,Arda Turan,1987-01-30,Turkey,midfielder,WNG,WIDE,retired,2008–09,2008,2009,split_year,21,29,8,1,1,Galatasaray,Süper Lig,domestic_league,False,True
arda-turan,Arda Turan,1987-01-30,Turkey,midfielder,WNG,WIDE,retired,2009–10,2009,2010,split_year,22,29,7,1,1,Galatasaray,Süper Lig,domestic_league,False,True
arda-turan,Arda Turan,1987-01-30,Turkey,midfielder,WNG,WIDE,retired,2010–11,2010,2011,split_year,23,12,2,1,1,Galatasaray,Süper Lig,domestic_league,False,True
arda-turan,Arda Turan,1987-01-30,Turkey,midfielder,WNG,WIDE,retired,2011–12,2011,2012,split_year,24,33,3,1,1,Atlético Madrid,La Liga,domestic_league,False,True
arda-turan,Arda Turan,1987-01-30,Turkey,midfielder,WNG,WIDE,retired,2012–13,2012,2013,split_year,25,32,5,1,1,Atlético Madrid,La Liga,domestic_league,False,True
arda-turan,Arda Turan,1987-01-30,Turkey,midfielder,WNG,WIDE,retired,2013–14,2013,2014,split_year,26,30,3,1,1,Atlético Madrid,La Liga,domestic_league,False,True
arda-turan,Arda Turan,1987-01-30,Turkey,midfielder,WNG,WIDE,retired,2014–15,2014,2015,split_year,27,32,2,1,1,Atlético Madrid,La Liga,domestic_league,False,True
arda-turan,Arda Turan,1987-01-30,Turkey,midfielder,WNG,WIDE,retired,2015–16,2015,2016,split_year,28,18,2,1,1,Barcelona,La Liga,domestic_league,False,True
arda-turan,Arda Turan,1987-01-30,Turkey,midfielder,WNG,WIDE,retired,2016–17,2016,2017,split_year,29,18,3,1,1,Barcelona,La Liga,domestic_league,False,True
arda-turan,Arda Turan,1987-01-30,Turkey,midfielder,WNG,WIDE,retired,2017–18,2017,2018,split_year,30,11,2,2,2,Barcelona; İstanbul Başakşehir (loan),La Liga; Süper Lig,domestic_league,False,True
arda-turan,Arda Turan,1987-01-30,Turkey,midfielder,WNG,WIDE,retired,2018–19,2018,2019,split_year,31,17,0,1,1,İstanbul Başakşehir (loan),Süper Lig,domestic_league,False,True
arda-turan,Arda Turan,1987-01-30,Turkey,midfielder,WNG,WIDE,retired,2019–20,2019,2020,split_year,32,9,0,1,1,İstanbul Başakşehir (loan),Süper Lig,domestic_league,False,True
arda-turan,Arda Turan,1987-01-30,Turkey,midfielder,WNG,WIDE,retired,2020–21,2020,2021,split_year,33,32,4,1,1,Galatasaray,Süper Lig,domestic_league,False,True
arda-turan,Arda Turan,1987-01-30,Turkey,midfielder,WNG,WIDE,retired,2021–22,2021,2022,split_year,34,7,0,1,1,Galatasaray,Süper Lig,domestic_league,False,True
arjen-robben,Arjen Robben,1984-01-23,Kingdom of the Netherlands,attacking midfielder,WNG,WIDE,retired,2000–01,2000,2001,split_year,16,18,2,1,1,Groningen,Eredivisie,domestic_league,False,True
arjen-robben,Arjen Robben,1984-01-23,Kingdom of the Netherlands,attacking midfielder,WNG,WIDE,retired,2001–02,2001,2002,split_year,17,28,6,1,1,Groningen,Eredivisie,domestic_league,False,True
arjen-robben,Arjen Robben,1984-01-23,Kingdom of the Netherlands,attacking midfielder,WNG,WIDE,retired,2002–03,2002,2003,split_year,18,33,12,1,1,PSV,Eredivisie,domestic_league,False,True
arjen-robben,Arjen Robben,1984-01-23,Kingdom of the Netherlands,attacking midfielder,WNG,WIDE,retired,2003–04,2003,2004,split_year,19,23,5,1,1,PSV,Eredivisie,domestic_league,False,True
arjen-robben,Arjen Robben,1984-01-23,Kingdom of the Netherlands,attacking midfielder,WNG,WIDE,retired,2004–05,2004,2005,split_year,20,18,7,1,1,Chelsea,Premier League,domestic_league,False,True
arjen-robben,Arjen Robben,1984-01-23,Kingdom of the Netherlands,attacking midfielder,WNG,WIDE,retired,2005–06,2005,2006,split_year,21,28,6,1,1,Chelsea,Premier League,domestic_league,False,True
arjen-robben,Arjen Robben,1984-01-23,Kingdom of the Netherlands,attacking midfielder,WNG,WIDE,retired,2006–07,2006,2007,split_year,22,21,2,1,1,Chelsea,Premier League,domestic_league,False,True
arjen-robben,Arjen Robben,1984-01-23,Kingdom of the Netherlands,attacking midfielder,WNG,WIDE,retired,2007–08,2007,2008,split_year,23,21,4,1,1,Real Madrid,La Liga,domestic_league,False,True
arjen-robben,Arjen Robben,1984-01-23,Kingdom of the Netherlands,attacking midfielder,WNG,WIDE,retired,2008–09,2008,2009,split_year,24,29,7,1,1,Real Madrid,La Liga,domestic_league,False,True
arjen-robben,Arjen Robben,1984-01-23,Kingdom of the Netherlands,attacking midfielder,WNG,WIDE,retired,2009–10,2009,2010,split_year,25,24,16,1,1,Bayern Munich,Bundesliga,domestic_league,False,True
arjen-robben,Arjen Robben,1984-01-23,Kingdom of the Netherlands,attacking midfielder,WNG,WIDE,retired,2010–11,2010,2011,split_year,26,14,12,1,1,Bayern Munich,Bundesliga,domestic_league,False,True
arjen-robben,Arjen Robben,1984-01-23,Kingdom of the Netherlands,attacking midfielder,WNG,WIDE,retired,2011–12,2011,2012,split_year,27,24,12,1,1,Bayern Munich,Bundesliga,domestic_league,False,True
arjen-robben,Arjen Robben,1984-01-23,Kingdom of the Netherlands,attacking midfielder,WNG,WIDE,retired,2012–13,2012,2013,split_year,28,16,5,1,1,Bayern Munich,Bundesliga,domestic_league,False,True
arjen-robben,Arjen Robben,1984-01-23,Kingdom of the Netherlands,attacking midfielder,WNG,WIDE,retired,2013–14,2013,2014,split_year,29,28,11,1,1,Bayern Munich,Bundesliga,domestic_league,False,True
arjen-robben,Arjen Robben,1984-01-23,Kingdom of the Netherlands,attacking midfielder,WNG,WIDE,retired,2014–15,2014,2015,split_year,30,21,17,1,1,Bayern Munich,Bundesliga,domestic_league,False,True
arjen-robben,Arjen Robben,1984-01-23,Kingdom of the Netherlands,attacking midfielder,WNG,WIDE,retired,2015–16,2015,2016,split_year,31,15,4,1,1,Bayern Munich,Bundesliga,domestic_league,False,True
arjen-robben,Arjen Robben,1984-01-23,Kingdom of the Netherlands,attacking midfielder,WNG,WIDE,retired,2016–17,2016,2017,split_year,32,26,13,1,1,Bayern Munich,Bundesliga,domestic_league,False,True
arjen-robben,Arjen Robben,1984-01-23,Kingdom of the Netherlands,attacking midfielder,WNG,WIDE,retired,2017–18,2017,2018,split_year,33,21,5,1,1,Bayern Munich,Bundesliga,domestic_league,False,True
arjen-robben,Arjen Robben,1984-01-23,Kingdom of the Netherlands,attacking midfielder,WNG,WIDE,retired,2018–19,2018,2019,split_year,34,12,4,1,1,Bayern Munich,Bundesliga,domestic_league,False,True
arjen-robben,Arjen Robben,1984-01-23,Kingdom of the Netherlands,attacking midfielder,WNG,WIDE,retired,2020–21,2020,2021,split_year,36,6,0,1,1,Groningen,Eredivisie,domestic_league,False,True
ashley-cole,Ashley Cole,1980-12-20,United Kingdom,full-back,FB,DEF,retired,1999–2000,1999,2000,split_year,19,15,1,2,2,Arsenal; Crystal Palace (loan),Premier League; First Division,domestic_league,False,True
ashley-cole,Ashley Cole,1980-12-20,United Kingdom,full-back,FB,DEF,retired,2000–01,2000,2001,split_year,20,17,3,1,1,Arsenal,Premier League,domestic_league,False,True
ashley-cole,Ashley Cole,1980-12-20,United Kingdom,full-back,FB,DEF,retired,2001–02,2001,2002,split_year,21,29,2,1,1,Arsenal,Premier League,domestic_league,False,True
ashley-cole,Ashley Cole,1980-12-20,United Kingdom,full-back,FB,DEF,retired,2002–03,2002,2003,split_year,22,31,1,1,1,Arsenal,Premier League,domestic_league,False,True
ashley-cole,Ashley Cole,1980-12-20,United Kingdom,full-back,FB,DEF,retired,2003–04,2003,2004,split_year,23,32,0,1,1,Arsenal,Premier League,domestic_league,False,True
ashley-cole,Ashley Cole,1980-12-20,United Kingdom,full-back,FB,DEF,retired,2004–05,2004,2005,split_year,24,35,2,1,1,Arsenal,Premier League,domestic_league,False,True
ashley-cole,Ashley Cole,1980-12-20,United Kingdom,full-back,FB,DEF,retired,2005–06,2005,2006,split_year,25,11,0,1,1,Arsenal,Premier League,domestic_league,False,True
ashley-cole,Ashley Cole,1980-12-20,United Kingdom,full-back,FB,DEF,retired,2006–07,2006,2007,split_year,26,23,0,1,1,Chelsea,Premier League,domestic_league,False,True
ashley-cole,Ashley Cole,1980-12-20,United Kingdom,full-back,FB,DEF,retired,2007–08,2007,2008,split_year,27,27,1,1,1,Chelsea,Premier League,domestic_league,False,True
ashley-cole,Ashley Cole,1980-12-20,United Kingdom,full-back,FB,DEF,retired,2008–09,2008,2009,split_year,28,34,1,1,1,Chelsea,Premier League,domestic_league,False,True
ashley-cole,Ashley Cole,1980-12-20,United Kingdom,full-back,FB,DEF,retired,2009–10,2009,2010,split_year,29,27,4,1,1,Chelsea,Premier League,domestic_league,False,True
ashley-cole,Ashley Cole,1980-12-20,United Kingdom,full-back,FB,DEF,retired,2010–11,2010,2011,split_year,30,38,0,1,1,Chelsea,Premier League,domestic_league,False,True
ashley-cole,Ashley Cole,1980-12-20,United Kingdom,full-back,FB,DEF,retired,2011–12,2011,2012,split_year,31,32,0,1,1,Chelsea,Premier League,domestic_league,False,True
ashley-cole,Ashley Cole,1980-12-20,United Kingdom,full-back,FB,DEF,retired,2012–13,2012,2013,split_year,32,31,1,1,1,Chelsea,Premier League,domestic_league,False,True
ashley-cole,Ashley Cole,1980-12-20,United Kingdom,full-back,FB,DEF,retired,2013–14,2013,2014,split_year,33,17,0,1,1,Chelsea,Premier League,domestic_league,False,True
ashley-cole,Ashley Cole,1980-12-20,United Kingdom,full-back,FB,DEF,retired,2014–15,2014,2015,split_year,34,11,0,1,1,Roma,Serie A,domestic_league,False,True
ashley-cole,Ashley Cole,1980-12-20,United Kingdom,full-back,FB,DEF,retired,2015–16,2015,2016,split_year,35,0,0,1,1,Roma,Serie A,domestic_league,False,True
ashley-cole,Ashley Cole,1980-12-20,United Kingdom,full-back,FB,DEF,retired,2016,2016,2016,calendar_year,36,29,1,1,1,LA Galaxy,Major League Soccer,domestic_league,False,True
ashley-cole,Ashley Cole,1980-12-20,United Kingdom,full-back,FB,DEF,retired,2017,2017,2017,calendar_year,37,29,1,1,1,LA Galaxy,Major League Soccer,domestic_league,False,True
ashley-cole,Ashley Cole,1980-12-20,United Kingdom,full-back,FB,DEF,retired,2018,2018,2018,calendar_year,38,31,1,1,1,LA Galaxy,Major League Soccer,domestic_league,False,True
ashley-cole,Ashley Cole,1980-12-20,United Kingdom,full-back,FB,DEF,retired,2018–19,2018,2019,split_year,38,9,0,1,1,Derby County,Championship,domestic_league,False,True
aurelien-tchouameni,Aurélien Tchouaméni,2000-01-27,France,midfielder,DM,MID,active,2018–19,2018,2019,split_year,18,10,0,1,1,Bordeaux,Ligue 1,domestic_league,False,True
aurelien-tchouameni,Aurélien Tchouaméni,2000-01-27,France,midfielder,DM,MID,active,2019–20,2019,2020,split_year,19,18,0,2,1,Bordeaux; Monaco,Ligue 1,domestic_league,False,True
aurelien-tchouameni,Aurélien Tchouaméni,2000-01-27,France,midfielder,DM,MID,active,2020–21,2020,2021,split_year,20,36,2,1,1,Monaco,Ligue 1,domestic_league,False,True
aurelien-tchouameni,Aurélien Tchouaméni,2000-01-27,France,midfielder,DM,MID,active,2021–22,2021,2022,split_year,21,35,3,1,1,Monaco,Ligue 1,domestic_league,False,True
aurelien-tchouameni,Aurélien Tchouaméni,2000-01-27,France,midfielder,DM,MID,active,2022–23,2022,2023,split_year,22,33,0,1,1,Real Madrid,La Liga,domestic_league,False,True
aurelien-tchouameni,Aurélien Tchouaméni,2000-01-27,France,midfielder,DM,MID,active,2023–24,2023,2024,split_year,23,27,3,1,1,Real Madrid,La Liga,domestic_league,False,True
aurelien-tchouameni,Aurélien Tchouaméni,2000-01-27,France,midfielder,DM,MID,active,2024–25,2024,2025,split_year,24,32,0,1,1,Real Madrid,La Liga,domestic_league,False,True
aurelien-tchouameni,Aurélien Tchouaméni,2000-01-27,France,midfielder,DM,MID,active,2025–26,2025,2026,split_year,25,33,1,1,1,Real Madrid,La Liga,domestic_league,False,True
aurelien-tchouameni,Aurélien Tchouaméni,2000-01-27,France,midfielder,DM,MID,active,2026–27,2026,2027,split_year,26,0,0,1,1,Real Madrid,La Liga,domestic_league,True,True
aymeric-laporte,Aymeric Laporte,1994-05-27,France,centre-back,CB,DEF,active,2012–13,2012,2013,split_year,18,15,0,1,1,Athletic Bilbao,La Liga,domestic_league,False,True
aymeric-laporte,Aymeric Laporte,1994-05-27,France,centre-back,CB,DEF,active,2013–14,2013,2014,split_year,19,35,2,1,1,Athletic Bilbao,La Liga,domestic_league,False,True
aymeric-laporte,Aymeric Laporte,1994-05-27,France,centre-back,CB,DEF,active,2014–15,2014,2015,split_year,20,33,0,1,1,Athletic Bilbao,La Liga,domestic_league,False,True
aymeric-laporte,Aymeric Laporte,1994-05-27,France,centre-back,CB,DEF,active,2015–16,2015,2016,split_year,21,26,3,1,1,Athletic Bilbao,La Liga,domestic_league,False,True
aymeric-laporte,Aymeric Laporte,1994-05-27,France,centre-back,CB,DEF,active,2016–17,2016,2017,split_year,22,33,2,1,1,Athletic Bilbao,La Liga,domestic_league,False,True
aymeric-laporte,Aymeric Laporte,1994-05-27,France,centre-back,CB,DEF,active,2017–18,2017,2018,split_year,23,28,0,2,2,Athletic Bilbao; Manchester City,La Liga; Premier League,domestic_league,False,True
aymeric-laporte,Aymeric Laporte,1994-05-27,France,centre-back,CB,DEF,active,2018–19,2018,2019,split_year,24,35,3,1,1,Manchester City,Premier League,domestic_league,False,True
aymeric-laporte,Aymeric Laporte,1994-05-27,France,centre-back,CB,DEF,active,2019–20,2019,2020,split_year,25,15,1,1,1,Manchester City,Premier League,domestic_league,False,True
aymeric-laporte,Aymeric Laporte,1994-05-27,France,centre-back,CB,DEF,active,2020–21,2020,2021,split_year,26,16,0,1,1,Manchester City,Premier League,domestic_league,False,True
aymeric-laporte,Aymeric Laporte,1994-05-27,France,centre-back,CB,DEF,active,2021–22,2021,2022,split_year,27,33,4,1,1,Manchester City,Premier League,domestic_league,False,True
aymeric-laporte,Aymeric Laporte,1994-05-27,France,centre-back,CB,DEF,active,2022–23,2022,2023,split_year,28,12,0,1,1,Manchester City,Premier League,domestic_league,False,True
aymeric-laporte,Aymeric Laporte,1994-05-27,France,centre-back,CB,DEF,active,2023–24,2023,2024,split_year,29,28,4,2,2,Al-Nassr; Manchester City,Saudi Pro League; Premier League,domestic_league,False,True
aymeric-laporte,Aymeric Laporte,1994-05-27,France,centre-back,CB,DEF,active,2024–25,2024,2025,split_year,30,20,4,1,1,Al-Nassr,Saudi Pro League,domestic_league,False,True
aymeric-laporte,Aymeric Laporte,1994-05-27,France,centre-back,CB,DEF,active,2025–26,2025,2026,split_year,31,25,0,1,1,Athletic Bilbao,La Liga,domestic_league,False,True
bastian-schweinsteiger,Bastian Schweinsteiger,1984-08-01,Germany,midfielder,CM,MID,retired,2002–03,2002,2003,split_year,18,14,0,1,1,Bayern Munich,Bundesliga,domestic_league,False,True
bastian-schweinsteiger,Bastian Schweinsteiger,1984-08-01,Germany,midfielder,CM,MID,retired,2003–04,2003,2004,split_year,19,26,4,1,1,Bayern Munich,Bundesliga,domestic_league,False,True
bastian-schweinsteiger,Bastian Schweinsteiger,1984-08-01,Germany,midfielder,CM,MID,retired,2004–05,2004,2005,split_year,20,26,3,1,1,Bayern Munich,Bundesliga,domestic_league,False,True
bastian-schweinsteiger,Bastian Schweinsteiger,1984-08-01,Germany,midfielder,CM,MID,retired,2005–06,2005,2006,split_year,21,30,3,1,1,Bayern Munich,Bundesliga,domestic_league,False,True
bastian-schweinsteiger,Bastian Schweinsteiger,1984-08-01,Germany,midfielder,CM,MID,retired,2006–07,2006,2007,split_year,22,27,4,1,1,Bayern Munich,Bundesliga,domestic_league,False,True
bastian-schweinsteiger,Bastian Schweinsteiger,1984-08-01,Germany,midfielder,CM,MID,retired,2007–08,2007,2008,split_year,23,30,1,1,1,Bayern Munich,Bundesliga,domestic_league,False,True
bastian-schweinsteiger,Bastian Schweinsteiger,1984-08-01,Germany,midfielder,CM,MID,retired,2008–09,2008,2009,split_year,24,31,5,1,1,Bayern Munich,Bundesliga,domestic_league,False,True
bastian-schweinsteiger,Bastian Schweinsteiger,1984-08-01,Germany,midfielder,CM,MID,retired,2009–10,2009,2010,split_year,25,33,2,1,1,Bayern Munich,Bundesliga,domestic_league,False,True
bastian-schweinsteiger,Bastian Schweinsteiger,1984-08-01,Germany,midfielder,CM,MID,retired,2010–11,2010,2011,split_year,26,32,4,1,1,Bayern Munich,Bundesliga,domestic_league,False,True
bastian-schweinsteiger,Bastian Schweinsteiger,1984-08-01,Germany,midfielder,CM,MID,retired,2011–12,2011,2012,split_year,27,22,3,1,1,Bayern Munich,Bundesliga,domestic_league,False,True
bastian-schweinsteiger,Bastian Schweinsteiger,1984-08-01,Germany,midfielder,CM,MID,retired,2012–13,2012,2013,split_year,28,28,7,1,1,Bayern Munich,Bundesliga,domestic_league,False,True
bastian-schweinsteiger,Bastian Schweinsteiger,1984-08-01,Germany,midfielder,CM,MID,retired,2013–14,2013,2014,split_year,29,23,4,1,1,Bayern Munich,Bundesliga,domestic_league,False,True
bastian-schweinsteiger,Bastian Schweinsteiger,1984-08-01,Germany,midfielder,CM,MID,retired,2014–15,2014,2015,split_year,30,20,5,1,1,Bayern Munich,Bundesliga,domestic_league,False,True
bastian-schweinsteiger,Bastian Schweinsteiger,1984-08-01,Germany,midfielder,CM,MID,retired,2015–16,2015,2016,split_year,31,18,1,1,1,Manchester United,Premier League,domestic_league,False,True
bastian-schweinsteiger,Bastian Schweinsteiger,1984-08-01,Germany,midfielder,CM,MID,retired,2016–17,2016,2017,split_year,32,0,0,1,1,Manchester United,Premier League,domestic_league,False,True
bastian-schweinsteiger,Bastian Schweinsteiger,1984-08-01,Germany,midfielder,CM,MID,retired,2017,2017,2017,calendar_year,33,24,3,1,1,Chicago Fire,MLS,domestic_league,False,True
bastian-schweinsteiger,Bastian Schweinsteiger,1984-08-01,Germany,midfielder,CM,MID,retired,2018,2018,2018,calendar_year,34,31,4,1,1,Chicago Fire,MLS,domestic_league,False,True
bastian-schweinsteiger,Bastian Schweinsteiger,1984-08-01,Germany,midfielder,CM,MID,retired,2019,2019,2019,calendar_year,35,30,1,1,1,Chicago Fire,MLS,domestic_league,False,True
bernardo-silva,Bernardo Silva,1994-08-10,Portugal,midfielder,CM,MID,active,2013–14,2013,2014,split_year,19,1,0,1,1,Benfica,Primeira Liga,domestic_league,False,True
bernardo-silva,Bernardo Silva,1994-08-10,Portugal,midfielder,CM,MID,active,2014–15,2014,2015,split_year,20,32,9,2,1,Monaco; Monaco (loan),Ligue 1,domestic_league,False,True
bernardo-silva,Bernardo Silva,1994-08-10,Portugal,midfielder,CM,MID,active,2015–16,2015,2016,split_year,21,32,7,1,1,Monaco,Ligue 1,domestic_league,False,True
bernardo-silva,Bernardo Silva,1994-08-10,Portugal,midfielder,CM,MID,active,2016–17,2016,2017,split_year,22,37,8,1,1,Monaco,Ligue 1,domestic_league,False,True
bernardo-silva,Bernardo Silva,1994-08-10,Portugal,midfielder,CM,MID,active,2017–18,2017,2018,split_year,23,35,6,1,1,Manchester City,Premier League,domestic_league,False,True
bernardo-silva,Bernardo Silva,1994-08-10,Portugal,midfielder,CM,MID,active,2018–19,2018,2019,split_year,24,36,7,1,1,Manchester City,Premier League,domestic_league,False,True
bernardo-silva,Bernardo Silva,1994-08-10,Portugal,midfielder,CM,MID,active,2019–20,2019,2020,split_year,25,34,6,1,1,Manchester City,Premier League,domestic_league,False,True
bernardo-silva,Bernardo Silva,1994-08-10,Portugal,midfielder,CM,MID,active,2020–21,2020,2021,split_year,26,26,2,1,1,Manchester City,Premier League,domestic_league,False,True
bernardo-silva,Bernardo Silva,1994-08-10,Portugal,midfielder,CM,MID,active,2021–22,2021,2022,split_year,27,35,8,1,1,Manchester City,Premier League,domestic_league,False,True
bernardo-silva,Bernardo Silva,1994-08-10,Portugal,midfielder,CM,MID,active,2022–23,2022,2023,split_year,28,34,4,1,1,Manchester City,Premier League,domestic_league,False,True
bernardo-silva,Bernardo Silva,1994-08-10,Portugal,midfielder,CM,MID,active,2023–24,2023,2024,split_year,29,33,6,1,1,Manchester City,Premier League,domestic_league,False,True
bernardo-silva,Bernardo Silva,1994-08-10,Portugal,midfielder,CM,MID,active,2024–25,2024,2025,split_year,30,33,4,1,1,Manchester City,Premier League,domestic_league,False,True
bernardo-silva,Bernardo Silva,1994-08-10,Portugal,midfielder,CM,MID,active,2025–26,2025,2026,split_year,31,38,2,1,1,Manchester City,Premier League,domestic_league,False,True
bernardo-silva,Bernardo Silva,1994-08-10,Portugal,midfielder,CM,MID,active,2026–27,2026,2027,split_year,32,0,0,1,1,Real Madrid,La Liga,domestic_league,True,True
bruno-fernandes,Bruno Fernandes,1994-09-08,Portugal,attacking midfielder,CM,MID,active,2012–13,2012,2013,split_year,18,21,4,1,1,Novara,Serie B,domestic_league,False,True
bruno-fernandes,Bruno Fernandes,1994-09-08,Portugal,attacking midfielder,CM,MID,active,2013–14,2013,2014,split_year,19,24,4,1,1,Udinese,Serie A,domestic_league,False,True
bruno-fernandes,Bruno Fernandes,1994-09-08,Portugal,attacking midfielder,CM,MID,active,2014–15,2014,2015,split_year,20,31,3,1,1,Udinese,Serie A,domestic_league,False,True
bruno-fernandes,Bruno Fernandes,1994-09-08,Portugal,attacking midfielder,CM,MID,active,2015–16,2015,2016,split_year,21,31,3,1,1,Udinese,Serie A,domestic_league,False,True
bruno-fernandes,Bruno Fernandes,1994-09-08,Portugal,attacking midfielder,CM,MID,active,2016–17,2016,2017,split_year,22,33,5,1,1,Sampdoria,Serie A,domestic_league,False,True
bruno-fernandes,Bruno Fernandes,1994-09-08,Portugal,attacking midfielder,CM,MID,active,2017–18,2017,2018,split_year,23,33,11,1,1,Sporting CP,Primeira Liga,domestic_league,False,True
bruno-fernandes,Bruno Fernandes,1994-09-08,Portugal,attacking midfielder,CM,MID,active,2018–19,2018,2019,split_year,24,33,20,1,1,Sporting CP,Primeira Liga,domestic_league,False,True
bruno-fernandes,Bruno Fernandes,1994-09-08,Portugal,attacking midfielder,CM,MID,active,2019–20,2019,2020,split_year,25,31,16,2,2,Manchester United; Sporting CP,Premier League; Primeira Liga,domestic_league,False,True
bruno-fernandes,Bruno Fernandes,1994-09-08,Portugal,attacking midfielder,CM,MID,active,2020–21,2020,2021,split_year,26,37,18,1,1,Manchester United,Premier League,domestic_league,False,True
bruno-fernandes,Bruno Fernandes,1994-09-08,Portugal,attacking midfielder,CM,MID,active,2021–22,2021,2022,split_year,27,36,10,1,1,Manchester United,Premier League,domestic_league,False,True
bruno-fernandes,Bruno Fernandes,1994-09-08,Portugal,attacking midfielder,CM,MID,active,2022–23,2022,2023,split_year,28,37,8,1,1,Manchester United,Premier League,domestic_league,False,True
bruno-fernandes,Bruno Fernandes,1994-09-08,Portugal,attacking midfielder,CM,MID,active,2023–24,2023,2024,split_year,29,35,10,1,1,Manchester United,Premier League,domestic_league,False,True
bruno-fernandes,Bruno Fernandes,1994-09-08,Portugal,attacking midfielder,CM,MID,active,2024–25,2024,2025,split_year,30,36,8,1,1,Manchester United,Premier League,domestic_league,False,True
bruno-fernandes,Bruno Fernandes,1994-09-08,Portugal,attacking midfielder,CM,MID,active,2025–26,2025,2026,split_year,31,35,9,1,1,Manchester United,Premier League,domestic_league,False,True
bruno-guimaraes,Bruno Guimarães,1997-11-16,Brazil,midfielder,DM,MID,active,2016,2016,2016,calendar_year,19,0,0,1,1,Audax,Série D,domestic_league,False,True
bruno-guimaraes,Bruno Guimarães,1997-11-16,Brazil,midfielder,DM,MID,active,2017,2017,2017,calendar_year,20,4,0,2,2,Athletico Paranaense; Audax,Série A; Série D,domestic_league,False,True
bruno-guimaraes,Bruno Guimarães,1997-11-16,Brazil,midfielder,DM,MID,active,2018,2018,2018,calendar_year,21,32,1,1,1,Athletico Paranaense,Série A,domestic_league,False,True
bruno-guimaraes,Bruno Guimarães,1997-11-16,Brazil,midfielder,DM,MID,active,2019,2019,2019,calendar_year,22,25,2,1,1,Athletico Paranaense,Série A,domestic_league,False,True
bruno-guimaraes,Bruno Guimarães,1997-11-16,Brazil,midfielder,DM,MID,active,2019–20,2019,2020,split_year,22,3,0,1,1,Lyon,Ligue 1,domestic_league,False,True
bruno-guimaraes,Bruno Guimarães,1997-11-16,Brazil,midfielder,DM,MID,active,2020–21,2020,2021,split_year,23,33,3,1,1,Lyon,Ligue 1,domestic_league,False,True
bruno-guimaraes,Bruno Guimarães,1997-11-16,Brazil,midfielder,DM,MID,active,2021–22,2021,2022,split_year,24,37,5,2,2,Lyon; Newcastle United,Ligue 1; Premier League,domestic_league,False,True
bruno-guimaraes,Bruno Guimarães,1997-11-16,Brazil,midfielder,DM,MID,active,2022–23,2022,2023,split_year,25,32,4,1,1,Newcastle United,Premier League,domestic_league,False,True
bruno-guimaraes,Bruno Guimarães,1997-11-16,Brazil,midfielder,DM,MID,active,2023–24,2023,2024,split_year,26,37,7,1,1,Newcastle United,Premier League,domestic_league,False,True
bruno-guimaraes,Bruno Guimarães,1997-11-16,Brazil,midfielder,DM,MID,active,2024–25,2024,2025,split_year,27,38,5,1,1,Newcastle United,Premier League,domestic_league,False,True
bruno-guimaraes,Bruno Guimarães,1997-11-16,Brazil,midfielder,DM,MID,active,2025–26,2025,2026,split_year,28,29,9,1,1,Newcastle United,Premier League,domestic_league,False,True
bukayo-saka,Bukayo Saka,2001-09-05,United Kingdom,winger,WNG,WIDE,active,2018–19,2018,2019,split_year,17,1,0,1,1,Arsenal,Premier League,domestic_league,False,True
bukayo-saka,Bukayo Saka,2001-09-05,United Kingdom,winger,WNG,WIDE,active,2019–20,2019,2020,split_year,18,26,1,1,1,Arsenal,Premier League,domestic_league,False,True
bukayo-saka,Bukayo Saka,2001-09-05,United Kingdom,winger,WNG,WIDE,active,2020–21,2020,2021,split_year,19,32,5,1,1,Arsenal,Premier League,domestic_league,False,True
bukayo-saka,Bukayo Saka,2001-09-05,United Kingdom,winger,WNG,WIDE,active,2021–22,2021,2022,split_year,20,38,11,1,1,Arsenal,Premier League,domestic_league,False,True
bukayo-saka,Bukayo Saka,2001-09-05,United Kingdom,winger,WNG,WIDE,active,2022–23,2022,2023,split_year,21,38,14,1,1,Arsenal,Premier League,domestic_league,False,True
bukayo-saka,Bukayo Saka,2001-09-05,United Kingdom,winger,WNG,WIDE,active,2023–24,2023,2024,split_year,22,35,16,1,1,Arsenal,Premier League,domestic_league,False,True
bukayo-saka,Bukayo Saka,2001-09-05,United Kingdom,winger,WNG,WIDE,active,2024–25,2024,2025,split_year,23,25,6,1,1,Arsenal,Premier League,domestic_league,False,True
bukayo-saka,Bukayo Saka,2001-09-05,United Kingdom,winger,WNG,WIDE,active,2025–26,2025,2026,split_year,24,31,7,1,1,Arsenal,Premier League,domestic_league,False,True
cafu,Cafu,1970-06-07,Brazil,full-back,FB,DEF,retired,1989,1989,1989,calendar_year,19,3,0,1,1,São Paulo,Série A,domestic_league,False,True
cafu,Cafu,1970-06-07,Brazil,full-back,FB,DEF,retired,1990,1990,1990,calendar_year,20,20,1,1,1,São Paulo,Série A,domestic_league,False,True
cafu,Cafu,1970-06-07,Brazil,full-back,FB,DEF,retired,1991,1991,1991,calendar_year,21,20,1,1,1,São Paulo,Série A,domestic_league,False,True
cafu,Cafu,1970-06-07,Brazil,full-back,FB,DEF,retired,1992,1992,1992,calendar_year,22,21,1,1,1,São Paulo,Série A,domestic_league,False,True
cafu,Cafu,1970-06-07,Brazil,full-back,FB,DEF,retired,1993,1993,1993,calendar_year,23,18,1,1,1,São Paulo,Série A,domestic_league,False,True
cafu,Cafu,1970-06-07,Brazil,full-back,FB,DEF,retired,1994,1994,1994,calendar_year,24,16,3,1,1,São Paulo,Série A,domestic_league,False,True
cafu,Cafu,1970-06-07,Brazil,full-back,FB,DEF,retired,1994–95,1994,1995,split_year,24,16,0,1,1,Zaragoza,La Liga,domestic_league,False,True
cafu,Cafu,1970-06-07,Brazil,full-back,FB,DEF,retired,1995,1995,1995,calendar_year,25,19,0,2,1,Juventude; Palmeiras,Série A,domestic_league,False,True
cafu,Cafu,1970-06-07,Brazil,full-back,FB,DEF,retired,1996,1996,1996,calendar_year,26,22,2,1,1,Palmeiras,Série A,domestic_league,False,True
cafu,Cafu,1970-06-07,Brazil,full-back,FB,DEF,retired,1997,1997,1997,calendar_year,27,0,0,1,1,Palmeiras,Série A,domestic_league,False,True
cafu,Cafu,1970-06-07,Brazil,full-back,FB,DEF,retired,1997–98,1997,1998,split_year,27,31,1,1,1,Roma,Serie A,domestic_league,False,True
cafu,Cafu,1970-06-07,Brazil,full-back,FB,DEF,retired,1998–99,1998,1999,split_year,28,20,1,1,1,Roma,Serie A,domestic_league,False,True
cafu,Cafu,1970-06-07,Brazil,full-back,FB,DEF,retired,1999–2000,1999,2000,split_year,29,28,2,1,1,Roma,Serie A,domestic_league,False,True
cafu,Cafu,1970-06-07,Brazil,full-back,FB,DEF,retired,2000–01,2000,2001,split_year,30,31,1,1,1,Roma,Serie A,domestic_league,False,True
cafu,Cafu,1970-06-07,Brazil,full-back,FB,DEF,retired,2001–02,2001,2002,split_year,31,27,0,1,1,Roma,Serie A,domestic_league,False,True
cafu,Cafu,1970-06-07,Brazil,full-back,FB,DEF,retired,2002–03,2002,2003,split_year,32,26,0,1,1,Roma,Serie A,domestic_league,False,True
cafu,Cafu,1970-06-07,Brazil,full-back,FB,DEF,retired,2003–04,2003,2004,split_year,33,28,1,1,1,AC Milan,Serie A,domestic_league,False,True
cafu,Cafu,1970-06-07,Brazil,full-back,FB,DEF,retired,2004–05,2004,2005,split_year,34,33,1,1,1,AC Milan,Serie A,domestic_league,False,True
cafu,Cafu,1970-06-07,Brazil,full-back,FB,DEF,retired,2005–06,2005,2006,split_year,35,19,1,1,1,AC Milan,Serie A,domestic_league,False,True
cafu,Cafu,1970-06-07,Brazil,full-back,FB,DEF,retired,2006–07,2006,2007,split_year,36,24,0,1,1,AC Milan,Serie A,domestic_league,False,True
cafu,Cafu,1970-06-07,Brazil,full-back,FB,DEF,retired,2007–08,2007,2008,split_year,37,15,1,1,1,AC Milan,Serie A,domestic_league,False,True
carles-puyol,Carles Puyol,1978-04-13,Spain,centre-back,CB,DEF,retired,1999–2000,1999,2000,split_year,21,24,0,1,1,Barcelona,La Liga,domestic_league,False,True
carles-puyol,Carles Puyol,1978-04-13,Spain,centre-back,CB,DEF,retired,2000–01,2000,2001,split_year,22,17,0,1,1,Barcelona,La Liga,domestic_league,False,True
carles-puyol,Carles Puyol,1978-04-13,Spain,centre-back,CB,DEF,retired,2001–02,2001,2002,split_year,23,35,2,1,1,Barcelona,La Liga,domestic_league,False,True
carles-puyol,Carles Puyol,1978-04-13,Spain,centre-back,CB,DEF,retired,2002–03,2002,2003,split_year,24,32,0,1,1,Barcelona,La Liga,domestic_league,False,True
carles-puyol,Carles Puyol,1978-04-13,Spain,centre-back,CB,DEF,retired,2003–04,2003,2004,split_year,25,27,0,1,1,Barcelona,La Liga,domestic_league,False,True
carles-puyol,Carles Puyol,1978-04-13,Spain,centre-back,CB,DEF,retired,2004–05,2004,2005,split_year,26,36,0,1,1,Barcelona,La Liga,domestic_league,False,True
carles-puyol,Carles Puyol,1978-04-13,Spain,centre-back,CB,DEF,retired,2005–06,2005,2006,split_year,27,35,1,1,1,Barcelona,La Liga,domestic_league,False,True
carles-puyol,Carles Puyol,1978-04-13,Spain,centre-back,CB,DEF,retired,2006–07,2006,2007,split_year,28,35,2,1,1,Barcelona,La Liga,domestic_league,False,True
carles-puyol,Carles Puyol,1978-04-13,Spain,centre-back,CB,DEF,retired,2007–08,2007,2008,split_year,29,30,0,1,1,Barcelona,La Liga,domestic_league,False,True
carles-puyol,Carles Puyol,1978-04-13,Spain,centre-back,CB,DEF,retired,2008–09,2008,2009,split_year,30,28,1,1,1,Barcelona,La Liga,domestic_league,False,True
carles-puyol,Carles Puyol,1978-04-13,Spain,centre-back,CB,DEF,retired,2009–10,2009,2010,split_year,31,32,1,1,1,Barcelona,La Liga,domestic_league,False,True
carles-puyol,Carles Puyol,1978-04-13,Spain,centre-back,CB,DEF,retired,2010–11,2010,2011,split_year,32,17,1,1,1,Barcelona,La Liga,domestic_league,False,True
carles-puyol,Carles Puyol,1978-04-13,Spain,centre-back,CB,DEF,retired,2011–12,2011,2012,split_year,33,26,3,1,1,Barcelona,La Liga,domestic_league,False,True
carles-puyol,Carles Puyol,1978-04-13,Spain,centre-back,CB,DEF,retired,2012–13,2012,2013,split_year,34,13,1,1,1,Barcelona,La Liga,domestic_league,False,True
carles-puyol,Carles Puyol,1978-04-13,Spain,centre-back,CB,DEF,retired,2013–14,2013,2014,split_year,35,5,1,1,1,Barcelona,La Liga,domestic_league,False,True
carlos-tevez,Carlos Tevez,1984-02-05,Argentina,forward,FW,FWD,retired,2005,2005,2005,calendar_year,21,29,20,1,1,Corinthians,Série A,domestic_league,False,True
carlos-tevez,Carlos Tevez,1984-02-05,Argentina,forward,FW,FWD,retired,2006,2006,2006,calendar_year,22,9,5,1,1,Corinthians,Série A,domestic_league,False,True
carlos-tevez,Carlos Tevez,1984-02-05,Argentina,forward,FW,FWD,retired,2006–07,2006,2007,split_year,22,26,7,1,1,West Ham United,Premier League,domestic_league,False,True
carlos-tevez,Carlos Tevez,1984-02-05,Argentina,forward,FW,FWD,retired,2007–08,2007,2008,split_year,23,34,14,1,1,Manchester United (loan),Premier League,domestic_league,False,True
carlos-tevez,Carlos Tevez,1984-02-05,Argentina,forward,FW,FWD,retired,2008–09,2008,2009,split_year,24,29,5,1,1,Manchester United (loan),Premier League,domestic_league,False,True
carlos-tevez,Carlos Tevez,1984-02-05,Argentina,forward,FW,FWD,retired,2009–10,2009,2010,split_year,25,35,23,1,1,Manchester City,Premier League,domestic_league,False,True
carlos-tevez,Carlos Tevez,1984-02-05,Argentina,forward,FW,FWD,retired,2010–11,2010,2011,split_year,26,31,20,1,1,Manchester City,Premier League,domestic_league,False,True
carlos-tevez,Carlos Tevez,1984-02-05,Argentina,forward,FW,FWD,retired,2011–12,2011,2012,split_year,27,13,4,1,1,Manchester City,Premier League,domestic_league,False,True
carlos-tevez,Carlos Tevez,1984-02-05,Argentina,forward,FW,FWD,retired,2012–13,2012,2013,split_year,28,34,11,1,1,Manchester City,Premier League,domestic_league,False,True
carlos-tevez,Carlos Tevez,1984-02-05,Argentina,forward,FW,FWD,retired,2013–14,2013,2014,split_year,29,34,19,1,1,Juventus,Serie A,domestic_league,False,True
carlos-tevez,Carlos Tevez,1984-02-05,Argentina,forward,FW,FWD,retired,2014–15,2014,2015,split_year,30,32,20,1,1,Juventus,Serie A,domestic_league,False,True
carlos-tevez,Carlos Tevez,1984-02-05,Argentina,forward,FW,FWD,retired,2017,2017,2017,calendar_year,33,16,4,1,1,Shanghai Shenhua,Chinese Super League,domestic_league,False,True
casemiro,Casemiro,1992-02-23,Brazil,midfielder,DM,MID,active,2010,2010,2010,calendar_year,18,18,2,1,1,São Paulo,Série A,domestic_league,False,True
casemiro,Casemiro,1992-02-23,Brazil,midfielder,DM,MID,active,2011,2011,2011,calendar_year,19,21,4,1,1,São Paulo,Série A,domestic_league,False,True
casemiro,Casemiro,1992-02-23,Brazil,midfielder,DM,MID,active,2012,2012,2012,calendar_year,20,22,0,1,1,São Paulo,Série A,domestic_league,False,True
casemiro,Casemiro,1992-02-23,Brazil,midfielder,DM,MID,active,2012–13,2012,2013,split_year,20,1,0,1,1,Real Madrid (loan),La Liga,domestic_league,False,True
casemiro,Casemiro,1992-02-23,Brazil,midfielder,DM,MID,active,2013–14,2013,2014,split_year,21,12,0,1,1,Real Madrid,La Liga,domestic_league,False,True
casemiro,Casemiro,1992-02-23,Brazil,midfielder,DM,MID,active,2014–15,2014,2015,split_year,22,28,3,1,1,Porto (loan),Primeira Liga,domestic_league,False,True
casemiro,Casemiro,1992-02-23,Brazil,midfielder,DM,MID,active,2015–16,2015,2016,split_year,23,23,1,1,1,Real Madrid,La Liga,domestic_league,False,True
casemiro,Casemiro,1992-02-23,Brazil,midfielder,DM,MID,active,2016–17,2016,2017,split_year,24,25,4,1,1,Real Madrid,La Liga,domestic_league,False,True
casemiro,Casemiro,1992-02-23,Brazil,midfielder,DM,MID,active,2017–18,2017,2018,split_year,25,30,5,1,1,Real Madrid,La Liga,domestic_league,False,True
casemiro,Casemiro,1992-02-23,Brazil,midfielder,DM,MID,active,2018–19,2018,2019,split_year,26,29,3,1,1,Real Madrid,La Liga,domestic_league,False,True
casemiro,Casemiro,1992-02-23,Brazil,midfielder,DM,MID,active,2019–20,2019,2020,split_year,27,35,4,1,1,Real Madrid,La Liga,domestic_league,False,True
casemiro,Casemiro,1992-02-23,Brazil,midfielder,DM,MID,active,2020–21,2020,2021,split_year,28,34,6,1,1,Real Madrid,La Liga,domestic_league,False,True
casemiro,Casemiro,1992-02-23,Brazil,midfielder,DM,MID,active,2021–22,2021,2022,split_year,29,32,1,1,1,Real Madrid,La Liga,domestic_league,False,True
casemiro,Casemiro,1992-02-23,Brazil,midfielder,DM,MID,active,2022–23,2022,2023,split_year,30,29,4,2,2,Manchester United; Real Madrid,Premier League; La Liga,domestic_league,False,True
casemiro,Casemiro,1992-02-23,Brazil,midfielder,DM,MID,active,2023–24,2023,2024,split_year,31,25,1,1,1,Manchester United,Premier League,domestic_league,False,True
casemiro,Casemiro,1992-02-23,Brazil,midfielder,DM,MID,active,2024–25,2024,2025,split_year,32,24,1,1,1,Manchester United,Premier League,domestic_league,False,True
casemiro,Casemiro,1992-02-23,Brazil,midfielder,DM,MID,active,2025–26,2025,2026,split_year,33,34,9,1,1,Manchester United,Premier League,domestic_league,False,True
casemiro,Casemiro,1992-02-23,Brazil,midfielder,DM,MID,active,2026,2026,2026,calendar_year,34,2,0,1,1,Inter Miami,MLS,domestic_league,True,True
cesar-azpilicueta,César Azpilicueta,1989-08-28,Spain,centre-back,FB,DEF,active,2006–07,2006,2007,split_year,17,1,0,1,1,Osasuna,La Liga,domestic_league,False,True
cesar-azpilicueta,César Azpilicueta,1989-08-28,Spain,centre-back,FB,DEF,active,2007–08,2007,2008,split_year,18,29,0,1,1,Osasuna,La Liga,domestic_league,False,True
cesar-azpilicueta,César Azpilicueta,1989-08-28,Spain,centre-back,FB,DEF,active,2008–09,2008,2009,split_year,19,36,0,1,1,Osasuna,La Liga,domestic_league,False,True
cesar-azpilicueta,César Azpilicueta,1989-08-28,Spain,centre-back,FB,DEF,active,2009–10,2009,2010,split_year,20,33,0,1,1,Osasuna,La Liga,domestic_league,False,True
cesar-azpilicueta,César Azpilicueta,1989-08-28,Spain,centre-back,FB,DEF,active,2010–11,2010,2011,split_year,21,15,0,1,1,Marseille,Ligue 1,domestic_league,False,True
cesar-azpilicueta,César Azpilicueta,1989-08-28,Spain,centre-back,FB,DEF,active,2011–12,2011,2012,split_year,22,30,1,1,1,Marseille,Ligue 1,domestic_league,False,True
cesar-azpilicueta,César Azpilicueta,1989-08-28,Spain,centre-back,FB,DEF,active,2012–13,2012,2013,split_year,23,29,0,2,2,Chelsea; Marseille,Premier League; Ligue 1,domestic_league,False,True
cesar-azpilicueta,César Azpilicueta,1989-08-28,Spain,centre-back,FB,DEF,active,2013–14,2013,2014,split_year,24,29,0,1,1,Chelsea,Premier League,domestic_league,False,True
cesar-azpilicueta,César Azpilicueta,1989-08-28,Spain,centre-back,FB,DEF,active,2014–15,2014,2015,split_year,25,29,0,1,1,Chelsea,Premier League,domestic_league,False,True
cesar-azpilicueta,César Azpilicueta,1989-08-28,Spain,centre-back,FB,DEF,active,2015–16,2015,2016,split_year,26,37,2,1,1,Chelsea,Premier League,domestic_league,False,True
cesar-azpilicueta,César Azpilicueta,1989-08-28,Spain,centre-back,FB,DEF,active,2016–17,2016,2017,split_year,27,38,1,1,1,Chelsea,Premier League,domestic_league,False,True
cesar-azpilicueta,César Azpilicueta,1989-08-28,Spain,centre-back,FB,DEF,active,2017–18,2017,2018,split_year,28,37,2,1,1,Chelsea,Premier League,domestic_league,False,True
cesar-azpilicueta,César Azpilicueta,1989-08-28,Spain,centre-back,FB,DEF,active,2018–19,2018,2019,split_year,29,38,1,1,1,Chelsea,Premier League,domestic_league,False,True
cesar-azpilicueta,César Azpilicueta,1989-08-28,Spain,centre-back,FB,DEF,active,2019–20,2019,2020,split_year,30,36,2,1,1,Chelsea,Premier League,domestic_league,False,True
cesar-azpilicueta,César Azpilicueta,1989-08-28,Spain,centre-back,FB,DEF,active,2020–21,2020,2021,split_year,31,26,1,1,1,Chelsea,Premier League,domestic_league,False,True
cesar-azpilicueta,César Azpilicueta,1989-08-28,Spain,centre-back,FB,DEF,active,2021–22,2021,2022,split_year,32,27,1,1,1,Chelsea,Premier League,domestic_league,False,True
cesar-azpilicueta,César Azpilicueta,1989-08-28,Spain,centre-back,FB,DEF,active,2022–23,2022,2023,split_year,33,25,0,1,1,Chelsea,Premier League,domestic_league,False,True
cesar-azpilicueta,César Azpilicueta,1989-08-28,Spain,centre-back,FB,DEF,active,2023–24,2023,2024,split_year,34,25,0,1,1,Atlético Madrid,La Liga,domestic_league,False,True
cesar-azpilicueta,César Azpilicueta,1989-08-28,Spain,centre-back,FB,DEF,active,2024–25,2024,2025,split_year,35,14,1,1,1,Atlético Madrid,La Liga,domestic_league,False,True
cesar-azpilicueta,César Azpilicueta,1989-08-28,Spain,centre-back,FB,DEF,active,2025–26,2025,2026,split_year,36,17,0,1,1,Sevilla,La Liga,domestic_league,False,True
cesc-fabregas,Cesc Fàbregas,1987-05-04,Spain,midfielder,CM,MID,retired,2003–04,2003,2004,split_year,16,0,0,1,1,Arsenal,Premier League,domestic_league,False,True
cesc-fabregas,Cesc Fàbregas,1987-05-04,Spain,midfielder,CM,MID,retired,2004–05,2004,2005,split_year,17,33,2,1,1,Arsenal,Premier League,domestic_league,False,True
cesc-fabregas,Cesc Fàbregas,1987-05-04,Spain,midfielder,CM,MID,retired,2005–06,2005,2006,split_year,18,35,3,1,1,Arsenal,Premier League,domestic_league,False,True
cesc-fabregas,Cesc Fàbregas,1987-05-04,Spain,midfielder,CM,MID,retired,2006–07,2006,2007,split_year,19,38,2,1,1,Arsenal,Premier League,domestic_league,False,True
cesc-fabregas,Cesc Fàbregas,1987-05-04,Spain,midfielder,CM,MID,retired,2007–08,2007,2008,split_year,20,32,7,1,1,Arsenal,Premier League,domestic_league,False,True
cesc-fabregas,Cesc Fàbregas,1987-05-04,Spain,midfielder,CM,MID,retired,2008–09,2008,2009,split_year,21,22,3,1,1,Arsenal,Premier League,domestic_league,False,True
cesc-fabregas,Cesc Fàbregas,1987-05-04,Spain,midfielder,CM,MID,retired,2009–10,2009,2010,split_year,22,27,15,1,1,Arsenal,Premier League,domestic_league,False,True
cesc-fabregas,Cesc Fàbregas,1987-05-04,Spain,midfielder,CM,MID,retired,2010–11,2010,2011,split_year,23,25,3,1,1,Arsenal,Premier League,domestic_league,False,True
cesc-fabregas,Cesc Fàbregas,1987-05-04,Spain,midfielder,CM,MID,retired,2011–12,2011,2012,split_year,24,28,9,1,1,Barcelona,La Liga,domestic_league,False,True
cesc-fabregas,Cesc Fàbregas,1987-05-04,Spain,midfielder,CM,MID,retired,2012–13,2012,2013,split_year,25,32,11,1,1,Barcelona,La Liga,domestic_league,False,True
cesc-fabregas,Cesc Fàbregas,1987-05-04,Spain,midfielder,CM,MID,retired,2013–14,2013,2014,split_year,26,36,8,1,1,Barcelona,La Liga,domestic_league,False,True
cesc-fabregas,Cesc Fàbregas,1987-05-04,Spain,midfielder,CM,MID,retired,2014–15,2014,2015,split_year,27,34,3,1,1,Chelsea,Premier League,domestic_league,False,True
cesc-fabregas,Cesc Fàbregas,1987-05-04,Spain,midfielder,CM,MID,retired,2015–16,2015,2016,split_year,28,37,5,1,1,Chelsea,Premier League,domestic_league,False,True
cesc-fabregas,Cesc Fàbregas,1987-05-04,Spain,midfielder,CM,MID,retired,2016–17,2016,2017,split_year,29,29,5,1,1,Chelsea,Premier League,domestic_league,False,True
cesc-fabregas,Cesc Fàbregas,1987-05-04,Spain,midfielder,CM,MID,retired,2017–18,2017,2018,split_year,30,32,2,1,1,Chelsea,Premier League,domestic_league,False,True
cesc-fabregas,Cesc Fàbregas,1987-05-04,Spain,midfielder,CM,MID,retired,2018–19,2018,2019,split_year,31,19,1,2,2,Chelsea; Monaco,Premier League; Ligue 1,domestic_league,False,True
cesc-fabregas,Cesc Fàbregas,1987-05-04,Spain,midfielder,CM,MID,retired,2019–20,2019,2020,split_year,32,18,0,1,1,Monaco,Ligue 1,domestic_league,False,True
cesc-fabregas,Cesc Fàbregas,1987-05-04,Spain,midfielder,CM,MID,retired,2020–21,2020,2021,split_year,33,21,2,1,1,Monaco,Ligue 1,domestic_league,False,True
cesc-fabregas,Cesc Fàbregas,1987-05-04,Spain,midfielder,CM,MID,retired,2021–22,2021,2022,split_year,34,2,0,1,1,Monaco,Ligue 1,domestic_league,False,True
cesc-fabregas,Cesc Fàbregas,1987-05-04,Spain,midfielder,CM,MID,retired,2022–23,2022,2023,split_year,35,17,0,1,1,Como,Serie B,domestic_league,False,True
clarence-seedorf,Clarence Seedorf,1976-04-01,Kingdom of the Netherlands,wing half,CM,MID,retired,1992–93,1992,1993,split_year,16,12,1,1,1,Ajax,Eredivisie,domestic_league,False,True
clarence-seedorf,Clarence Seedorf,1976-04-01,Kingdom of the Netherlands,wing half,CM,MID,retired,1993–94,1993,1994,split_year,17,19,4,1,1,Ajax,Eredivisie,domestic_league,False,True
clarence-seedorf,Clarence Seedorf,1976-04-01,Kingdom of the Netherlands,wing half,CM,MID,retired,1994–95,1994,1995,split_year,18,34,6,1,1,Ajax,Eredivisie,domestic_league,False,True
clarence-seedorf,Clarence Seedorf,1976-04-01,Kingdom of the Netherlands,wing half,CM,MID,retired,1995–96,1995,1996,split_year,19,32,3,1,1,Sampdoria,Serie A,domestic_league,False,True
clarence-seedorf,Clarence Seedorf,1976-04-01,Kingdom of the Netherlands,wing half,CM,MID,retired,1996–97,1996,1997,split_year,20,38,6,1,1,Real Madrid,La Liga,domestic_league,False,True
clarence-seedorf,Clarence Seedorf,1976-04-01,Kingdom of the Netherlands,wing half,CM,MID,retired,1997–98,1997,1998,split_year,21,36,6,1,1,Real Madrid,La Liga,domestic_league,False,True
clarence-seedorf,Clarence Seedorf,1976-04-01,Kingdom of the Netherlands,wing half,CM,MID,retired,1998–99,1998,1999,split_year,22,37,3,1,1,Real Madrid,La Liga,domestic_league,False,True
clarence-seedorf,Clarence Seedorf,1976-04-01,Kingdom of the Netherlands,wing half,CM,MID,retired,1999–2000,1999,2000,split_year,23,30,3,2,2,Inter Milan; Real Madrid,Série A; La Liga,domestic_league,False,True
clarence-seedorf,Clarence Seedorf,1976-04-01,Kingdom of the Netherlands,wing half,CM,MID,retired,2000–01,2000,2001,split_year,24,24,2,1,1,Inter Milan,Série A,domestic_league,False,True
clarence-seedorf,Clarence Seedorf,1976-04-01,Kingdom of the Netherlands,wing half,CM,MID,retired,2001–02,2001,2002,split_year,25,20,3,1,1,Inter Milan,Série A,domestic_league,False,True
clarence-seedorf,Clarence Seedorf,1976-04-01,Kingdom of the Netherlands,wing half,CM,MID,retired,2002–03,2002,2003,split_year,26,29,4,1,1,AC Milan,Série A,domestic_league,False,True
clarence-seedorf,Clarence Seedorf,1976-04-01,Kingdom of the Netherlands,wing half,CM,MID,retired,2003–04,2003,2004,split_year,27,29,3,1,1,AC Milan,Série A,domestic_league,False,True
clarence-seedorf,Clarence Seedorf,1976-04-01,Kingdom of the Netherlands,wing half,CM,MID,retired,2004–05,2004,2005,split_year,28,32,5,1,1,AC Milan,Série A,domestic_league,False,True
clarence-seedorf,Clarence Seedorf,1976-04-01,Kingdom of the Netherlands,wing half,CM,MID,retired,2005–06,2005,2006,split_year,29,36,4,1,1,AC Milan,Série A,domestic_league,False,True
clarence-seedorf,Clarence Seedorf,1976-04-01,Kingdom of the Netherlands,wing half,CM,MID,retired,2006–07,2006,2007,split_year,30,32,7,1,1,AC Milan,Série A,domestic_league,False,True
clarence-seedorf,Clarence Seedorf,1976-04-01,Kingdom of the Netherlands,wing half,CM,MID,retired,2007–08,2007,2008,split_year,31,32,7,1,1,AC Milan,Série A,domestic_league,False,True
clarence-seedorf,Clarence Seedorf,1976-04-01,Kingdom of the Netherlands,wing half,CM,MID,retired,2008–09,2008,2009,split_year,32,33,6,1,1,AC Milan,Série A,domestic_league,False,True
clarence-seedorf,Clarence Seedorf,1976-04-01,Kingdom of the Netherlands,wing half,CM,MID,retired,2009–10,2009,2010,split_year,33,29,5,1,1,AC Milan,Série A,domestic_league,False,True
clarence-seedorf,Clarence Seedorf,1976-04-01,Kingdom of the Netherlands,wing half,CM,MID,retired,2010–11,2010,2011,split_year,34,30,4,1,1,AC Milan,Série A,domestic_league,False,True
clarence-seedorf,Clarence Seedorf,1976-04-01,Kingdom of the Netherlands,wing half,CM,MID,retired,2011–12,2011,2012,split_year,35,18,2,1,1,AC Milan,Série A,domestic_league,False,True
clarence-seedorf,Clarence Seedorf,1976-04-01,Kingdom of the Netherlands,wing half,CM,MID,retired,2012,2012,2012,calendar_year,36,24,8,1,1,Botafogo,Série A,domestic_league,False,True
clarence-seedorf,Clarence Seedorf,1976-04-01,Kingdom of the Netherlands,wing half,CM,MID,retired,2013,2013,2013,calendar_year,37,34,8,1,1,Botafogo,Série A,domestic_league,False,True
claude-makelele,Claude Makélélé,1973-02-18,France,defensive midfielder,DM,MID,retired,1992–93,1992,1993,split_year,19,34,1,1,1,Nantes,Division 1,domestic_league,False,True
claude-makelele,Claude Makélélé,1973-02-18,France,defensive midfielder,DM,MID,retired,1993–94,1993,1994,split_year,20,30,0,1,1,Nantes,Division 1,domestic_league,False,True
claude-makelele,Claude Makélélé,1973-02-18,France,defensive midfielder,DM,MID,retired,1994–95,1994,1995,split_year,21,36,3,1,1,Nantes,Division 1,domestic_league,False,True
claude-makelele,Claude Makélélé,1973-02-18,France,defensive midfielder,DM,MID,retired,1995–96,1995,1996,split_year,22,33,0,1,1,Nantes,Division 1,domestic_league,False,True
claude-makelele,Claude Makélélé,1973-02-18,France,defensive midfielder,DM,MID,retired,1996–97,1996,1997,split_year,23,36,5,1,1,Nantes,Division 1,domestic_league,False,True
claude-makelele,Claude Makélélé,1973-02-18,France,defensive midfielder,DM,MID,retired,1997–98,1997,1998,split_year,24,32,2,1,1,Marseille,Division 1,domestic_league,False,True
claude-makelele,Claude Makélélé,1973-02-18,France,defensive midfielder,DM,MID,retired,1998–99,1998,1999,split_year,25,36,2,1,1,Celta Vigo,La Liga,domestic_league,False,True
claude-makelele,Claude Makélélé,1973-02-18,France,defensive midfielder,DM,MID,retired,1999–2000,1999,2000,split_year,26,34,1,1,1,Celta Vigo,La Liga,domestic_league,False,True
claude-makelele,Claude Makélélé,1973-02-18,France,defensive midfielder,DM,MID,retired,2000–01,2000,2001,split_year,27,33,0,1,1,Real Madrid,La Liga,domestic_league,False,True
claude-makelele,Claude Makélélé,1973-02-18,France,defensive midfielder,DM,MID,retired,2001–02,2001,2002,split_year,28,32,1,1,1,Real Madrid,La Liga,domestic_league,False,True
claude-makelele,Claude Makélélé,1973-02-18,France,defensive midfielder,DM,MID,retired,2002–03,2002,2003,split_year,29,29,0,1,1,Real Madrid,La Liga,domestic_league,False,True
claude-makelele,Claude Makélélé,1973-02-18,France,defensive midfielder,DM,MID,retired,2003–04,2003,2004,split_year,30,30,0,1,1,Chelsea,Premier League,domestic_league,False,True
claude-makelele,Claude Makélélé,1973-02-18,France,defensive midfielder,DM,MID,retired,2004–05,2004,2005,split_year,31,36,1,1,1,Chelsea,Premier League,domestic_league,False,True
claude-makelele,Claude Makélélé,1973-02-18,France,defensive midfielder,DM,MID,retired,2005–06,2005,2006,split_year,32,31,0,1,1,Chelsea,Premier League,domestic_league,False,True
claude-makelele,Claude Makélélé,1973-02-18,France,defensive midfielder,DM,MID,retired,2006–07,2006,2007,split_year,33,29,1,1,1,Chelsea,Premier League,domestic_league,False,True
claude-makelele,Claude Makélélé,1973-02-18,France,defensive midfielder,DM,MID,retired,2007–08,2007,2008,split_year,34,18,0,1,1,Chelsea,Premier League,domestic_league,False,True
claude-makelele,Claude Makélélé,1973-02-18,France,defensive midfielder,DM,MID,retired,2008–09,2008,2009,split_year,35,34,0,1,1,Paris Saint-Germain,Ligue 1,domestic_league,False,True
claude-makelele,Claude Makélélé,1973-02-18,France,defensive midfielder,DM,MID,retired,2009–10,2009,2010,split_year,36,31,1,1,1,Paris Saint-Germain,Ligue 1,domestic_league,False,True
claude-makelele,Claude Makélélé,1973-02-18,France,defensive midfielder,DM,MID,retired,2010–11,2010,2011,split_year,37,33,0,1,1,Paris Saint-Germain,Ligue 1,domestic_league,False,True
cristiano-ronaldo,Cristiano Ronaldo,1985-02-05,Portugal,wing half,WNG,WIDE,active,2002–03,2002,2003,split_year,17,25,3,1,1,Sporting CP,Primeira Liga,domestic_league,False,True
cristiano-ronaldo,Cristiano Ronaldo,1985-02-05,Portugal,wing half,WNG,WIDE,active,2003–04,2003,2004,split_year,18,29,4,1,1,Manchester United,Premier League,domestic_league,False,True
cristiano-ronaldo,Cristiano Ronaldo,1985-02-05,Portugal,wing half,WNG,WIDE,active,2004–05,2004,2005,split_year,19,33,5,1,1,Manchester United,Premier League,domestic_league,False,True
cristiano-ronaldo,Cristiano Ronaldo,1985-02-05,Portugal,wing half,WNG,WIDE,active,2005–06,2005,2006,split_year,20,33,9,1,1,Manchester United,Premier League,domestic_league,False,True
cristiano-ronaldo,Cristiano Ronaldo,1985-02-05,Portugal,wing half,WNG,WIDE,active,2006–07,2006,2007,split_year,21,34,17,1,1,Manchester United,Premier League,domestic_league,False,True
cristiano-ronaldo,Cristiano Ronaldo,1985-02-05,Portugal,wing half,WNG,WIDE,active,2007–08,2007,2008,split_year,22,34,31,1,1,Manchester United,Premier League,domestic_league,False,True
cristiano-ronaldo,Cristiano Ronaldo,1985-02-05,Portugal,wing half,WNG,WIDE,active,2008–09,2008,2009,split_year,23,33,18,1,1,Manchester United,Premier League,domestic_league,False,True
cristiano-ronaldo,Cristiano Ronaldo,1985-02-05,Portugal,wing half,WNG,WIDE,active,2009–10,2009,2010,split_year,24,29,26,1,1,Real Madrid,La Liga,domestic_league,False,True
cristiano-ronaldo,Cristiano Ronaldo,1985-02-05,Portugal,wing half,WNG,WIDE,active,2010–11,2010,2011,split_year,25,34,40,1,1,Real Madrid,La Liga,domestic_league,False,True
cristiano-ronaldo,Cristiano Ronaldo,1985-02-05,Portugal,wing half,WNG,WIDE,active,2011–12,2011,2012,split_year,26,38,46,1,1,Real Madrid,La Liga,domestic_league,False,True
cristiano-ronaldo,Cristiano Ronaldo,1985-02-05,Portugal,wing half,WNG,WIDE,active,2012–13,2012,2013,split_year,27,34,34,1,1,Real Madrid,La Liga,domestic_league,False,True
cristiano-ronaldo,Cristiano Ronaldo,1985-02-05,Portugal,wing half,WNG,WIDE,active,2013–14,2013,2014,split_year,28,30,31,1,1,Real Madrid,La Liga,domestic_league,False,True
cristiano-ronaldo,Cristiano Ronaldo,1985-02-05,Portugal,wing half,WNG,WIDE,active,2014–15,2014,2015,split_year,29,35,48,1,1,Real Madrid,La Liga,domestic_league,False,True
cristiano-ronaldo,Cristiano Ronaldo,1985-02-05,Portugal,wing half,WNG,WIDE,active,2015–16,2015,2016,split_year,30,36,35,1,1,Real Madrid,La Liga,domestic_league,False,True
cristiano-ronaldo,Cristiano Ronaldo,1985-02-05,Portugal,wing half,WNG,WIDE,active,2016–17,2016,2017,split_year,31,29,25,1,1,Real Madrid,La Liga,domestic_league,False,True
cristiano-ronaldo,Cristiano Ronaldo,1985-02-05,Portugal,wing half,WNG,WIDE,active,2017–18,2017,2018,split_year,32,27,26,1,1,Real Madrid,La Liga,domestic_league,False,True
cristiano-ronaldo,Cristiano Ronaldo,1985-02-05,Portugal,wing half,WNG,WIDE,active,2018–19,2018,2019,split_year,33,31,21,1,1,Juventus,Serie A,domestic_league,False,True
cristiano-ronaldo,Cristiano Ronaldo,1985-02-05,Portugal,wing half,WNG,WIDE,active,2019–20,2019,2020,split_year,34,33,31,1,1,Juventus,Serie A,domestic_league,False,True
cristiano-ronaldo,Cristiano Ronaldo,1985-02-05,Portugal,wing half,WNG,WIDE,active,2020–21,2020,2021,split_year,35,33,29,1,1,Juventus,Serie A,domestic_league,False,True
cristiano-ronaldo,Cristiano Ronaldo,1985-02-05,Portugal,wing half,WNG,WIDE,active,2021–22,2021,2022,split_year,36,31,18,2,2,Juventus; Manchester United,Serie A; Premier League,domestic_league,False,True
cristiano-ronaldo,Cristiano Ronaldo,1985-02-05,Portugal,wing half,WNG,WIDE,active,2022–23,2022,2023,split_year,37,26,15,2,2,Al-Nassr; Manchester United,Saudi Pro League; Premier League,domestic_league,False,True
cristiano-ronaldo,Cristiano Ronaldo,1985-02-05,Portugal,wing half,WNG,WIDE,active,2023–24,2023,2024,split_year,38,31,35,1,1,Al-Nassr,Saudi Pro League,domestic_league,False,True
cristiano-ronaldo,Cristiano Ronaldo,1985-02-05,Portugal,wing half,WNG,WIDE,active,2024–25,2024,2025,split_year,39,30,25,1,1,Al-Nassr,Saudi Pro League,domestic_league,False,True
cristiano-ronaldo,Cristiano Ronaldo,1985-02-05,Portugal,wing half,WNG,WIDE,active,2025–26,2025,2026,split_year,40,30,28,1,1,Al-Nassr,Saudi Pro League,domestic_league,False,True
dani-alves,Dani Alves,1983-05-06,Brazil,full-back,FB,DEF,retired,2001,2001,2001,calendar_year,18,6,0,1,1,Bahia,Série A,domestic_league,False,True
dani-alves,Dani Alves,1983-05-06,Brazil,full-back,FB,DEF,retired,2002,2002,2002,calendar_year,19,19,2,1,1,Bahia,Série A,domestic_league,False,True
dani-alves,Dani Alves,1983-05-06,Brazil,full-back,FB,DEF,retired,2002–03,2002,2003,split_year,19,10,0,1,1,Sevilla,La Liga,domestic_league,False,True
dani-alves,Dani Alves,1983-05-06,Brazil,full-back,FB,DEF,retired,2003–04,2003,2004,split_year,20,29,1,1,1,Sevilla,La Liga,domestic_league,False,True
dani-alves,Dani Alves,1983-05-06,Brazil,full-back,FB,DEF,retired,2004–05,2004,2005,split_year,21,33,2,1,1,Sevilla,La Liga,domestic_league,False,True
dani-alves,Dani Alves,1983-05-06,Brazil,full-back,FB,DEF,retired,2005–06,2005,2006,split_year,22,36,3,1,1,Sevilla,La Liga,domestic_league,False,True
dani-alves,Dani Alves,1983-05-06,Brazil,full-back,FB,DEF,retired,2006–07,2006,2007,split_year,23,34,3,1,1,Sevilla,La Liga,domestic_league,False,True
dani-alves,Dani Alves,1983-05-06,Brazil,full-back,FB,DEF,retired,2007–08,2007,2008,split_year,24,33,2,1,1,Sevilla,La Liga,domestic_league,False,True
dani-alves,Dani Alves,1983-05-06,Brazil,full-back,FB,DEF,retired,2008–09,2008,2009,split_year,25,34,5,1,1,Barcelona,La Liga,domestic_league,False,True
dani-alves,Dani Alves,1983-05-06,Brazil,full-back,FB,DEF,retired,2009–10,2009,2010,split_year,26,29,3,1,1,Barcelona,La Liga,domestic_league,False,True
dani-alves,Dani Alves,1983-05-06,Brazil,full-back,FB,DEF,retired,2010–11,2010,2011,split_year,27,35,2,1,1,Barcelona,La Liga,domestic_league,False,True
dani-alves,Dani Alves,1983-05-06,Brazil,full-back,FB,DEF,retired,2011–12,2011,2012,split_year,28,33,2,1,1,Barcelona,La Liga,domestic_league,False,True
dani-alves,Dani Alves,1983-05-06,Brazil,full-back,FB,DEF,retired,2012–13,2012,2013,split_year,29,30,0,1,1,Barcelona,La Liga,domestic_league,False,True
dani-alves,Dani Alves,1983-05-06,Brazil,full-back,FB,DEF,retired,2013–14,2013,2014,split_year,30,27,2,1,1,Barcelona,La Liga,domestic_league,False,True
dani-alves,Dani Alves,1983-05-06,Brazil,full-back,FB,DEF,retired,2014–15,2014,2015,split_year,31,30,0,1,1,Barcelona,La Liga,domestic_league,False,True
dani-alves,Dani Alves,1983-05-06,Brazil,full-back,FB,DEF,retired,2015–16,2015,2016,split_year,32,29,0,1,1,Barcelona,La Liga,domestic_league,False,True
dani-alves,Dani Alves,1983-05-06,Brazil,full-back,FB,DEF,retired,2016–17,2016,2017,split_year,33,19,2,1,1,Juventus,Serie A,domestic_league,False,True
dani-alves,Dani Alves,1983-05-06,Brazil,full-back,FB,DEF,retired,2017–18,2017,2018,split_year,34,25,1,1,1,Paris Saint-Germain,Ligue 1,domestic_league,False,True
dani-alves,Dani Alves,1983-05-06,Brazil,full-back,FB,DEF,retired,2018–19,2018,2019,split_year,35,23,1,1,1,Paris Saint-Germain,Ligue 1,domestic_league,False,True
dani-alves,Dani Alves,1983-05-06,Brazil,full-back,FB,DEF,retired,2019,2019,2019,calendar_year,36,20,2,1,1,São Paulo,Série A,domestic_league,False,True
dani-alves,Dani Alves,1983-05-06,Brazil,full-back,FB,DEF,retired,2020,2020,2020,calendar_year,37,30,1,1,1,São Paulo,Série A,domestic_league,False,True
dani-alves,Dani Alves,1983-05-06,Brazil,full-back,FB,DEF,retired,2021,2021,2021,calendar_year,38,6,0,1,1,São Paulo,Série A,domestic_league,False,True
dani-alves,Dani Alves,1983-05-06,Brazil,full-back,FB,DEF,retired,2021–22,2021,2022,split_year,38,14,1,1,1,Barcelona,La Liga,domestic_league,False,True
dani-alves,Dani Alves,1983-05-06,Brazil,full-back,FB,DEF,retired,2022–23,2022,2023,split_year,39,13,0,1,1,UNAM,Liga MX,domestic_league,False,True
dani-carvajal,Dani Carvajal,1992-01-11,Spain,FB,FB,DEF,active,2012–13,2012,2013,split_year,20,32,1,1,1,Bayer Leverkusen,Bundesliga,domestic_league,False,True
dani-carvajal,Dani Carvajal,1992-01-11,Spain,FB,FB,DEF,active,2013–14,2013,2014,split_year,21,31,2,1,1,Real Madrid,La Liga,domestic_league,False,True
dani-carvajal,Dani Carvajal,1992-01-11,Spain,FB,FB,DEF,active,2014–15,2014,2015,split_year,22,30,0,1,1,Real Madrid,La Liga,domestic_league,False,True
dani-carvajal,Dani Carvajal,1992-01-11,Spain,FB,FB,DEF,active,2015–16,2015,2016,split_year,23,22,0,1,1,Real Madrid,La Liga,domestic_league,False,True
dani-carvajal,Dani Carvajal,1992-01-11,Spain,FB,FB,DEF,active,2016–17,2016,2017,split_year,24,23,0,1,1,Real Madrid,La Liga,domestic_league,False,True
dani-carvajal,Dani Carvajal,1992-01-11,Spain,FB,FB,DEF,active,2017–18,2017,2018,split_year,25,25,0,1,1,Real Madrid,La Liga,domestic_league,False,True
dani-carvajal,Dani Carvajal,1992-01-11,Spain,FB,FB,DEF,active,2018–19,2018,2019,split_year,26,24,1,1,1,Real Madrid,La Liga,domestic_league,False,True
dani-carvajal,Dani Carvajal,1992-01-11,Spain,FB,FB,DEF,active,2019–20,2019,2020,split_year,27,31,1,1,1,Real Madrid,La Liga,domestic_league,False,True
dani-carvajal,Dani Carvajal,1992-01-11,Spain,FB,FB,DEF,active,2020–21,2020,2021,split_year,28,13,0,1,1,Real Madrid,La Liga,domestic_league,False,True
dani-carvajal,Dani Carvajal,1992-01-11,Spain,FB,FB,DEF,active,2021–22,2021,2022,split_year,29,24,1,1,1,Real Madrid,La Liga,domestic_league,False,True
dani-carvajal,Dani Carvajal,1992-01-11,Spain,FB,FB,DEF,active,2022–23,2022,2023,split_year,30,27,0,1,1,Real Madrid,La Liga,domestic_league,False,True
dani-carvajal,Dani Carvajal,1992-01-11,Spain,FB,FB,DEF,active,2023–24,2023,2024,split_year,31,28,4,1,1,Real Madrid,La Liga,domestic_league,False,True
dani-carvajal,Dani Carvajal,1992-01-11,Spain,FB,FB,DEF,active,2024–25,2024,2025,split_year,32,8,1,1,1,Real Madrid,La Liga,domestic_league,False,True
dani-carvajal,Dani Carvajal,1992-01-11,Spain,FB,FB,DEF,active,2025–26,2025,2026,split_year,33,17,0,1,1,Real Madrid,La Liga,domestic_league,False,True
daniele-de-rossi,Daniele De Rossi,1983-07-24,Italy,midfielder,DM,MID,retired,2001–02,2001,2002,split_year,18,0,0,1,1,Roma,Serie A,domestic_league,False,True
daniele-de-rossi,Daniele De Rossi,1983-07-24,Italy,midfielder,DM,MID,retired,2002–03,2002,2003,split_year,19,4,2,1,1,Roma,Serie A,domestic_league,False,True
daniele-de-rossi,Daniele De Rossi,1983-07-24,Italy,midfielder,DM,MID,retired,2003–04,2003,2004,split_year,20,17,0,1,1,Roma,Serie A,domestic_league,False,True
daniele-de-rossi,Daniele De Rossi,1983-07-24,Italy,midfielder,DM,MID,retired,2004–05,2004,2005,split_year,21,30,2,1,1,Roma,Serie A,domestic_league,False,True
daniele-de-rossi,Daniele De Rossi,1983-07-24,Italy,midfielder,DM,MID,retired,2005–06,2005,2006,split_year,22,34,6,1,1,Roma,Serie A,domestic_league,False,True
daniele-de-rossi,Daniele De Rossi,1983-07-24,Italy,midfielder,DM,MID,retired,2006–07,2006,2007,split_year,23,36,2,1,1,Roma,Serie A,domestic_league,False,True
daniele-de-rossi,Daniele De Rossi,1983-07-24,Italy,midfielder,DM,MID,retired,2007–08,2007,2008,split_year,24,34,5,1,1,Roma,Serie A,domestic_league,False,True
daniele-de-rossi,Daniele De Rossi,1983-07-24,Italy,midfielder,DM,MID,retired,2008–09,2008,2009,split_year,25,33,3,1,1,Roma,Serie A,domestic_league,False,True
daniele-de-rossi,Daniele De Rossi,1983-07-24,Italy,midfielder,DM,MID,retired,2009–10,2009,2010,split_year,26,33,7,1,1,Roma,Serie A,domestic_league,False,True
daniele-de-rossi,Daniele De Rossi,1983-07-24,Italy,midfielder,DM,MID,retired,2010–11,2010,2011,split_year,27,28,2,1,1,Roma,Serie A,domestic_league,False,True
daniele-de-rossi,Daniele De Rossi,1983-07-24,Italy,midfielder,DM,MID,retired,2011–12,2011,2012,split_year,28,32,4,1,1,Roma,Serie A,domestic_league,False,True
daniele-de-rossi,Daniele De Rossi,1983-07-24,Italy,midfielder,DM,MID,retired,2012–13,2012,2013,split_year,29,25,0,1,1,Roma,Serie A,domestic_league,False,True
daniele-de-rossi,Daniele De Rossi,1983-07-24,Italy,midfielder,DM,MID,retired,2013–14,2013,2014,split_year,30,32,1,1,1,Roma,Serie A,domestic_league,False,True
daniele-de-rossi,Daniele De Rossi,1983-07-24,Italy,midfielder,DM,MID,retired,2014–15,2014,2015,split_year,31,26,2,1,1,Roma,Serie A,domestic_league,False,True
daniele-de-rossi,Daniele De Rossi,1983-07-24,Italy,midfielder,DM,MID,retired,2015–16,2015,2016,split_year,32,24,1,1,1,Roma,Serie A,domestic_league,False,True
daniele-de-rossi,Daniele De Rossi,1983-07-24,Italy,midfielder,DM,MID,retired,2016–17,2016,2017,split_year,33,31,4,1,1,Roma,Serie A,domestic_league,False,True
daniele-de-rossi,Daniele De Rossi,1983-07-24,Italy,midfielder,DM,MID,retired,2017–18,2017,2018,split_year,34,22,1,1,1,Roma,Serie A,domestic_league,False,True
daniele-de-rossi,Daniele De Rossi,1983-07-24,Italy,midfielder,DM,MID,retired,2018–19,2018,2019,split_year,35,18,1,1,1,Roma,Serie A,domestic_league,False,True
david-alaba,David Alaba,1992-06-24,Austria,centre-back,CB,DEF,active,2009–10,2009,2010,split_year,17,3,0,1,1,Bayern Munich,Bundesliga,domestic_league,False,True
david-alaba,David Alaba,1992-06-24,Austria,centre-back,CB,DEF,active,2010–11,2010,2011,split_year,18,19,2,2,1,Bayern Munich; TSG Hoffenheim (loan),Bundesliga,domestic_league,False,True
david-alaba,David Alaba,1992-06-24,Austria,centre-back,CB,DEF,active,2011–12,2011,2012,split_year,19,30,2,1,1,Bayern Munich,Bundesliga,domestic_league,False,True
david-alaba,David Alaba,1992-06-24,Austria,centre-back,CB,DEF,active,2012–13,2012,2013,split_year,20,23,3,1,1,Bayern Munich,Bundesliga,domestic_league,False,True
david-alaba,David Alaba,1992-06-24,Austria,centre-back,CB,DEF,active,2013–14,2013,2014,split_year,21,28,2,1,1,Bayern Munich,Bundesliga,domestic_league,False,True
david-alaba,David Alaba,1992-06-24,Austria,centre-back,CB,DEF,active,2014–15,2014,2015,split_year,22,19,2,1,1,Bayern Munich,Bundesliga,domestic_league,False,True
david-alaba,David Alaba,1992-06-24,Austria,centre-back,CB,DEF,active,2015–16,2015,2016,split_year,23,30,1,1,1,Bayern Munich,Bundesliga,domestic_league,False,True
david-alaba,David Alaba,1992-06-24,Austria,centre-back,CB,DEF,active,2016–17,2016,2017,split_year,24,32,4,1,1,Bayern Munich,Bundesliga,domestic_league,False,True
david-alaba,David Alaba,1992-06-24,Austria,centre-back,CB,DEF,active,2017–18,2017,2018,split_year,25,23,2,1,1,Bayern Munich,Bundesliga,domestic_league,False,True
david-alaba,David Alaba,1992-06-24,Austria,centre-back,CB,DEF,active,2018–19,2018,2019,split_year,26,31,3,1,1,Bayern Munich,Bundesliga,domestic_league,False,True
david-alaba,David Alaba,1992-06-24,Austria,centre-back,CB,DEF,active,2019–20,2019,2020,split_year,27,28,1,1,1,Bayern Munich,Bundesliga,domestic_league,False,True
david-alaba,David Alaba,1992-06-24,Austria,centre-back,CB,DEF,active,2020–21,2020,2021,split_year,28,33,2,1,1,Bayern Munich,Bundesliga,domestic_league,False,True
david-alaba,David Alaba,1992-06-24,Austria,centre-back,CB,DEF,active,2021–22,2021,2022,split_year,29,30,2,1,1,Real Madrid,La Liga,domestic_league,False,True
david-alaba,David Alaba,1992-06-24,Austria,centre-back,CB,DEF,active,2022–23,2022,2023,split_year,30,23,1,1,1,Real Madrid,La Liga,domestic_league,False,True
david-alaba,David Alaba,1992-06-24,Austria,centre-back,CB,DEF,active,2023–24,2023,2024,split_year,31,14,0,1,1,Real Madrid,La Liga,domestic_league,False,True
david-alaba,David Alaba,1992-06-24,Austria,centre-back,CB,DEF,active,2024–25,2024,2025,split_year,32,7,0,1,1,Real Madrid,La Liga,domestic_league,False,True
david-alaba,David Alaba,1992-06-24,Austria,centre-back,CB,DEF,active,2025–26,2025,2026,split_year,33,11,0,1,1,Real Madrid,La Liga,domestic_league,False,True
david-beckham,David Beckham,1975-05-02,United Kingdom,midfielder,WNG,WIDE,retired,1992–93,1992,1993,split_year,17,0,0,1,1,Manchester United,Premier League,domestic_league,False,True
david-beckham,David Beckham,1975-05-02,United Kingdom,midfielder,WNG,WIDE,retired,1993–94,1993,1994,split_year,18,0,0,1,1,Manchester United,Premier League,domestic_league,False,True
david-beckham,David Beckham,1975-05-02,United Kingdom,midfielder,WNG,WIDE,retired,1994–95,1994,1995,split_year,19,9,2,2,2,Manchester United; Preston North End (loan),Premier League; Third Division,domestic_league,False,True
david-beckham,David Beckham,1975-05-02,United Kingdom,midfielder,WNG,WIDE,retired,1995–96,1995,1996,split_year,20,33,7,1,1,Manchester United,Premier League,domestic_league,False,True
david-beckham,David Beckham,1975-05-02,United Kingdom,midfielder,WNG,WIDE,retired,1996–97,1996,1997,split_year,21,36,8,1,1,Manchester United,Premier League,domestic_league,False,True
david-beckham,David Beckham,1975-05-02,United Kingdom,midfielder,WNG,WIDE,retired,1997–98,1997,1998,split_year,22,37,9,1,1,Manchester United,Premier League,domestic_league,False,True
david-beckham,David Beckham,1975-05-02,United Kingdom,midfielder,WNG,WIDE,retired,1998–99,1998,1999,split_year,23,34,6,1,1,Manchester United,Premier League,domestic_league,False,True
david-beckham,David Beckham,1975-05-02,United Kingdom,midfielder,WNG,WIDE,retired,1999–2000,1999,2000,split_year,24,31,6,1,1,Manchester United,Premier League,domestic_league,False,True
david-beckham,David Beckham,1975-05-02,United Kingdom,midfielder,WNG,WIDE,retired,2000–01,2000,2001,split_year,25,31,9,1,1,Manchester United,Premier League,domestic_league,False,True
david-beckham,David Beckham,1975-05-02,United Kingdom,midfielder,WNG,WIDE,retired,2001–02,2001,2002,split_year,26,28,11,1,1,Manchester United,Premier League,domestic_league,False,True
david-beckham,David Beckham,1975-05-02,United Kingdom,midfielder,WNG,WIDE,retired,2002–03,2002,2003,split_year,27,31,6,1,1,Manchester United,Premier League,domestic_league,False,True
david-beckham,David Beckham,1975-05-02,United Kingdom,midfielder,WNG,WIDE,retired,2003–04,2003,2004,split_year,28,32,3,1,1,Real Madrid,La Liga,domestic_league,False,True
david-beckham,David Beckham,1975-05-02,United Kingdom,midfielder,WNG,WIDE,retired,2004–05,2004,2005,split_year,29,30,4,1,1,Real Madrid,La Liga,domestic_league,False,True
david-beckham,David Beckham,1975-05-02,United Kingdom,midfielder,WNG,WIDE,retired,2005–06,2005,2006,split_year,30,31,3,1,1,Real Madrid,La Liga,domestic_league,False,True
david-beckham,David Beckham,1975-05-02,United Kingdom,midfielder,WNG,WIDE,retired,2006–07,2006,2007,split_year,31,23,3,1,1,Real Madrid,La Liga,domestic_league,False,True
david-beckham,David Beckham,1975-05-02,United Kingdom,midfielder,WNG,WIDE,retired,2007,2007,2007,calendar_year,32,5,0,1,1,LA Galaxy,Major League Soccer,domestic_league,False,True
david-beckham,David Beckham,1975-05-02,United Kingdom,midfielder,WNG,WIDE,retired,2008,2008,2008,calendar_year,33,25,5,1,1,LA Galaxy,Major League Soccer,domestic_league,False,True
david-beckham,David Beckham,1975-05-02,United Kingdom,midfielder,WNG,WIDE,retired,2008–09,2008,2009,split_year,33,18,2,1,1,AC Milan (loan),Serie A,domestic_league,False,True
david-beckham,David Beckham,1975-05-02,United Kingdom,midfielder,WNG,WIDE,retired,2009,2009,2009,calendar_year,34,11,2,1,1,LA Galaxy,Major League Soccer,domestic_league,False,True
david-beckham,David Beckham,1975-05-02,United Kingdom,midfielder,WNG,WIDE,retired,2009–10,2009,2010,split_year,34,11,0,1,1,AC Milan (loan),Serie A,domestic_league,False,True
david-beckham,David Beckham,1975-05-02,United Kingdom,midfielder,WNG,WIDE,retired,2010,2010,2010,calendar_year,35,7,2,1,1,LA Galaxy,Major League Soccer,domestic_league,False,True
david-beckham,David Beckham,1975-05-02,United Kingdom,midfielder,WNG,WIDE,retired,2011,2011,2011,calendar_year,36,26,2,1,1,LA Galaxy,Major League Soccer,domestic_league,False,True
david-beckham,David Beckham,1975-05-02,United Kingdom,midfielder,WNG,WIDE,retired,2012,2012,2012,calendar_year,37,24,7,1,1,LA Galaxy,Major League Soccer,domestic_league,False,True
david-beckham,David Beckham,1975-05-02,United Kingdom,midfielder,WNG,WIDE,retired,2012–13,2012,2013,split_year,37,10,0,1,1,Paris Saint-Germain,Ligue 1,domestic_league,False,True
david-silva,David Silva,1986-01-08,Spain,wing half,CM,MID,retired,2004–05,2004,2005,split_year,18,35,4,1,1,Eibar (loan),Segunda División,domestic_league,False,True
david-silva,David Silva,1986-01-08,Spain,wing half,CM,MID,retired,2005–06,2005,2006,split_year,19,34,4,1,1,Celta Vigo (loan),La Liga,domestic_league,False,True
david-silva,David Silva,1986-01-08,Spain,wing half,CM,MID,retired,2006–07,2006,2007,split_year,20,36,4,1,1,Valencia,La Liga,domestic_league,False,True
david-silva,David Silva,1986-01-08,Spain,wing half,CM,MID,retired,2007–08,2007,2008,split_year,21,34,5,1,1,Valencia,La Liga,domestic_league,False,True
david-silva,David Silva,1986-01-08,Spain,wing half,CM,MID,retired,2008–09,2008,2009,split_year,22,19,4,1,1,Valencia,La Liga,domestic_league,False,True
david-silva,David Silva,1986-01-08,Spain,wing half,CM,MID,retired,2009–10,2009,2010,split_year,23,30,8,1,1,Valencia,La Liga,domestic_league,False,True
david-silva,David Silva,1986-01-08,Spain,wing half,CM,MID,retired,2010–11,2010,2011,split_year,24,35,4,1,1,Manchester City,Premier League,domestic_league,False,True
david-silva,David Silva,1986-01-08,Spain,wing half,CM,MID,retired,2011–12,2011,2012,split_year,25,36,6,1,1,Manchester City,Premier League,domestic_league,False,True
david-silva,David Silva,1986-01-08,Spain,wing half,CM,MID,retired,2012–13,2012,2013,split_year,26,32,4,1,1,Manchester City,Premier League,domestic_league,False,True
david-silva,David Silva,1986-01-08,Spain,wing half,CM,MID,retired,2013–14,2013,2014,split_year,27,27,7,1,1,Manchester City,Premier League,domestic_league,False,True
david-silva,David Silva,1986-01-08,Spain,wing half,CM,MID,retired,2014–15,2014,2015,split_year,28,32,12,1,1,Manchester City,Premier League,domestic_league,False,True
david-silva,David Silva,1986-01-08,Spain,wing half,CM,MID,retired,2015–16,2015,2016,split_year,29,24,2,1,1,Manchester City,Premier League,domestic_league,False,True
david-silva,David Silva,1986-01-08,Spain,wing half,CM,MID,retired,2016–17,2016,2017,split_year,30,34,4,1,1,Manchester City,Premier League,domestic_league,False,True
david-silva,David Silva,1986-01-08,Spain,wing half,CM,MID,retired,2017–18,2017,2018,split_year,31,29,9,1,1,Manchester City,Premier League,domestic_league,False,True
david-silva,David Silva,1986-01-08,Spain,wing half,CM,MID,retired,2018–19,2018,2019,split_year,32,33,6,1,1,Manchester City,Premier League,domestic_league,False,True
david-silva,David Silva,1986-01-08,Spain,wing half,CM,MID,retired,2019–20,2019,2020,split_year,33,27,6,1,1,Manchester City,Premier League,domestic_league,False,True
david-silva,David Silva,1986-01-08,Spain,wing half,CM,MID,retired,2020–21,2020,2021,split_year,34,21,2,1,1,Real Sociedad,La Liga,domestic_league,False,True
david-silva,David Silva,1986-01-08,Spain,wing half,CM,MID,retired,2021–22,2021,2022,split_year,35,25,2,1,1,Real Sociedad,La Liga,domestic_league,False,True
david-silva,David Silva,1986-01-08,Spain,wing half,CM,MID,retired,2022–23,2022,2023,split_year,36,28,2,1,1,Real Sociedad,La Liga,domestic_league,False,True
david-villa,David Villa,1981-12-03,Spain,forward,FW,FWD,retired,2000–01,2000,2001,split_year,19,1,0,1,1,Sporting Gijón,Segunda División,domestic_league,False,True
david-villa,David Villa,1981-12-03,Spain,forward,FW,FWD,retired,2001–02,2001,2002,split_year,20,40,18,1,1,Sporting Gijón,Segunda División,domestic_league,False,True
david-villa,David Villa,1981-12-03,Spain,forward,FW,FWD,retired,2002–03,2002,2003,split_year,21,39,20,1,1,Sporting Gijón,Segunda División,domestic_league,False,True
david-villa,David Villa,1981-12-03,Spain,forward,FW,FWD,retired,2003–04,2003,2004,split_year,22,38,17,1,1,Zaragoza,La Liga,domestic_league,False,True
david-villa,David Villa,1981-12-03,Spain,forward,FW,FWD,retired,2004–05,2004,2005,split_year,23,35,15,1,1,Zaragoza,La Liga,domestic_league,False,True
david-villa,David Villa,1981-12-03,Spain,forward,FW,FWD,retired,2005–06,2005,2006,split_year,24,37,25,1,1,Valencia,La Liga,domestic_league,False,True
david-villa,David Villa,1981-12-03,Spain,forward,FW,FWD,retired,2006–07,2006,2007,split_year,25,36,16,1,1,Valencia,La Liga,domestic_league,False,True
david-villa,David Villa,1981-12-03,Spain,forward,FW,FWD,retired,2007–08,2007,2008,split_year,26,28,18,1,1,Valencia,La Liga,domestic_league,False,True
david-villa,David Villa,1981-12-03,Spain,forward,FW,FWD,retired,2008–09,2008,2009,split_year,27,33,28,1,1,Valencia,La Liga,domestic_league,False,True
david-villa,David Villa,1981-12-03,Spain,forward,FW,FWD,retired,2009–10,2009,2010,split_year,28,32,21,1,1,Valencia,La Liga,domestic_league,False,True
david-villa,David Villa,1981-12-03,Spain,forward,FW,FWD,retired,2010–11,2010,2011,split_year,29,34,18,1,1,Barcelona,La Liga,domestic_league,False,True
david-villa,David Villa,1981-12-03,Spain,forward,FW,FWD,retired,2011–12,2011,2012,split_year,30,15,5,1,1,Barcelona,La Liga,domestic_league,False,True
david-villa,David Villa,1981-12-03,Spain,forward,FW,FWD,retired,2012–13,2012,2013,split_year,31,28,10,1,1,Barcelona,La Liga,domestic_league,False,True
david-villa,David Villa,1981-12-03,Spain,forward,FW,FWD,retired,2013–14,2013,2014,split_year,32,36,13,1,1,Atlético Madrid,La Liga,domestic_league,False,True
david-villa,David Villa,1981-12-03,Spain,forward,FW,FWD,retired,2014–15,2014,2015,split_year,33,4,2,1,1,Melbourne City (loan),A-League,domestic_league,False,True
david-villa,David Villa,1981-12-03,Spain,forward,FW,FWD,retired,2015,2015,2015,calendar_year,34,30,18,1,1,New York City FC,MLS,domestic_league,False,True
david-villa,David Villa,1981-12-03,Spain,forward,FW,FWD,retired,2016,2016,2016,calendar_year,35,33,24,1,1,New York City FC,MLS,domestic_league,False,True
david-villa,David Villa,1981-12-03,Spain,forward,FW,FWD,retired,2017,2017,2017,calendar_year,36,31,24,1,1,New York City FC,MLS,domestic_league,False,True
david-villa,David Villa,1981-12-03,Spain,forward,FW,FWD,retired,2018,2018,2018,calendar_year,37,23,14,1,1,New York City FC,MLS,domestic_league,False,True
david-villa,David Villa,1981-12-03,Spain,forward,FW,FWD,retired,2019,2019,2019,calendar_year,38,28,13,1,1,Vissel Kobe,J1 League,domestic_league,False,True
declan-rice,Declan Rice,1999-01-14,United Kingdom,defensive midfielder,DM,MID,active,2016–17,2016,2017,split_year,17,1,0,1,1,West Ham United,Premier League,domestic_league,False,True
declan-rice,Declan Rice,1999-01-14,United Kingdom,defensive midfielder,DM,MID,active,2017–18,2017,2018,split_year,18,26,0,1,1,West Ham United,Premier League,domestic_league,False,True
declan-rice,Declan Rice,1999-01-14,United Kingdom,defensive midfielder,DM,MID,active,2018–19,2018,2019,split_year,19,34,2,1,1,West Ham United,Premier League,domestic_league,False,True
declan-rice,Declan Rice,1999-01-14,United Kingdom,defensive midfielder,DM,MID,active,2019–20,2019,2020,split_year,20,38,1,1,1,West Ham United,Premier League,domestic_league,False,True
declan-rice,Declan Rice,1999-01-14,United Kingdom,defensive midfielder,DM,MID,active,2020–21,2020,2021,split_year,21,32,2,1,1,West Ham United,Premier League,domestic_league,False,True
declan-rice,Declan Rice,1999-01-14,United Kingdom,defensive midfielder,DM,MID,active,2021–22,2021,2022,split_year,22,36,1,1,1,West Ham United,Premier League,domestic_league,False,True
declan-rice,Declan Rice,1999-01-14,United Kingdom,defensive midfielder,DM,MID,active,2022–23,2022,2023,split_year,23,37,4,1,1,West Ham United,Premier League,domestic_league,False,True
declan-rice,Declan Rice,1999-01-14,United Kingdom,defensive midfielder,DM,MID,active,2023–24,2023,2024,split_year,24,38,7,1,1,Arsenal,Premier League,domestic_league,False,True
declan-rice,Declan Rice,1999-01-14,United Kingdom,defensive midfielder,DM,MID,active,2024–25,2024,2025,split_year,25,35,4,1,1,Arsenal,Premier League,domestic_league,False,True
declan-rice,Declan Rice,1999-01-14,United Kingdom,defensive midfielder,DM,MID,active,2025–26,2025,2026,split_year,26,36,4,1,1,Arsenal,Premier League,domestic_league,False,True
dennis-bergkamp,Dennis Bergkamp,1969-05-10,Kingdom of the Netherlands,forward,AM,MID,retired,1986–87,1986,1987,split_year,17,14,2,1,1,Ajax,Eredivisie,domestic_league,False,True
dennis-bergkamp,Dennis Bergkamp,1969-05-10,Kingdom of the Netherlands,forward,AM,MID,retired,1987–88,1987,1988,split_year,18,25,5,1,1,Ajax,Eredivisie,domestic_league,False,True
dennis-bergkamp,Dennis Bergkamp,1969-05-10,Kingdom of the Netherlands,forward,AM,MID,retired,1988–89,1988,1989,split_year,19,30,13,1,1,Ajax,Eredivisie,domestic_league,False,True
dennis-bergkamp,Dennis Bergkamp,1969-05-10,Kingdom of the Netherlands,forward,AM,MID,retired,1989–90,1989,1990,split_year,20,25,8,1,1,Ajax,Eredivisie,domestic_league,False,True
dennis-bergkamp,Dennis Bergkamp,1969-05-10,Kingdom of the Netherlands,forward,AM,MID,retired,1990–91,1990,1991,split_year,21,33,25,1,1,Ajax,Eredivisie,domestic_league,False,True
dennis-bergkamp,Dennis Bergkamp,1969-05-10,Kingdom of the Netherlands,forward,AM,MID,retired,1991–92,1991,1992,split_year,22,30,24,1,1,Ajax,Eredivisie,domestic_league,False,True
dennis-bergkamp,Dennis Bergkamp,1969-05-10,Kingdom of the Netherlands,forward,AM,MID,retired,1992–93,1992,1993,split_year,23,28,26,1,1,Ajax,Eredivisie,domestic_league,False,True
dennis-bergkamp,Dennis Bergkamp,1969-05-10,Kingdom of the Netherlands,forward,AM,MID,retired,1993–94,1993,1994,split_year,24,31,8,1,1,Inter Milan,Serie A,domestic_league,False,True
dennis-bergkamp,Dennis Bergkamp,1969-05-10,Kingdom of the Netherlands,forward,AM,MID,retired,1994–95,1994,1995,split_year,25,21,3,1,1,Inter Milan,Serie A,domestic_league,False,True
dennis-bergkamp,Dennis Bergkamp,1969-05-10,Kingdom of the Netherlands,forward,AM,MID,retired,1995–96,1995,1996,split_year,26,33,11,1,1,Arsenal,Premier League,domestic_league,False,True
dennis-bergkamp,Dennis Bergkamp,1969-05-10,Kingdom of the Netherlands,forward,AM,MID,retired,1996–97,1996,1997,split_year,27,29,12,1,1,Arsenal,Premier League,domestic_league,False,True
dennis-bergkamp,Dennis Bergkamp,1969-05-10,Kingdom of the Netherlands,forward,AM,MID,retired,1997–98,1997,1998,split_year,28,28,16,1,1,Arsenal,Premier League,domestic_league,False,True
dennis-bergkamp,Dennis Bergkamp,1969-05-10,Kingdom of the Netherlands,forward,AM,MID,retired,1998–99,1998,1999,split_year,29,29,12,1,1,Arsenal,Premier League,domestic_league,False,True
dennis-bergkamp,Dennis Bergkamp,1969-05-10,Kingdom of the Netherlands,forward,AM,MID,retired,1999–2000,1999,2000,split_year,30,28,6,1,1,Arsenal,Premier League,domestic_league,False,True
dennis-bergkamp,Dennis Bergkamp,1969-05-10,Kingdom of the Netherlands,forward,AM,MID,retired,2000–01,2000,2001,split_year,31,25,3,1,1,Arsenal,Premier League,domestic_league,False,True
dennis-bergkamp,Dennis Bergkamp,1969-05-10,Kingdom of the Netherlands,forward,AM,MID,retired,2001–02,2001,2002,split_year,32,33,9,1,1,Arsenal,Premier League,domestic_league,False,True
dennis-bergkamp,Dennis Bergkamp,1969-05-10,Kingdom of the Netherlands,forward,AM,MID,retired,2002–03,2002,2003,split_year,33,29,4,1,1,Arsenal,Premier League,domestic_league,False,True
dennis-bergkamp,Dennis Bergkamp,1969-05-10,Kingdom of the Netherlands,forward,AM,MID,retired,2003–04,2003,2004,split_year,34,28,4,1,1,Arsenal,Premier League,domestic_league,False,True
dennis-bergkamp,Dennis Bergkamp,1969-05-10,Kingdom of the Netherlands,forward,AM,MID,retired,2004–05,2004,2005,split_year,35,29,8,1,1,Arsenal,Premier League,domestic_league,False,True
dennis-bergkamp,Dennis Bergkamp,1969-05-10,Kingdom of the Netherlands,forward,AM,MID,retired,2005–06,2005,2006,split_year,36,24,2,1,1,Arsenal,Premier League,domestic_league,False,True
didier-drogba,Didier Drogba,1978-03-11,Ivory Coast,forward,FW,FWD,retired,1998–99,1998,1999,split_year,20,2,0,1,1,Le Mans,French Division 2,domestic_league,False,True
didier-drogba,Didier Drogba,1978-03-11,Ivory Coast,forward,FW,FWD,retired,1999–2000,1999,2000,split_year,21,30,7,1,1,Le Mans,French Division 2,domestic_league,False,True
didier-drogba,Didier Drogba,1978-03-11,Ivory Coast,forward,FW,FWD,retired,2000–01,2000,2001,split_year,22,11,0,1,1,Le Mans,French Division 2,domestic_league,False,True
didier-drogba,Didier Drogba,1978-03-11,Ivory Coast,forward,FW,FWD,retired,2001–02,2001,2002,split_year,23,32,8,2,2,Guingamp; Le Mans,French Division 1; French Division 2,domestic_league,False,True
didier-drogba,Didier Drogba,1978-03-11,Ivory Coast,forward,FW,FWD,retired,2002–03,2002,2003,split_year,24,34,17,1,1,Guingamp,Ligue 1,domestic_league,False,True
didier-drogba,Didier Drogba,1978-03-11,Ivory Coast,forward,FW,FWD,retired,2003–04,2003,2004,split_year,25,35,19,1,1,Marseille,Ligue 1,domestic_league,False,True
didier-drogba,Didier Drogba,1978-03-11,Ivory Coast,forward,FW,FWD,retired,2004–05,2004,2005,split_year,26,26,10,1,1,Chelsea,Premier League,domestic_league,False,True
didier-drogba,Didier Drogba,1978-03-11,Ivory Coast,forward,FW,FWD,retired,2005–06,2005,2006,split_year,27,29,12,1,1,Chelsea,Premier League,domestic_league,False,True
didier-drogba,Didier Drogba,1978-03-11,Ivory Coast,forward,FW,FWD,retired,2006–07,2006,2007,split_year,28,36,20,1,1,Chelsea,Premier League,domestic_league,False,True
didier-drogba,Didier Drogba,1978-03-11,Ivory Coast,forward,FW,FWD,retired,2007–08,2007,2008,split_year,29,19,8,1,1,Chelsea,Premier League,domestic_league,False,True
didier-drogba,Didier Drogba,1978-03-11,Ivory Coast,forward,FW,FWD,retired,2008–09,2008,2009,split_year,30,24,5,1,1,Chelsea,Premier League,domestic_league,False,True
didier-drogba,Didier Drogba,1978-03-11,Ivory Coast,forward,FW,FWD,retired,2009–10,2009,2010,split_year,31,32,29,1,1,Chelsea,Premier League,domestic_league,False,True
didier-drogba,Didier Drogba,1978-03-11,Ivory Coast,forward,FW,FWD,retired,2010–11,2010,2011,split_year,32,36,11,1,1,Chelsea,Premier League,domestic_league,False,True
didier-drogba,Didier Drogba,1978-03-11,Ivory Coast,forward,FW,FWD,retired,2011–12,2011,2012,split_year,33,24,5,1,1,Chelsea,Premier League,domestic_league,False,True
didier-drogba,Didier Drogba,1978-03-11,Ivory Coast,forward,FW,FWD,retired,2012,2012,2012,calendar_year,34,11,8,1,1,Shanghai Shenhua,Chinese Super League,domestic_league,False,True
didier-drogba,Didier Drogba,1978-03-11,Ivory Coast,forward,FW,FWD,retired,2012–13,2012,2013,split_year,34,13,5,1,1,Galatasaray,Süper Lig,domestic_league,False,True
didier-drogba,Didier Drogba,1978-03-11,Ivory Coast,forward,FW,FWD,retired,2013–14,2013,2014,split_year,35,24,10,1,1,Galatasaray,Süper Lig,domestic_league,False,True
didier-drogba,Didier Drogba,1978-03-11,Ivory Coast,forward,FW,FWD,retired,2014–15,2014,2015,split_year,36,28,4,1,1,Chelsea,Premier League,domestic_league,False,True
didier-drogba,Didier Drogba,1978-03-11,Ivory Coast,forward,FW,FWD,retired,2015,2015,2015,calendar_year,37,11,11,1,1,Montreal Impact,MLS,domestic_league,False,True
didier-drogba,Didier Drogba,1978-03-11,Ivory Coast,forward,FW,FWD,retired,2016,2016,2016,calendar_year,38,22,10,1,1,Montreal Impact,MLS,domestic_league,False,True
didier-drogba,Didier Drogba,1978-03-11,Ivory Coast,forward,FW,FWD,retired,2017,2017,2017,calendar_year,39,13,9,1,1,Phoenix Rising,USL,domestic_league,False,True
didier-drogba,Didier Drogba,1978-03-11,Ivory Coast,forward,FW,FWD,retired,2018,2018,2018,calendar_year,40,8,4,1,1,Phoenix Rising,USL,domestic_league,False,True
diego-costa,Diego Costa,1988-10-07,Brazil,forward,FW,FWD,inactive,2006–07,2006,2007,split_year,18,19,5,2,2,Braga (loan); Penafiel (loan),Primeira Liga; Liga de Honra,domestic_league,False,True
diego-costa,Diego Costa,1988-10-07,Brazil,forward,FW,FWD,inactive,2007–08,2007,2008,split_year,19,30,6,1,1,Celta Vigo (loan),Segunda División,domestic_league,False,True
diego-costa,Diego Costa,1988-10-07,Brazil,forward,FW,FWD,inactive,2008–09,2008,2009,split_year,20,35,10,1,1,Albacete (loan),Segunda División,domestic_league,False,True
diego-costa,Diego Costa,1988-10-07,Brazil,forward,FW,FWD,inactive,2009–10,2009,2010,split_year,21,34,8,1,1,Valladolid,La Liga,domestic_league,False,True
diego-costa,Diego Costa,1988-10-07,Brazil,forward,FW,FWD,inactive,2010–11,2010,2011,split_year,22,28,6,1,1,Atlético Madrid,La Liga,domestic_league,False,True
diego-costa,Diego Costa,1988-10-07,Brazil,forward,FW,FWD,inactive,2011–12,2011,2012,split_year,23,16,10,1,1,Rayo Vallecano (loan),La Liga,domestic_league,False,True
diego-costa,Diego Costa,1988-10-07,Brazil,forward,FW,FWD,inactive,2012–13,2012,2013,split_year,24,31,10,1,1,Atlético Madrid,La Liga,domestic_league,False,True
diego-costa,Diego Costa,1988-10-07,Brazil,forward,FW,FWD,inactive,2013–14,2013,2014,split_year,25,35,27,1,1,Atlético Madrid,La Liga,domestic_league,False,True
diego-costa,Diego Costa,1988-10-07,Brazil,forward,FW,FWD,inactive,2014–15,2014,2015,split_year,26,26,20,1,1,Chelsea,Premier League,domestic_league,False,True
diego-costa,Diego Costa,1988-10-07,Brazil,forward,FW,FWD,inactive,2015–16,2015,2016,split_year,27,28,12,1,1,Chelsea,Premier League,domestic_league,False,True
diego-costa,Diego Costa,1988-10-07,Brazil,forward,FW,FWD,inactive,2016–17,2016,2017,split_year,28,35,20,1,1,Chelsea,Premier League,domestic_league,False,True
diego-costa,Diego Costa,1988-10-07,Brazil,forward,FW,FWD,inactive,2017–18,2017,2018,split_year,29,15,3,2,2,Atlético Madrid; Chelsea,La Liga; Premier League,domestic_league,False,True
diego-costa,Diego Costa,1988-10-07,Brazil,forward,FW,FWD,inactive,2018–19,2018,2019,split_year,30,16,2,1,1,Atlético Madrid,La Liga,domestic_league,False,True
diego-costa,Diego Costa,1988-10-07,Brazil,forward,FW,FWD,inactive,2019–20,2019,2020,split_year,31,23,5,1,1,Atlético Madrid,La Liga,domestic_league,False,True
diego-costa,Diego Costa,1988-10-07,Brazil,forward,FW,FWD,inactive,2020–21,2020,2021,split_year,32,7,2,1,1,Atlético Madrid,La Liga,domestic_league,False,True
diego-costa,Diego Costa,1988-10-07,Brazil,forward,FW,FWD,inactive,2021,2021,2021,calendar_year,33,15,4,1,1,Atlético Mineiro,Série A,domestic_league,False,True
diego-costa,Diego Costa,1988-10-07,Brazil,forward,FW,FWD,inactive,2022–23,2022,2023,split_year,34,23,1,1,1,Wolverhampton Wanderers,Premier League,domestic_league,False,True
diego-costa,Diego Costa,1988-10-07,Brazil,forward,FW,FWD,inactive,2023,2023,2023,calendar_year,35,13,3,1,1,Botafogo,Série A,domestic_league,False,True
diego-costa,Diego Costa,1988-10-07,Brazil,forward,FW,FWD,inactive,2024,2024,2024,calendar_year,36,14,1,1,1,Grêmio,Série A,domestic_league,False,True
diego-godin,Diego Godín,1986-02-16,Uruguay,centre-back,CB,DEF,retired,2003,2003,2003,calendar_year,17,2,0,1,1,Cerro,Uruguayan Primera División,domestic_league,False,True
diego-godin,Diego Godín,1986-02-16,Uruguay,centre-back,CB,DEF,retired,2004,2004,2004,calendar_year,18,14,0,1,1,Cerro,Uruguayan Primera División,domestic_league,False,True
diego-godin,Diego Godín,1986-02-16,Uruguay,centre-back,CB,DEF,retired,2005,2005,2005,calendar_year,19,17,1,1,1,Cerro,Uruguayan Primera División,domestic_league,False,True
diego-godin,Diego Godín,1986-02-16,Uruguay,centre-back,CB,DEF,retired,2005–06,2005,2006,split_year,19,30,5,1,1,Cerro,Uruguayan Primera División,domestic_league,False,True
diego-godin,Diego Godín,1986-02-16,Uruguay,centre-back,CB,DEF,retired,2006–07,2006,2007,split_year,20,26,0,1,1,Nacional,Uruguayan Primera División,domestic_league,False,True
diego-godin,Diego Godín,1986-02-16,Uruguay,centre-back,CB,DEF,retired,2007–08,2007,2008,split_year,21,24,1,1,1,Villarreal,La Liga,domestic_league,False,True
diego-godin,Diego Godín,1986-02-16,Uruguay,centre-back,CB,DEF,retired,2008–09,2008,2009,split_year,22,31,0,1,1,Villarreal,La Liga,domestic_league,False,True
diego-godin,Diego Godín,1986-02-16,Uruguay,centre-back,CB,DEF,retired,2009–10,2009,2010,split_year,23,36,3,1,1,Villarreal,La Liga,domestic_league,False,True
diego-godin,Diego Godín,1986-02-16,Uruguay,centre-back,CB,DEF,retired,2010–11,2010,2011,split_year,24,25,0,1,1,Atlético Madrid,La Liga,domestic_league,False,True
diego-godin,Diego Godín,1986-02-16,Uruguay,centre-back,CB,DEF,retired,2011–12,2011,2012,split_year,25,27,2,1,1,Atlético Madrid,La Liga,domestic_league,False,True
diego-godin,Diego Godín,1986-02-16,Uruguay,centre-back,CB,DEF,retired,2012–13,2012,2013,split_year,26,35,1,1,1,Atlético Madrid,La Liga,domestic_league,False,True
diego-godin,Diego Godín,1986-02-16,Uruguay,centre-back,CB,DEF,retired,2013–14,2013,2014,split_year,27,34,4,1,1,Atlético Madrid,La Liga,domestic_league,False,True
diego-godin,Diego Godín,1986-02-16,Uruguay,centre-back,CB,DEF,retired,2014–15,2014,2015,split_year,28,34,3,1,1,Atlético Madrid,La Liga,domestic_league,False,True
diego-godin,Diego Godín,1986-02-16,Uruguay,centre-back,CB,DEF,retired,2015–16,2015,2016,split_year,29,31,1,1,1,Atlético Madrid,La Liga,domestic_league,False,True
diego-godin,Diego Godín,1986-02-16,Uruguay,centre-back,CB,DEF,retired,2016–17,2016,2017,split_year,30,31,3,1,1,Atlético Madrid,La Liga,domestic_league,False,True
diego-godin,Diego Godín,1986-02-16,Uruguay,centre-back,CB,DEF,retired,2017–18,2017,2018,split_year,31,30,0,1,1,Atlético Madrid,La Liga,domestic_league,False,True
diego-godin,Diego Godín,1986-02-16,Uruguay,centre-back,CB,DEF,retired,2018–19,2018,2019,split_year,32,30,3,1,1,Atlético Madrid,La Liga,domestic_league,False,True
diego-godin,Diego Godín,1986-02-16,Uruguay,centre-back,CB,DEF,retired,2019–20,2019,2020,split_year,33,23,1,1,1,Inter Milan,Serie A,domestic_league,False,True
diego-godin,Diego Godín,1986-02-16,Uruguay,centre-back,CB,DEF,retired,2020–21,2020,2021,split_year,34,28,1,1,1,Cagliari,Serie A,domestic_league,False,True
diego-godin,Diego Godín,1986-02-16,Uruguay,centre-back,CB,DEF,retired,2021–22,2021,2022,split_year,35,11,0,1,1,Cagliari,Serie A,domestic_league,False,True
diego-godin,Diego Godín,1986-02-16,Uruguay,centre-back,CB,DEF,retired,2022,2022,2022,calendar_year,36,7,1,2,2,Atlético Mineiro; Vélez Sarsfield,Série A; Argentine Primera División,domestic_league,False,True
diego-godin,Diego Godín,1986-02-16,Uruguay,centre-back,CB,DEF,retired,2023,2023,2023,calendar_year,37,13,0,1,1,Vélez Sarsfield,Argentine Primera División,domestic_league,False,True
eden-hazard,Eden Hazard,1991-01-07,Belgium,winger,WNG,WIDE,retired,2007–08,2007,2008,split_year,16,4,0,1,1,Lille,Ligue 1,domestic_league,False,True
eden-hazard,Eden Hazard,1991-01-07,Belgium,winger,WNG,WIDE,retired,2008–09,2008,2009,split_year,17,30,4,1,1,Lille,Ligue 1,domestic_league,False,True
eden-hazard,Eden Hazard,1991-01-07,Belgium,winger,WNG,WIDE,retired,2009–10,2009,2010,split_year,18,37,5,1,1,Lille,Ligue 1,domestic_league,False,True
eden-hazard,Eden Hazard,1991-01-07,Belgium,winger,WNG,WIDE,retired,2010–11,2010,2011,split_year,19,38,7,1,1,Lille,Ligue 1,domestic_league,False,True
eden-hazard,Eden Hazard,1991-01-07,Belgium,winger,WNG,WIDE,retired,2011–12,2011,2012,split_year,20,38,20,1,1,Lille,Ligue 1,domestic_league,False,True
eden-hazard,Eden Hazard,1991-01-07,Belgium,winger,WNG,WIDE,retired,2012–13,2012,2013,split_year,21,34,9,1,1,Chelsea,Premier League,domestic_league,False,True
eden-hazard,Eden Hazard,1991-01-07,Belgium,winger,WNG,WIDE,retired,2013–14,2013,2014,split_year,22,35,14,1,1,Chelsea,Premier League,domestic_league,False,True
eden-hazard,Eden Hazard,1991-01-07,Belgium,winger,WNG,WIDE,retired,2014–15,2014,2015,split_year,23,38,14,1,1,Chelsea,Premier League,domestic_league,False,True
eden-hazard,Eden Hazard,1991-01-07,Belgium,winger,WNG,WIDE,retired,2015–16,2015,2016,split_year,24,31,4,1,1,Chelsea,Premier League,domestic_league,False,True
eden-hazard,Eden Hazard,1991-01-07,Belgium,winger,WNG,WIDE,retired,2016–17,2016,2017,split_year,25,36,16,1,1,Chelsea,Premier League,domestic_league,False,True
eden-hazard,Eden Hazard,1991-01-07,Belgium,winger,WNG,WIDE,retired,2017–18,2017,2018,split_year,26,34,12,1,1,Chelsea,Premier League,domestic_league,False,True
eden-hazard,Eden Hazard,1991-01-07,Belgium,winger,WNG,WIDE,retired,2018–19,2018,2019,split_year,27,37,16,1,1,Chelsea,Premier League,domestic_league,False,True
eden-hazard,Eden Hazard,1991-01-07,Belgium,winger,WNG,WIDE,retired,2019–20,2019,2020,split_year,28,16,1,1,1,Real Madrid,La Liga,domestic_league,False,True
eden-hazard,Eden Hazard,1991-01-07,Belgium,winger,WNG,WIDE,retired,2020–21,2020,2021,split_year,29,14,3,1,1,Real Madrid,La Liga,domestic_league,False,True
eden-hazard,Eden Hazard,1991-01-07,Belgium,winger,WNG,WIDE,retired,2021–22,2021,2022,split_year,30,18,0,1,1,Real Madrid,La Liga,domestic_league,False,True
eden-hazard,Eden Hazard,1991-01-07,Belgium,winger,WNG,WIDE,retired,2022–23,2022,2023,split_year,31,6,0,1,1,Real Madrid,La Liga,domestic_league,False,True
edinson-cavani,Edinson Cavani,1987-02-14,Uruguay,forward,FW,FWD,retired,2005–06,2005,2006,split_year,18,0,0,1,1,Danubio,Uruguayan Primera División,domestic_league,False,True
edinson-cavani,Edinson Cavani,1987-02-14,Uruguay,forward,FW,FWD,retired,2006–07,2006,2007,split_year,19,22,7,2,2,Danubio; Palermo,Uruguayan Primera División; Serie A,domestic_league,False,True
edinson-cavani,Edinson Cavani,1987-02-14,Uruguay,forward,FW,FWD,retired,2007–08,2007,2008,split_year,20,33,5,1,1,Palermo,Serie A,domestic_league,False,True
edinson-cavani,Edinson Cavani,1987-02-14,Uruguay,forward,FW,FWD,retired,2008–09,2008,2009,split_year,21,35,14,1,1,Palermo,Serie A,domestic_league,False,True
edinson-cavani,Edinson Cavani,1987-02-14,Uruguay,forward,FW,FWD,retired,2009–10,2009,2010,split_year,22,34,13,1,1,Palermo,Serie A,domestic_league,False,True
edinson-cavani,Edinson Cavani,1987-02-14,Uruguay,forward,FW,FWD,retired,2010–11,2010,2011,split_year,23,35,26,1,1,Napoli,Serie A,domestic_league,False,True
edinson-cavani,Edinson Cavani,1987-02-14,Uruguay,forward,FW,FWD,retired,2011–12,2011,2012,split_year,24,35,23,1,1,Napoli,Serie A,domestic_league,False,True
edinson-cavani,Edinson Cavani,1987-02-14,Uruguay,forward,FW,FWD,retired,2012–13,2012,2013,split_year,25,34,29,1,1,Napoli,Serie A,domestic_league,False,True
edinson-cavani,Edinson Cavani,1987-02-14,Uruguay,forward,FW,FWD,retired,2013–14,2013,2014,split_year,26,30,16,1,1,Paris Saint-Germain,Ligue 1,domestic_league,False,True
edinson-cavani,Edinson Cavani,1987-02-14,Uruguay,forward,FW,FWD,retired,2014–15,2014,2015,split_year,27,35,18,1,1,Paris Saint-Germain,Ligue 1,domestic_league,False,True
edinson-cavani,Edinson Cavani,1987-02-14,Uruguay,forward,FW,FWD,retired,2015–16,2015,2016,split_year,28,32,19,1,1,Paris Saint-Germain,Ligue 1,domestic_league,False,True
edinson-cavani,Edinson Cavani,1987-02-14,Uruguay,forward,FW,FWD,retired,2016–17,2016,2017,split_year,29,36,35,1,1,Paris Saint-Germain,Ligue 1,domestic_league,False,True
edinson-cavani,Edinson Cavani,1987-02-14,Uruguay,forward,FW,FWD,retired,2017–18,2017,2018,split_year,30,32,28,1,1,Paris Saint-Germain,Ligue 1,domestic_league,False,True
edinson-cavani,Edinson Cavani,1987-02-14,Uruguay,forward,FW,FWD,retired,2018–19,2018,2019,split_year,31,21,18,1,1,Paris Saint-Germain,Ligue 1,domestic_league,False,True
edinson-cavani,Edinson Cavani,1987-02-14,Uruguay,forward,FW,FWD,retired,2019–20,2019,2020,split_year,32,14,4,1,1,Paris Saint-Germain,Ligue 1,domestic_league,False,True
edinson-cavani,Edinson Cavani,1987-02-14,Uruguay,forward,FW,FWD,retired,2020–21,2020,2021,split_year,33,26,10,1,1,Manchester United,Premier League,domestic_league,False,True
edinson-cavani,Edinson Cavani,1987-02-14,Uruguay,forward,FW,FWD,retired,2021–22,2021,2022,split_year,34,15,2,1,1,Manchester United,Premier League,domestic_league,False,True
edinson-cavani,Edinson Cavani,1987-02-14,Uruguay,forward,FW,FWD,retired,2022–23,2022,2023,split_year,35,25,5,1,1,Valencia,La Liga,domestic_league,False,True
erling-haaland,Erling Haaland,2000-07-21,Norway,forward,FW,FWD,active,2016,2016,2016,calendar_year,16,16,0,1,1,Bryne,1. divisjon,domestic_league,False,True
erling-haaland,Erling Haaland,2000-07-21,Norway,forward,FW,FWD,active,2017,2017,2017,calendar_year,17,14,2,1,1,Molde,Eliteserien,domestic_league,False,True
erling-haaland,Erling Haaland,2000-07-21,Norway,forward,FW,FWD,active,2018,2018,2018,calendar_year,18,25,12,1,1,Molde,Eliteserien,domestic_league,False,True
erling-haaland,Erling Haaland,2000-07-21,Norway,forward,FW,FWD,active,2018–19,2018,2019,split_year,18,2,1,1,1,Red Bull Salzburg,Austrian Bundesliga,domestic_league,False,True
erling-haaland,Erling Haaland,2000-07-21,Norway,forward,FW,FWD,active,2019–20,2019,2020,split_year,19,29,29,2,2,Borussia Dortmund; Red Bull Salzburg,Bundesliga; Austrian Bundesliga,domestic_league,False,True
erling-haaland,Erling Haaland,2000-07-21,Norway,forward,FW,FWD,active,2020–21,2020,2021,split_year,20,28,27,1,1,Borussia Dortmund,Bundesliga,domestic_league,False,True
erling-haaland,Erling Haaland,2000-07-21,Norway,forward,FW,FWD,active,2021–22,2021,2022,split_year,21,24,22,1,1,Borussia Dortmund,Bundesliga,domestic_league,False,True
erling-haaland,Erling Haaland,2000-07-21,Norway,forward,FW,FWD,active,2022–23,2022,2023,split_year,22,35,36,1,1,Manchester City,Premier League,domestic_league,False,True
erling-haaland,Erling Haaland,2000-07-21,Norway,forward,FW,FWD,active,2023–24,2023,2024,split_year,23,31,27,1,1,Manchester City,Premier League,domestic_league,False,True
erling-haaland,Erling Haaland,2000-07-21,Norway,forward,FW,FWD,active,2024–25,2024,2025,split_year,24,31,22,1,1,Manchester City,Premier League,domestic_league,False,True
erling-haaland,Erling Haaland,2000-07-21,Norway,forward,FW,FWD,active,2025–26,2025,2026,split_year,25,35,27,1,1,Manchester City,Premier League,domestic_league,False,True
fabio-cannavaro,Fabio Cannavaro,1973-09-13,Italy,defender,CB,DEF,retired,1992–93,1992,1993,split_year,19,2,0,1,1,Napoli,Serie A,domestic_league,False,True
fabio-cannavaro,Fabio Cannavaro,1973-09-13,Italy,defender,CB,DEF,retired,1993–94,1993,1994,split_year,20,27,0,1,1,Napoli,Serie A,domestic_league,False,True
fabio-cannavaro,Fabio Cannavaro,1973-09-13,Italy,defender,CB,DEF,retired,1994–95,1994,1995,split_year,21,29,1,1,1,Napoli,Serie A,domestic_league,False,True
fabio-cannavaro,Fabio Cannavaro,1973-09-13,Italy,defender,CB,DEF,retired,1995–96,1995,1996,split_year,22,29,1,1,1,Parma,Serie A,domestic_league,False,True
fabio-cannavaro,Fabio Cannavaro,1973-09-13,Italy,defender,CB,DEF,retired,1996–97,1996,1997,split_year,23,27,0,1,1,Parma,Serie A,domestic_league,False,True
fabio-cannavaro,Fabio Cannavaro,1973-09-13,Italy,defender,CB,DEF,retired,1997–98,1997,1998,split_year,24,31,0,1,1,Parma,Serie A,domestic_league,False,True
fabio-cannavaro,Fabio Cannavaro,1973-09-13,Italy,defender,CB,DEF,retired,1998–99,1998,1999,split_year,25,30,1,1,1,Parma,Serie A,domestic_league,False,True
fabio-cannavaro,Fabio Cannavaro,1973-09-13,Italy,defender,CB,DEF,retired,1999–2000,1999,2000,split_year,26,31,2,1,1,Parma,Serie A,domestic_league,False,True
fabio-cannavaro,Fabio Cannavaro,1973-09-13,Italy,defender,CB,DEF,retired,2000–01,2000,2001,split_year,27,33,0,1,1,Parma,Serie A,domestic_league,False,True
fabio-cannavaro,Fabio Cannavaro,1973-09-13,Italy,defender,CB,DEF,retired,2001–02,2001,2002,split_year,28,31,1,1,1,Parma,Serie A,domestic_league,False,True
fabio-cannavaro,Fabio Cannavaro,1973-09-13,Italy,defender,CB,DEF,retired,2002–03,2002,2003,split_year,29,28,0,1,1,Inter Milan,Serie A,domestic_league,False,True
fabio-cannavaro,Fabio Cannavaro,1973-09-13,Italy,defender,CB,DEF,retired,2003–04,2003,2004,split_year,30,22,2,1,1,Inter Milan,Serie A,domestic_league,False,True
fabio-cannavaro,Fabio Cannavaro,1973-09-13,Italy,defender,CB,DEF,retired,2004–05,2004,2005,split_year,31,38,2,1,1,Juventus,Serie A,domestic_league,False,True
fabio-cannavaro,Fabio Cannavaro,1973-09-13,Italy,defender,CB,DEF,retired,2005–06,2005,2006,split_year,32,36,4,1,1,Juventus,Serie A,domestic_league,False,True
fabio-cannavaro,Fabio Cannavaro,1973-09-13,Italy,defender,CB,DEF,retired,2006–07,2006,2007,split_year,33,32,0,1,1,Real Madrid,La Liga,domestic_league,False,True
fabio-cannavaro,Fabio Cannavaro,1973-09-13,Italy,defender,CB,DEF,retired,2007–08,2007,2008,split_year,34,33,0,1,1,Real Madrid,La Liga,domestic_league,False,True
fabio-cannavaro,Fabio Cannavaro,1973-09-13,Italy,defender,CB,DEF,retired,2008–09,2008,2009,split_year,35,29,0,1,1,Real Madrid,La Liga,domestic_league,False,True
fabio-cannavaro,Fabio Cannavaro,1973-09-13,Italy,defender,CB,DEF,retired,2009–10,2009,2010,split_year,36,27,0,1,1,Juventus,Serie A,domestic_league,False,True
fabio-cannavaro,Fabio Cannavaro,1973-09-13,Italy,defender,CB,DEF,retired,2010–11,2010,2011,split_year,37,16,2,1,1,Al-Ahli Dubai,UAE Pro League,domestic_league,False,True
federico-dimarco,Federico Dimarco,1997-11-10,Italy,defender,FB,DEF,active,2014–15,2014,2015,split_year,17,1,0,1,1,Inter Milan,Serie A,domestic_league,False,True
federico-dimarco,Federico Dimarco,1997-11-10,Italy,defender,FB,DEF,active,2015–16,2015,2016,split_year,18,12,0,1,1,Ascoli (loan),Serie B,domestic_league,False,True
federico-dimarco,Federico Dimarco,1997-11-10,Italy,defender,FB,DEF,active,2016–17,2016,2017,split_year,19,15,0,1,1,Empoli (loan),Serie A,domestic_league,False,True
federico-dimarco,Federico Dimarco,1997-11-10,Italy,defender,FB,DEF,active,2017–18,2017,2018,split_year,20,9,0,1,1,Sion,Swiss Super League,domestic_league,False,True
federico-dimarco,Federico Dimarco,1997-11-10,Italy,defender,FB,DEF,active,2018–19,2018,2019,split_year,21,13,1,1,1,Parma (loan),Serie A,domestic_league,False,True
federico-dimarco,Federico Dimarco,1997-11-10,Italy,defender,FB,DEF,active,2019–20,2019,2020,split_year,22,16,0,2,1,Hellas Verona (loan); Inter Milan,Serie A,domestic_league,False,True
federico-dimarco,Federico Dimarco,1997-11-10,Italy,defender,FB,DEF,active,2020–21,2020,2021,split_year,23,35,5,1,1,Hellas Verona (loan),Serie A,domestic_league,False,True
federico-dimarco,Federico Dimarco,1997-11-10,Italy,defender,FB,DEF,active,2021–22,2021,2022,split_year,24,32,2,1,1,Inter Milan,Serie A,domestic_league,False,True
federico-dimarco,Federico Dimarco,1997-11-10,Italy,defender,FB,DEF,active,2022–23,2022,2023,split_year,25,33,4,1,1,Inter Milan,Serie A,domestic_league,False,True
federico-dimarco,Federico Dimarco,1997-11-10,Italy,defender,FB,DEF,active,2023–24,2023,2024,split_year,26,30,5,1,1,Inter Milan,Serie A,domestic_league,False,True
federico-dimarco,Federico Dimarco,1997-11-10,Italy,defender,FB,DEF,active,2024–25,2024,2025,split_year,27,33,4,1,1,Inter Milan,Serie A,domestic_league,False,True
federico-dimarco,Federico Dimarco,1997-11-10,Italy,defender,FB,DEF,active,2025–26,2025,2026,split_year,28,35,7,1,1,Inter Milan,Serie A,domestic_league,False,True
federico-valverde,Federico Valverde,1998-07-22,Uruguay,midfielder,CM,MID,active,2016,2016,2016,calendar_year,18,12,0,1,1,Peñarol,Uruguayan Primera División,domestic_league,False,True
federico-valverde,Federico Valverde,1998-07-22,Uruguay,midfielder,CM,MID,active,2017–18,2017,2018,split_year,19,24,0,1,1,Deportivo La Coruña (loan),La Liga,domestic_league,False,True
federico-valverde,Federico Valverde,1998-07-22,Uruguay,midfielder,CM,MID,active,2018–19,2018,2019,split_year,20,16,0,1,1,Real Madrid,La Liga,domestic_league,False,True
federico-valverde,Federico Valverde,1998-07-22,Uruguay,midfielder,CM,MID,active,2019–20,2019,2020,split_year,21,33,2,1,1,Real Madrid,La Liga,domestic_league,False,True
federico-valverde,Federico Valverde,1998-07-22,Uruguay,midfielder,CM,MID,active,2020–21,2020,2021,split_year,22,24,3,1,1,Real Madrid,La Liga,domestic_league,False,True
federico-valverde,Federico Valverde,1998-07-22,Uruguay,midfielder,CM,MID,active,2021–22,2021,2022,split_year,23,31,0,1,1,Real Madrid,La Liga,domestic_league,False,True
federico-valverde,Federico Valverde,1998-07-22,Uruguay,midfielder,CM,MID,active,2022–23,2022,2023,split_year,24,34,7,1,1,Real Madrid,La Liga,domestic_league,False,True
federico-valverde,Federico Valverde,1998-07-22,Uruguay,midfielder,CM,MID,active,2023–24,2023,2024,split_year,25,37,2,1,1,Real Madrid,La Liga,domestic_league,False,True
federico-valverde,Federico Valverde,1998-07-22,Uruguay,midfielder,CM,MID,active,2024–25,2024,2025,split_year,26,36,6,1,1,Real Madrid,La Liga,domestic_league,False,True
federico-valverde,Federico Valverde,1998-07-22,Uruguay,midfielder,CM,MID,active,2025–26,2025,2026,split_year,27,33,5,1,1,Real Madrid,La Liga,domestic_league,False,True
federico-valverde,Federico Valverde,1998-07-22,Uruguay,midfielder,CM,MID,active,2026–27,2026,2027,split_year,28,0,0,1,1,Real Madrid,La Liga,domestic_league,True,True
fernandinho-footballer-born-may-1985,"Fernandinho (footballer, born May 1985)",1985-05-04,Brazil,midfielder,DM,MID,inactive,2003,2003,2003,calendar_year,18,29,5,1,1,Atlético Paranaense,Série A,domestic_league,False,True
fernandinho-footballer-born-may-1985,"Fernandinho (footballer, born May 1985)",1985-05-04,Brazil,midfielder,DM,MID,inactive,2004,2004,2004,calendar_year,19,41,9,1,1,Atlético Paranaense,Série A,domestic_league,False,True
fernandinho-footballer-born-may-1985,"Fernandinho (footballer, born May 1985)",1985-05-04,Brazil,midfielder,DM,MID,inactive,2005,2005,2005,calendar_year,20,2,0,1,1,Atlético Paranaense,Série A,domestic_league,False,True
fernandinho-footballer-born-may-1985,"Fernandinho (footballer, born May 1985)",1985-05-04,Brazil,midfielder,DM,MID,inactive,2005–06,2005,2006,split_year,20,23,1,1,1,Shakhtar Donetsk,Vyshcha Liha,domestic_league,False,True
fernandinho-footballer-born-may-1985,"Fernandinho (footballer, born May 1985)",1985-05-04,Brazil,midfielder,DM,MID,inactive,2006–07,2006,2007,split_year,21,25,1,1,1,Shakhtar Donetsk,Vyshcha Liha,domestic_league,False,True
fernandinho-footballer-born-may-1985,"Fernandinho (footballer, born May 1985)",1985-05-04,Brazil,midfielder,DM,MID,inactive,2007–08,2007,2008,split_year,22,29,11,1,1,Shakhtar Donetsk,Vyshcha Liha,domestic_league,False,True
fernandinho-footballer-born-may-1985,"Fernandinho (footballer, born May 1985)",1985-05-04,Brazil,midfielder,DM,MID,inactive,2008–09,2008,2009,split_year,23,21,5,1,1,Shakhtar Donetsk,Ukrainian Premier League,domestic_league,False,True
fernandinho-footballer-born-may-1985,"Fernandinho (footballer, born May 1985)",1985-05-04,Brazil,midfielder,DM,MID,inactive,2009–10,2009,2010,split_year,24,24,4,1,1,Shakhtar Donetsk,Ukrainian Premier League,domestic_league,False,True
fernandinho-footballer-born-may-1985,"Fernandinho (footballer, born May 1985)",1985-05-04,Brazil,midfielder,DM,MID,inactive,2010–11,2010,2011,split_year,25,15,3,1,1,Shakhtar Donetsk,Ukrainian Premier League,domestic_league,False,True
fernandinho-footballer-born-may-1985,"Fernandinho (footballer, born May 1985)",1985-05-04,Brazil,midfielder,DM,MID,inactive,2011–12,2011,2012,split_year,26,24,4,1,1,Shakhtar Donetsk,Ukrainian Premier League,domestic_league,False,True
fernandinho-footballer-born-may-1985,"Fernandinho (footballer, born May 1985)",1985-05-04,Brazil,midfielder,DM,MID,inactive,2012–13,2012,2013,split_year,27,23,2,1,1,Shakhtar Donetsk,Ukrainian Premier League,domestic_league,False,True
fernandinho-footballer-born-may-1985,"Fernandinho (footballer, born May 1985)",1985-05-04,Brazil,midfielder,DM,MID,inactive,2013–14,2013,2014,split_year,28,33,5,1,1,Manchester City,Premier League,domestic_league,False,True
fernandinho-footballer-born-may-1985,"Fernandinho (footballer, born May 1985)",1985-05-04,Brazil,midfielder,DM,MID,inactive,2014–15,2014,2015,split_year,29,33,3,1,1,Manchester City,Premier League,domestic_league,False,True
fernandinho-footballer-born-may-1985,"Fernandinho (footballer, born May 1985)",1985-05-04,Brazil,midfielder,DM,MID,inactive,2015–16,2015,2016,split_year,30,33,2,1,1,Manchester City,Premier League,domestic_league,False,True
fernandinho-footballer-born-may-1985,"Fernandinho (footballer, born May 1985)",1985-05-04,Brazil,midfielder,DM,MID,inactive,2016–17,2016,2017,split_year,31,32,2,1,1,Manchester City,Premier League,domestic_league,False,True
fernandinho-footballer-born-may-1985,"Fernandinho (footballer, born May 1985)",1985-05-04,Brazil,midfielder,DM,MID,inactive,2017–18,2017,2018,split_year,32,34,5,1,1,Manchester City,Premier League,domestic_league,False,True
fernandinho-footballer-born-may-1985,"Fernandinho (footballer, born May 1985)",1985-05-04,Brazil,midfielder,DM,MID,inactive,2018–19,2018,2019,split_year,33,29,1,1,1,Manchester City,Premier League,domestic_league,False,True
fernandinho-footballer-born-may-1985,"Fernandinho (footballer, born May 1985)",1985-05-04,Brazil,midfielder,DM,MID,inactive,2019–20,2019,2020,split_year,34,30,0,1,1,Manchester City,Premier League,domestic_league,False,True
fernandinho-footballer-born-may-1985,"Fernandinho (footballer, born May 1985)",1985-05-04,Brazil,midfielder,DM,MID,inactive,2020–21,2020,2021,split_year,35,21,0,1,1,Manchester City,Premier League,domestic_league,False,True
fernandinho-footballer-born-may-1985,"Fernandinho (footballer, born May 1985)",1985-05-04,Brazil,midfielder,DM,MID,inactive,2021–22,2021,2022,split_year,36,19,2,1,1,Manchester City,Premier League,domestic_league,False,True
fernandinho-footballer-born-may-1985,"Fernandinho (footballer, born May 1985)",1985-05-04,Brazil,midfielder,DM,MID,inactive,2022,2022,2022,calendar_year,37,13,1,1,1,Athletico Paranaense,Série A,domestic_league,False,True
fernandinho-footballer-born-may-1985,"Fernandinho (footballer, born May 1985)",1985-05-04,Brazil,midfielder,DM,MID,inactive,2023,2023,2023,calendar_year,38,25,1,1,1,Athletico Paranaense,Série A,domestic_league,False,True
fernandinho-footballer-born-may-1985,"Fernandinho (footballer, born May 1985)",1985-05-04,Brazil,midfielder,DM,MID,inactive,2024,2024,2024,calendar_year,39,25,2,1,1,Athletico Paranaense,Série A,domestic_league,False,True
fernando-torres,Fernando Torres,1984-03-20,Spain,forward,FW,FWD,retired,2000–01,2000,2001,split_year,16,4,1,1,1,Atlético Madrid,Segunda División,domestic_league,False,True
fernando-torres,Fernando Torres,1984-03-20,Spain,forward,FW,FWD,retired,2001–02,2001,2002,split_year,17,36,6,1,1,Atlético Madrid,Segunda División,domestic_league,False,True
fernando-torres,Fernando Torres,1984-03-20,Spain,forward,FW,FWD,retired,2002–03,2002,2003,split_year,18,29,13,1,1,Atlético Madrid,La Liga,domestic_league,False,True
fernando-torres,Fernando Torres,1984-03-20,Spain,forward,FW,FWD,retired,2003–04,2003,2004,split_year,19,35,19,1,1,Atlético Madrid,La Liga,domestic_league,False,True
fernando-torres,Fernando Torres,1984-03-20,Spain,forward,FW,FWD,retired,2004–05,2004,2005,split_year,20,38,16,1,1,Atlético Madrid,La Liga,domestic_league,False,True
fernando-torres,Fernando Torres,1984-03-20,Spain,forward,FW,FWD,retired,2005–06,2005,2006,split_year,21,36,13,1,1,Atlético Madrid,La Liga,domestic_league,False,True
fernando-torres,Fernando Torres,1984-03-20,Spain,forward,FW,FWD,retired,2006–07,2006,2007,split_year,22,36,14,1,1,Atlético Madrid,La Liga,domestic_league,False,True
fernando-torres,Fernando Torres,1984-03-20,Spain,forward,FW,FWD,retired,2007–08,2007,2008,split_year,23,33,24,1,1,Liverpool,Premier League,domestic_league,False,True
fernando-torres,Fernando Torres,1984-03-20,Spain,forward,FW,FWD,retired,2008–09,2008,2009,split_year,24,24,14,1,1,Liverpool,Premier League,domestic_league,False,True
fernando-torres,Fernando Torres,1984-03-20,Spain,forward,FW,FWD,retired,2009–10,2009,2010,split_year,25,22,18,1,1,Liverpool,Premier League,domestic_league,False,True
fernando-torres,Fernando Torres,1984-03-20,Spain,forward,FW,FWD,retired,2010–11,2010,2011,split_year,26,37,10,2,1,Chelsea; Liverpool,Premier League,domestic_league,False,True
fernando-torres,Fernando Torres,1984-03-20,Spain,forward,FW,FWD,retired,2011–12,2011,2012,split_year,27,32,6,1,1,Chelsea,Premier League,domestic_league,False,True
fernando-torres,Fernando Torres,1984-03-20,Spain,forward,FW,FWD,retired,2012–13,2012,2013,split_year,28,36,8,1,1,Chelsea,Premier League,domestic_league,False,True
fernando-torres,Fernando Torres,1984-03-20,Spain,forward,FW,FWD,retired,2013–14,2013,2014,split_year,29,28,5,1,1,Chelsea,Premier League,domestic_league,False,True
fernando-torres,Fernando Torres,1984-03-20,Spain,forward,FW,FWD,retired,2014–15,2014,2015,split_year,30,29,4,2,2,AC Milan (loan); Atlético Madrid (loan),Serie A; La Liga,domestic_league,False,True
fernando-torres,Fernando Torres,1984-03-20,Spain,forward,FW,FWD,retired,2015–16,2015,2016,split_year,31,30,11,1,1,Atlético Madrid (loan),La Liga,domestic_league,False,True
fernando-torres,Fernando Torres,1984-03-20,Spain,forward,FW,FWD,retired,2016–17,2016,2017,split_year,32,31,8,1,1,Atlético Madrid,La Liga,domestic_league,False,True
fernando-torres,Fernando Torres,1984-03-20,Spain,forward,FW,FWD,retired,2017–18,2017,2018,split_year,33,27,5,1,1,Atlético Madrid,La Liga,domestic_league,False,True
fernando-torres,Fernando Torres,1984-03-20,Spain,forward,FW,FWD,retired,2018,2018,2018,calendar_year,34,17,3,1,1,Sagan Tosu,J1 League,domestic_league,False,True
fernando-torres,Fernando Torres,1984-03-20,Spain,forward,FW,FWD,retired,2019,2019,2019,calendar_year,35,18,2,1,1,Sagan Tosu,J1 League,domestic_league,False,True
florian-wirtz,Florian Wirtz,2003-05-03,Germany,midfielder,CM,MID,active,2019–20,2019,2020,split_year,16,7,1,1,1,Bayer Leverkusen,Bundesliga,domestic_league,False,True
florian-wirtz,Florian Wirtz,2003-05-03,Germany,midfielder,CM,MID,active,2020–21,2020,2021,split_year,17,29,5,1,1,Bayer Leverkusen,Bundesliga,domestic_league,False,True
florian-wirtz,Florian Wirtz,2003-05-03,Germany,midfielder,CM,MID,active,2021–22,2021,2022,split_year,18,24,7,1,1,Bayer Leverkusen,Bundesliga,domestic_league,False,True
florian-wirtz,Florian Wirtz,2003-05-03,Germany,midfielder,CM,MID,active,2022–23,2022,2023,split_year,19,17,1,1,1,Bayer Leverkusen,Bundesliga,domestic_league,False,True
florian-wirtz,Florian Wirtz,2003-05-03,Germany,midfielder,CM,MID,active,2023–24,2023,2024,split_year,20,32,11,1,1,Bayer Leverkusen,Bundesliga,domestic_league,False,True
florian-wirtz,Florian Wirtz,2003-05-03,Germany,midfielder,CM,MID,active,2024–25,2024,2025,split_year,21,31,10,1,1,Bayer Leverkusen,Bundesliga,domestic_league,False,True
florian-wirtz,Florian Wirtz,2003-05-03,Germany,midfielder,CM,MID,active,2025–26,2025,2026,split_year,22,33,5,1,1,Liverpool,Premier League,domestic_league,False,True
francesco-totti,Francesco Totti,1976-09-27,Italy,midfielder,AM,MID,retired,1992–93,1992,1993,split_year,16,2,0,1,1,Roma,Serie A,domestic_league,False,True
francesco-totti,Francesco Totti,1976-09-27,Italy,midfielder,AM,MID,retired,1993–94,1993,1994,split_year,17,8,0,1,1,Roma,Serie A,domestic_league,False,True
francesco-totti,Francesco Totti,1976-09-27,Italy,midfielder,AM,MID,retired,1994–95,1994,1995,split_year,18,21,4,1,1,Roma,Serie A,domestic_league,False,True
francesco-totti,Francesco Totti,1976-09-27,Italy,midfielder,AM,MID,retired,1995–96,1995,1996,split_year,19,28,2,1,1,Roma,Serie A,domestic_league,False,True
francesco-totti,Francesco Totti,1976-09-27,Italy,midfielder,AM,MID,retired,1996–97,1996,1997,split_year,20,26,5,1,1,Roma,Serie A,domestic_league,False,True
francesco-totti,Francesco Totti,1976-09-27,Italy,midfielder,AM,MID,retired,1997–98,1997,1998,split_year,21,30,13,1,1,Roma,Serie A,domestic_league,False,True
francesco-totti,Francesco Totti,1976-09-27,Italy,midfielder,AM,MID,retired,1998–99,1998,1999,split_year,22,31,12,1,1,Roma,Serie A,domestic_league,False,True
francesco-totti,Francesco Totti,1976-09-27,Italy,midfielder,AM,MID,retired,1999–2000,1999,2000,split_year,23,27,7,1,1,Roma,Serie A,domestic_league,False,True
francesco-totti,Francesco Totti,1976-09-27,Italy,midfielder,AM,MID,retired,2000–01,2000,2001,split_year,24,30,13,1,1,Roma,Serie A,domestic_league,False,True
francesco-totti,Francesco Totti,1976-09-27,Italy,midfielder,AM,MID,retired,2001–02,2001,2002,split_year,25,24,8,1,1,Roma,Serie A,domestic_league,False,True
francesco-totti,Francesco Totti,1976-09-27,Italy,midfielder,AM,MID,retired,2002–03,2002,2003,split_year,26,24,14,1,1,Roma,Serie A,domestic_league,False,True
francesco-totti,Francesco Totti,1976-09-27,Italy,midfielder,AM,MID,retired,2003–04,2003,2004,split_year,27,31,20,1,1,Roma,Serie A,domestic_league,False,True
francesco-totti,Francesco Totti,1976-09-27,Italy,midfielder,AM,MID,retired,2004–05,2004,2005,split_year,28,29,12,1,1,Roma,Serie A,domestic_league,False,True
francesco-totti,Francesco Totti,1976-09-27,Italy,midfielder,AM,MID,retired,2005–06,2005,2006,split_year,29,24,15,1,1,Roma,Serie A,domestic_league,False,True
francesco-totti,Francesco Totti,1976-09-27,Italy,midfielder,AM,MID,retired,2006–07,2006,2007,split_year,30,35,26,1,1,Roma,Serie A,domestic_league,False,True
francesco-totti,Francesco Totti,1976-09-27,Italy,midfielder,AM,MID,retired,2007–08,2007,2008,split_year,31,25,14,1,1,Roma,Serie A,domestic_league,False,True
francesco-totti,Francesco Totti,1976-09-27,Italy,midfielder,AM,MID,retired,2008–09,2008,2009,split_year,32,24,13,1,1,Roma,Serie A,domestic_league,False,True
francesco-totti,Francesco Totti,1976-09-27,Italy,midfielder,AM,MID,retired,2009–10,2009,2010,split_year,33,23,14,1,1,Roma,Serie A,domestic_league,False,True
francesco-totti,Francesco Totti,1976-09-27,Italy,midfielder,AM,MID,retired,2010–11,2010,2011,split_year,34,32,15,1,1,Roma,Serie A,domestic_league,False,True
francesco-totti,Francesco Totti,1976-09-27,Italy,midfielder,AM,MID,retired,2011–12,2011,2012,split_year,35,27,8,1,1,Roma,Serie A,domestic_league,False,True
francesco-totti,Francesco Totti,1976-09-27,Italy,midfielder,AM,MID,retired,2012–13,2012,2013,split_year,36,34,12,1,1,Roma,Serie A,domestic_league,False,True
francesco-totti,Francesco Totti,1976-09-27,Italy,midfielder,AM,MID,retired,2013–14,2013,2014,split_year,37,26,8,1,1,Roma,Serie A,domestic_league,False,True
francesco-totti,Francesco Totti,1976-09-27,Italy,midfielder,AM,MID,retired,2014–15,2014,2015,split_year,38,27,8,1,1,Roma,Serie A,domestic_league,False,True
francesco-totti,Francesco Totti,1976-09-27,Italy,midfielder,AM,MID,retired,2015–16,2015,2016,split_year,39,13,5,1,1,Roma,Serie A,domestic_league,False,True
francesco-totti,Francesco Totti,1976-09-27,Italy,midfielder,AM,MID,retired,2016–17,2016,2017,split_year,40,18,2,1,1,Roma,Serie A,domestic_league,False,True
franck-ribery,Franck Ribéry,1983-04-07,France,wing half,WNG,WIDE,retired,2000–01,2000,2001,split_year,17,4,1,1,1,Boulogne,CFA,domestic_league,False,True
franck-ribery,Franck Ribéry,1983-04-07,France,wing half,WNG,WIDE,retired,2001–02,2001,2002,split_year,18,24,5,1,1,Boulogne,Championnat National,domestic_league,False,True
franck-ribery,Franck Ribéry,1983-04-07,France,wing half,WNG,WIDE,retired,2002–03,2002,2003,split_year,19,19,1,1,1,Alès,Championnat National,domestic_league,False,True
franck-ribery,Franck Ribéry,1983-04-07,France,wing half,WNG,WIDE,retired,2003–04,2003,2004,split_year,20,35,3,1,1,Brest,Championnat National,domestic_league,False,True
franck-ribery,Franck Ribéry,1983-04-07,France,wing half,WNG,WIDE,retired,2004–05,2004,2005,split_year,21,34,2,2,2,Galatasaray; Metz,Süper Lig; Ligue 1,domestic_league,False,True
franck-ribery,Franck Ribéry,1983-04-07,France,wing half,WNG,WIDE,retired,2005–06,2005,2006,split_year,22,35,6,1,1,Marseille,Ligue 1,domestic_league,False,True
franck-ribery,Franck Ribéry,1983-04-07,France,wing half,WNG,WIDE,retired,2006–07,2006,2007,split_year,23,25,5,1,1,Marseille,Ligue 1,domestic_league,False,True
franck-ribery,Franck Ribéry,1983-04-07,France,wing half,WNG,WIDE,retired,2007–08,2007,2008,split_year,24,28,11,1,1,Bayern Munich,Bundesliga,domestic_league,False,True
franck-ribery,Franck Ribéry,1983-04-07,France,wing half,WNG,WIDE,retired,2008–09,2008,2009,split_year,25,25,9,1,1,Bayern Munich,Bundesliga,domestic_league,False,True
franck-ribery,Franck Ribéry,1983-04-07,France,wing half,WNG,WIDE,retired,2009–10,2009,2010,split_year,26,19,4,1,1,Bayern Munich,Bundesliga,domestic_league,False,True
franck-ribery,Franck Ribéry,1983-04-07,France,wing half,WNG,WIDE,retired,2010–11,2010,2011,split_year,27,25,7,1,1,Bayern Munich,Bundesliga,domestic_league,False,True
franck-ribery,Franck Ribéry,1983-04-07,France,wing half,WNG,WIDE,retired,2011–12,2011,2012,split_year,28,32,12,1,1,Bayern Munich,Bundesliga,domestic_league,False,True
franck-ribery,Franck Ribéry,1983-04-07,France,wing half,WNG,WIDE,retired,2012–13,2012,2013,split_year,29,27,10,1,1,Bayern Munich,Bundesliga,domestic_league,False,True
franck-ribery,Franck Ribéry,1983-04-07,France,wing half,WNG,WIDE,retired,2013–14,2013,2014,split_year,30,22,10,1,1,Bayern Munich,Bundesliga,domestic_league,False,True
franck-ribery,Franck Ribéry,1983-04-07,France,wing half,WNG,WIDE,retired,2014–15,2014,2015,split_year,31,15,5,1,1,Bayern Munich,Bundesliga,domestic_league,False,True
franck-ribery,Franck Ribéry,1983-04-07,France,wing half,WNG,WIDE,retired,2015–16,2015,2016,split_year,32,13,2,1,1,Bayern Munich,Bundesliga,domestic_league,False,True
franck-ribery,Franck Ribéry,1983-04-07,France,wing half,WNG,WIDE,retired,2016–17,2016,2017,split_year,33,22,5,1,1,Bayern Munich,Bundesliga,domestic_league,False,True
franck-ribery,Franck Ribéry,1983-04-07,France,wing half,WNG,WIDE,retired,2017–18,2017,2018,split_year,34,20,5,1,1,Bayern Munich,Bundesliga,domestic_league,False,True
franck-ribery,Franck Ribéry,1983-04-07,France,wing half,WNG,WIDE,retired,2018–19,2018,2019,split_year,35,25,6,1,1,Bayern Munich,Bundesliga,domestic_league,False,True
franck-ribery,Franck Ribéry,1983-04-07,France,wing half,WNG,WIDE,retired,2019–20,2019,2020,split_year,36,21,3,1,1,Fiorentina,Serie A,domestic_league,False,True
franck-ribery,Franck Ribéry,1983-04-07,France,wing half,WNG,WIDE,retired,2020–21,2020,2021,split_year,37,29,2,1,1,Fiorentina,Serie A,domestic_league,False,True
franck-ribery,Franck Ribéry,1983-04-07,France,wing half,WNG,WIDE,retired,2021–22,2021,2022,split_year,38,23,0,1,1,Salernitana,Serie A,domestic_league,False,True
franck-ribery,Franck Ribéry,1983-04-07,France,wing half,WNG,WIDE,retired,2022–23,2022,2023,split_year,39,1,0,1,1,Salernitana,Serie A,domestic_league,False,True
frank-lampard,Frank Lampard,1978-06-20,United Kingdom,midfielder,CM,MID,retired,1995–96,1995,1996,split_year,17,11,1,2,2,Swansea City (loan); West Ham United,Second Division; Premier League,domestic_league,False,True
frank-lampard,Frank Lampard,1978-06-20,United Kingdom,midfielder,CM,MID,retired,1996–97,1996,1997,split_year,18,13,0,1,1,West Ham United,Premier League,domestic_league,False,True
frank-lampard,Frank Lampard,1978-06-20,United Kingdom,midfielder,CM,MID,retired,1997–98,1997,1998,split_year,19,31,5,1,1,West Ham United,Premier League,domestic_league,False,True
frank-lampard,Frank Lampard,1978-06-20,United Kingdom,midfielder,CM,MID,retired,1998–99,1998,1999,split_year,20,38,5,1,1,West Ham United,Premier League,domestic_league,False,True
frank-lampard,Frank Lampard,1978-06-20,United Kingdom,midfielder,CM,MID,retired,1999–2000,1999,2000,split_year,21,34,7,1,1,West Ham United,Premier League,domestic_league,False,True
frank-lampard,Frank Lampard,1978-06-20,United Kingdom,midfielder,CM,MID,retired,2000–01,2000,2001,split_year,22,30,7,1,1,West Ham United,Premier League,domestic_league,False,True
frank-lampard,Frank Lampard,1978-06-20,United Kingdom,midfielder,CM,MID,retired,2001–02,2001,2002,split_year,23,37,5,1,1,Chelsea,Premier League,domestic_league,False,True
frank-lampard,Frank Lampard,1978-06-20,United Kingdom,midfielder,CM,MID,retired,2002–03,2002,2003,split_year,24,38,6,1,1,Chelsea,Premier League,domestic_league,False,True
frank-lampard,Frank Lampard,1978-06-20,United Kingdom,midfielder,CM,MID,retired,2003–04,2003,2004,split_year,25,38,10,1,1,Chelsea,Premier League,domestic_league,False,True
frank-lampard,Frank Lampard,1978-06-20,United Kingdom,midfielder,CM,MID,retired,2004–05,2004,2005,split_year,26,38,13,1,1,Chelsea,Premier League,domestic_league,False,True
frank-lampard,Frank Lampard,1978-06-20,United Kingdom,midfielder,CM,MID,retired,2005–06,2005,2006,split_year,27,35,16,1,1,Chelsea,Premier League,domestic_league,False,True
frank-lampard,Frank Lampard,1978-06-20,United Kingdom,midfielder,CM,MID,retired,2006–07,2006,2007,split_year,28,37,11,1,1,Chelsea,Premier League,domestic_league,False,True
frank-lampard,Frank Lampard,1978-06-20,United Kingdom,midfielder,CM,MID,retired,2007–08,2007,2008,split_year,29,24,10,1,1,Chelsea,Premier League,domestic_league,False,True
frank-lampard,Frank Lampard,1978-06-20,United Kingdom,midfielder,CM,MID,retired,2008–09,2008,2009,split_year,30,37,12,1,1,Chelsea,Premier League,domestic_league,False,True
frank-lampard,Frank Lampard,1978-06-20,United Kingdom,midfielder,CM,MID,retired,2009–10,2009,2010,split_year,31,36,22,1,1,Chelsea,Premier League,domestic_league,False,True
frank-lampard,Frank Lampard,1978-06-20,United Kingdom,midfielder,CM,MID,retired,2010–11,2010,2011,split_year,32,24,10,1,1,Chelsea,Premier League,domestic_league,False,True
frank-lampard,Frank Lampard,1978-06-20,United Kingdom,midfielder,CM,MID,retired,2011–12,2011,2012,split_year,33,30,11,1,1,Chelsea,Premier League,domestic_league,False,True
frank-lampard,Frank Lampard,1978-06-20,United Kingdom,midfielder,CM,MID,retired,2012–13,2012,2013,split_year,34,29,15,1,1,Chelsea,Premier League,domestic_league,False,True
frank-lampard,Frank Lampard,1978-06-20,United Kingdom,midfielder,CM,MID,retired,2013–14,2013,2014,split_year,35,26,6,1,1,Chelsea,Premier League,domestic_league,False,True
frank-lampard,Frank Lampard,1978-06-20,United Kingdom,midfielder,CM,MID,retired,2014–15,2014,2015,split_year,36,32,6,1,1,Manchester City,Premier League,domestic_league,False,True
frank-lampard,Frank Lampard,1978-06-20,United Kingdom,midfielder,CM,MID,retired,2015,2015,2015,calendar_year,37,10,3,1,1,New York City FC,Major League Soccer,domestic_league,False,True
frank-lampard,Frank Lampard,1978-06-20,United Kingdom,midfielder,CM,MID,retired,2016,2016,2016,calendar_year,38,19,12,1,1,New York City FC,Major League Soccer,domestic_league,False,True
frenkie-de-jong,Frenkie de Jong,1997-05-12,Kingdom of the Netherlands,midfielder,CM,MID,active,2016–17,2016,2017,split_year,19,4,1,1,1,Ajax,Eredivisie,domestic_league,False,True
frenkie-de-jong,Frenkie de Jong,1997-05-12,Kingdom of the Netherlands,midfielder,CM,MID,active,2017–18,2017,2018,split_year,20,22,0,1,1,Ajax,Eredivisie,domestic_league,False,True
frenkie-de-jong,Frenkie de Jong,1997-05-12,Kingdom of the Netherlands,midfielder,CM,MID,active,2018–19,2018,2019,split_year,21,31,3,1,1,Ajax,Eredivisie,domestic_league,False,True
frenkie-de-jong,Frenkie de Jong,1997-05-12,Kingdom of the Netherlands,midfielder,CM,MID,active,2019–20,2019,2020,split_year,22,29,2,1,1,Barcelona,La Liga,domestic_league,False,True
frenkie-de-jong,Frenkie de Jong,1997-05-12,Kingdom of the Netherlands,midfielder,CM,MID,active,2020–21,2020,2021,split_year,23,37,3,1,1,Barcelona,La Liga,domestic_league,False,True
frenkie-de-jong,Frenkie de Jong,1997-05-12,Kingdom of the Netherlands,midfielder,CM,MID,active,2021–22,2021,2022,split_year,24,32,3,1,1,Barcelona,La Liga,domestic_league,False,True
frenkie-de-jong,Frenkie de Jong,1997-05-12,Kingdom of the Netherlands,midfielder,CM,MID,active,2022–23,2022,2023,split_year,25,33,2,1,1,Barcelona,La Liga,domestic_league,False,True
frenkie-de-jong,Frenkie de Jong,1997-05-12,Kingdom of the Netherlands,midfielder,CM,MID,active,2023–24,2023,2024,split_year,26,20,2,1,1,Barcelona,La Liga,domestic_league,False,True
frenkie-de-jong,Frenkie de Jong,1997-05-12,Kingdom of the Netherlands,midfielder,CM,MID,active,2024–25,2024,2025,split_year,27,26,2,1,1,Barcelona,La Liga,domestic_league,False,True
frenkie-de-jong,Frenkie de Jong,1997-05-12,Kingdom of the Netherlands,midfielder,CM,MID,active,2025–26,2025,2026,split_year,28,25,1,1,1,Barcelona,La Liga,domestic_league,False,True
gabriel-magalhaes,Gabriel Magalhães,1997-12-19,Brazil,defender,CB,DEF,active,2016,2016,2016,calendar_year,19,21,1,1,1,Avaí,Série B,domestic_league,False,True
gabriel-magalhaes,Gabriel Magalhães,1997-12-19,Brazil,defender,CB,DEF,active,2016–17,2016,2017,split_year,19,1,0,1,1,Lille,Ligue 1,domestic_league,False,True
gabriel-magalhaes,Gabriel Magalhães,1997-12-19,Brazil,defender,CB,DEF,active,2017–18,2017,2018,split_year,20,2,0,2,2,Dinamo Zagreb (loan); Troyes (loan),Prva HNL; Ligue 1,domestic_league,False,True
gabriel-magalhaes,Gabriel Magalhães,1997-12-19,Brazil,defender,CB,DEF,active,2018–19,2018,2019,split_year,21,14,1,1,1,Lille,Ligue 1,domestic_league,False,True
gabriel-magalhaes,Gabriel Magalhães,1997-12-19,Brazil,defender,CB,DEF,active,2019–20,2019,2020,split_year,22,24,1,1,1,Lille,Ligue 1,domestic_league,False,True
gabriel-magalhaes,Gabriel Magalhães,1997-12-19,Brazil,defender,CB,DEF,active,2020–21,2020,2021,split_year,23,23,2,1,1,Arsenal,Premier League,domestic_league,False,True
gabriel-magalhaes,Gabriel Magalhães,1997-12-19,Brazil,defender,CB,DEF,active,2021–22,2021,2022,split_year,24,35,5,1,1,Arsenal,Premier League,domestic_league,False,True
gabriel-magalhaes,Gabriel Magalhães,1997-12-19,Brazil,defender,CB,DEF,active,2022–23,2022,2023,split_year,25,38,3,1,1,Arsenal,Premier League,domestic_league,False,True
gabriel-magalhaes,Gabriel Magalhães,1997-12-19,Brazil,defender,CB,DEF,active,2023–24,2023,2024,split_year,26,36,4,1,1,Arsenal,Premier League,domestic_league,False,True
gabriel-magalhaes,Gabriel Magalhães,1997-12-19,Brazil,defender,CB,DEF,active,2024–25,2024,2025,split_year,27,28,3,1,1,Arsenal,Premier League,domestic_league,False,True
gabriel-magalhaes,Gabriel Magalhães,1997-12-19,Brazil,defender,CB,DEF,active,2025–26,2025,2026,split_year,28,32,3,1,1,Arsenal,Premier League,domestic_league,False,True
gareth-bale,Gareth Bale,1989-07-16,United Kingdom,wing half,WNG,WIDE,retired,2005–06,2005,2006,split_year,16,2,0,1,1,Southampton,Championship,domestic_league,False,True
gareth-bale,Gareth Bale,1989-07-16,United Kingdom,wing half,WNG,WIDE,retired,2006–07,2006,2007,split_year,17,38,5,1,1,Southampton,Championship,domestic_league,False,True
gareth-bale,Gareth Bale,1989-07-16,United Kingdom,wing half,WNG,WIDE,retired,2007–08,2007,2008,split_year,18,8,2,1,1,Tottenham Hotspur,Premier League,domestic_league,False,True
gareth-bale,Gareth Bale,1989-07-16,United Kingdom,wing half,WNG,WIDE,retired,2008–09,2008,2009,split_year,19,16,0,1,1,Tottenham Hotspur,Premier League,domestic_league,False,True
gareth-bale,Gareth Bale,1989-07-16,United Kingdom,wing half,WNG,WIDE,retired,2009–10,2009,2010,split_year,20,23,3,1,1,Tottenham Hotspur,Premier League,domestic_league,False,True
gareth-bale,Gareth Bale,1989-07-16,United Kingdom,wing half,WNG,WIDE,retired,2010–11,2010,2011,split_year,21,30,7,1,1,Tottenham Hotspur,Premier League,domestic_league,False,True
gareth-bale,Gareth Bale,1989-07-16,United Kingdom,wing half,WNG,WIDE,retired,2011–12,2011,2012,split_year,22,36,9,1,1,Tottenham Hotspur,Premier League,domestic_league,False,True
gareth-bale,Gareth Bale,1989-07-16,United Kingdom,wing half,WNG,WIDE,retired,2012–13,2012,2013,split_year,23,33,21,1,1,Tottenham Hotspur,Premier League,domestic_league,False,True
gareth-bale,Gareth Bale,1989-07-16,United Kingdom,wing half,WNG,WIDE,retired,2013–14,2013,2014,split_year,24,27,15,1,1,Real Madrid,La Liga,domestic_league,False,True
gareth-bale,Gareth Bale,1989-07-16,United Kingdom,wing half,WNG,WIDE,retired,2014–15,2014,2015,split_year,25,31,13,1,1,Real Madrid,La Liga,domestic_league,False,True
gareth-bale,Gareth Bale,1989-07-16,United Kingdom,wing half,WNG,WIDE,retired,2015–16,2015,2016,split_year,26,23,19,1,1,Real Madrid,La Liga,domestic_league,False,True
gareth-bale,Gareth Bale,1989-07-16,United Kingdom,wing half,WNG,WIDE,retired,2016–17,2016,2017,split_year,27,19,7,1,1,Real Madrid,La Liga,domestic_league,False,True
gareth-bale,Gareth Bale,1989-07-16,United Kingdom,wing half,WNG,WIDE,retired,2017–18,2017,2018,split_year,28,26,16,1,1,Real Madrid,La Liga,domestic_league,False,True
gareth-bale,Gareth Bale,1989-07-16,United Kingdom,wing half,WNG,WIDE,retired,2018–19,2018,2019,split_year,29,29,8,1,1,Real Madrid,La Liga,domestic_league,False,True
gareth-bale,Gareth Bale,1989-07-16,United Kingdom,wing half,WNG,WIDE,retired,2019–20,2019,2020,split_year,30,16,2,1,1,Real Madrid,La Liga,domestic_league,False,True
gareth-bale,Gareth Bale,1989-07-16,United Kingdom,wing half,WNG,WIDE,retired,2020–21,2020,2021,split_year,31,20,11,1,1,Tottenham Hotspur (loan),Premier League,domestic_league,False,True
gareth-bale,Gareth Bale,1989-07-16,United Kingdom,wing half,WNG,WIDE,retired,2021–22,2021,2022,split_year,32,5,1,1,1,Real Madrid,La Liga,domestic_league,False,True
gareth-bale,Gareth Bale,1989-07-16,United Kingdom,wing half,WNG,WIDE,retired,2022,2022,2022,calendar_year,33,12,2,1,1,Los Angeles FC,MLS,domestic_league,False,True
gavi-footballer,Gavi (footballer),2004-08-05,Spain,midfielder,CM,MID,active,2021–22,2021,2022,split_year,17,34,2,1,1,Barcelona,La Liga,domestic_league,False,True
gavi-footballer,Gavi (footballer),2004-08-05,Spain,midfielder,CM,MID,active,2022–23,2022,2023,split_year,18,36,2,1,1,Barcelona,La Liga,domestic_league,False,True
gavi-footballer,Gavi (footballer),2004-08-05,Spain,midfielder,CM,MID,active,2023–24,2023,2024,split_year,19,12,1,1,1,Barcelona,La Liga,domestic_league,False,True
gavi-footballer,Gavi (footballer),2004-08-05,Spain,midfielder,CM,MID,active,2024–25,2024,2025,split_year,20,26,1,1,1,Barcelona,La Liga,domestic_league,False,True
gavi-footballer,Gavi (footballer),2004-08-05,Spain,midfielder,CM,MID,active,2025–26,2025,2026,split_year,21,11,0,1,1,Barcelona,La Liga,domestic_league,False,True
gennaro-gattuso,Gennaro Gattuso,1978-01-09,Italy,midfielder,DM,MID,retired,1995–96,1995,1996,split_year,17,2,0,1,1,Perugia,Serie B,domestic_league,False,True
gennaro-gattuso,Gennaro Gattuso,1978-01-09,Italy,midfielder,DM,MID,retired,1996–97,1996,1997,split_year,18,8,0,1,1,Perugia,Serie A,domestic_league,False,True
gennaro-gattuso,Gennaro Gattuso,1978-01-09,Italy,midfielder,DM,MID,retired,1997–98,1997,1998,split_year,19,29,3,1,1,Rangers,Scottish Premier Division,domestic_league,False,True
gennaro-gattuso,Gennaro Gattuso,1978-01-09,Italy,midfielder,DM,MID,retired,1998–99,1998,1999,split_year,20,30,0,2,2,Rangers; Salernitana,Scottish Premier League; Serie A,domestic_league,False,True
gennaro-gattuso,Gennaro Gattuso,1978-01-09,Italy,midfielder,DM,MID,retired,1999–2000,1999,2000,split_year,21,22,1,1,1,AC Milan,Serie A,domestic_league,False,True
gennaro-gattuso,Gennaro Gattuso,1978-01-09,Italy,midfielder,DM,MID,retired,2000–01,2000,2001,split_year,22,24,0,1,1,AC Milan,Serie A,domestic_league,False,True
gennaro-gattuso,Gennaro Gattuso,1978-01-09,Italy,midfielder,DM,MID,retired,2001–02,2001,2002,split_year,23,32,0,1,1,AC Milan,Serie A,domestic_league,False,True
gennaro-gattuso,Gennaro Gattuso,1978-01-09,Italy,midfielder,DM,MID,retired,2002–03,2002,2003,split_year,24,25,0,1,1,AC Milan,Serie A,domestic_league,False,True
gennaro-gattuso,Gennaro Gattuso,1978-01-09,Italy,midfielder,DM,MID,retired,2003–04,2003,2004,split_year,25,33,1,1,1,AC Milan,Serie A,domestic_league,False,True
gennaro-gattuso,Gennaro Gattuso,1978-01-09,Italy,midfielder,DM,MID,retired,2004–05,2004,2005,split_year,26,32,0,1,1,AC Milan,Serie A,domestic_league,False,True
gennaro-gattuso,Gennaro Gattuso,1978-01-09,Italy,midfielder,DM,MID,retired,2005–06,2005,2006,split_year,27,35,3,1,1,AC Milan,Serie A,domestic_league,False,True
gennaro-gattuso,Gennaro Gattuso,1978-01-09,Italy,midfielder,DM,MID,retired,2006–07,2006,2007,split_year,28,30,1,1,1,AC Milan,Serie A,domestic_league,False,True
gennaro-gattuso,Gennaro Gattuso,1978-01-09,Italy,midfielder,DM,MID,retired,2007–08,2007,2008,split_year,29,31,1,1,1,AC Milan,Serie A,domestic_league,False,True
gennaro-gattuso,Gennaro Gattuso,1978-01-09,Italy,midfielder,DM,MID,retired,2008–09,2008,2009,split_year,30,12,0,1,1,AC Milan,Serie A,domestic_league,False,True
gennaro-gattuso,Gennaro Gattuso,1978-01-09,Italy,midfielder,DM,MID,retired,2009–10,2009,2010,split_year,31,22,0,1,1,AC Milan,Serie A,domestic_league,False,True
gennaro-gattuso,Gennaro Gattuso,1978-01-09,Italy,midfielder,DM,MID,retired,2010–11,2010,2011,split_year,32,31,2,1,1,AC Milan,Serie A,domestic_league,False,True
gennaro-gattuso,Gennaro Gattuso,1978-01-09,Italy,midfielder,DM,MID,retired,2011–12,2011,2012,split_year,33,6,0,1,1,AC Milan,Serie A,domestic_league,False,True
gennaro-gattuso,Gennaro Gattuso,1978-01-09,Italy,midfielder,DM,MID,retired,2012–13,2012,2013,split_year,34,27,1,1,1,Sion,Swiss Super League,domestic_league,False,True
gerard-pique,Gerard Piqué,1987-02-02,Spain,defender,CB,DEF,retired,2004–05,2004,2005,split_year,17,0,0,1,1,Manchester United,Premier League,domestic_league,False,True
gerard-pique,Gerard Piqué,1987-02-02,Spain,defender,CB,DEF,retired,2005–06,2005,2006,split_year,18,3,0,1,1,Manchester United,Premier League,domestic_league,False,True
gerard-pique,Gerard Piqué,1987-02-02,Spain,defender,CB,DEF,retired,2006–07,2006,2007,split_year,19,22,2,2,2,Manchester United; Real Zaragoza (loan),Premier League; La Liga,domestic_league,False,True
gerard-pique,Gerard Piqué,1987-02-02,Spain,defender,CB,DEF,retired,2007–08,2007,2008,split_year,20,9,0,1,1,Manchester United,Premier League,domestic_league,False,True
gerard-pique,Gerard Piqué,1987-02-02,Spain,defender,CB,DEF,retired,2008–09,2008,2009,split_year,21,25,1,1,1,Barcelona,La Liga,domestic_league,False,True
gerard-pique,Gerard Piqué,1987-02-02,Spain,defender,CB,DEF,retired,2009–10,2009,2010,split_year,22,32,2,1,1,Barcelona,La Liga,domestic_league,False,True
gerard-pique,Gerard Piqué,1987-02-02,Spain,defender,CB,DEF,retired,2010–11,2010,2011,split_year,23,31,3,1,1,Barcelona,La Liga,domestic_league,False,True
gerard-pique,Gerard Piqué,1987-02-02,Spain,defender,CB,DEF,retired,2011–12,2011,2012,split_year,24,22,2,1,1,Barcelona,La Liga,domestic_league,False,True
gerard-pique,Gerard Piqué,1987-02-02,Spain,defender,CB,DEF,retired,2012–13,2012,2013,split_year,25,28,2,1,1,Barcelona,La Liga,domestic_league,False,True
gerard-pique,Gerard Piqué,1987-02-02,Spain,defender,CB,DEF,retired,2013–14,2013,2014,split_year,26,26,2,1,1,Barcelona,La Liga,domestic_league,False,True
gerard-pique,Gerard Piqué,1987-02-02,Spain,defender,CB,DEF,retired,2014–15,2014,2015,split_year,27,27,5,1,1,Barcelona,La Liga,domestic_league,False,True
gerard-pique,Gerard Piqué,1987-02-02,Spain,defender,CB,DEF,retired,2015–16,2015,2016,split_year,28,30,2,1,1,Barcelona,La Liga,domestic_league,False,True
gerard-pique,Gerard Piqué,1987-02-02,Spain,defender,CB,DEF,retired,2016–17,2016,2017,split_year,29,25,2,1,1,Barcelona,La Liga,domestic_league,False,True
gerard-pique,Gerard Piqué,1987-02-02,Spain,defender,CB,DEF,retired,2017–18,2017,2018,split_year,30,30,2,1,1,Barcelona,La Liga,domestic_league,False,True
gerard-pique,Gerard Piqué,1987-02-02,Spain,defender,CB,DEF,retired,2018–19,2018,2019,split_year,31,35,4,1,1,Barcelona,La Liga,domestic_league,False,True
gerard-pique,Gerard Piqué,1987-02-02,Spain,defender,CB,DEF,retired,2019–20,2019,2020,split_year,32,35,1,1,1,Barcelona,La Liga,domestic_league,False,True
gerard-pique,Gerard Piqué,1987-02-02,Spain,defender,CB,DEF,retired,2020–21,2020,2021,split_year,33,18,0,1,1,Barcelona,La Liga,domestic_league,False,True
gerard-pique,Gerard Piqué,1987-02-02,Spain,defender,CB,DEF,retired,2021–22,2021,2022,split_year,34,27,1,1,1,Barcelona,La Liga,domestic_league,False,True
gerard-pique,Gerard Piqué,1987-02-02,Spain,defender,CB,DEF,retired,2022–23,2022,2023,split_year,35,6,0,1,1,Barcelona,La Liga,domestic_league,False,True
gilberto-silva,Gilberto Silva,1976-10-07,Brazil,midfielder,DM,MID,retired,1997,1997,1997,calendar_year,21,8,0,1,1,América Mineiro,Série B,domestic_league,False,True
gilberto-silva,Gilberto Silva,1976-10-07,Brazil,midfielder,DM,MID,retired,1998,1998,1998,calendar_year,22,20,1,1,1,América Mineiro,Série A,domestic_league,False,True
gilberto-silva,Gilberto Silva,1976-10-07,Brazil,midfielder,DM,MID,retired,2000,2000,2000,calendar_year,24,3,0,1,1,Atlético Mineiro,Série A,domestic_league,False,True
gilberto-silva,Gilberto Silva,1976-10-07,Brazil,midfielder,DM,MID,retired,2001,2001,2001,calendar_year,25,26,3,1,1,Atlético Mineiro,Série A,domestic_league,False,True
gilberto-silva,Gilberto Silva,1976-10-07,Brazil,midfielder,DM,MID,retired,2002,2002,2002,calendar_year,26,0,0,1,1,Atlético Mineiro,Série A,domestic_league,False,True
gilberto-silva,Gilberto Silva,1976-10-07,Brazil,midfielder,DM,MID,retired,2002–03,2002,2003,split_year,26,35,0,1,1,Arsenal,Premier League,domestic_league,False,True
gilberto-silva,Gilberto Silva,1976-10-07,Brazil,midfielder,DM,MID,retired,2003–04,2003,2004,split_year,27,32,4,1,1,Arsenal,Premier League,domestic_league,False,True
gilberto-silva,Gilberto Silva,1976-10-07,Brazil,midfielder,DM,MID,retired,2004–05,2004,2005,split_year,28,13,0,1,1,Arsenal,Premier League,domestic_league,False,True
gilberto-silva,Gilberto Silva,1976-10-07,Brazil,midfielder,DM,MID,retired,2005–06,2005,2006,split_year,29,33,2,1,1,Arsenal,Premier League,domestic_league,False,True
gilberto-silva,Gilberto Silva,1976-10-07,Brazil,midfielder,DM,MID,retired,2006–07,2006,2007,split_year,30,34,10,1,1,Arsenal,Premier League,domestic_league,False,True
gilberto-silva,Gilberto Silva,1976-10-07,Brazil,midfielder,DM,MID,retired,2007–08,2007,2008,split_year,31,23,1,1,1,Arsenal,Premier League,domestic_league,False,True
gilberto-silva,Gilberto Silva,1976-10-07,Brazil,midfielder,DM,MID,retired,2008–09,2008,2009,split_year,32,29,3,1,1,Panathinaikos,Super League Greece,domestic_league,False,True
gilberto-silva,Gilberto Silva,1976-10-07,Brazil,midfielder,DM,MID,retired,2009–10,2009,2010,split_year,33,24,0,1,1,Panathinaikos,Super League Greece,domestic_league,False,True
gilberto-silva,Gilberto Silva,1976-10-07,Brazil,midfielder,DM,MID,retired,2010–11,2010,2011,split_year,34,30,2,1,1,Panathinaikos,Super League Greece,domestic_league,False,True
gilberto-silva,Gilberto Silva,1976-10-07,Brazil,midfielder,DM,MID,retired,2011,2011,2011,calendar_year,35,21,1,1,1,Grêmio,Série A,domestic_league,False,True
gilberto-silva,Gilberto Silva,1976-10-07,Brazil,midfielder,DM,MID,retired,2012,2012,2012,calendar_year,36,26,0,1,1,Grêmio,Série A,domestic_league,False,True
gilberto-silva,Gilberto Silva,1976-10-07,Brazil,midfielder,DM,MID,retired,2013,2013,2013,calendar_year,37,9,0,1,1,Atlético Mineiro,Série A,domestic_league,False,True
giorgio-chiellini,Giorgio Chiellini,1984-08-14,Italy,centre-back,CB,DEF,retired,2002–03,2002,2003,split_year,18,6,0,1,1,Livorno (loan),Serie B,domestic_league,False,True
giorgio-chiellini,Giorgio Chiellini,1984-08-14,Italy,centre-back,CB,DEF,retired,2003–04,2003,2004,split_year,19,41,4,1,1,Livorno (loan),Serie B,domestic_league,False,True
giorgio-chiellini,Giorgio Chiellini,1984-08-14,Italy,centre-back,CB,DEF,retired,2004–05,2004,2005,split_year,20,37,3,1,1,Fiorentina (loan),Serie A,domestic_league,False,True
giorgio-chiellini,Giorgio Chiellini,1984-08-14,Italy,centre-back,CB,DEF,retired,2005–06,2005,2006,split_year,21,17,0,1,1,Juventus,Serie A,domestic_league,False,True
giorgio-chiellini,Giorgio Chiellini,1984-08-14,Italy,centre-back,CB,DEF,retired,2006–07,2006,2007,split_year,22,32,3,1,1,Juventus,Serie B,domestic_league,False,True
giorgio-chiellini,Giorgio Chiellini,1984-08-14,Italy,centre-back,CB,DEF,retired,2007–08,2007,2008,split_year,23,30,3,1,1,Juventus,Serie A,domestic_league,False,True
giorgio-chiellini,Giorgio Chiellini,1984-08-14,Italy,centre-back,CB,DEF,retired,2008–09,2008,2009,split_year,24,27,4,1,1,Juventus,Serie A,domestic_league,False,True
giorgio-chiellini,Giorgio Chiellini,1984-08-14,Italy,centre-back,CB,DEF,retired,2009–10,2009,2010,split_year,25,32,4,1,1,Juventus,Serie A,domestic_league,False,True
giorgio-chiellini,Giorgio Chiellini,1984-08-14,Italy,centre-back,CB,DEF,retired,2010–11,2010,2011,split_year,26,32,2,1,1,Juventus,Serie A,domestic_league,False,True
giorgio-chiellini,Giorgio Chiellini,1984-08-14,Italy,centre-back,CB,DEF,retired,2011–12,2011,2012,split_year,27,34,2,1,1,Juventus,Serie A,domestic_league,False,True
giorgio-chiellini,Giorgio Chiellini,1984-08-14,Italy,centre-back,CB,DEF,retired,2012–13,2012,2013,split_year,28,24,1,1,1,Juventus,Serie A,domestic_league,False,True
giorgio-chiellini,Giorgio Chiellini,1984-08-14,Italy,centre-back,CB,DEF,retired,2013–14,2013,2014,split_year,29,31,3,1,1,Juventus,Serie A,domestic_league,False,True
giorgio-chiellini,Giorgio Chiellini,1984-08-14,Italy,centre-back,CB,DEF,retired,2014–15,2014,2015,split_year,30,28,0,1,1,Juventus,Serie A,domestic_league,False,True
giorgio-chiellini,Giorgio Chiellini,1984-08-14,Italy,centre-back,CB,DEF,retired,2015–16,2015,2016,split_year,31,24,1,1,1,Juventus,Serie A,domestic_league,False,True
giorgio-chiellini,Giorgio Chiellini,1984-08-14,Italy,centre-back,CB,DEF,retired,2016–17,2016,2017,split_year,32,21,2,1,1,Juventus,Serie A,domestic_league,False,True
giorgio-chiellini,Giorgio Chiellini,1984-08-14,Italy,centre-back,CB,DEF,retired,2017–18,2017,2018,split_year,33,26,0,1,1,Juventus,Serie A,domestic_league,False,True
giorgio-chiellini,Giorgio Chiellini,1984-08-14,Italy,centre-back,CB,DEF,retired,2018–19,2018,2019,split_year,34,25,1,1,1,Juventus,Serie A,domestic_league,False,True
giorgio-chiellini,Giorgio Chiellini,1984-08-14,Italy,centre-back,CB,DEF,retired,2019–20,2019,2020,split_year,35,4,1,1,1,Juventus,Serie A,domestic_league,False,True
giorgio-chiellini,Giorgio Chiellini,1984-08-14,Italy,centre-back,CB,DEF,retired,2020–21,2020,2021,split_year,36,17,0,1,1,Juventus,Serie A,domestic_league,False,True
giorgio-chiellini,Giorgio Chiellini,1984-08-14,Italy,centre-back,CB,DEF,retired,2021–22,2021,2022,split_year,37,21,0,1,1,Juventus,Serie A,domestic_league,False,True
giorgio-chiellini,Giorgio Chiellini,1984-08-14,Italy,centre-back,CB,DEF,retired,2022,2022,2022,calendar_year,38,11,0,1,1,Los Angeles FC,Major League Soccer,domestic_league,False,True
giorgio-chiellini,Giorgio Chiellini,1984-08-14,Italy,centre-back,CB,DEF,retired,2023,2023,2023,calendar_year,39,20,1,1,1,Los Angeles FC,Major League Soccer,domestic_league,False,True
gonzalo-higuain,Gonzalo Higuaín,1987-12-10,Argentina,forward,FW,FWD,retired,2004–05,2004,2005,split_year,17,4,0,1,1,River Plate,Argentine Primera División,domestic_league,False,True
gonzalo-higuain,Gonzalo Higuaín,1987-12-10,Argentina,forward,FW,FWD,retired,2005–06,2005,2006,split_year,18,14,5,1,1,River Plate,Argentine Primera División,domestic_league,False,True
gonzalo-higuain,Gonzalo Higuaín,1987-12-10,Argentina,forward,FW,FWD,retired,2006–07,2006,2007,split_year,19,36,10,2,2,Real Madrid; River Plate,La Liga; Argentine Primera División,domestic_league,False,True
gonzalo-higuain,Gonzalo Higuaín,1987-12-10,Argentina,forward,FW,FWD,retired,2007–08,2007,2008,split_year,20,25,8,1,1,Real Madrid,La Liga,domestic_league,False,True
gonzalo-higuain,Gonzalo Higuaín,1987-12-10,Argentina,forward,FW,FWD,retired,2008–09,2008,2009,split_year,21,34,22,1,1,Real Madrid,La Liga,domestic_league,False,True
gonzalo-higuain,Gonzalo Higuaín,1987-12-10,Argentina,forward,FW,FWD,retired,2009–10,2009,2010,split_year,22,32,27,1,1,Real Madrid,La Liga,domestic_league,False,True
gonzalo-higuain,Gonzalo Higuaín,1987-12-10,Argentina,forward,FW,FWD,retired,2010–11,2010,2011,split_year,23,17,10,1,1,Real Madrid,La Liga,domestic_league,False,True
gonzalo-higuain,Gonzalo Higuaín,1987-12-10,Argentina,forward,FW,FWD,retired,2011–12,2011,2012,split_year,24,35,22,1,1,Real Madrid,La Liga,domestic_league,False,True
gonzalo-higuain,Gonzalo Higuaín,1987-12-10,Argentina,forward,FW,FWD,retired,2012–13,2012,2013,split_year,25,28,16,1,1,Real Madrid,La Liga,domestic_league,False,True
gonzalo-higuain,Gonzalo Higuaín,1987-12-10,Argentina,forward,FW,FWD,retired,2013–14,2013,2014,split_year,26,32,17,1,1,Napoli,Serie A,domestic_league,False,True
gonzalo-higuain,Gonzalo Higuaín,1987-12-10,Argentina,forward,FW,FWD,retired,2014–15,2014,2015,split_year,27,37,18,1,1,Napoli,Serie A,domestic_league,False,True
gonzalo-higuain,Gonzalo Higuaín,1987-12-10,Argentina,forward,FW,FWD,retired,2015–16,2015,2016,split_year,28,35,36,1,1,Napoli,Serie A,domestic_league,False,True
gonzalo-higuain,Gonzalo Higuaín,1987-12-10,Argentina,forward,FW,FWD,retired,2016–17,2016,2017,split_year,29,38,24,1,1,Juventus,Serie A,domestic_league,False,True
gonzalo-higuain,Gonzalo Higuaín,1987-12-10,Argentina,forward,FW,FWD,retired,2017–18,2017,2018,split_year,30,35,16,1,1,Juventus,Serie A,domestic_league,False,True
gonzalo-higuain,Gonzalo Higuaín,1987-12-10,Argentina,forward,FW,FWD,retired,2018–19,2018,2019,split_year,31,29,11,2,2,AC Milan (loan); Chelsea (loan),Serie A; Premier League,domestic_league,False,True
gonzalo-higuain,Gonzalo Higuaín,1987-12-10,Argentina,forward,FW,FWD,retired,2019–20,2019,2020,split_year,32,32,8,1,1,Juventus,Serie A,domestic_league,False,True
gonzalo-higuain,Gonzalo Higuaín,1987-12-10,Argentina,forward,FW,FWD,retired,2020,2020,2020,calendar_year,33,9,1,1,1,Inter Miami,MLS,domestic_league,False,True
gonzalo-higuain,Gonzalo Higuaín,1987-12-10,Argentina,forward,FW,FWD,retired,2021,2021,2021,calendar_year,34,30,12,1,1,Inter Miami,MLS,domestic_league,False,True
gonzalo-higuain,Gonzalo Higuaín,1987-12-10,Argentina,forward,FW,FWD,retired,2022,2022,2022,calendar_year,35,28,16,1,1,Inter Miami,MLS,domestic_league,False,True
hakan-calhanoglu,Hakan Çalhanoğlu,1994-02-08,Germany,midfielder,CM,MID,active,2011–12,2011,2012,split_year,17,14,0,1,1,Karlsruher SC,2. Bundesliga,domestic_league,False,True
hakan-calhanoglu,Hakan Çalhanoğlu,1994-02-08,Germany,midfielder,CM,MID,active,2012–13,2012,2013,split_year,18,36,17,1,1,Karlsruher SC,3. Liga,domestic_league,False,True
hakan-calhanoglu,Hakan Çalhanoğlu,1994-02-08,Germany,midfielder,CM,MID,active,2013–14,2013,2014,split_year,19,32,11,1,1,Hamburger SV,Bundesliga,domestic_league,False,True
hakan-calhanoglu,Hakan Çalhanoğlu,1994-02-08,Germany,midfielder,CM,MID,active,2014–15,2014,2015,split_year,20,33,8,1,1,Bayer Leverkusen,Bundesliga,domestic_league,False,True
hakan-calhanoglu,Hakan Çalhanoğlu,1994-02-08,Germany,midfielder,CM,MID,active,2015–16,2015,2016,split_year,21,31,3,1,1,Bayer Leverkusen,Bundesliga,domestic_league,False,True
hakan-calhanoglu,Hakan Çalhanoğlu,1994-02-08,Germany,midfielder,CM,MID,active,2016–17,2016,2017,split_year,22,15,6,1,1,Bayer Leverkusen,Bundesliga,domestic_league,False,True
hakan-calhanoglu,Hakan Çalhanoğlu,1994-02-08,Germany,midfielder,CM,MID,active,2017–18,2017,2018,split_year,23,31,6,1,1,AC Milan,Serie A,domestic_league,False,True
hakan-calhanoglu,Hakan Çalhanoğlu,1994-02-08,Germany,midfielder,CM,MID,active,2018–19,2018,2019,split_year,24,36,3,1,1,AC Milan,Serie A,domestic_league,False,True
hakan-calhanoglu,Hakan Çalhanoğlu,1994-02-08,Germany,midfielder,CM,MID,active,2019–20,2019,2020,split_year,25,35,9,1,1,AC Milan,Serie A,domestic_league,False,True
hakan-calhanoglu,Hakan Çalhanoğlu,1994-02-08,Germany,midfielder,CM,MID,active,2020–21,2020,2021,split_year,26,33,4,1,1,AC Milan,Serie A,domestic_league,False,True
hakan-calhanoglu,Hakan Çalhanoğlu,1994-02-08,Germany,midfielder,CM,MID,active,2021–22,2021,2022,split_year,27,34,7,1,1,Inter Milan,Serie A,domestic_league,False,True
hakan-calhanoglu,Hakan Çalhanoğlu,1994-02-08,Germany,midfielder,CM,MID,active,2022–23,2022,2023,split_year,28,33,3,1,1,Inter Milan,Serie A,domestic_league,False,True
hakan-calhanoglu,Hakan Çalhanoğlu,1994-02-08,Germany,midfielder,CM,MID,active,2023–24,2023,2024,split_year,29,32,13,1,1,Inter Milan,Serie A,domestic_league,False,True
hakan-calhanoglu,Hakan Çalhanoğlu,1994-02-08,Germany,midfielder,CM,MID,active,2024–25,2024,2025,split_year,30,29,5,1,1,Inter Milan,Serie A,domestic_league,False,True
hakan-calhanoglu,Hakan Çalhanoğlu,1994-02-08,Germany,midfielder,CM,MID,active,2025–26,2025,2026,split_year,31,22,9,1,1,Inter Milan,Serie A,domestic_league,False,True
harry-kane,Harry Kane,1993-07-28,United Kingdom,forward,FW,FWD,active,2010–11,2010,2011,split_year,17,18,5,2,2,Leyton Orient (loan); Tottenham Hotspur,League One; Premier League,domestic_league,False,True
harry-kane,Harry Kane,1993-07-28,United Kingdom,forward,FW,FWD,active,2011–12,2011,2012,split_year,18,22,7,2,2,Millwall (loan); Tottenham Hotspur,Championship; Premier League,domestic_league,False,True
harry-kane,Harry Kane,1993-07-28,United Kingdom,forward,FW,FWD,active,2012–13,2012,2013,split_year,19,17,2,3,2,Leicester City (loan); Norwich City (loan); Tottenham Hotspur,Championship; Premier League,domestic_league,False,True
harry-kane,Harry Kane,1993-07-28,United Kingdom,forward,FW,FWD,active,2013–14,2013,2014,split_year,20,10,3,1,1,Tottenham Hotspur,Premier League,domestic_league,False,True
harry-kane,Harry Kane,1993-07-28,United Kingdom,forward,FW,FWD,active,2014–15,2014,2015,split_year,21,34,21,1,1,Tottenham Hotspur,Premier League,domestic_league,False,True
harry-kane,Harry Kane,1993-07-28,United Kingdom,forward,FW,FWD,active,2015–16,2015,2016,split_year,22,38,25,1,1,Tottenham Hotspur,Premier League,domestic_league,False,True
harry-kane,Harry Kane,1993-07-28,United Kingdom,forward,FW,FWD,active,2016–17,2016,2017,split_year,23,30,29,1,1,Tottenham Hotspur,Premier League,domestic_league,False,True
harry-kane,Harry Kane,1993-07-28,United Kingdom,forward,FW,FWD,active,2017–18,2017,2018,split_year,24,37,30,1,1,Tottenham Hotspur,Premier League,domestic_league,False,True
harry-kane,Harry Kane,1993-07-28,United Kingdom,forward,FW,FWD,active,2018–19,2018,2019,split_year,25,28,17,1,1,Tottenham Hotspur,Premier League,domestic_league,False,True
harry-kane,Harry Kane,1993-07-28,United Kingdom,forward,FW,FWD,active,2019–20,2019,2020,split_year,26,29,18,1,1,Tottenham Hotspur,Premier League,domestic_league,False,True
harry-kane,Harry Kane,1993-07-28,United Kingdom,forward,FW,FWD,active,2020–21,2020,2021,split_year,27,35,23,1,1,Tottenham Hotspur,Premier League,domestic_league,False,True
harry-kane,Harry Kane,1993-07-28,United Kingdom,forward,FW,FWD,active,2021–22,2021,2022,split_year,28,37,17,1,1,Tottenham Hotspur,Premier League,domestic_league,False,True
harry-kane,Harry Kane,1993-07-28,United Kingdom,forward,FW,FWD,active,2022–23,2022,2023,split_year,29,38,30,1,1,Tottenham Hotspur,Premier League,domestic_league,False,True
harry-kane,Harry Kane,1993-07-28,United Kingdom,forward,FW,FWD,active,2023–24,2023,2024,split_year,30,32,36,1,1,Bayern Munich,Bundesliga,domestic_league,False,True
harry-kane,Harry Kane,1993-07-28,United Kingdom,forward,FW,FWD,active,2024–25,2024,2025,split_year,31,31,26,1,1,Bayern Munich,Bundesliga,domestic_league,False,True
harry-kane,Harry Kane,1993-07-28,United Kingdom,forward,FW,FWD,active,2025–26,2025,2026,split_year,32,31,36,1,1,Bayern Munich,Bundesliga,domestic_league,False,True
ilkay-gundogan,İlkay Gündoğan,1990-10-24,Germany,midfielder,CM,MID,active,2008–09,2008,2009,split_year,18,1,0,1,1,1. FC Nürnberg,2. Bundesliga,domestic_league,False,True
ilkay-gundogan,İlkay Gündoğan,1990-10-24,Germany,midfielder,CM,MID,active,2009–10,2009,2010,split_year,19,22,1,1,1,1. FC Nürnberg,Bundesliga,domestic_league,False,True
ilkay-gundogan,İlkay Gündoğan,1990-10-24,Germany,midfielder,CM,MID,active,2010–11,2010,2011,split_year,20,25,5,1,1,1. FC Nürnberg,Bundesliga,domestic_league,False,True
ilkay-gundogan,İlkay Gündoğan,1990-10-24,Germany,midfielder,CM,MID,active,2011–12,2011,2012,split_year,21,28,3,1,1,Borussia Dortmund,Bundesliga,domestic_league,False,True
ilkay-gundogan,İlkay Gündoğan,1990-10-24,Germany,midfielder,CM,MID,active,2012–13,2012,2013,split_year,22,28,3,1,1,Borussia Dortmund,Bundesliga,domestic_league,False,True
ilkay-gundogan,İlkay Gündoğan,1990-10-24,Germany,midfielder,CM,MID,active,2013–14,2013,2014,split_year,23,1,0,1,1,Borussia Dortmund,Bundesliga,domestic_league,False,True
ilkay-gundogan,İlkay Gündoğan,1990-10-24,Germany,midfielder,CM,MID,active,2014–15,2014,2015,split_year,24,23,3,1,1,Borussia Dortmund,Bundesliga,domestic_league,False,True
ilkay-gundogan,İlkay Gündoğan,1990-10-24,Germany,midfielder,CM,MID,active,2015–16,2015,2016,split_year,25,25,1,1,1,Borussia Dortmund,Bundesliga,domestic_league,False,True
ilkay-gundogan,İlkay Gündoğan,1990-10-24,Germany,midfielder,CM,MID,active,2016–17,2016,2017,split_year,26,10,3,1,1,Manchester City,Premier League,domestic_league,False,True
ilkay-gundogan,İlkay Gündoğan,1990-10-24,Germany,midfielder,CM,MID,active,2017–18,2017,2018,split_year,27,30,4,1,1,Manchester City,Premier League,domestic_league,False,True
ilkay-gundogan,İlkay Gündoğan,1990-10-24,Germany,midfielder,CM,MID,active,2018–19,2018,2019,split_year,28,31,6,1,1,Manchester City,Premier League,domestic_league,False,True
ilkay-gundogan,İlkay Gündoğan,1990-10-24,Germany,midfielder,CM,MID,active,2019–20,2019,2020,split_year,29,31,2,1,1,Manchester City,Premier League,domestic_league,False,True
ilkay-gundogan,İlkay Gündoğan,1990-10-24,Germany,midfielder,CM,MID,active,2020–21,2020,2021,split_year,30,28,13,1,1,Manchester City,Premier League,domestic_league,False,True
ilkay-gundogan,İlkay Gündoğan,1990-10-24,Germany,midfielder,CM,MID,active,2021–22,2021,2022,split_year,31,27,8,1,1,Manchester City,Premier League,domestic_league,False,True
ilkay-gundogan,İlkay Gündoğan,1990-10-24,Germany,midfielder,CM,MID,active,2022–23,2022,2023,split_year,32,31,8,1,1,Manchester City,Premier League,domestic_league,False,True
ilkay-gundogan,İlkay Gündoğan,1990-10-24,Germany,midfielder,CM,MID,active,2023–24,2023,2024,split_year,33,36,5,1,1,Barcelona,La Liga,domestic_league,False,True
ilkay-gundogan,İlkay Gündoğan,1990-10-24,Germany,midfielder,CM,MID,active,2024–25,2024,2025,split_year,34,33,1,1,1,Manchester City,Premier League,domestic_league,False,True
ilkay-gundogan,İlkay Gündoğan,1990-10-24,Germany,midfielder,CM,MID,active,2025–26,2025,2026,split_year,35,24,2,1,1,Galatasaray,Süper Lig,domestic_league,False,True
ivan-rakitic,Ivan Rakitić,1988-03-10,Switzerland,midfielder,CM,MID,active,2004–05,2004,2005,split_year,16,0,0,1,1,Nordstern Basel,2. Liga Interregional,domestic_league,False,True
ivan-rakitic,Ivan Rakitić,1988-03-10,Switzerland,midfielder,CM,MID,active,2005–06,2005,2006,split_year,17,1,0,1,1,Basel,Swiss Super League,domestic_league,False,True
ivan-rakitic,Ivan Rakitić,1988-03-10,Switzerland,midfielder,CM,MID,active,2006–07,2006,2007,split_year,18,33,11,1,1,Basel,Swiss Super League,domestic_league,False,True
ivan-rakitic,Ivan Rakitić,1988-03-10,Switzerland,midfielder,CM,MID,active,2007–08,2007,2008,split_year,19,29,3,1,1,Schalke 04,Bundesliga,domestic_league,False,True
ivan-rakitic,Ivan Rakitić,1988-03-10,Switzerland,midfielder,CM,MID,active,2008–09,2008,2009,split_year,20,23,1,1,1,Schalke 04,Bundesliga,domestic_league,False,True
ivan-rakitic,Ivan Rakitić,1988-03-10,Switzerland,midfielder,CM,MID,active,2009–10,2009,2010,split_year,21,29,7,1,1,Schalke 04,Bundesliga,domestic_league,False,True
ivan-rakitic,Ivan Rakitić,1988-03-10,Switzerland,midfielder,CM,MID,active,2010–11,2010,2011,split_year,22,29,6,2,2,Schalke 04; Sevilla,Bundesliga; La Liga,domestic_league,False,True
ivan-rakitic,Ivan Rakitić,1988-03-10,Switzerland,midfielder,CM,MID,active,2011–12,2011,2012,split_year,23,36,0,1,1,Sevilla,La Liga,domestic_league,False,True
ivan-rakitic,Ivan Rakitić,1988-03-10,Switzerland,midfielder,CM,MID,active,2012–13,2012,2013,split_year,24,34,8,1,1,Sevilla,La Liga,domestic_league,False,True
ivan-rakitic,Ivan Rakitić,1988-03-10,Switzerland,midfielder,CM,MID,active,2013–14,2013,2014,split_year,25,34,12,1,1,Sevilla,La Liga,domestic_league,False,True
ivan-rakitic,Ivan Rakitić,1988-03-10,Switzerland,midfielder,CM,MID,active,2014–15,2014,2015,split_year,26,32,5,1,1,Barcelona,La Liga,domestic_league,False,True
ivan-rakitic,Ivan Rakitić,1988-03-10,Switzerland,midfielder,CM,MID,active,2015–16,2015,2016,split_year,27,36,7,1,1,Barcelona,La Liga,domestic_league,False,True
ivan-rakitic,Ivan Rakitić,1988-03-10,Switzerland,midfielder,CM,MID,active,2016–17,2016,2017,split_year,28,32,8,1,1,Barcelona,La Liga,domestic_league,False,True
ivan-rakitic,Ivan Rakitić,1988-03-10,Switzerland,midfielder,CM,MID,active,2017–18,2017,2018,split_year,29,35,1,1,1,Barcelona,La Liga,domestic_league,False,True
ivan-rakitic,Ivan Rakitić,1988-03-10,Switzerland,midfielder,CM,MID,active,2018–19,2018,2019,split_year,30,34,3,1,1,Barcelona,La Liga,domestic_league,False,True
ivan-rakitic,Ivan Rakitić,1988-03-10,Switzerland,midfielder,CM,MID,active,2019–20,2019,2020,split_year,31,31,1,1,1,Barcelona,La Liga,domestic_league,False,True
ivan-rakitic,Ivan Rakitić,1988-03-10,Switzerland,midfielder,CM,MID,active,2020–21,2020,2021,split_year,32,37,4,1,1,Sevilla,La Liga,domestic_league,False,True
ivan-rakitic,Ivan Rakitić,1988-03-10,Switzerland,midfielder,CM,MID,active,2021–22,2021,2022,split_year,33,35,4,1,1,Sevilla,La Liga,domestic_league,False,True
ivan-rakitic,Ivan Rakitić,1988-03-10,Switzerland,midfielder,CM,MID,active,2022–23,2022,2023,split_year,34,31,1,1,1,Sevilla,La Liga,domestic_league,False,True
ivan-rakitic,Ivan Rakitić,1988-03-10,Switzerland,midfielder,CM,MID,active,2023–24,2023,2024,split_year,35,26,3,2,2,Al-Shabab; Sevilla,Saudi Pro League; La Liga,domestic_league,False,True
ivan-rakitic,Ivan Rakitić,1988-03-10,Switzerland,midfielder,CM,MID,active,2024–25,2024,2025,split_year,36,35,2,1,1,Hajduk Split,HNL,domestic_league,False,True
jamal-musiala,Jamal Musiala,2003-02-26,Germany,attacking midfielder,CM,MID,active,2019–20,2019,2020,split_year,16,1,0,1,1,Bayern Munich,Bundesliga,domestic_league,False,True
jamal-musiala,Jamal Musiala,2003-02-26,Germany,attacking midfielder,CM,MID,active,2020–21,2020,2021,split_year,17,26,6,1,1,Bayern Munich,Bundesliga,domestic_league,False,True
jamal-musiala,Jamal Musiala,2003-02-26,Germany,attacking midfielder,CM,MID,active,2021–22,2021,2022,split_year,18,30,5,1,1,Bayern Munich,Bundesliga,domestic_league,False,True
jamal-musiala,Jamal Musiala,2003-02-26,Germany,attacking midfielder,CM,MID,active,2022–23,2022,2023,split_year,19,33,12,1,1,Bayern Munich,Bundesliga,domestic_league,False,True
jamal-musiala,Jamal Musiala,2003-02-26,Germany,attacking midfielder,CM,MID,active,2023–24,2023,2024,split_year,20,24,10,1,1,Bayern Munich,Bundesliga,domestic_league,False,True
jamal-musiala,Jamal Musiala,2003-02-26,Germany,attacking midfielder,CM,MID,active,2024–25,2024,2025,split_year,21,25,12,1,1,Bayern Munich,Bundesliga,domestic_league,False,True
jamal-musiala,Jamal Musiala,2003-02-26,Germany,attacking midfielder,CM,MID,active,2025–26,2025,2026,split_year,22,15,3,1,1,Bayern Munich,Bundesliga,domestic_league,False,True
jamie-vardy,Jamie Vardy,1987-01-11,United Kingdom,forward,FW,FWD,active,2005–06,2005,2006,split_year,18,0,0,1,1,Stocksbridge Park Steels,NPL Division One,domestic_league,False,True
jamie-vardy,Jamie Vardy,1987-01-11,United Kingdom,forward,FW,FWD,active,2006–07,2006,2007,split_year,19,3,0,1,1,Stocksbridge Park Steels,NPL Division One,domestic_league,False,True
jamie-vardy,Jamie Vardy,1987-01-11,United Kingdom,forward,FW,FWD,active,2007–08,2007,2008,split_year,20,29,10,1,1,Stocksbridge Park Steels,NPL Division One South,domestic_league,False,True
jamie-vardy,Jamie Vardy,1987-01-11,United Kingdom,forward,FW,FWD,active,2008–09,2008,2009,split_year,21,33,16,1,1,Stocksbridge Park Steels,NPL Division One South,domestic_league,False,True
jamie-vardy,Jamie Vardy,1987-01-11,United Kingdom,forward,FW,FWD,active,2009–10,2009,2010,split_year,22,23,14,1,1,Stocksbridge Park Steels,NPL Premier Division,domestic_league,False,True
jamie-vardy,Jamie Vardy,1987-01-11,United Kingdom,forward,FW,FWD,active,2010–11,2010,2011,split_year,23,33,23,1,1,FC Halifax Town,NPL Premier Division,domestic_league,False,True
jamie-vardy,Jamie Vardy,1987-01-11,United Kingdom,forward,FW,FWD,active,2011–12,2011,2012,split_year,24,40,34,2,2,FC Halifax Town; Fleetwood Town,Conference North; Conference Premier,domestic_league,False,True
jamie-vardy,Jamie Vardy,1987-01-11,United Kingdom,forward,FW,FWD,active,2012–13,2012,2013,split_year,25,26,4,1,1,Leicester City,Championship,domestic_league,False,True
jamie-vardy,Jamie Vardy,1987-01-11,United Kingdom,forward,FW,FWD,active,2013–14,2013,2014,split_year,26,37,16,1,1,Leicester City,Championship,domestic_league,False,True
jamie-vardy,Jamie Vardy,1987-01-11,United Kingdom,forward,FW,FWD,active,2014–15,2014,2015,split_year,27,34,5,1,1,Leicester City,Premier League,domestic_league,False,True
jamie-vardy,Jamie Vardy,1987-01-11,United Kingdom,forward,FW,FWD,active,2015–16,2015,2016,split_year,28,36,24,1,1,Leicester City,Premier League,domestic_league,False,True
jamie-vardy,Jamie Vardy,1987-01-11,United Kingdom,forward,FW,FWD,active,2016–17,2016,2017,split_year,29,35,13,1,1,Leicester City,Premier League,domestic_league,False,True
jamie-vardy,Jamie Vardy,1987-01-11,United Kingdom,forward,FW,FWD,active,2017–18,2017,2018,split_year,30,37,20,1,1,Leicester City,Premier League,domestic_league,False,True
jamie-vardy,Jamie Vardy,1987-01-11,United Kingdom,forward,FW,FWD,active,2018–19,2018,2019,split_year,31,34,18,1,1,Leicester City,Premier League,domestic_league,False,True
jamie-vardy,Jamie Vardy,1987-01-11,United Kingdom,forward,FW,FWD,active,2019–20,2019,2020,split_year,32,35,23,1,1,Leicester City,Premier League,domestic_league,False,True
jamie-vardy,Jamie Vardy,1987-01-11,United Kingdom,forward,FW,FWD,active,2020–21,2020,2021,split_year,33,34,15,1,1,Leicester City,Premier League,domestic_league,False,True
jamie-vardy,Jamie Vardy,1987-01-11,United Kingdom,forward,FW,FWD,active,2021–22,2021,2022,split_year,34,25,15,1,1,Leicester City,Premier League,domestic_league,False,True
jamie-vardy,Jamie Vardy,1987-01-11,United Kingdom,forward,FW,FWD,active,2022–23,2022,2023,split_year,35,37,3,1,1,Leicester City,Premier League,domestic_league,False,True
jamie-vardy,Jamie Vardy,1987-01-11,United Kingdom,forward,FW,FWD,active,2023–24,2023,2024,split_year,36,35,18,1,1,Leicester City,Championship,domestic_league,False,True
jamie-vardy,Jamie Vardy,1987-01-11,United Kingdom,forward,FW,FWD,active,2024–25,2024,2025,split_year,37,35,9,1,1,Leicester City,Premier League,domestic_league,False,True
jamie-vardy,Jamie Vardy,1987-01-11,United Kingdom,forward,FW,FWD,active,2025–26,2025,2026,split_year,38,29,7,1,1,Cremonese,Serie A,domestic_league,False,True
javier-mascherano,Javier Mascherano,1984-06-08,Argentina,midfielder,DM,MID,retired,2003–04,2003,2004,split_year,19,21,0,1,1,River Plate,Primera División,domestic_league,False,True
javier-mascherano,Javier Mascherano,1984-06-08,Argentina,midfielder,DM,MID,retired,2004–05,2004,2005,split_year,20,25,0,1,1,River Plate,Primera División,domestic_league,False,True
javier-mascherano,Javier Mascherano,1984-06-08,Argentina,midfielder,DM,MID,retired,2005,2005,2005,calendar_year,21,7,0,1,1,Corinthians,Série A,domestic_league,False,True
javier-mascherano,Javier Mascherano,1984-06-08,Argentina,midfielder,DM,MID,retired,2006,2006,2006,calendar_year,22,10,0,1,1,Corinthians,Série A,domestic_league,False,True
javier-mascherano,Javier Mascherano,1984-06-08,Argentina,midfielder,DM,MID,retired,2006–07,2006,2007,split_year,22,12,0,2,1,Liverpool; West Ham United,Premier League,domestic_league,False,True
javier-mascherano,Javier Mascherano,1984-06-08,Argentina,midfielder,DM,MID,retired,2007–08,2007,2008,split_year,23,25,1,1,1,Liverpool,Premier League,domestic_league,False,True
javier-mascherano,Javier Mascherano,1984-06-08,Argentina,midfielder,DM,MID,retired,2008–09,2008,2009,split_year,24,27,0,1,1,Liverpool,Premier League,domestic_league,False,True
javier-mascherano,Javier Mascherano,1984-06-08,Argentina,midfielder,DM,MID,retired,2009–10,2009,2010,split_year,25,34,0,1,1,Liverpool,Premier League,domestic_league,False,True
javier-mascherano,Javier Mascherano,1984-06-08,Argentina,midfielder,DM,MID,retired,2010–11,2010,2011,split_year,26,28,0,2,2,Barcelona; Liverpool,La Liga; Premier League,domestic_league,False,True
javier-mascherano,Javier Mascherano,1984-06-08,Argentina,midfielder,DM,MID,retired,2011–12,2011,2012,split_year,27,31,0,1,1,Barcelona,La Liga,domestic_league,False,True
javier-mascherano,Javier Mascherano,1984-06-08,Argentina,midfielder,DM,MID,retired,2012–13,2012,2013,split_year,28,25,0,1,1,Barcelona,La Liga,domestic_league,False,True
javier-mascherano,Javier Mascherano,1984-06-08,Argentina,midfielder,DM,MID,retired,2013–14,2013,2014,split_year,29,28,0,1,1,Barcelona,La Liga,domestic_league,False,True
javier-mascherano,Javier Mascherano,1984-06-08,Argentina,midfielder,DM,MID,retired,2014–15,2014,2015,split_year,30,28,0,1,1,Barcelona,La Liga,domestic_league,False,True
javier-mascherano,Javier Mascherano,1984-06-08,Argentina,midfielder,DM,MID,retired,2015–16,2015,2016,split_year,31,32,0,1,1,Barcelona,La Liga,domestic_league,False,True
javier-mascherano,Javier Mascherano,1984-06-08,Argentina,midfielder,DM,MID,retired,2016–17,2016,2017,split_year,32,25,1,1,1,Barcelona,La Liga,domestic_league,False,True
javier-mascherano,Javier Mascherano,1984-06-08,Argentina,midfielder,DM,MID,retired,2017–18,2017,2018,split_year,33,7,0,1,1,Barcelona,La Liga,domestic_league,False,True
javier-mascherano,Javier Mascherano,1984-06-08,Argentina,midfielder,DM,MID,retired,2018,2018,2018,calendar_year,34,26,0,1,1,Hebei China Fortune,Chinese Super League,domestic_league,False,True
javier-mascherano,Javier Mascherano,1984-06-08,Argentina,midfielder,DM,MID,retired,2019,2019,2019,calendar_year,35,27,0,1,1,Hebei China Fortune,Chinese Super League,domestic_league,False,True
javier-mascherano,Javier Mascherano,1984-06-08,Argentina,midfielder,DM,MID,retired,2019–20,2019,2020,split_year,35,7,0,1,1,Estudiantes,Primera División,domestic_league,False,True
javier-mascherano,Javier Mascherano,1984-06-08,Argentina,midfielder,DM,MID,retired,2020–21,2020,2021,split_year,36,3,0,1,1,Estudiantes,Primera División,domestic_league,False,True
javier-zanetti,Javier Zanetti,1973-08-10,Argentina,midfielder,FB,DEF,retired,1992–93,1992,1993,split_year,19,33,1,1,1,Talleres,Primera Nacional,domestic_league,False,True
javier-zanetti,Javier Zanetti,1973-08-10,Argentina,midfielder,FB,DEF,retired,1993–94,1993,1994,split_year,20,37,1,1,1,Banfield,Primera División,domestic_league,False,True
javier-zanetti,Javier Zanetti,1973-08-10,Argentina,midfielder,FB,DEF,retired,1994–95,1994,1995,split_year,21,29,3,1,1,Banfield,Primera División,domestic_league,False,True
javier-zanetti,Javier Zanetti,1973-08-10,Argentina,midfielder,FB,DEF,retired,1995–96,1995,1996,split_year,22,32,2,1,1,Inter Milan,Serie A,domestic_league,False,True
javier-zanetti,Javier Zanetti,1973-08-10,Argentina,midfielder,FB,DEF,retired,1996–97,1996,1997,split_year,23,33,3,1,1,Inter Milan,Serie A,domestic_league,False,True
javier-zanetti,Javier Zanetti,1973-08-10,Argentina,midfielder,FB,DEF,retired,1997–98,1997,1998,split_year,24,28,0,1,1,Inter Milan,Serie A,domestic_league,False,True
javier-zanetti,Javier Zanetti,1973-08-10,Argentina,midfielder,FB,DEF,retired,1998–99,1998,1999,split_year,25,34,3,1,1,Inter Milan,Serie A,domestic_league,False,True
javier-zanetti,Javier Zanetti,1973-08-10,Argentina,midfielder,FB,DEF,retired,1999–2000,1999,2000,split_year,26,34,1,1,1,Inter Milan,Serie A,domestic_league,False,True
javier-zanetti,Javier Zanetti,1973-08-10,Argentina,midfielder,FB,DEF,retired,2000–01,2000,2001,split_year,27,29,0,1,1,Inter Milan,Serie A,domestic_league,False,True
javier-zanetti,Javier Zanetti,1973-08-10,Argentina,midfielder,FB,DEF,retired,2001–02,2001,2002,split_year,28,33,0,1,1,Inter Milan,Serie A,domestic_league,False,True
javier-zanetti,Javier Zanetti,1973-08-10,Argentina,midfielder,FB,DEF,retired,2002–03,2002,2003,split_year,29,34,1,1,1,Inter Milan,Serie A,domestic_league,False,True
javier-zanetti,Javier Zanetti,1973-08-10,Argentina,midfielder,FB,DEF,retired,2003–04,2003,2004,split_year,30,34,0,1,1,Inter Milan,Serie A,domestic_league,False,True
javier-zanetti,Javier Zanetti,1973-08-10,Argentina,midfielder,FB,DEF,retired,2004–05,2004,2005,split_year,31,35,0,1,1,Inter Milan,Serie A,domestic_league,False,True
javier-zanetti,Javier Zanetti,1973-08-10,Argentina,midfielder,FB,DEF,retired,2005–06,2005,2006,split_year,32,25,0,1,1,Inter Milan,Serie A,domestic_league,False,True
javier-zanetti,Javier Zanetti,1973-08-10,Argentina,midfielder,FB,DEF,retired,2006–07,2006,2007,split_year,33,37,1,1,1,Inter Milan,Serie A,domestic_league,False,True
javier-zanetti,Javier Zanetti,1973-08-10,Argentina,midfielder,FB,DEF,retired,2007–08,2007,2008,split_year,34,38,1,1,1,Inter Milan,Serie A,domestic_league,False,True
javier-zanetti,Javier Zanetti,1973-08-10,Argentina,midfielder,FB,DEF,retired,2008–09,2008,2009,split_year,35,38,0,1,1,Inter Milan,Serie A,domestic_league,False,True
javier-zanetti,Javier Zanetti,1973-08-10,Argentina,midfielder,FB,DEF,retired,2009–10,2009,2010,split_year,36,37,0,1,1,Inter Milan,Serie A,domestic_league,False,True
javier-zanetti,Javier Zanetti,1973-08-10,Argentina,midfielder,FB,DEF,retired,2010–11,2010,2011,split_year,37,35,0,1,1,Inter Milan,Serie A,domestic_league,False,True
javier-zanetti,Javier Zanetti,1973-08-10,Argentina,midfielder,FB,DEF,retired,2011–12,2011,2012,split_year,38,34,0,1,1,Inter Milan,Serie A,domestic_league,False,True
javier-zanetti,Javier Zanetti,1973-08-10,Argentina,midfielder,FB,DEF,retired,2012–13,2012,2013,split_year,39,33,0,1,1,Inter Milan,Serie A,domestic_league,False,True
javier-zanetti,Javier Zanetti,1973-08-10,Argentina,midfielder,FB,DEF,retired,2013–14,2013,2014,split_year,40,12,0,1,1,Inter Milan,Serie A,domestic_league,False,True
jeremie-frimpong,Jeremie Frimpong,2000-12-10,Kingdom of the Netherlands,full-back,FB,DEF,active,2019–20,2019,2020,split_year,19,14,2,1,1,Celtic,Scottish Premiership,domestic_league,False,True
jeremie-frimpong,Jeremie Frimpong,2000-12-10,Kingdom of the Netherlands,full-back,FB,DEF,active,2020–21,2020,2021,split_year,20,32,1,2,2,Bayer Leverkusen; Celtic,Bundesliga; Scottish Premiership,domestic_league,False,True
jeremie-frimpong,Jeremie Frimpong,2000-12-10,Kingdom of the Netherlands,full-back,FB,DEF,active,2021–22,2021,2022,split_year,21,25,1,1,1,Bayer Leverkusen,Bundesliga,domestic_league,False,True
jeremie-frimpong,Jeremie Frimpong,2000-12-10,Kingdom of the Netherlands,full-back,FB,DEF,active,2022–23,2022,2023,split_year,22,34,8,1,1,Bayer Leverkusen,Bundesliga,domestic_league,False,True
jeremie-frimpong,Jeremie Frimpong,2000-12-10,Kingdom of the Netherlands,full-back,FB,DEF,active,2023–24,2023,2024,split_year,23,31,9,1,1,Bayer Leverkusen,Bundesliga,domestic_league,False,True
jeremie-frimpong,Jeremie Frimpong,2000-12-10,Kingdom of the Netherlands,full-back,FB,DEF,active,2024–25,2024,2025,split_year,24,33,5,1,1,Bayer Leverkusen,Bundesliga,domestic_league,False,True
jeremie-frimpong,Jeremie Frimpong,2000-12-10,Kingdom of the Netherlands,full-back,FB,DEF,active,2025–26,2025,2026,split_year,25,21,0,1,1,Liverpool,Premier League,domestic_league,False,True
jerome-boateng,Jérôme Boateng,1988-09-03,Germany,centre-back,CB,DEF,active,2006–07,2006,2007,split_year,18,10,0,1,1,Hertha BSC,Bundesliga,domestic_league,False,True
jerome-boateng,Jérôme Boateng,1988-09-03,Germany,centre-back,CB,DEF,active,2007–08,2007,2008,split_year,19,27,0,1,1,Hamburger SV,Bundesliga,domestic_league,False,True
jerome-boateng,Jérôme Boateng,1988-09-03,Germany,centre-back,CB,DEF,active,2008–09,2008,2009,split_year,20,21,0,1,1,Hamburger SV,Bundesliga,domestic_league,False,True
jerome-boateng,Jérôme Boateng,1988-09-03,Germany,centre-back,CB,DEF,active,2009–10,2009,2010,split_year,21,27,0,1,1,Hamburger SV,Bundesliga,domestic_league,False,True
jerome-boateng,Jérôme Boateng,1988-09-03,Germany,centre-back,CB,DEF,active,2010–11,2010,2011,split_year,22,16,0,1,1,Manchester City,Premier League,domestic_league,False,True
jerome-boateng,Jérôme Boateng,1988-09-03,Germany,centre-back,CB,DEF,active,2011–12,2011,2012,split_year,23,27,0,1,1,Bayern Munich,Bundesliga,domestic_league,False,True
jerome-boateng,Jérôme Boateng,1988-09-03,Germany,centre-back,CB,DEF,active,2012–13,2012,2013,split_year,24,26,2,1,1,Bayern Munich,Bundesliga,domestic_league,False,True
jerome-boateng,Jérôme Boateng,1988-09-03,Germany,centre-back,CB,DEF,active,2013–14,2013,2014,split_year,25,25,1,1,1,Bayern Munich,Bundesliga,domestic_league,False,True
jerome-boateng,Jérôme Boateng,1988-09-03,Germany,centre-back,CB,DEF,active,2014–15,2014,2015,split_year,26,27,0,1,1,Bayern Munich,Bundesliga,domestic_league,False,True
jerome-boateng,Jérôme Boateng,1988-09-03,Germany,centre-back,CB,DEF,active,2015–16,2015,2016,split_year,27,19,0,1,1,Bayern Munich,Bundesliga,domestic_league,False,True
jerome-boateng,Jérôme Boateng,1988-09-03,Germany,centre-back,CB,DEF,active,2016–17,2016,2017,split_year,28,13,0,1,1,Bayern Munich,Bundesliga,domestic_league,False,True
jerome-boateng,Jérôme Boateng,1988-09-03,Germany,centre-back,CB,DEF,active,2017–18,2017,2018,split_year,29,19,1,1,1,Bayern Munich,Bundesliga,domestic_league,False,True
jerome-boateng,Jérôme Boateng,1988-09-03,Germany,centre-back,CB,DEF,active,2018–19,2018,2019,split_year,30,20,0,1,1,Bayern Munich,Bundesliga,domestic_league,False,True
jerome-boateng,Jérôme Boateng,1988-09-03,Germany,centre-back,CB,DEF,active,2019–20,2019,2020,split_year,31,24,0,1,1,Bayern Munich,Bundesliga,domestic_league,False,True
jerome-boateng,Jérôme Boateng,1988-09-03,Germany,centre-back,CB,DEF,active,2020–21,2020,2021,split_year,32,29,1,1,1,Bayern Munich,Bundesliga,domestic_league,False,True
jerome-boateng,Jérôme Boateng,1988-09-03,Germany,centre-back,CB,DEF,active,2021–22,2021,2022,split_year,33,24,0,1,1,Lyon,Ligue 1,domestic_league,False,True
jerome-boateng,Jérôme Boateng,1988-09-03,Germany,centre-back,CB,DEF,active,2022–23,2022,2023,split_year,34,8,0,1,1,Lyon,Ligue 1,domestic_league,False,True
jerome-boateng,Jérôme Boateng,1988-09-03,Germany,centre-back,CB,DEF,active,2023–24,2023,2024,split_year,35,7,0,1,1,Salernitana,Serie A,domestic_league,False,True
jerome-boateng,Jérôme Boateng,1988-09-03,Germany,centre-back,CB,DEF,active,2024–25,2024,2025,split_year,36,10,0,1,1,LASK,Austrian Bundesliga,domestic_league,False,True
joao-cancelo,João Cancelo,1994-05-27,Portugal,full-back,FB,DEF,active,2013–14,2013,2014,split_year,19,1,0,1,1,Benfica,Primeira Liga,domestic_league,False,True
joao-cancelo,João Cancelo,1994-05-27,Portugal,full-back,FB,DEF,active,2014–15,2014,2015,split_year,20,10,0,1,1,Valencia (loan),La Liga,domestic_league,False,True
joao-cancelo,João Cancelo,1994-05-27,Portugal,full-back,FB,DEF,active,2015–16,2015,2016,split_year,21,28,1,1,1,Valencia,La Liga,domestic_league,False,True
joao-cancelo,João Cancelo,1994-05-27,Portugal,full-back,FB,DEF,active,2016–17,2016,2017,split_year,22,35,1,1,1,Valencia,La Liga,domestic_league,False,True
joao-cancelo,João Cancelo,1994-05-27,Portugal,full-back,FB,DEF,active,2017–18,2017,2018,split_year,23,27,1,2,2,Inter Milan (loan); Valencia,Serie A; La Liga,domestic_league,False,True
joao-cancelo,João Cancelo,1994-05-27,Portugal,full-back,FB,DEF,active,2018–19,2018,2019,split_year,24,25,1,1,1,Juventus,Serie A,domestic_league,False,True
joao-cancelo,João Cancelo,1994-05-27,Portugal,full-back,FB,DEF,active,2019–20,2019,2020,split_year,25,17,0,1,1,Manchester City,Premier League,domestic_league,False,True
joao-cancelo,João Cancelo,1994-05-27,Portugal,full-back,FB,DEF,active,2020–21,2020,2021,split_year,26,28,2,1,1,Manchester City,Premier League,domestic_league,False,True
joao-cancelo,João Cancelo,1994-05-27,Portugal,full-back,FB,DEF,active,2021–22,2021,2022,split_year,27,36,1,1,1,Manchester City,Premier League,domestic_league,False,True
joao-cancelo,João Cancelo,1994-05-27,Portugal,full-back,FB,DEF,active,2022–23,2022,2023,split_year,28,32,3,2,2,Bayern Munich (loan); Manchester City,Bundesliga; Premier League,domestic_league,False,True
joao-cancelo,João Cancelo,1994-05-27,Portugal,full-back,FB,DEF,active,2023–24,2023,2024,split_year,29,32,2,1,1,Barcelona (loan),La Liga,domestic_league,False,True
joao-cancelo,João Cancelo,1994-05-27,Portugal,full-back,FB,DEF,active,2024–25,2024,2025,split_year,30,22,0,1,1,Al Hilal,Saudi Pro League,domestic_league,False,True
joao-cancelo,João Cancelo,1994-05-27,Portugal,full-back,FB,DEF,active,2025–26,2025,2026,split_year,31,18,2,2,2,Al Hilal; Barcelona (loan),Saudi Pro League; La Liga,domestic_league,False,True
joao-palhinha,João Palhinha,1995-07-09,Portugal,defensive midfielder,DM,MID,active,2015–16,2015,2016,split_year,20,29,0,1,1,Moreirense (loan),Primeira Liga,domestic_league,False,True
joao-palhinha,João Palhinha,1995-07-09,Portugal,defensive midfielder,DM,MID,active,2016–17,2016,2017,split_year,21,24,1,2,1,Belenenses (loan); Sporting CP,Primeira Liga,domestic_league,False,True
joao-palhinha,João Palhinha,1995-07-09,Portugal,defensive midfielder,DM,MID,active,2017–18,2017,2018,split_year,22,2,0,1,1,Sporting CP,Primeira Liga,domestic_league,False,True
joao-palhinha,João Palhinha,1995-07-09,Portugal,defensive midfielder,DM,MID,active,2018–19,2018,2019,split_year,23,23,2,1,1,Braga (loan),Primeira Liga,domestic_league,False,True
joao-palhinha,João Palhinha,1995-07-09,Portugal,defensive midfielder,DM,MID,active,2019–20,2019,2020,split_year,24,27,2,1,1,Braga (loan),Primeira Liga,domestic_league,False,True
joao-palhinha,João Palhinha,1995-07-09,Portugal,defensive midfielder,DM,MID,active,2020–21,2020,2021,split_year,25,32,1,1,1,Sporting CP,Primeira Liga,domestic_league,False,True
joao-palhinha,João Palhinha,1995-07-09,Portugal,defensive midfielder,DM,MID,active,2021–22,2021,2022,split_year,26,27,3,1,1,Sporting CP,Primeira Liga,domestic_league,False,True
joao-palhinha,João Palhinha,1995-07-09,Portugal,defensive midfielder,DM,MID,active,2022–23,2022,2023,split_year,27,35,3,1,1,Fulham,Premier League,domestic_league,False,True
joao-palhinha,João Palhinha,1995-07-09,Portugal,defensive midfielder,DM,MID,active,2023–24,2023,2024,split_year,28,33,4,1,1,Fulham,Premier League,domestic_league,False,True
joao-palhinha,João Palhinha,1995-07-09,Portugal,defensive midfielder,DM,MID,active,2024–25,2024,2025,split_year,29,17,0,1,1,Bayern Munich,Bundesliga,domestic_league,False,True
joao-palhinha,João Palhinha,1995-07-09,Portugal,defensive midfielder,DM,MID,active,2025–26,2025,2026,split_year,30,33,5,1,1,Tottenham Hotspur (loan),Premier League,domestic_league,False,True
john-terry,John Terry,1980-12-07,United Kingdom,centre-back,CB,DEF,retired,1998–99,1998,1999,split_year,18,2,0,1,1,Chelsea,Premier League,domestic_league,False,True
john-terry,John Terry,1980-12-07,United Kingdom,centre-back,CB,DEF,retired,1999–2000,1999,2000,split_year,19,10,0,2,2,Chelsea; Nottingham Forest (loan),Premier League; First Division,domestic_league,False,True
john-terry,John Terry,1980-12-07,United Kingdom,centre-back,CB,DEF,retired,2000–01,2000,2001,split_year,20,22,1,1,1,Chelsea,Premier League,domestic_league,False,True
john-terry,John Terry,1980-12-07,United Kingdom,centre-back,CB,DEF,retired,2001–02,2001,2002,split_year,21,33,1,1,1,Chelsea,Premier League,domestic_league,False,True
john-terry,John Terry,1980-12-07,United Kingdom,centre-back,CB,DEF,retired,2002–03,2002,2003,split_year,22,20,3,1,1,Chelsea,Premier League,domestic_league,False,True
john-terry,John Terry,1980-12-07,United Kingdom,centre-back,CB,DEF,retired,2003–04,2003,2004,split_year,23,33,2,1,1,Chelsea,Premier League,domestic_league,False,True
john-terry,John Terry,1980-12-07,United Kingdom,centre-back,CB,DEF,retired,2004–05,2004,2005,split_year,24,36,3,1,1,Chelsea,Premier League,domestic_league,False,True
john-terry,John Terry,1980-12-07,United Kingdom,centre-back,CB,DEF,retired,2005–06,2005,2006,split_year,25,36,4,1,1,Chelsea,Premier League,domestic_league,False,True
john-terry,John Terry,1980-12-07,United Kingdom,centre-back,CB,DEF,retired,2006–07,2006,2007,split_year,26,28,1,1,1,Chelsea,Premier League,domestic_league,False,True
john-terry,John Terry,1980-12-07,United Kingdom,centre-back,CB,DEF,retired,2007–08,2007,2008,split_year,27,23,1,1,1,Chelsea,Premier League,domestic_league,False,True
john-terry,John Terry,1980-12-07,United Kingdom,centre-back,CB,DEF,retired,2008–09,2008,2009,split_year,28,35,1,1,1,Chelsea,Premier League,domestic_league,False,True
john-terry,John Terry,1980-12-07,United Kingdom,centre-back,CB,DEF,retired,2009–10,2009,2010,split_year,29,37,2,1,1,Chelsea,Premier League,domestic_league,False,True
john-terry,John Terry,1980-12-07,United Kingdom,centre-back,CB,DEF,retired,2010–11,2010,2011,split_year,30,33,3,1,1,Chelsea,Premier League,domestic_league,False,True
john-terry,John Terry,1980-12-07,United Kingdom,centre-back,CB,DEF,retired,2011–12,2011,2012,split_year,31,31,6,1,1,Chelsea,Premier League,domestic_league,False,True
john-terry,John Terry,1980-12-07,United Kingdom,centre-back,CB,DEF,retired,2012–13,2012,2013,split_year,32,14,4,1,1,Chelsea,Premier League,domestic_league,False,True
john-terry,John Terry,1980-12-07,United Kingdom,centre-back,CB,DEF,retired,2013–14,2013,2014,split_year,33,34,2,1,1,Chelsea,Premier League,domestic_league,False,True
john-terry,John Terry,1980-12-07,United Kingdom,centre-back,CB,DEF,retired,2014–15,2014,2015,split_year,34,38,5,1,1,Chelsea,Premier League,domestic_league,False,True
john-terry,John Terry,1980-12-07,United Kingdom,centre-back,CB,DEF,retired,2015–16,2015,2016,split_year,35,24,1,1,1,Chelsea,Premier League,domestic_league,False,True
john-terry,John Terry,1980-12-07,United Kingdom,centre-back,CB,DEF,retired,2016–17,2016,2017,split_year,36,9,1,1,1,Chelsea,Premier League,domestic_league,False,True
john-terry,John Terry,1980-12-07,United Kingdom,centre-back,CB,DEF,retired,2017–18,2017,2018,split_year,37,32,1,1,1,Aston Villa,Championship,domestic_league,False,True
jordi-alba,Jordi Alba,1989-03-21,Spain,full-back,FB,DEF,active,2006–07,2006,2007,split_year,17,15,3,1,1,Cornellà,Primera Catalana,domestic_league,False,True
jordi-alba,Jordi Alba,1989-03-21,Spain,full-back,FB,DEF,active,2008–09,2008,2009,split_year,19,35,4,1,1,Gimnàstic (loan),Segunda División,domestic_league,False,True
jordi-alba,Jordi Alba,1989-03-21,Spain,full-back,FB,DEF,active,2009–10,2009,2010,split_year,20,15,1,1,1,Valencia,La Liga,domestic_league,False,True
jordi-alba,Jordi Alba,1989-03-21,Spain,full-back,FB,DEF,active,2010–11,2010,2011,split_year,21,27,2,1,1,Valencia,La Liga,domestic_league,False,True
jordi-alba,Jordi Alba,1989-03-21,Spain,full-back,FB,DEF,active,2011–12,2011,2012,split_year,22,32,2,1,1,Valencia,La Liga,domestic_league,False,True
jordi-alba,Jordi Alba,1989-03-21,Spain,full-back,FB,DEF,active,2012–13,2012,2013,split_year,23,29,2,1,1,Barcelona,La Liga,domestic_league,False,True
jordi-alba,Jordi Alba,1989-03-21,Spain,full-back,FB,DEF,active,2013–14,2013,2014,split_year,24,15,0,1,1,Barcelona,La Liga,domestic_league,False,True
jordi-alba,Jordi Alba,1989-03-21,Spain,full-back,FB,DEF,active,2014–15,2014,2015,split_year,25,27,1,1,1,Barcelona,La Liga,domestic_league,False,True
jordi-alba,Jordi Alba,1989-03-21,Spain,full-back,FB,DEF,active,2015–16,2015,2016,split_year,26,31,0,1,1,Barcelona,La Liga,domestic_league,False,True
jordi-alba,Jordi Alba,1989-03-21,Spain,full-back,FB,DEF,active,2016–17,2016,2017,split_year,27,26,1,1,1,Barcelona,La Liga,domestic_league,False,True
jordi-alba,Jordi Alba,1989-03-21,Spain,full-back,FB,DEF,active,2017–18,2017,2018,split_year,28,33,2,1,1,Barcelona,La Liga,domestic_league,False,True
jordi-alba,Jordi Alba,1989-03-21,Spain,full-back,FB,DEF,active,2018–19,2018,2019,split_year,29,36,2,1,1,Barcelona,La Liga,domestic_league,False,True
jordi-alba,Jordi Alba,1989-03-21,Spain,full-back,FB,DEF,active,2019–20,2019,2020,split_year,30,27,2,1,1,Barcelona,La Liga,domestic_league,False,True
jordi-alba,Jordi Alba,1989-03-21,Spain,full-back,FB,DEF,active,2020–21,2020,2021,split_year,31,35,3,1,1,Barcelona,La Liga,domestic_league,False,True
jordi-alba,Jordi Alba,1989-03-21,Spain,full-back,FB,DEF,active,2021–22,2021,2022,split_year,32,30,2,1,1,Barcelona,La Liga,domestic_league,False,True
jordi-alba,Jordi Alba,1989-03-21,Spain,full-back,FB,DEF,active,2022–23,2022,2023,split_year,33,24,2,1,1,Barcelona,La Liga,domestic_league,False,True
jordi-alba,Jordi Alba,1989-03-21,Spain,full-back,FB,DEF,active,2023,2023,2023,calendar_year,34,7,1,1,1,Inter Miami,MLS,domestic_league,False,True
jordi-alba,Jordi Alba,1989-03-21,Spain,full-back,FB,DEF,active,2024,2024,2024,calendar_year,35,28,4,1,1,Inter Miami,MLS,domestic_league,False,True
jordi-alba,Jordi Alba,1989-03-21,Spain,full-back,FB,DEF,active,2025,2025,2025,calendar_year,36,30,6,1,1,Inter Miami,MLS,domestic_league,False,True
jorginho-footballer-born-december-1991,"Jorginho (footballer, born December 1991)",1991-12-20,Italy,midfielder,DM,MID,active,2010–11,2010,2011,split_year,19,31,1,1,1,Sambonifacese,Lega Pro Seconda Divisione,domestic_league,False,True
jorginho-footballer-born-december-1991,"Jorginho (footballer, born December 1991)",1991-12-20,Italy,midfielder,DM,MID,active,2011–12,2011,2012,split_year,20,30,2,1,1,Hellas Verona,Serie B,domestic_league,False,True
jorginho-footballer-born-december-1991,"Jorginho (footballer, born December 1991)",1991-12-20,Italy,midfielder,DM,MID,active,2012–13,2012,2013,split_year,21,41,2,1,1,Hellas Verona,Serie B,domestic_league,False,True
jorginho-footballer-born-december-1991,"Jorginho (footballer, born December 1991)",1991-12-20,Italy,midfielder,DM,MID,active,2013–14,2013,2014,split_year,22,33,7,2,1,Hellas Verona; Napoli,Serie A,domestic_league,False,True
jorginho-footballer-born-december-1991,"Jorginho (footballer, born December 1991)",1991-12-20,Italy,midfielder,DM,MID,active,2014–15,2014,2015,split_year,23,23,0,1,1,Napoli,Serie A,domestic_league,False,True
jorginho-footballer-born-december-1991,"Jorginho (footballer, born December 1991)",1991-12-20,Italy,midfielder,DM,MID,active,2015–16,2015,2016,split_year,24,35,0,1,1,Napoli,Serie A,domestic_league,False,True
jorginho-footballer-born-december-1991,"Jorginho (footballer, born December 1991)",1991-12-20,Italy,midfielder,DM,MID,active,2016–17,2016,2017,split_year,25,27,0,1,1,Napoli,Serie A,domestic_league,False,True
jorginho-footballer-born-december-1991,"Jorginho (footballer, born December 1991)",1991-12-20,Italy,midfielder,DM,MID,active,2017–18,2017,2018,split_year,26,33,2,1,1,Napoli,Serie A,domestic_league,False,True
jorginho-footballer-born-december-1991,"Jorginho (footballer, born December 1991)",1991-12-20,Italy,midfielder,DM,MID,active,2018–19,2018,2019,split_year,27,37,2,1,1,Chelsea,Premier League,domestic_league,False,True
jorginho-footballer-born-december-1991,"Jorginho (footballer, born December 1991)",1991-12-20,Italy,midfielder,DM,MID,active,2019–20,2019,2020,split_year,28,31,4,1,1,Chelsea,Premier League,domestic_league,False,True
jorginho-footballer-born-december-1991,"Jorginho (footballer, born December 1991)",1991-12-20,Italy,midfielder,DM,MID,active,2020–21,2020,2021,split_year,29,28,7,1,1,Chelsea,Premier League,domestic_league,False,True
jorginho-footballer-born-december-1991,"Jorginho (footballer, born December 1991)",1991-12-20,Italy,midfielder,DM,MID,active,2021–22,2021,2022,split_year,30,29,6,1,1,Chelsea,Premier League,domestic_league,False,True
jorginho-footballer-born-december-1991,"Jorginho (footballer, born December 1991)",1991-12-20,Italy,midfielder,DM,MID,active,2022–23,2022,2023,split_year,31,32,2,2,1,Arsenal; Chelsea,Premier League,domestic_league,False,True
jorginho-footballer-born-december-1991,"Jorginho (footballer, born December 1991)",1991-12-20,Italy,midfielder,DM,MID,active,2023–24,2023,2024,split_year,32,24,0,1,1,Arsenal,Premier League,domestic_league,False,True
jorginho-footballer-born-december-1991,"Jorginho (footballer, born December 1991)",1991-12-20,Italy,midfielder,DM,MID,active,2024–25,2024,2025,split_year,33,15,0,1,1,Arsenal,Premier League,domestic_league,False,True
jorginho-footballer-born-december-1991,"Jorginho (footballer, born December 1991)",1991-12-20,Italy,midfielder,DM,MID,active,2025,2025,2025,calendar_year,34,17,3,1,1,Flamengo,Série A,domestic_league,False,True
jorginho-footballer-born-december-1991,"Jorginho (footballer, born December 1991)",1991-12-20,Italy,midfielder,DM,MID,active,2026,2026,2026,calendar_year,35,14,2,1,1,Flamengo,Série A,domestic_league,True,True
joshua-kimmich,Joshua Kimmich,1995-02-08,Germany,midfielder,DM,MID,active,2013–14,2013,2014,split_year,18,26,1,1,1,RB Leipzig,3. Liga,domestic_league,False,True
joshua-kimmich,Joshua Kimmich,1995-02-08,Germany,midfielder,DM,MID,active,2014–15,2014,2015,split_year,19,27,2,1,1,RB Leipzig,2. Bundesliga,domestic_league,False,True
joshua-kimmich,Joshua Kimmich,1995-02-08,Germany,midfielder,DM,MID,active,2015–16,2015,2016,split_year,20,23,0,1,1,Bayern Munich,Bundesliga,domestic_league,False,True
joshua-kimmich,Joshua Kimmich,1995-02-08,Germany,midfielder,DM,MID,active,2016–17,2016,2017,split_year,21,27,6,1,1,Bayern Munich,Bundesliga,domestic_league,False,True
joshua-kimmich,Joshua Kimmich,1995-02-08,Germany,midfielder,DM,MID,active,2017–18,2017,2018,split_year,22,29,1,1,1,Bayern Munich,Bundesliga,domestic_league,False,True
joshua-kimmich,Joshua Kimmich,1995-02-08,Germany,midfielder,DM,MID,active,2018–19,2018,2019,split_year,23,34,2,1,1,Bayern Munich,Bundesliga,domestic_league,False,True
joshua-kimmich,Joshua Kimmich,1995-02-08,Germany,midfielder,DM,MID,active,2019–20,2019,2020,split_year,24,33,4,1,1,Bayern Munich,Bundesliga,domestic_league,False,True
joshua-kimmich,Joshua Kimmich,1995-02-08,Germany,midfielder,DM,MID,active,2020–21,2020,2021,split_year,25,27,4,1,1,Bayern Munich,Bundesliga,domestic_league,False,True
joshua-kimmich,Joshua Kimmich,1995-02-08,Germany,midfielder,DM,MID,active,2021–22,2021,2022,split_year,26,28,3,1,1,Bayern Munich,Bundesliga,domestic_league,False,True
joshua-kimmich,Joshua Kimmich,1995-02-08,Germany,midfielder,DM,MID,active,2022–23,2022,2023,split_year,27,33,5,1,1,Bayern Munich,Bundesliga,domestic_league,False,True
joshua-kimmich,Joshua Kimmich,1995-02-08,Germany,midfielder,DM,MID,active,2023–24,2023,2024,split_year,28,28,1,1,1,Bayern Munich,Bundesliga,domestic_league,False,True
joshua-kimmich,Joshua Kimmich,1995-02-08,Germany,midfielder,DM,MID,active,2024–25,2024,2025,split_year,29,33,3,1,1,Bayern Munich,Bundesliga,domestic_league,False,True
joshua-kimmich,Joshua Kimmich,1995-02-08,Germany,midfielder,DM,MID,active,2025–26,2025,2026,split_year,30,29,2,1,1,Bayern Munich,Bundesliga,domestic_league,False,True
josko-gvardiol,Joško Gvardiol,2002-01-23,Croatia,defender,CB,DEF,active,2019–20,2019,2020,split_year,17,11,1,1,1,Dinamo Zagreb,Prva HNL,domestic_league,False,True
josko-gvardiol,Joško Gvardiol,2002-01-23,Croatia,defender,CB,DEF,active,2020–21,2020,2021,split_year,18,25,2,1,1,Dinamo Zagreb,Prva HNL,domestic_league,False,True
josko-gvardiol,Joško Gvardiol,2002-01-23,Croatia,defender,CB,DEF,active,2021–22,2021,2022,split_year,19,29,2,1,1,RB Leipzig,Bundesliga,domestic_league,False,True
josko-gvardiol,Joško Gvardiol,2002-01-23,Croatia,defender,CB,DEF,active,2022–23,2022,2023,split_year,20,30,1,1,1,RB Leipzig,Bundesliga,domestic_league,False,True
josko-gvardiol,Joško Gvardiol,2002-01-23,Croatia,defender,CB,DEF,active,2023–24,2023,2024,split_year,21,28,4,1,1,Manchester City,Premier League,domestic_league,False,True
josko-gvardiol,Joško Gvardiol,2002-01-23,Croatia,defender,CB,DEF,active,2024–25,2024,2025,split_year,22,37,5,1,1,Manchester City,Premier League,domestic_league,False,True
josko-gvardiol,Joško Gvardiol,2002-01-23,Croatia,defender,CB,DEF,active,2025–26,2025,2026,split_year,23,18,2,1,1,Manchester City,Premier League,domestic_league,False,True
juan-cuadrado,Juan Cuadrado,1988-05-26,Colombia,full-back,WNG,WIDE,active,2008,2008,2008,calendar_year,20,21,2,1,1,Independiente Medellín,Categoría Primera A,domestic_league,False,True
juan-cuadrado,Juan Cuadrado,1988-05-26,Colombia,full-back,WNG,WIDE,active,2009,2009,2009,calendar_year,21,9,0,1,1,Independiente Medellín,Categoría Primera A,domestic_league,False,True
juan-cuadrado,Juan Cuadrado,1988-05-26,Colombia,full-back,WNG,WIDE,active,2009–10,2009,2010,split_year,21,11,0,1,1,Udinese,Serie A,domestic_league,False,True
juan-cuadrado,Juan Cuadrado,1988-05-26,Colombia,full-back,WNG,WIDE,active,2010–11,2010,2011,split_year,22,9,0,1,1,Udinese,Serie A,domestic_league,False,True
juan-cuadrado,Juan Cuadrado,1988-05-26,Colombia,full-back,WNG,WIDE,active,2011–12,2011,2012,split_year,23,33,3,1,1,Lecce (loan),Serie A,domestic_league,False,True
juan-cuadrado,Juan Cuadrado,1988-05-26,Colombia,full-back,WNG,WIDE,active,2012–13,2012,2013,split_year,24,36,5,1,1,Fiorentina,Serie A,domestic_league,False,True
juan-cuadrado,Juan Cuadrado,1988-05-26,Colombia,full-back,WNG,WIDE,active,2013–14,2013,2014,split_year,25,32,11,1,1,Fiorentina,Serie A,domestic_league,False,True
juan-cuadrado,Juan Cuadrado,1988-05-26,Colombia,full-back,WNG,WIDE,active,2014–15,2014,2015,split_year,26,29,4,2,2,Chelsea; Fiorentina,Premier League; Serie A,domestic_league,False,True
juan-cuadrado,Juan Cuadrado,1988-05-26,Colombia,full-back,WNG,WIDE,active,2015–16,2015,2016,split_year,27,29,4,2,2,Chelsea; Juventus (loan),Premier League; Serie A,domestic_league,False,True
juan-cuadrado,Juan Cuadrado,1988-05-26,Colombia,full-back,WNG,WIDE,active,2016–17,2016,2017,split_year,28,30,2,1,1,Juventus (loan),Serie A,domestic_league,False,True
juan-cuadrado,Juan Cuadrado,1988-05-26,Colombia,full-back,WNG,WIDE,active,2017–18,2017,2018,split_year,29,21,4,1,1,Juventus,Serie A,domestic_league,False,True
juan-cuadrado,Juan Cuadrado,1988-05-26,Colombia,full-back,WNG,WIDE,active,2018–19,2018,2019,split_year,30,18,1,1,1,Juventus,Serie A,domestic_league,False,True
juan-cuadrado,Juan Cuadrado,1988-05-26,Colombia,full-back,WNG,WIDE,active,2019–20,2019,2020,split_year,31,33,2,1,1,Juventus,Serie A,domestic_league,False,True
juan-cuadrado,Juan Cuadrado,1988-05-26,Colombia,full-back,WNG,WIDE,active,2020–21,2020,2021,split_year,32,30,2,1,1,Juventus,Serie A,domestic_league,False,True
juan-cuadrado,Juan Cuadrado,1988-05-26,Colombia,full-back,WNG,WIDE,active,2021–22,2021,2022,split_year,33,33,4,1,1,Juventus,Serie A,domestic_league,False,True
juan-cuadrado,Juan Cuadrado,1988-05-26,Colombia,full-back,WNG,WIDE,active,2022–23,2022,2023,split_year,34,31,1,1,1,Juventus,Serie A,domestic_league,False,True
juan-cuadrado,Juan Cuadrado,1988-05-26,Colombia,full-back,WNG,WIDE,active,2023–24,2023,2024,split_year,35,10,0,1,1,Inter Milan,Serie A,domestic_league,False,True
juan-cuadrado,Juan Cuadrado,1988-05-26,Colombia,full-back,WNG,WIDE,active,2024–25,2024,2025,split_year,36,23,0,1,1,Atalanta,Serie A,domestic_league,False,True
juan-cuadrado,Juan Cuadrado,1988-05-26,Colombia,full-back,WNG,WIDE,active,2025–26,2025,2026,split_year,37,19,1,1,1,Pisa,Serie A,domestic_league,False,True
juan-roman-riquelme,Juan Román Riquelme,1978-06-24,Argentina,midfielder,AM,MID,retired,2002–03,2002,2003,split_year,24,30,3,1,1,Barcelona,La Liga,domestic_league,False,True
juan-roman-riquelme,Juan Román Riquelme,1978-06-24,Argentina,midfielder,AM,MID,retired,2003–04,2003,2004,split_year,25,33,8,1,1,Villarreal (loan),La Liga,domestic_league,False,True
juan-roman-riquelme,Juan Román Riquelme,1978-06-24,Argentina,midfielder,AM,MID,retired,2004–05,2004,2005,split_year,26,35,15,1,1,Villarreal (loan),La Liga,domestic_league,False,True
juan-roman-riquelme,Juan Román Riquelme,1978-06-24,Argentina,midfielder,AM,MID,retired,2005–06,2005,2006,split_year,27,25,12,1,1,Villarreal,La Liga,domestic_league,False,True
juan-roman-riquelme,Juan Román Riquelme,1978-06-24,Argentina,midfielder,AM,MID,retired,2006–07,2006,2007,split_year,28,13,1,1,1,Villarreal,La Liga,domestic_league,False,True
jude-bellingham,Jude Bellingham,2003-06-29,United Kingdom,midfielder,CM,MID,active,2019–20,2019,2020,split_year,16,41,4,1,1,Birmingham City,Championship,domestic_league,False,True
jude-bellingham,Jude Bellingham,2003-06-29,United Kingdom,midfielder,CM,MID,active,2020–21,2020,2021,split_year,17,29,1,1,1,Borussia Dortmund,Bundesliga,domestic_league,False,True
jude-bellingham,Jude Bellingham,2003-06-29,United Kingdom,midfielder,CM,MID,active,2021–22,2021,2022,split_year,18,32,3,1,1,Borussia Dortmund,Bundesliga,domestic_league,False,True
jude-bellingham,Jude Bellingham,2003-06-29,United Kingdom,midfielder,CM,MID,active,2022–23,2022,2023,split_year,19,31,8,1,1,Borussia Dortmund,Bundesliga,domestic_league,False,True
jude-bellingham,Jude Bellingham,2003-06-29,United Kingdom,midfielder,CM,MID,active,2023–24,2023,2024,split_year,20,28,19,1,1,Real Madrid,La Liga,domestic_league,False,True
jude-bellingham,Jude Bellingham,2003-06-29,United Kingdom,midfielder,CM,MID,active,2024–25,2024,2025,split_year,21,31,9,1,1,Real Madrid,La Liga,domestic_league,False,True
jude-bellingham,Jude Bellingham,2003-06-29,United Kingdom,midfielder,CM,MID,active,2025–26,2025,2026,split_year,22,28,6,1,1,Real Madrid,La Liga,domestic_league,False,True
jude-bellingham,Jude Bellingham,2003-06-29,United Kingdom,midfielder,CM,MID,active,2026–27,2026,2027,split_year,23,0,0,1,1,Real Madrid,La Liga,domestic_league,True,True
julian-alvarez,Julián Alvarez,2000-01-31,Argentina,forward,FW,FWD,active,2018–19,2018,2019,split_year,18,5,5,1,1,River Plate,Argentine Primera División,domestic_league,False,True
julian-alvarez,Julián Alvarez,2000-01-31,Argentina,forward,FW,FWD,active,2019–20,2019,2020,split_year,19,7,0,1,1,River Plate,Argentine Primera División,domestic_league,False,True
julian-alvarez,Julián Alvarez,2000-01-31,Argentina,forward,FW,FWD,active,2020,2020,2020,calendar_year,20,10,2,1,1,River Plate,Argentine Primera División,domestic_league,False,True
julian-alvarez,Julián Alvarez,2000-01-31,Argentina,forward,FW,FWD,active,2021,2021,2021,calendar_year,21,35,20,1,1,River Plate,Argentine Primera División,domestic_league,False,True
julian-alvarez,Julián Alvarez,2000-01-31,Argentina,forward,FW,FWD,active,2022,2022,2022,calendar_year,22,17,11,1,1,River Plate,Argentine Primera División,domestic_league,False,True
julian-alvarez,Julián Alvarez,2000-01-31,Argentina,forward,FW,FWD,active,2022–23,2022,2023,split_year,22,31,9,1,1,Manchester City,Premier League,domestic_league,False,True
julian-alvarez,Julián Alvarez,2000-01-31,Argentina,forward,FW,FWD,active,2023–24,2023,2024,split_year,23,36,11,1,1,Manchester City,Premier League,domestic_league,False,True
julian-alvarez,Julián Alvarez,2000-01-31,Argentina,forward,FW,FWD,active,2024–25,2024,2025,split_year,24,37,17,1,1,Atlético Madrid,La Liga,domestic_league,False,True
julian-alvarez,Julián Alvarez,2000-01-31,Argentina,forward,FW,FWD,active,2025–26,2025,2026,split_year,25,29,8,1,1,Atlético Madrid,La Liga,domestic_league,False,True
kaka,Kaká,1982-04-22,Brazil,midfielder,AM,MID,retired,2001,2001,2001,calendar_year,19,27,12,1,1,São Paulo,Série A,domestic_league,False,True
kaka,Kaká,1982-04-22,Brazil,midfielder,AM,MID,retired,2002,2002,2002,calendar_year,20,22,9,1,1,São Paulo,Série A,domestic_league,False,True
kaka,Kaká,1982-04-22,Brazil,midfielder,AM,MID,retired,2003,2003,2003,calendar_year,21,10,2,1,1,São Paulo,Série A,domestic_league,False,True
kaka,Kaká,1982-04-22,Brazil,midfielder,AM,MID,retired,2003–04,2003,2004,split_year,21,30,10,1,1,AC Milan,Serie A,domestic_league,False,True
kaka,Kaká,1982-04-22,Brazil,midfielder,AM,MID,retired,2004–05,2004,2005,split_year,22,36,7,1,1,AC Milan,Serie A,domestic_league,False,True
kaka,Kaká,1982-04-22,Brazil,midfielder,AM,MID,retired,2005–06,2005,2006,split_year,23,35,14,1,1,AC Milan,Serie A,domestic_league,False,True
kaka,Kaká,1982-04-22,Brazil,midfielder,AM,MID,retired,2006–07,2006,2007,split_year,24,31,8,1,1,AC Milan,Serie A,domestic_league,False,True
kaka,Kaká,1982-04-22,Brazil,midfielder,AM,MID,retired,2007–08,2007,2008,split_year,25,30,15,1,1,AC Milan,Serie A,domestic_league,False,True
kaka,Kaká,1982-04-22,Brazil,midfielder,AM,MID,retired,2008–09,2008,2009,split_year,26,31,16,1,1,AC Milan,Serie A,domestic_league,False,True
kaka,Kaká,1982-04-22,Brazil,midfielder,AM,MID,retired,2009–10,2009,2010,split_year,27,25,8,1,1,Real Madrid,La Liga,domestic_league,False,True
kaka,Kaká,1982-04-22,Brazil,midfielder,AM,MID,retired,2010–11,2010,2011,split_year,28,14,7,1,1,Real Madrid,La Liga,domestic_league,False,True
kaka,Kaká,1982-04-22,Brazil,midfielder,AM,MID,retired,2011–12,2011,2012,split_year,29,27,5,1,1,Real Madrid,La Liga,domestic_league,False,True
kaka,Kaká,1982-04-22,Brazil,midfielder,AM,MID,retired,2012–13,2012,2013,split_year,30,19,3,1,1,Real Madrid,La Liga,domestic_league,False,True
kaka,Kaká,1982-04-22,Brazil,midfielder,AM,MID,retired,2013–14,2013,2014,split_year,31,30,7,1,1,AC Milan,Serie A,domestic_league,False,True
kaka,Kaká,1982-04-22,Brazil,midfielder,AM,MID,retired,2014,2014,2014,calendar_year,32,19,2,1,1,São Paulo (loan),Série A,domestic_league,False,True
kaka,Kaká,1982-04-22,Brazil,midfielder,AM,MID,retired,2015,2015,2015,calendar_year,33,28,9,1,1,Orlando City SC,MLS,domestic_league,False,True
kaka,Kaká,1982-04-22,Brazil,midfielder,AM,MID,retired,2016,2016,2016,calendar_year,34,24,9,1,1,Orlando City SC,MLS,domestic_league,False,True
kaka,Kaká,1982-04-22,Brazil,midfielder,AM,MID,retired,2017,2017,2017,calendar_year,35,23,6,1,1,Orlando City SC,MLS,domestic_league,False,True
kalidou-koulibaly,Kalidou Koulibaly,1991-06-20,Senegal,centre-back,CB,DEF,active,2010–11,2010,2011,split_year,19,19,1,1,1,Metz,Ligue 2,domestic_league,False,True
kalidou-koulibaly,Kalidou Koulibaly,1991-06-20,Senegal,centre-back,CB,DEF,active,2011–12,2011,2012,split_year,20,22,0,1,1,Metz,Ligue 2,domestic_league,False,True
kalidou-koulibaly,Kalidou Koulibaly,1991-06-20,Senegal,centre-back,CB,DEF,active,2012–13,2012,2013,split_year,21,31,1,1,1,Genk,Belgian Pro League,domestic_league,False,True
kalidou-koulibaly,Kalidou Koulibaly,1991-06-20,Senegal,centre-back,CB,DEF,active,2013–14,2013,2014,split_year,22,33,2,1,1,Genk,Belgian Pro League,domestic_league,False,True
kalidou-koulibaly,Kalidou Koulibaly,1991-06-20,Senegal,centre-back,CB,DEF,active,2014–15,2014,2015,split_year,23,27,1,1,1,Napoli,Serie A,domestic_league,False,True
kalidou-koulibaly,Kalidou Koulibaly,1991-06-20,Senegal,centre-back,CB,DEF,active,2015–16,2015,2016,split_year,24,33,0,1,1,Napoli,Serie A,domestic_league,False,True
kalidou-koulibaly,Kalidou Koulibaly,1991-06-20,Senegal,centre-back,CB,DEF,active,2016–17,2016,2017,split_year,25,28,2,1,1,Napoli,Serie A,domestic_league,False,True
kalidou-koulibaly,Kalidou Koulibaly,1991-06-20,Senegal,centre-back,CB,DEF,active,2017–18,2017,2018,split_year,26,35,5,1,1,Napoli,Serie A,domestic_league,False,True
kalidou-koulibaly,Kalidou Koulibaly,1991-06-20,Senegal,centre-back,CB,DEF,active,2018–19,2018,2019,split_year,27,35,2,1,1,Napoli,Serie A,domestic_league,False,True
kalidou-koulibaly,Kalidou Koulibaly,1991-06-20,Senegal,centre-back,CB,DEF,active,2019–20,2019,2020,split_year,28,25,0,1,1,Napoli,Serie A,domestic_league,False,True
kalidou-koulibaly,Kalidou Koulibaly,1991-06-20,Senegal,centre-back,CB,DEF,active,2020–21,2020,2021,split_year,29,26,0,1,1,Napoli,Serie A,domestic_league,False,True
kalidou-koulibaly,Kalidou Koulibaly,1991-06-20,Senegal,centre-back,CB,DEF,active,2021–22,2021,2022,split_year,30,27,3,1,1,Napoli,Serie A,domestic_league,False,True
kalidou-koulibaly,Kalidou Koulibaly,1991-06-20,Senegal,centre-back,CB,DEF,active,2022–23,2022,2023,split_year,31,23,2,1,1,Chelsea,Premier League,domestic_league,False,True
kalidou-koulibaly,Kalidou Koulibaly,1991-06-20,Senegal,centre-back,CB,DEF,active,2023–24,2023,2024,split_year,32,30,2,1,1,Al-Hilal,Saudi Pro League,domestic_league,False,True
kalidou-koulibaly,Kalidou Koulibaly,1991-06-20,Senegal,centre-back,CB,DEF,active,2024–25,2024,2025,split_year,33,30,2,1,1,Al-Hilal,Saudi Pro League,domestic_league,False,True
kalidou-koulibaly,Kalidou Koulibaly,1991-06-20,Senegal,centre-back,CB,DEF,active,2025–26,2025,2026,split_year,34,18,1,1,1,Al-Hilal,Saudi Pro League,domestic_league,False,True
karim-benzema,Karim Benzema,1987-12-19,France,forward,FW,FWD,active,2004–05,2004,2005,split_year,17,6,0,1,1,Lyon,Ligue 1,domestic_league,False,True
karim-benzema,Karim Benzema,1987-12-19,France,forward,FW,FWD,active,2005–06,2005,2006,split_year,18,13,1,1,1,Lyon,Ligue 1,domestic_league,False,True
karim-benzema,Karim Benzema,1987-12-19,France,forward,FW,FWD,active,2006–07,2006,2007,split_year,19,21,5,1,1,Lyon,Ligue 1,domestic_league,False,True
karim-benzema,Karim Benzema,1987-12-19,France,forward,FW,FWD,active,2007–08,2007,2008,split_year,20,36,20,1,1,Lyon,Ligue 1,domestic_league,False,True
karim-benzema,Karim Benzema,1987-12-19,France,forward,FW,FWD,active,2008–09,2008,2009,split_year,21,36,17,1,1,Lyon,Ligue 1,domestic_league,False,True
karim-benzema,Karim Benzema,1987-12-19,France,forward,FW,FWD,active,2009–10,2009,2010,split_year,22,27,8,1,1,Real Madrid,La Liga,domestic_league,False,True
karim-benzema,Karim Benzema,1987-12-19,France,forward,FW,FWD,active,2010–11,2010,2011,split_year,23,33,15,1,1,Real Madrid,La Liga,domestic_league,False,True
karim-benzema,Karim Benzema,1987-12-19,France,forward,FW,FWD,active,2011–12,2011,2012,split_year,24,34,21,1,1,Real Madrid,La Liga,domestic_league,False,True
karim-benzema,Karim Benzema,1987-12-19,France,forward,FW,FWD,active,2012–13,2012,2013,split_year,25,30,11,1,1,Real Madrid,La Liga,domestic_league,False,True
karim-benzema,Karim Benzema,1987-12-19,France,forward,FW,FWD,active,2013–14,2013,2014,split_year,26,35,17,1,1,Real Madrid,La Liga,domestic_league,False,True
karim-benzema,Karim Benzema,1987-12-19,France,forward,FW,FWD,active,2014–15,2014,2015,split_year,27,29,15,1,1,Real Madrid,La Liga,domestic_league,False,True
karim-benzema,Karim Benzema,1987-12-19,France,forward,FW,FWD,active,2015–16,2015,2016,split_year,28,27,24,1,1,Real Madrid,La Liga,domestic_league,False,True
karim-benzema,Karim Benzema,1987-12-19,France,forward,FW,FWD,active,2016–17,2016,2017,split_year,29,29,11,1,1,Real Madrid,La Liga,domestic_league,False,True
karim-benzema,Karim Benzema,1987-12-19,France,forward,FW,FWD,active,2017–18,2017,2018,split_year,30,32,5,1,1,Real Madrid,La Liga,domestic_league,False,True
karim-benzema,Karim Benzema,1987-12-19,France,forward,FW,FWD,active,2018–19,2018,2019,split_year,31,36,21,1,1,Real Madrid,La Liga,domestic_league,False,True
karim-benzema,Karim Benzema,1987-12-19,France,forward,FW,FWD,active,2019–20,2019,2020,split_year,32,37,21,1,1,Real Madrid,La Liga,domestic_league,False,True
karim-benzema,Karim Benzema,1987-12-19,France,forward,FW,FWD,active,2020–21,2020,2021,split_year,33,34,23,1,1,Real Madrid,La Liga,domestic_league,False,True
karim-benzema,Karim Benzema,1987-12-19,France,forward,FW,FWD,active,2021–22,2021,2022,split_year,34,32,27,1,1,Real Madrid,La Liga,domestic_league,False,True
karim-benzema,Karim Benzema,1987-12-19,France,forward,FW,FWD,active,2022–23,2022,2023,split_year,35,24,19,1,1,Real Madrid,La Liga,domestic_league,False,True
karim-benzema,Karim Benzema,1987-12-19,France,forward,FW,FWD,active,2023–24,2023,2024,split_year,36,21,9,1,1,Al-Ittihad,Saudi Pro League,domestic_league,False,True
karim-benzema,Karim Benzema,1987-12-19,France,forward,FW,FWD,active,2024–25,2024,2025,split_year,37,29,21,1,1,Al-Ittihad,Saudi Pro League,domestic_league,False,True
karim-benzema,Karim Benzema,1987-12-19,France,forward,FW,FWD,active,2025–26,2025,2026,split_year,38,24,17,2,1,Al-Hilal; Al-Ittihad,Saudi Pro League,domestic_league,False,True
kevin-de-bruyne,Kevin De Bruyne,1991-06-28,Belgium,midfielder,CM,MID,active,2008–09,2008,2009,split_year,17,2,0,1,1,Genk,Belgian First Division,domestic_league,False,True
kevin-de-bruyne,Kevin De Bruyne,1991-06-28,Belgium,midfielder,CM,MID,active,2009–10,2009,2010,split_year,18,35,3,1,1,Genk,Belgian Pro League,domestic_league,False,True
kevin-de-bruyne,Kevin De Bruyne,1991-06-28,Belgium,midfielder,CM,MID,active,2010–11,2010,2011,split_year,19,32,5,1,1,Genk,Belgian Pro League,domestic_league,False,True
kevin-de-bruyne,Kevin De Bruyne,1991-06-28,Belgium,midfielder,CM,MID,active,2011–12,2011,2012,split_year,20,28,8,1,1,Genk,Belgian Pro League,domestic_league,False,True
kevin-de-bruyne,Kevin De Bruyne,1991-06-28,Belgium,midfielder,CM,MID,active,2012–13,2012,2013,split_year,21,33,10,2,2,Chelsea; Werder Bremen (loan),Premier League; Bundesliga,domestic_league,False,True
kevin-de-bruyne,Kevin De Bruyne,1991-06-28,Belgium,midfielder,CM,MID,active,2013–14,2013,2014,split_year,22,19,3,2,2,Chelsea; VfL Wolfsburg,Premier League; Bundesliga,domestic_league,False,True
kevin-de-bruyne,Kevin De Bruyne,1991-06-28,Belgium,midfielder,CM,MID,active,2014–15,2014,2015,split_year,23,34,10,1,1,VfL Wolfsburg,Bundesliga,domestic_league,False,True
kevin-de-bruyne,Kevin De Bruyne,1991-06-28,Belgium,midfielder,CM,MID,active,2015–16,2015,2016,split_year,24,27,7,2,2,Manchester City; VfL Wolfsburg,Premier League; Bundesliga,domestic_league,False,True
kevin-de-bruyne,Kevin De Bruyne,1991-06-28,Belgium,midfielder,CM,MID,active,2016–17,2016,2017,split_year,25,36,6,1,1,Manchester City,Premier League,domestic_league,False,True
kevin-de-bruyne,Kevin De Bruyne,1991-06-28,Belgium,midfielder,CM,MID,active,2017–18,2017,2018,split_year,26,37,8,1,1,Manchester City,Premier League,domestic_league,False,True
kevin-de-bruyne,Kevin De Bruyne,1991-06-28,Belgium,midfielder,CM,MID,active,2018–19,2018,2019,split_year,27,19,2,1,1,Manchester City,Premier League,domestic_league,False,True
kevin-de-bruyne,Kevin De Bruyne,1991-06-28,Belgium,midfielder,CM,MID,active,2019–20,2019,2020,split_year,28,35,13,1,1,Manchester City,Premier League,domestic_league,False,True
kevin-de-bruyne,Kevin De Bruyne,1991-06-28,Belgium,midfielder,CM,MID,active,2020–21,2020,2021,split_year,29,25,6,1,1,Manchester City,Premier League,domestic_league,False,True
kevin-de-bruyne,Kevin De Bruyne,1991-06-28,Belgium,midfielder,CM,MID,active,2021–22,2021,2022,split_year,30,30,15,1,1,Manchester City,Premier League,domestic_league,False,True
kevin-de-bruyne,Kevin De Bruyne,1991-06-28,Belgium,midfielder,CM,MID,active,2022–23,2022,2023,split_year,31,32,7,1,1,Manchester City,Premier League,domestic_league,False,True
kevin-de-bruyne,Kevin De Bruyne,1991-06-28,Belgium,midfielder,CM,MID,active,2023–24,2023,2024,split_year,32,18,4,1,1,Manchester City,Premier League,domestic_league,False,True
kevin-de-bruyne,Kevin De Bruyne,1991-06-28,Belgium,midfielder,CM,MID,active,2024–25,2024,2025,split_year,33,28,4,1,1,Manchester City,Premier League,domestic_league,False,True
kevin-de-bruyne,Kevin De Bruyne,1991-06-28,Belgium,midfielder,CM,MID,active,2025–26,2025,2026,split_year,34,18,5,1,1,Napoli,Serie A,domestic_league,False,True
khvicha-kvaratskhelia,Khvicha Kvaratskhelia,2001-02-12,Georgia,forward,WNG,WIDE,active,2017,2017,2017,calendar_year,16,4,1,1,1,Dinamo Tbilisi,Erovnuli Liga,domestic_league,False,True
khvicha-kvaratskhelia,Khvicha Kvaratskhelia,2001-02-12,Georgia,forward,WNG,WIDE,active,2018,2018,2018,calendar_year,17,18,3,1,1,Rustavi,Erovnuli Liga,domestic_league,False,True
khvicha-kvaratskhelia,Khvicha Kvaratskhelia,2001-02-12,Georgia,forward,WNG,WIDE,active,2018–19,2018,2019,split_year,17,7,1,1,1,Lokomotiv Moscow (loan),Russian Premier League,domestic_league,False,True
khvicha-kvaratskhelia,Khvicha Kvaratskhelia,2001-02-12,Georgia,forward,WNG,WIDE,active,2019–20,2019,2020,split_year,18,27,3,1,1,Rubin Kazan,Russian Premier League,domestic_league,False,True
khvicha-kvaratskhelia,Khvicha Kvaratskhelia,2001-02-12,Georgia,forward,WNG,WIDE,active,2020–21,2020,2021,split_year,19,23,4,1,1,Rubin Kazan,Russian Premier League,domestic_league,False,True
khvicha-kvaratskhelia,Khvicha Kvaratskhelia,2001-02-12,Georgia,forward,WNG,WIDE,active,2021–22,2021,2022,split_year,20,19,2,1,1,Rubin Kazan,Russian Premier League,domestic_league,False,True
khvicha-kvaratskhelia,Khvicha Kvaratskhelia,2001-02-12,Georgia,forward,WNG,WIDE,active,2022,2022,2022,calendar_year,21,11,8,1,1,Dinamo Batumi,Erovnuli Liga,domestic_league,False,True
khvicha-kvaratskhelia,Khvicha Kvaratskhelia,2001-02-12,Georgia,forward,WNG,WIDE,active,2022–23,2022,2023,split_year,21,34,12,1,1,Napoli,Serie A,domestic_league,False,True
khvicha-kvaratskhelia,Khvicha Kvaratskhelia,2001-02-12,Georgia,forward,WNG,WIDE,active,2023–24,2023,2024,split_year,22,34,11,1,1,Napoli,Serie A,domestic_league,False,True
khvicha-kvaratskhelia,Khvicha Kvaratskhelia,2001-02-12,Georgia,forward,WNG,WIDE,active,2024–25,2024,2025,split_year,23,31,9,2,2,Napoli; Paris Saint-Germain,Serie A; Ligue 1,domestic_league,False,True
khvicha-kvaratskhelia,Khvicha Kvaratskhelia,2001-02-12,Georgia,forward,WNG,WIDE,active,2025–26,2025,2026,split_year,24,28,8,1,1,Paris Saint-Germain,Ligue 1,domestic_league,False,True
kieran-trippier,Kieran Trippier,1990-09-19,United Kingdom,full-back,FB,DEF,active,2009–10,2009,2010,split_year,19,3,0,2,2,Barnsley (loan); Manchester City,Championship; Premier League,domestic_league,False,True
kieran-trippier,Kieran Trippier,1990-09-19,United Kingdom,full-back,FB,DEF,active,2010–11,2010,2011,split_year,20,39,2,2,2,Barnsley (loan); Manchester City,Championship; Premier League,domestic_league,False,True
kieran-trippier,Kieran Trippier,1990-09-19,United Kingdom,full-back,FB,DEF,active,2011–12,2011,2012,split_year,21,46,3,1,1,Burnley,Championship,domestic_league,False,True
kieran-trippier,Kieran Trippier,1990-09-19,United Kingdom,full-back,FB,DEF,active,2012–13,2012,2013,split_year,22,45,0,1,1,Burnley,Championship,domestic_league,False,True
kieran-trippier,Kieran Trippier,1990-09-19,United Kingdom,full-back,FB,DEF,active,2013–14,2013,2014,split_year,23,41,2,1,1,Burnley,Championship,domestic_league,False,True
kieran-trippier,Kieran Trippier,1990-09-19,United Kingdom,full-back,FB,DEF,active,2014–15,2014,2015,split_year,24,38,0,1,1,Burnley,Premier League,domestic_league,False,True
kieran-trippier,Kieran Trippier,1990-09-19,United Kingdom,full-back,FB,DEF,active,2015–16,2015,2016,split_year,25,6,1,1,1,Tottenham Hotspur,Premier League,domestic_league,False,True
kieran-trippier,Kieran Trippier,1990-09-19,United Kingdom,full-back,FB,DEF,active,2016–17,2016,2017,split_year,26,12,0,1,1,Tottenham Hotspur,Premier League,domestic_league,False,True
kieran-trippier,Kieran Trippier,1990-09-19,United Kingdom,full-back,FB,DEF,active,2017–18,2017,2018,split_year,27,24,0,1,1,Tottenham Hotspur,Premier League,domestic_league,False,True
kieran-trippier,Kieran Trippier,1990-09-19,United Kingdom,full-back,FB,DEF,active,2018–19,2018,2019,split_year,28,27,1,1,1,Tottenham Hotspur,Premier League,domestic_league,False,True
kieran-trippier,Kieran Trippier,1990-09-19,United Kingdom,full-back,FB,DEF,active,2019–20,2019,2020,split_year,29,25,0,1,1,Atlético Madrid,La Liga,domestic_league,False,True
kieran-trippier,Kieran Trippier,1990-09-19,United Kingdom,full-back,FB,DEF,active,2020–21,2020,2021,split_year,30,28,0,1,1,Atlético Madrid,La Liga,domestic_league,False,True
kieran-trippier,Kieran Trippier,1990-09-19,United Kingdom,full-back,FB,DEF,active,2021–22,2021,2022,split_year,31,21,2,2,2,Atlético Madrid; Newcastle United,La Liga; Premier League,domestic_league,False,True
kieran-trippier,Kieran Trippier,1990-09-19,United Kingdom,full-back,FB,DEF,active,2022–23,2022,2023,split_year,32,38,1,1,1,Newcastle United,Premier League,domestic_league,False,True
kieran-trippier,Kieran Trippier,1990-09-19,United Kingdom,full-back,FB,DEF,active,2023–24,2023,2024,split_year,33,28,1,1,1,Newcastle United,Premier League,domestic_league,False,True
kieran-trippier,Kieran Trippier,1990-09-19,United Kingdom,full-back,FB,DEF,active,2024–25,2024,2025,split_year,34,25,0,1,1,Newcastle United,Premier League,domestic_league,False,True
kieran-trippier,Kieran Trippier,1990-09-19,United Kingdom,full-back,FB,DEF,active,2025–26,2025,2026,split_year,35,21,0,1,1,Newcastle United,Premier League,domestic_league,False,True
kieran-trippier,Kieran Trippier,1990-09-19,United Kingdom,full-back,FB,DEF,active,2026–27,2026,2027,split_year,36,0,0,1,1,Wolverhampton Wanderers,Championship,domestic_league,True,True
kingsley-coman,Kingsley Coman,1996-06-13,France,winger,WNG,WIDE,active,2012–13,2012,2013,split_year,16,1,0,1,1,Paris Saint-Germain,Ligue 1,domestic_league,False,True
kingsley-coman,Kingsley Coman,1996-06-13,France,winger,WNG,WIDE,active,2013–14,2013,2014,split_year,17,2,0,1,1,Paris Saint-Germain,Ligue 1,domestic_league,False,True
kingsley-coman,Kingsley Coman,1996-06-13,France,winger,WNG,WIDE,active,2014–15,2014,2015,split_year,18,14,0,1,1,Juventus,Serie A,domestic_league,False,True
kingsley-coman,Kingsley Coman,1996-06-13,France,winger,WNG,WIDE,active,2015–16,2015,2016,split_year,19,24,4,2,2,Bayern Munich (loan); Juventus,Bundesliga; Serie A,domestic_league,False,True
kingsley-coman,Kingsley Coman,1996-06-13,France,winger,WNG,WIDE,active,2016–17,2016,2017,split_year,20,19,2,1,1,Bayern Munich (loan),Bundesliga,domestic_league,False,True
kingsley-coman,Kingsley Coman,1996-06-13,France,winger,WNG,WIDE,active,2017–18,2017,2018,split_year,21,21,3,1,1,Bayern Munich,Bundesliga,domestic_league,False,True
kingsley-coman,Kingsley Coman,1996-06-13,France,winger,WNG,WIDE,active,2018–19,2018,2019,split_year,22,21,6,1,1,Bayern Munich,Bundesliga,domestic_league,False,True
kingsley-coman,Kingsley Coman,1996-06-13,France,winger,WNG,WIDE,active,2019–20,2019,2020,split_year,23,24,4,1,1,Bayern Munich,Bundesliga,domestic_league,False,True
kingsley-coman,Kingsley Coman,1996-06-13,France,winger,WNG,WIDE,active,2020–21,2020,2021,split_year,24,29,5,1,1,Bayern Munich,Bundesliga,domestic_league,False,True
kingsley-coman,Kingsley Coman,1996-06-13,France,winger,WNG,WIDE,active,2021–22,2021,2022,split_year,25,21,6,1,1,Bayern Munich,Bundesliga,domestic_league,False,True
kingsley-coman,Kingsley Coman,1996-06-13,France,winger,WNG,WIDE,active,2022–23,2022,2023,split_year,26,24,8,1,1,Bayern Munich,Bundesliga,domestic_league,False,True
kingsley-coman,Kingsley Coman,1996-06-13,France,winger,WNG,WIDE,active,2023–24,2023,2024,split_year,27,17,3,1,1,Bayern Munich,Bundesliga,domestic_league,False,True
kingsley-coman,Kingsley Coman,1996-06-13,France,winger,WNG,WIDE,active,2024–25,2024,2025,split_year,28,28,5,1,1,Bayern Munich,Bundesliga,domestic_league,False,True
kingsley-coman,Kingsley Coman,1996-06-13,France,winger,WNG,WIDE,active,2025–26,2025,2026,split_year,29,30,10,1,1,Al-Nassr,Saudi Pro League,domestic_league,False,True
kyle-walker,Kyle Walker,1990-05-28,United Kingdom,full-back,FB,DEF,active,2008–09,2008,2009,split_year,18,11,0,2,2,Northampton Town (loan); Sheffield United,League One; Championship,domestic_league,False,True
kyle-walker,Kyle Walker,1990-05-28,United Kingdom,full-back,FB,DEF,active,2009–10,2009,2010,split_year,19,28,0,2,2,Sheffield United (loan); Tottenham Hotspur,Championship; Premier League,domestic_league,False,True
kyle-walker,Kyle Walker,1990-05-28,United Kingdom,full-back,FB,DEF,active,2010–11,2010,2011,split_year,20,36,1,3,2,Aston Villa (loan); Queens Park Rangers (loan); Tottenham Hotspur,Premier League; Championship,domestic_league,False,True
kyle-walker,Kyle Walker,1990-05-28,United Kingdom,full-back,FB,DEF,active,2011–12,2011,2012,split_year,21,37,2,1,1,Tottenham Hotspur,Premier League,domestic_league,False,True
kyle-walker,Kyle Walker,1990-05-28,United Kingdom,full-back,FB,DEF,active,2012–13,2012,2013,split_year,22,36,0,1,1,Tottenham Hotspur,Premier League,domestic_league,False,True
kyle-walker,Kyle Walker,1990-05-28,United Kingdom,full-back,FB,DEF,active,2013–14,2013,2014,split_year,23,26,1,1,1,Tottenham Hotspur,Premier League,domestic_league,False,True
kyle-walker,Kyle Walker,1990-05-28,United Kingdom,full-back,FB,DEF,active,2014–15,2014,2015,split_year,24,15,0,1,1,Tottenham Hotspur,Premier League,domestic_league,False,True
kyle-walker,Kyle Walker,1990-05-28,United Kingdom,full-back,FB,DEF,active,2015–16,2015,2016,split_year,25,33,1,1,1,Tottenham Hotspur,Premier League,domestic_league,False,True
kyle-walker,Kyle Walker,1990-05-28,United Kingdom,full-back,FB,DEF,active,2016–17,2016,2017,split_year,26,33,0,1,1,Tottenham Hotspur,Premier League,domestic_league,False,True
kyle-walker,Kyle Walker,1990-05-28,United Kingdom,full-back,FB,DEF,active,2017–18,2017,2018,split_year,27,32,0,1,1,Manchester City,Premier League,domestic_league,False,True
kyle-walker,Kyle Walker,1990-05-28,United Kingdom,full-back,FB,DEF,active,2018–19,2018,2019,split_year,28,33,1,1,1,Manchester City,Premier League,domestic_league,False,True
kyle-walker,Kyle Walker,1990-05-28,United Kingdom,full-back,FB,DEF,active,2019–20,2019,2020,split_year,29,29,1,1,1,Manchester City,Premier League,domestic_league,False,True
kyle-walker,Kyle Walker,1990-05-28,United Kingdom,full-back,FB,DEF,active,2020–21,2020,2021,split_year,30,24,1,1,1,Manchester City,Premier League,domestic_league,False,True
kyle-walker,Kyle Walker,1990-05-28,United Kingdom,full-back,FB,DEF,active,2021–22,2021,2022,split_year,31,20,0,1,1,Manchester City,Premier League,domestic_league,False,True
kyle-walker,Kyle Walker,1990-05-28,United Kingdom,full-back,FB,DEF,active,2022–23,2022,2023,split_year,32,27,0,1,1,Manchester City,Premier League,domestic_league,False,True
kyle-walker,Kyle Walker,1990-05-28,United Kingdom,full-back,FB,DEF,active,2023–24,2023,2024,split_year,33,32,0,1,1,Manchester City,Premier League,domestic_league,False,True
kyle-walker,Kyle Walker,1990-05-28,United Kingdom,full-back,FB,DEF,active,2024–25,2024,2025,split_year,34,26,0,2,2,AC Milan (loan); Manchester City,Serie A; Premier League,domestic_league,False,True
kyle-walker,Kyle Walker,1990-05-28,United Kingdom,full-back,FB,DEF,active,2025–26,2025,2026,split_year,35,36,0,1,1,Burnley,Premier League,domestic_league,False,True
kylian-mbappe,Kylian Mbappé,1998-12-20,France,forward,WNG,WIDE,active,2015–16,2015,2016,split_year,17,11,1,1,1,Monaco,Ligue 1,domestic_league,False,True
kylian-mbappe,Kylian Mbappé,1998-12-20,France,forward,WNG,WIDE,active,2016–17,2016,2017,split_year,18,29,15,1,1,Monaco,Ligue 1,domestic_league,False,True
kylian-mbappe,Kylian Mbappé,1998-12-20,France,forward,WNG,WIDE,active,2017–18,2017,2018,split_year,19,28,13,2,1,Monaco; Paris Saint-Germain (loan),Ligue 1,domestic_league,False,True
kylian-mbappe,Kylian Mbappé,1998-12-20,France,forward,WNG,WIDE,active,2018–19,2018,2019,split_year,20,29,33,1,1,Paris Saint-Germain,Ligue 1,domestic_league,False,True
kylian-mbappe,Kylian Mbappé,1998-12-20,France,forward,WNG,WIDE,active,2019–20,2019,2020,split_year,21,20,18,1,1,Paris Saint-Germain,Ligue 1,domestic_league,False,True
kylian-mbappe,Kylian Mbappé,1998-12-20,France,forward,WNG,WIDE,active,2020–21,2020,2021,split_year,22,31,27,1,1,Paris Saint-Germain,Ligue 1,domestic_league,False,True
kylian-mbappe,Kylian Mbappé,1998-12-20,France,forward,WNG,WIDE,active,2021–22,2021,2022,split_year,23,35,28,1,1,Paris Saint-Germain,Ligue 1,domestic_league,False,True
kylian-mbappe,Kylian Mbappé,1998-12-20,France,forward,WNG,WIDE,active,2022–23,2022,2023,split_year,24,34,29,1,1,Paris Saint-Germain,Ligue 1,domestic_league,False,True
kylian-mbappe,Kylian Mbappé,1998-12-20,France,forward,WNG,WIDE,active,2023–24,2023,2024,split_year,25,29,27,1,1,Paris Saint-Germain,Ligue 1,domestic_league,False,True
kylian-mbappe,Kylian Mbappé,1998-12-20,France,forward,WNG,WIDE,active,2024–25,2024,2025,split_year,26,34,31,1,1,Real Madrid,La Liga,domestic_league,False,True
kylian-mbappe,Kylian Mbappé,1998-12-20,France,forward,WNG,WIDE,active,2025–26,2025,2026,split_year,27,31,25,1,1,Real Madrid,La Liga,domestic_league,False,True
kylian-mbappe,Kylian Mbappé,1998-12-20,France,forward,WNG,WIDE,active,2026–27,2026,2027,split_year,28,0,0,1,1,Real Madrid,La Liga,domestic_league,True,True
lautaro-martinez,Lautaro Martínez,1997-08-22,Argentina,forward,FW,FWD,active,2015,2015,2015,calendar_year,18,1,0,1,1,Racing,Argentine Primera División,domestic_league,False,True
lautaro-martinez,Lautaro Martínez,1997-08-22,Argentina,forward,FW,FWD,active,2016,2016,2016,calendar_year,19,3,0,1,1,Racing,Argentine Primera División,domestic_league,False,True
lautaro-martinez,Lautaro Martínez,1997-08-22,Argentina,forward,FW,FWD,active,2016–17,2016,2017,split_year,19,23,9,1,1,Racing,Argentine Primera División,domestic_league,False,True
lautaro-martinez,Lautaro Martínez,1997-08-22,Argentina,forward,FW,FWD,active,2017–18,2017,2018,split_year,20,21,13,1,1,Racing,Argentine Primera División,domestic_league,False,True
lautaro-martinez,Lautaro Martínez,1997-08-22,Argentina,forward,FW,FWD,active,2018–19,2018,2019,split_year,21,27,6,1,1,Inter Milan,Serie A,domestic_league,False,True
lautaro-martinez,Lautaro Martínez,1997-08-22,Argentina,forward,FW,FWD,active,2019–20,2019,2020,split_year,22,35,14,1,1,Inter Milan,Serie A,domestic_league,False,True
lautaro-martinez,Lautaro Martínez,1997-08-22,Argentina,forward,FW,FWD,active,2020–21,2020,2021,split_year,23,38,17,1,1,Inter Milan,Serie A,domestic_league,False,True
lautaro-martinez,Lautaro Martínez,1997-08-22,Argentina,forward,FW,FWD,active,2021–22,2021,2022,split_year,24,35,21,1,1,Inter Milan,Serie A,domestic_league,False,True
lautaro-martinez,Lautaro Martínez,1997-08-22,Argentina,forward,FW,FWD,active,2022–23,2022,2023,split_year,25,38,21,1,1,Inter Milan,Serie A,domestic_league,False,True
lautaro-martinez,Lautaro Martínez,1997-08-22,Argentina,forward,FW,FWD,active,2023–24,2023,2024,split_year,26,33,24,1,1,Inter Milan,Serie A,domestic_league,False,True
lautaro-martinez,Lautaro Martínez,1997-08-22,Argentina,forward,FW,FWD,active,2024–25,2024,2025,split_year,27,31,12,1,1,Inter Milan,Serie A,domestic_league,False,True
lautaro-martinez,Lautaro Martínez,1997-08-22,Argentina,forward,FW,FWD,active,2025–26,2025,2026,split_year,28,30,17,1,1,Inter Milan,Serie A,domestic_league,False,True
leonardo-bonucci,Leonardo Bonucci,1987-05-01,Italy,centre-back,CB,DEF,inactive,2005–06,2005,2006,split_year,18,1,0,1,1,Inter Milan (loan),Serie A,domestic_league,False,True
leonardo-bonucci,Leonardo Bonucci,1987-05-01,Italy,centre-back,CB,DEF,inactive,2006–07,2006,2007,split_year,19,0,0,1,1,Inter Milan,Serie A,domestic_league,False,True
leonardo-bonucci,Leonardo Bonucci,1987-05-01,Italy,centre-back,CB,DEF,inactive,2007–08,2007,2008,split_year,20,27,2,1,1,Treviso (loan),Serie B,domestic_league,False,True
leonardo-bonucci,Leonardo Bonucci,1987-05-01,Italy,centre-back,CB,DEF,inactive,2008–09,2008,2009,split_year,21,31,3,2,1,Pisa (loan); Treviso (loan),Serie B,domestic_league,False,True
leonardo-bonucci,Leonardo Bonucci,1987-05-01,Italy,centre-back,CB,DEF,inactive,2009–10,2009,2010,split_year,22,38,1,1,1,Bari,Serie A,domestic_league,False,True
leonardo-bonucci,Leonardo Bonucci,1987-05-01,Italy,centre-back,CB,DEF,inactive,2010–11,2010,2011,split_year,23,34,2,1,1,Juventus,Serie A,domestic_league,False,True
leonardo-bonucci,Leonardo Bonucci,1987-05-01,Italy,centre-back,CB,DEF,inactive,2011–12,2011,2012,split_year,24,32,2,1,1,Juventus,Serie A,domestic_league,False,True
leonardo-bonucci,Leonardo Bonucci,1987-05-01,Italy,centre-back,CB,DEF,inactive,2012–13,2012,2013,split_year,25,33,0,1,1,Juventus,Serie A,domestic_league,False,True
leonardo-bonucci,Leonardo Bonucci,1987-05-01,Italy,centre-back,CB,DEF,inactive,2013–14,2013,2014,split_year,26,29,2,1,1,Juventus,Serie A,domestic_league,False,True
leonardo-bonucci,Leonardo Bonucci,1987-05-01,Italy,centre-back,CB,DEF,inactive,2014–15,2014,2015,split_year,27,34,3,1,1,Juventus,Serie A,domestic_league,False,True
leonardo-bonucci,Leonardo Bonucci,1987-05-01,Italy,centre-back,CB,DEF,inactive,2015–16,2015,2016,split_year,28,36,3,1,1,Juventus,Serie A,domestic_league,False,True
leonardo-bonucci,Leonardo Bonucci,1987-05-01,Italy,centre-back,CB,DEF,inactive,2016–17,2016,2017,split_year,29,29,3,1,1,Juventus,Serie A,domestic_league,False,True
leonardo-bonucci,Leonardo Bonucci,1987-05-01,Italy,centre-back,CB,DEF,inactive,2017–18,2017,2018,split_year,30,35,2,1,1,AC Milan,Serie A,domestic_league,False,True
leonardo-bonucci,Leonardo Bonucci,1987-05-01,Italy,centre-back,CB,DEF,inactive,2018–19,2018,2019,split_year,31,29,3,1,1,Juventus,Serie A,domestic_league,False,True
leonardo-bonucci,Leonardo Bonucci,1987-05-01,Italy,centre-back,CB,DEF,inactive,2019–20,2019,2020,split_year,32,35,3,1,1,Juventus,Serie A,domestic_league,False,True
leonardo-bonucci,Leonardo Bonucci,1987-05-01,Italy,centre-back,CB,DEF,inactive,2020–21,2020,2021,split_year,33,26,2,1,1,Juventus,Serie A,domestic_league,False,True
leonardo-bonucci,Leonardo Bonucci,1987-05-01,Italy,centre-back,CB,DEF,inactive,2021–22,2021,2022,split_year,34,24,5,1,1,Juventus,Serie A,domestic_league,False,True
leonardo-bonucci,Leonardo Bonucci,1987-05-01,Italy,centre-back,CB,DEF,inactive,2022–23,2022,2023,split_year,35,16,1,1,1,Juventus,Serie A,domestic_league,False,True
leonardo-bonucci,Leonardo Bonucci,1987-05-01,Italy,centre-back,CB,DEF,inactive,2023–24,2023,2024,split_year,36,15,1,2,2,Fenerbahçe; Union Berlin,Süper Lig; Bundesliga,domestic_league,False,True
leroy-sane,Leroy Sané,1996-01-11,Germany,winger,WNG,WIDE,active,2013–14,2013,2014,split_year,17,1,0,1,1,Schalke 04,Bundesliga,domestic_league,False,True
leroy-sane,Leroy Sané,1996-01-11,Germany,winger,WNG,WIDE,active,2014–15,2014,2015,split_year,18,13,3,1,1,Schalke 04,Bundesliga,domestic_league,False,True
leroy-sane,Leroy Sané,1996-01-11,Germany,winger,WNG,WIDE,active,2015–16,2015,2016,split_year,19,33,8,1,1,Schalke 04,Bundesliga,domestic_league,False,True
leroy-sane,Leroy Sané,1996-01-11,Germany,winger,WNG,WIDE,active,2016–17,2016,2017,split_year,20,26,5,1,1,Manchester City,Premier League,domestic_league,False,True
leroy-sane,Leroy Sané,1996-01-11,Germany,winger,WNG,WIDE,active,2017–18,2017,2018,split_year,21,32,10,1,1,Manchester City,Premier League,domestic_league,False,True
leroy-sane,Leroy Sané,1996-01-11,Germany,winger,WNG,WIDE,active,2018–19,2018,2019,split_year,22,31,10,1,1,Manchester City,Premier League,domestic_league,False,True
leroy-sane,Leroy Sané,1996-01-11,Germany,winger,WNG,WIDE,active,2019–20,2019,2020,split_year,23,1,0,1,1,Manchester City,Premier League,domestic_league,False,True
leroy-sane,Leroy Sané,1996-01-11,Germany,winger,WNG,WIDE,active,2020–21,2020,2021,split_year,24,32,6,1,1,Bayern Munich,Bundesliga,domestic_league,False,True
leroy-sane,Leroy Sané,1996-01-11,Germany,winger,WNG,WIDE,active,2021–22,2021,2022,split_year,25,32,7,1,1,Bayern Munich,Bundesliga,domestic_league,False,True
leroy-sane,Leroy Sané,1996-01-11,Germany,winger,WNG,WIDE,active,2022–23,2022,2023,split_year,26,32,8,1,1,Bayern Munich,Bundesliga,domestic_league,False,True
leroy-sane,Leroy Sané,1996-01-11,Germany,winger,WNG,WIDE,active,2023–24,2023,2024,split_year,27,27,8,1,1,Bayern Munich,Bundesliga,domestic_league,False,True
leroy-sane,Leroy Sané,1996-01-11,Germany,winger,WNG,WIDE,active,2024–25,2024,2025,split_year,28,30,11,1,1,Bayern Munich,Bundesliga,domestic_league,False,True
leroy-sane,Leroy Sané,1996-01-11,Germany,winger,WNG,WIDE,active,2025–26,2025,2026,split_year,29,28,7,1,1,Galatasaray,Süper Lig,domestic_league,False,True
lionel-messi,Lionel Messi,1987-06-24,Argentina,forward,WNG,WIDE,active,2004–05,2004,2005,split_year,17,7,1,1,1,Barcelona,La Liga,domestic_league,False,True
lionel-messi,Lionel Messi,1987-06-24,Argentina,forward,WNG,WIDE,active,2005–06,2005,2006,split_year,18,17,6,1,1,Barcelona,La Liga,domestic_league,False,True
lionel-messi,Lionel Messi,1987-06-24,Argentina,forward,WNG,WIDE,active,2006–07,2006,2007,split_year,19,26,14,1,1,Barcelona,La Liga,domestic_league,False,True
lionel-messi,Lionel Messi,1987-06-24,Argentina,forward,WNG,WIDE,active,2007–08,2007,2008,split_year,20,28,10,1,1,Barcelona,La Liga,domestic_league,False,True
lionel-messi,Lionel Messi,1987-06-24,Argentina,forward,WNG,WIDE,active,2008–09,2008,2009,split_year,21,31,23,1,1,Barcelona,La Liga,domestic_league,False,True
lionel-messi,Lionel Messi,1987-06-24,Argentina,forward,WNG,WIDE,active,2009–10,2009,2010,split_year,22,35,34,1,1,Barcelona,La Liga,domestic_league,False,True
lionel-messi,Lionel Messi,1987-06-24,Argentina,forward,WNG,WIDE,active,2010–11,2010,2011,split_year,23,33,31,1,1,Barcelona,La Liga,domestic_league,False,True
lionel-messi,Lionel Messi,1987-06-24,Argentina,forward,WNG,WIDE,active,2011–12,2011,2012,split_year,24,37,50,1,1,Barcelona,La Liga,domestic_league,False,True
lionel-messi,Lionel Messi,1987-06-24,Argentina,forward,WNG,WIDE,active,2012–13,2012,2013,split_year,25,32,46,1,1,Barcelona,La Liga,domestic_league,False,True
lionel-messi,Lionel Messi,1987-06-24,Argentina,forward,WNG,WIDE,active,2013–14,2013,2014,split_year,26,31,28,1,1,Barcelona,La Liga,domestic_league,False,True
lionel-messi,Lionel Messi,1987-06-24,Argentina,forward,WNG,WIDE,active,2014–15,2014,2015,split_year,27,38,43,1,1,Barcelona,La Liga,domestic_league,False,True
lionel-messi,Lionel Messi,1987-06-24,Argentina,forward,WNG,WIDE,active,2015–16,2015,2016,split_year,28,33,26,1,1,Barcelona,La Liga,domestic_league,False,True
lionel-messi,Lionel Messi,1987-06-24,Argentina,forward,WNG,WIDE,active,2016–17,2016,2017,split_year,29,34,37,1,1,Barcelona,La Liga,domestic_league,False,True
lionel-messi,Lionel Messi,1987-06-24,Argentina,forward,WNG,WIDE,active,2017–18,2017,2018,split_year,30,36,34,1,1,Barcelona,La Liga,domestic_league,False,True
lionel-messi,Lionel Messi,1987-06-24,Argentina,forward,WNG,WIDE,active,2018–19,2018,2019,split_year,31,34,36,1,1,Barcelona,La Liga,domestic_league,False,True
lionel-messi,Lionel Messi,1987-06-24,Argentina,forward,WNG,WIDE,active,2019–20,2019,2020,split_year,32,33,25,1,1,Barcelona,La Liga,domestic_league,False,True
lionel-messi,Lionel Messi,1987-06-24,Argentina,forward,WNG,WIDE,active,2020–21,2020,2021,split_year,33,35,30,1,1,Barcelona,La Liga,domestic_league,False,True
lionel-messi,Lionel Messi,1987-06-24,Argentina,forward,WNG,WIDE,active,2021–22,2021,2022,split_year,34,26,6,1,1,Paris Saint-Germain,Ligue 1,domestic_league,False,True
lionel-messi,Lionel Messi,1987-06-24,Argentina,forward,WNG,WIDE,active,2022–23,2022,2023,split_year,35,32,16,1,1,Paris Saint-Germain,Ligue 1,domestic_league,False,True
lionel-messi,Lionel Messi,1987-06-24,Argentina,forward,WNG,WIDE,active,2023,2023,2023,calendar_year,36,6,1,1,1,Inter Miami,MLS,domestic_league,False,True
lionel-messi,Lionel Messi,1987-06-24,Argentina,forward,WNG,WIDE,active,2024,2024,2024,calendar_year,37,19,20,1,1,Inter Miami,MLS,domestic_league,False,True
lionel-messi,Lionel Messi,1987-06-24,Argentina,forward,WNG,WIDE,active,2025,2025,2025,calendar_year,38,28,29,1,1,Inter Miami,MLS,domestic_league,False,True
lionel-messi,Lionel Messi,1987-06-24,Argentina,forward,WNG,WIDE,active,2026,2026,2026,calendar_year,39,14,12,1,1,Inter Miami,MLS,domestic_league,True,True
luis-figo,Luís Figo,1972-11-04,Portugal,wing half,WNG,WIDE,retired,1989–90,1989,1990,split_year,17,3,0,1,1,Sporting CP,Primeira Divisão,domestic_league,False,True
luis-figo,Luís Figo,1972-11-04,Portugal,wing half,WNG,WIDE,retired,1990–91,1990,1991,split_year,18,0,0,1,1,Sporting CP,Primeira Divisão,domestic_league,False,True
luis-figo,Luís Figo,1972-11-04,Portugal,wing half,WNG,WIDE,retired,1991–92,1991,1992,split_year,19,34,1,1,1,Sporting CP,Primeira Divisão,domestic_league,False,True
luis-figo,Luís Figo,1972-11-04,Portugal,wing half,WNG,WIDE,retired,1992–93,1992,1993,split_year,20,32,0,1,1,Sporting CP,Primeira Divisão,domestic_league,False,True
luis-figo,Luís Figo,1972-11-04,Portugal,wing half,WNG,WIDE,retired,1993–94,1993,1994,split_year,21,31,8,1,1,Sporting CP,Primeira Divisão,domestic_league,False,True
luis-figo,Luís Figo,1972-11-04,Portugal,wing half,WNG,WIDE,retired,1994–95,1994,1995,split_year,22,29,7,1,1,Sporting CP,Primeira Divisão,domestic_league,False,True
luis-figo,Luís Figo,1972-11-04,Portugal,wing half,WNG,WIDE,retired,1995–96,1995,1996,split_year,23,35,5,1,1,Barcelona,La Liga,domestic_league,False,True
luis-figo,Luís Figo,1972-11-04,Portugal,wing half,WNG,WIDE,retired,1996–97,1996,1997,split_year,24,36,4,1,1,Barcelona,La Liga,domestic_league,False,True
luis-figo,Luís Figo,1972-11-04,Portugal,wing half,WNG,WIDE,retired,1997–98,1997,1998,split_year,25,35,5,1,1,Barcelona,La Liga,domestic_league,False,True
luis-figo,Luís Figo,1972-11-04,Portugal,wing half,WNG,WIDE,retired,1998–99,1998,1999,split_year,26,34,7,1,1,Barcelona,La Liga,domestic_league,False,True
luis-figo,Luís Figo,1972-11-04,Portugal,wing half,WNG,WIDE,retired,1999–2000,1999,2000,split_year,27,32,9,1,1,Barcelona,La Liga,domestic_league,False,True
luis-figo,Luís Figo,1972-11-04,Portugal,wing half,WNG,WIDE,retired,2000–01,2000,2001,split_year,28,34,9,1,1,Real Madrid,La Liga,domestic_league,False,True
luis-figo,Luís Figo,1972-11-04,Portugal,wing half,WNG,WIDE,retired,2001–02,2001,2002,split_year,29,28,7,1,1,Real Madrid,La Liga,domestic_league,False,True
luis-figo,Luís Figo,1972-11-04,Portugal,wing half,WNG,WIDE,retired,2002–03,2002,2003,split_year,30,33,10,1,1,Real Madrid,La Liga,domestic_league,False,True
luis-figo,Luís Figo,1972-11-04,Portugal,wing half,WNG,WIDE,retired,2003–04,2003,2004,split_year,31,36,9,1,1,Real Madrid,La Liga,domestic_league,False,True
luis-figo,Luís Figo,1972-11-04,Portugal,wing half,WNG,WIDE,retired,2004–05,2004,2005,split_year,32,33,3,1,1,Real Madrid,La Liga,domestic_league,False,True
luis-figo,Luís Figo,1972-11-04,Portugal,wing half,WNG,WIDE,retired,2005–06,2005,2006,split_year,33,34,5,1,1,Inter Milan,Serie A,domestic_league,False,True
luis-figo,Luís Figo,1972-11-04,Portugal,wing half,WNG,WIDE,retired,2006–07,2006,2007,split_year,34,32,2,1,1,Inter Milan,Serie A,domestic_league,False,True
luis-figo,Luís Figo,1972-11-04,Portugal,wing half,WNG,WIDE,retired,2007–08,2007,2008,split_year,35,17,1,1,1,Inter Milan,Serie A,domestic_league,False,True
luis-figo,Luís Figo,1972-11-04,Portugal,wing half,WNG,WIDE,retired,2008–09,2008,2009,split_year,36,22,1,1,1,Inter Milan,Serie A,domestic_league,False,True
luis-suarez,Luis Suárez,1987-01-24,Uruguay,forward,FW,FWD,active,2005,2005,2005,calendar_year,18,0,0,1,1,Nacional,Uruguayan Primera División,domestic_league,False,True
luis-suarez,Luis Suárez,1987-01-24,Uruguay,forward,FW,FWD,active,2005–06,2005,2006,split_year,18,27,10,1,1,Nacional,Uruguayan Primera División,domestic_league,False,True
luis-suarez,Luis Suárez,1987-01-24,Uruguay,forward,FW,FWD,active,2006–07,2006,2007,split_year,19,29,10,1,1,Groningen,Eredivisie,domestic_league,False,True
luis-suarez,Luis Suárez,1987-01-24,Uruguay,forward,FW,FWD,active,2007–08,2007,2008,split_year,20,33,17,1,1,Ajax,Eredivisie,domestic_league,False,True
luis-suarez,Luis Suárez,1987-01-24,Uruguay,forward,FW,FWD,active,2008–09,2008,2009,split_year,21,31,22,1,1,Ajax,Eredivisie,domestic_league,False,True
luis-suarez,Luis Suárez,1987-01-24,Uruguay,forward,FW,FWD,active,2009–10,2009,2010,split_year,22,33,35,1,1,Ajax,Eredivisie,domestic_league,False,True
luis-suarez,Luis Suárez,1987-01-24,Uruguay,forward,FW,FWD,active,2010–11,2010,2011,split_year,23,26,11,2,2,Ajax; Liverpool,Eredivisie; Premier League,domestic_league,False,True
luis-suarez,Luis Suárez,1987-01-24,Uruguay,forward,FW,FWD,active,2011–12,2011,2012,split_year,24,31,11,1,1,Liverpool,Premier League,domestic_league,False,True
luis-suarez,Luis Suárez,1987-01-24,Uruguay,forward,FW,FWD,active,2012–13,2012,2013,split_year,25,33,23,1,1,Liverpool,Premier League,domestic_league,False,True
luis-suarez,Luis Suárez,1987-01-24,Uruguay,forward,FW,FWD,active,2013–14,2013,2014,split_year,26,33,31,1,1,Liverpool,Premier League,domestic_league,False,True
luis-suarez,Luis Suárez,1987-01-24,Uruguay,forward,FW,FWD,active,2014–15,2014,2015,split_year,27,27,16,1,1,Barcelona,La Liga,domestic_league,False,True
luis-suarez,Luis Suárez,1987-01-24,Uruguay,forward,FW,FWD,active,2015–16,2015,2016,split_year,28,35,40,1,1,Barcelona,La Liga,domestic_league,False,True
luis-suarez,Luis Suárez,1987-01-24,Uruguay,forward,FW,FWD,active,2016–17,2016,2017,split_year,29,35,29,1,1,Barcelona,La Liga,domestic_league,False,True
luis-suarez,Luis Suárez,1987-01-24,Uruguay,forward,FW,FWD,active,2017–18,2017,2018,split_year,30,33,25,1,1,Barcelona,La Liga,domestic_league,False,True
luis-suarez,Luis Suárez,1987-01-24,Uruguay,forward,FW,FWD,active,2018–19,2018,2019,split_year,31,33,21,1,1,Barcelona,La Liga,domestic_league,False,True
luis-suarez,Luis Suárez,1987-01-24,Uruguay,forward,FW,FWD,active,2019–20,2019,2020,split_year,32,28,16,1,1,Barcelona,La Liga,domestic_league,False,True
luis-suarez,Luis Suárez,1987-01-24,Uruguay,forward,FW,FWD,active,2020–21,2020,2021,split_year,33,32,21,1,1,Atlético Madrid,La Liga,domestic_league,False,True
luis-suarez,Luis Suárez,1987-01-24,Uruguay,forward,FW,FWD,active,2021–22,2021,2022,split_year,34,35,11,1,1,Atlético Madrid,La Liga,domestic_league,False,True
luis-suarez,Luis Suárez,1987-01-24,Uruguay,forward,FW,FWD,active,2022,2022,2022,calendar_year,35,14,8,1,1,Nacional,Uruguayan Primera División,domestic_league,False,True
luis-suarez,Luis Suárez,1987-01-24,Uruguay,forward,FW,FWD,active,2023,2023,2023,calendar_year,36,33,17,1,1,Grêmio,Série A,domestic_league,False,True
luis-suarez,Luis Suárez,1987-01-24,Uruguay,forward,FW,FWD,active,2024,2024,2024,calendar_year,37,27,20,1,1,Inter Miami,MLS,domestic_league,False,True
luis-suarez,Luis Suárez,1987-01-24,Uruguay,forward,FW,FWD,active,2025,2025,2025,calendar_year,38,28,10,1,1,Inter Miami,MLS,domestic_league,False,True
luis-suarez,Luis Suárez,1987-01-24,Uruguay,forward,FW,FWD,active,2026,2026,2026,calendar_year,39,14,10,1,1,Inter Miami,MLS,domestic_league,True,True
luka-modric,Luka Modrić,1985-09-09,Croatia,central midfielder,CM,MID,active,2003–04,2003,2004,split_year,18,25,8,2,2,Dinamo Zagreb; Zrinjski Mostar (loan),Prva HNL; Bosnian Premier League,domestic_league,False,True
luka-modric,Luka Modrić,1985-09-09,Croatia,central midfielder,CM,MID,active,2004–05,2004,2005,split_year,19,25,4,2,1,Dinamo Zagreb; Inter Zaprešić (loan),Prva HNL,domestic_league,False,True
luka-modric,Luka Modrić,1985-09-09,Croatia,central midfielder,CM,MID,active,2005–06,2005,2006,split_year,20,32,7,1,1,Dinamo Zagreb,Prva HNL,domestic_league,False,True
luka-modric,Luka Modrić,1985-09-09,Croatia,central midfielder,CM,MID,active,2006–07,2006,2007,split_year,21,30,6,1,1,Dinamo Zagreb,Prva HNL,domestic_league,False,True
luka-modric,Luka Modrić,1985-09-09,Croatia,central midfielder,CM,MID,active,2007–08,2007,2008,split_year,22,25,13,1,1,Dinamo Zagreb,Prva HNL,domestic_league,False,True
luka-modric,Luka Modrić,1985-09-09,Croatia,central midfielder,CM,MID,active,2008–09,2008,2009,split_year,23,34,3,1,1,Tottenham Hotspur,Premier League,domestic_league,False,True
luka-modric,Luka Modrić,1985-09-09,Croatia,central midfielder,CM,MID,active,2009–10,2009,2010,split_year,24,25,3,1,1,Tottenham Hotspur,Premier League,domestic_league,False,True
luka-modric,Luka Modrić,1985-09-09,Croatia,central midfielder,CM,MID,active,2010–11,2010,2011,split_year,25,32,3,1,1,Tottenham Hotspur,Premier League,domestic_league,False,True
luka-modric,Luka Modrić,1985-09-09,Croatia,central midfielder,CM,MID,active,2011–12,2011,2012,split_year,26,36,4,1,1,Tottenham Hotspur,Premier League,domestic_league,False,True
luka-modric,Luka Modrić,1985-09-09,Croatia,central midfielder,CM,MID,active,2012–13,2012,2013,split_year,27,33,3,1,1,Real Madrid,La Liga,domestic_league,False,True
luka-modric,Luka Modrić,1985-09-09,Croatia,central midfielder,CM,MID,active,2013–14,2013,2014,split_year,28,34,1,1,1,Real Madrid,La Liga,domestic_league,False,True
luka-modric,Luka Modrić,1985-09-09,Croatia,central midfielder,CM,MID,active,2014–15,2014,2015,split_year,29,16,1,1,1,Real Madrid,La Liga,domestic_league,False,True
luka-modric,Luka Modrić,1985-09-09,Croatia,central midfielder,CM,MID,active,2015–16,2015,2016,split_year,30,32,2,1,1,Real Madrid,La Liga,domestic_league,False,True
luka-modric,Luka Modrić,1985-09-09,Croatia,central midfielder,CM,MID,active,2016–17,2016,2017,split_year,31,25,1,1,1,Real Madrid,La Liga,domestic_league,False,True
luka-modric,Luka Modrić,1985-09-09,Croatia,central midfielder,CM,MID,active,2017–18,2017,2018,split_year,32,26,1,1,1,Real Madrid,La Liga,domestic_league,False,True
luka-modric,Luka Modrić,1985-09-09,Croatia,central midfielder,CM,MID,active,2018–19,2018,2019,split_year,33,34,3,1,1,Real Madrid,La Liga,domestic_league,False,True
luka-modric,Luka Modrić,1985-09-09,Croatia,central midfielder,CM,MID,active,2019–20,2019,2020,split_year,34,31,3,1,1,Real Madrid,La Liga,domestic_league,False,True
luka-modric,Luka Modrić,1985-09-09,Croatia,central midfielder,CM,MID,active,2020–21,2020,2021,split_year,35,35,5,1,1,Real Madrid,La Liga,domestic_league,False,True
luka-modric,Luka Modrić,1985-09-09,Croatia,central midfielder,CM,MID,active,2021–22,2021,2022,split_year,36,28,2,1,1,Real Madrid,La Liga,domestic_league,False,True
luka-modric,Luka Modrić,1985-09-09,Croatia,central midfielder,CM,MID,active,2022–23,2022,2023,split_year,37,33,4,1,1,Real Madrid,La Liga,domestic_league,False,True
luka-modric,Luka Modrić,1985-09-09,Croatia,central midfielder,CM,MID,active,2023–24,2023,2024,split_year,38,32,2,1,1,Real Madrid,La Liga,domestic_league,False,True
luka-modric,Luka Modrić,1985-09-09,Croatia,central midfielder,CM,MID,active,2024–25,2024,2025,split_year,39,35,2,1,1,Real Madrid,La Liga,domestic_league,False,True
luka-modric,Luka Modrić,1985-09-09,Croatia,central midfielder,CM,MID,active,2025–26,2025,2026,split_year,40,34,2,1,1,AC Milan,Serie A,domestic_league,False,True
luka-modric,Luka Modrić,1985-09-09,Croatia,central midfielder,CM,MID,active,2026–27,2026,2027,split_year,41,0,0,1,1,AC Milan,Serie A,domestic_league,True,True
maicon-footballer-born-1981,"Maicon (footballer, born 1981)",1981-07-26,Brazil,full-back,FB,DEF,retired,2000,2000,2000,calendar_year,19,0,0,1,1,Cruzeiro,Série A,domestic_league,False,True
maicon-footballer-born-1981,"Maicon (footballer, born 1981)",1981-07-26,Brazil,full-back,FB,DEF,retired,2001,2001,2001,calendar_year,20,18,0,1,1,Cruzeiro,Série A,domestic_league,False,True
maicon-footballer-born-1981,"Maicon (footballer, born 1981)",1981-07-26,Brazil,full-back,FB,DEF,retired,2002,2002,2002,calendar_year,21,19,1,1,1,Cruzeiro,Série A,domestic_league,False,True
maicon-footballer-born-1981,"Maicon (footballer, born 1981)",1981-07-26,Brazil,full-back,FB,DEF,retired,2003,2003,2003,calendar_year,22,12,0,1,1,Cruzeiro,Série A,domestic_league,False,True
maicon-footballer-born-1981,"Maicon (footballer, born 1981)",1981-07-26,Brazil,full-back,FB,DEF,retired,2004,2004,2004,calendar_year,23,8,0,1,1,Cruzeiro,Série A,domestic_league,False,True
maicon-footballer-born-1981,"Maicon (footballer, born 1981)",1981-07-26,Brazil,full-back,FB,DEF,retired,2004–05,2004,2005,split_year,23,30,4,1,1,Monaco,Ligue 1,domestic_league,False,True
maicon-footballer-born-1981,"Maicon (footballer, born 1981)",1981-07-26,Brazil,full-back,FB,DEF,retired,2005–06,2005,2006,split_year,24,28,1,1,1,Monaco,Ligue 1,domestic_league,False,True
maicon-footballer-born-1981,"Maicon (footballer, born 1981)",1981-07-26,Brazil,full-back,FB,DEF,retired,2006–07,2006,2007,split_year,25,32,2,1,1,Inter Milan,Serie A,domestic_league,False,True
maicon-footballer-born-1981,"Maicon (footballer, born 1981)",1981-07-26,Brazil,full-back,FB,DEF,retired,2007–08,2007,2008,split_year,26,31,1,1,1,Inter Milan,Serie A,domestic_league,False,True
maicon-footballer-born-1981,"Maicon (footballer, born 1981)",1981-07-26,Brazil,full-back,FB,DEF,retired,2008–09,2008,2009,split_year,27,29,4,1,1,Inter Milan,Serie A,domestic_league,False,True
maicon-footballer-born-1981,"Maicon (footballer, born 1981)",1981-07-26,Brazil,full-back,FB,DEF,retired,2009–10,2009,2010,split_year,28,33,6,1,1,Inter Milan,Serie A,domestic_league,False,True
maicon-footballer-born-1981,"Maicon (footballer, born 1981)",1981-07-26,Brazil,full-back,FB,DEF,retired,2010–11,2010,2011,split_year,29,28,1,1,1,Inter Milan,Serie A,domestic_league,False,True
maicon-footballer-born-1981,"Maicon (footballer, born 1981)",1981-07-26,Brazil,full-back,FB,DEF,retired,2011–12,2011,2012,split_year,30,24,2,1,1,Inter Milan,Serie A,domestic_league,False,True
maicon-footballer-born-1981,"Maicon (footballer, born 1981)",1981-07-26,Brazil,full-back,FB,DEF,retired,2012–13,2012,2013,split_year,31,9,0,2,2,Inter Milan; Manchester City,Serie A; Premier League,domestic_league,False,True
maicon-footballer-born-1981,"Maicon (footballer, born 1981)",1981-07-26,Brazil,full-back,FB,DEF,retired,2013–14,2013,2014,split_year,32,28,2,1,1,Roma,Serie A,domestic_league,False,True
maicon-footballer-born-1981,"Maicon (footballer, born 1981)",1981-07-26,Brazil,full-back,FB,DEF,retired,2014–15,2014,2015,split_year,33,14,1,1,1,Roma,Serie A,domestic_league,False,True
maicon-footballer-born-1981,"Maicon (footballer, born 1981)",1981-07-26,Brazil,full-back,FB,DEF,retired,2015–16,2015,2016,split_year,34,15,1,1,1,Roma,Serie A,domestic_league,False,True
maicon-footballer-born-1981,"Maicon (footballer, born 1981)",1981-07-26,Brazil,full-back,FB,DEF,retired,2017,2017,2017,calendar_year,36,9,1,1,1,Avaí,Série A,domestic_league,False,True
maicon-footballer-born-1981,"Maicon (footballer, born 1981)",1981-07-26,Brazil,full-back,FB,DEF,retired,2019,2019,2019,calendar_year,38,13,0,1,1,Criciúma,Série B,domestic_league,False,True
maicon-footballer-born-1981,"Maicon (footballer, born 1981)",1981-07-26,Brazil,full-back,FB,DEF,retired,2020,2020,2020,calendar_year,39,8,0,1,1,Villa Nova,Série D,domestic_league,False,True
maicon-footballer-born-1981,"Maicon (footballer, born 1981)",1981-07-26,Brazil,full-back,FB,DEF,retired,2021–22,2021,2022,split_year,40,1,0,1,1,Tre Penne,Campionato Sammarinese di Calcio,domestic_league,False,True
marcelo-footballer-born-1988,"Marcelo (footballer, born 1988)",1988-05-12,Brazil,full-back,FB,DEF,inactive,2005,2005,2005,calendar_year,17,1,0,1,1,Fluminense,Série A,domestic_league,False,True
marcelo-footballer-born-1988,"Marcelo (footballer, born 1988)",1988-05-12,Brazil,full-back,FB,DEF,inactive,2006,2006,2006,calendar_year,18,28,4,1,1,Fluminense,Série A,domestic_league,False,True
marcelo-footballer-born-1988,"Marcelo (footballer, born 1988)",1988-05-12,Brazil,full-back,FB,DEF,inactive,2006–07,2006,2007,split_year,18,6,0,1,1,Real Madrid,La Liga,domestic_league,False,True
marcelo-footballer-born-1988,"Marcelo (footballer, born 1988)",1988-05-12,Brazil,full-back,FB,DEF,inactive,2007–08,2007,2008,split_year,19,24,0,1,1,Real Madrid,La Liga,domestic_league,False,True
marcelo-footballer-born-1988,"Marcelo (footballer, born 1988)",1988-05-12,Brazil,full-back,FB,DEF,inactive,2008–09,2008,2009,split_year,20,27,4,1,1,Real Madrid,La Liga,domestic_league,False,True
marcelo-footballer-born-1988,"Marcelo (footballer, born 1988)",1988-05-12,Brazil,full-back,FB,DEF,inactive,2009–10,2009,2010,split_year,21,35,4,1,1,Real Madrid,La Liga,domestic_league,False,True
marcelo-footballer-born-1988,"Marcelo (footballer, born 1988)",1988-05-12,Brazil,full-back,FB,DEF,inactive,2010–11,2010,2011,split_year,22,32,3,1,1,Real Madrid,La Liga,domestic_league,False,True
marcelo-footballer-born-1988,"Marcelo (footballer, born 1988)",1988-05-12,Brazil,full-back,FB,DEF,inactive,2011–12,2011,2012,split_year,23,32,3,1,1,Real Madrid,La Liga,domestic_league,False,True
marcelo-footballer-born-1988,"Marcelo (footballer, born 1988)",1988-05-12,Brazil,full-back,FB,DEF,inactive,2012–13,2012,2013,split_year,24,14,0,1,1,Real Madrid,La Liga,domestic_league,False,True
marcelo-footballer-born-1988,"Marcelo (footballer, born 1988)",1988-05-12,Brazil,full-back,FB,DEF,inactive,2013–14,2013,2014,split_year,25,28,1,1,1,Real Madrid,La Liga,domestic_league,False,True
marcelo-footballer-born-1988,"Marcelo (footballer, born 1988)",1988-05-12,Brazil,full-back,FB,DEF,inactive,2014–15,2014,2015,split_year,26,34,2,1,1,Real Madrid,La Liga,domestic_league,False,True
marcelo-footballer-born-1988,"Marcelo (footballer, born 1988)",1988-05-12,Brazil,full-back,FB,DEF,inactive,2015–16,2015,2016,split_year,27,30,2,1,1,Real Madrid,La Liga,domestic_league,False,True
marcelo-footballer-born-1988,"Marcelo (footballer, born 1988)",1988-05-12,Brazil,full-back,FB,DEF,inactive,2016–17,2016,2017,split_year,28,30,2,1,1,Real Madrid,La Liga,domestic_league,False,True
marcelo-footballer-born-1988,"Marcelo (footballer, born 1988)",1988-05-12,Brazil,full-back,FB,DEF,inactive,2017–18,2017,2018,split_year,29,28,2,1,1,Real Madrid,La Liga,domestic_league,False,True
marcelo-footballer-born-1988,"Marcelo (footballer, born 1988)",1988-05-12,Brazil,full-back,FB,DEF,inactive,2018–19,2018,2019,split_year,30,23,2,1,1,Real Madrid,La Liga,domestic_league,False,True
marcelo-footballer-born-1988,"Marcelo (footballer, born 1988)",1988-05-12,Brazil,full-back,FB,DEF,inactive,2019–20,2019,2020,split_year,31,15,1,1,1,Real Madrid,La Liga,domestic_league,False,True
marcelo-footballer-born-1988,"Marcelo (footballer, born 1988)",1988-05-12,Brazil,full-back,FB,DEF,inactive,2020–21,2020,2021,split_year,32,16,0,1,1,Real Madrid,La Liga,domestic_league,False,True
marcelo-footballer-born-1988,"Marcelo (footballer, born 1988)",1988-05-12,Brazil,full-back,FB,DEF,inactive,2021–22,2021,2022,split_year,33,12,0,1,1,Real Madrid,La Liga,domestic_league,False,True
marcelo-footballer-born-1988,"Marcelo (footballer, born 1988)",1988-05-12,Brazil,full-back,FB,DEF,inactive,2022–23,2022,2023,split_year,34,5,0,1,1,Olympiacos,Super League Greece,domestic_league,False,True
marcelo-footballer-born-1988,"Marcelo (footballer, born 1988)",1988-05-12,Brazil,full-back,FB,DEF,inactive,2023,2023,2023,calendar_year,35,19,1,1,1,Fluminense,Série A,domestic_league,False,True
marcelo-footballer-born-1988,"Marcelo (footballer, born 1988)",1988-05-12,Brazil,full-back,FB,DEF,inactive,2024,2024,2024,calendar_year,36,17,1,1,1,Fluminense,Série A,domestic_league,False,True
marco-reus,Marco Reus,1989-05-31,Germany,wing half,AM,MID,active,2008–09,2008,2009,split_year,19,27,4,1,1,Rot Weiss Ahlen,2. Bundesliga,domestic_league,False,True
marco-reus,Marco Reus,1989-05-31,Germany,wing half,AM,MID,active,2009–10,2009,2010,split_year,20,33,8,1,1,Borussia Mönchengladbach,Bundesliga,domestic_league,False,True
marco-reus,Marco Reus,1989-05-31,Germany,wing half,AM,MID,active,2010–11,2010,2011,split_year,21,32,10,1,1,Borussia Mönchengladbach,Bundesliga,domestic_league,False,True
marco-reus,Marco Reus,1989-05-31,Germany,wing half,AM,MID,active,2011–12,2011,2012,split_year,22,32,18,1,1,Borussia Mönchengladbach,Bundesliga,domestic_league,False,True
marco-reus,Marco Reus,1989-05-31,Germany,wing half,AM,MID,active,2012–13,2012,2013,split_year,23,32,14,1,1,Borussia Dortmund,Bundesliga,domestic_league,False,True
marco-reus,Marco Reus,1989-05-31,Germany,wing half,AM,MID,active,2013–14,2013,2014,split_year,24,30,16,1,1,Borussia Dortmund,Bundesliga,domestic_league,False,True
marco-reus,Marco Reus,1989-05-31,Germany,wing half,AM,MID,active,2014–15,2014,2015,split_year,25,20,7,1,1,Borussia Dortmund,Bundesliga,domestic_league,False,True
marco-reus,Marco Reus,1989-05-31,Germany,wing half,AM,MID,active,2015–16,2015,2016,split_year,26,26,12,1,1,Borussia Dortmund,Bundesliga,domestic_league,False,True
marco-reus,Marco Reus,1989-05-31,Germany,wing half,AM,MID,active,2016–17,2016,2017,split_year,27,17,7,1,1,Borussia Dortmund,Bundesliga,domestic_league,False,True
marco-reus,Marco Reus,1989-05-31,Germany,wing half,AM,MID,active,2017–18,2017,2018,split_year,28,11,7,1,1,Borussia Dortmund,Bundesliga,domestic_league,False,True
marco-reus,Marco Reus,1989-05-31,Germany,wing half,AM,MID,active,2018–19,2018,2019,split_year,29,27,17,1,1,Borussia Dortmund,Bundesliga,domestic_league,False,True
marco-reus,Marco Reus,1989-05-31,Germany,wing half,AM,MID,active,2019–20,2019,2020,split_year,30,19,11,1,1,Borussia Dortmund,Bundesliga,domestic_league,False,True
marco-reus,Marco Reus,1989-05-31,Germany,wing half,AM,MID,active,2020–21,2020,2021,split_year,31,32,8,1,1,Borussia Dortmund,Bundesliga,domestic_league,False,True
marco-reus,Marco Reus,1989-05-31,Germany,wing half,AM,MID,active,2021–22,2021,2022,split_year,32,29,9,1,1,Borussia Dortmund,Bundesliga,domestic_league,False,True
marco-reus,Marco Reus,1989-05-31,Germany,wing half,AM,MID,active,2022–23,2022,2023,split_year,33,25,6,1,1,Borussia Dortmund,Bundesliga,domestic_league,False,True
marco-reus,Marco Reus,1989-05-31,Germany,wing half,AM,MID,active,2023–24,2023,2024,split_year,34,26,6,1,1,Borussia Dortmund,Bundesliga,domestic_league,False,True
marco-reus,Marco Reus,1989-05-31,Germany,wing half,AM,MID,active,2024,2024,2024,calendar_year,35,6,1,1,1,LA Galaxy,MLS,domestic_league,False,True
marco-reus,Marco Reus,1989-05-31,Germany,wing half,AM,MID,active,2025,2025,2025,calendar_year,36,21,5,1,1,LA Galaxy,MLS,domestic_league,False,True
marco-reus,Marco Reus,1989-05-31,Germany,wing half,AM,MID,active,2026,2026,2026,calendar_year,37,19,4,1,1,LA Galaxy,MLS,domestic_league,True,True
marco-verratti,Marco Verratti,1992-11-05,Spain,midfielder,CM,MID,active,2008–09,2008,2009,split_year,16,7,0,1,1,Pescara,Lega Pro Prima Divisione,domestic_league,False,True
marco-verratti,Marco Verratti,1992-11-05,Spain,midfielder,CM,MID,active,2009–10,2009,2010,split_year,17,8,1,1,1,Pescara,Lega Pro Prima Divisione,domestic_league,False,True
marco-verratti,Marco Verratti,1992-11-05,Spain,midfielder,CM,MID,active,2010–11,2010,2011,split_year,18,28,1,1,1,Pescara,Serie B,domestic_league,False,True
marco-verratti,Marco Verratti,1992-11-05,Spain,midfielder,CM,MID,active,2011–12,2011,2012,split_year,19,31,0,1,1,Pescara,Serie B,domestic_league,False,True
marco-verratti,Marco Verratti,1992-11-05,Spain,midfielder,CM,MID,active,2012–13,2012,2013,split_year,20,27,0,1,1,Paris Saint-Germain,Ligue 1,domestic_league,False,True
marco-verratti,Marco Verratti,1992-11-05,Spain,midfielder,CM,MID,active,2013–14,2013,2014,split_year,21,29,0,1,1,Paris Saint-Germain,Ligue 1,domestic_league,False,True
marco-verratti,Marco Verratti,1992-11-05,Spain,midfielder,CM,MID,active,2014–15,2014,2015,split_year,22,32,2,1,1,Paris Saint-Germain,Ligue 1,domestic_league,False,True
marco-verratti,Marco Verratti,1992-11-05,Spain,midfielder,CM,MID,active,2015–16,2015,2016,split_year,23,18,0,1,1,Paris Saint-Germain,Ligue 1,domestic_league,False,True
marco-verratti,Marco Verratti,1992-11-05,Spain,midfielder,CM,MID,active,2016–17,2016,2017,split_year,24,28,3,1,1,Paris Saint-Germain,Ligue 1,domestic_league,False,True
marco-verratti,Marco Verratti,1992-11-05,Spain,midfielder,CM,MID,active,2017–18,2017,2018,split_year,25,22,0,1,1,Paris Saint-Germain,Ligue 1,domestic_league,False,True
marco-verratti,Marco Verratti,1992-11-05,Spain,midfielder,CM,MID,active,2018–19,2018,2019,split_year,26,26,0,1,1,Paris Saint-Germain,Ligue 1,domestic_league,False,True
marco-verratti,Marco Verratti,1992-11-05,Spain,midfielder,CM,MID,active,2019–20,2019,2020,split_year,27,20,0,1,1,Paris Saint-Germain,Ligue 1,domestic_league,False,True
marco-verratti,Marco Verratti,1992-11-05,Spain,midfielder,CM,MID,active,2020–21,2020,2021,split_year,28,21,0,1,1,Paris Saint-Germain,Ligue 1,domestic_league,False,True
marco-verratti,Marco Verratti,1992-11-05,Spain,midfielder,CM,MID,active,2021–22,2021,2022,split_year,29,24,2,1,1,Paris Saint-Germain,Ligue 1,domestic_league,False,True
marco-verratti,Marco Verratti,1992-11-05,Spain,midfielder,CM,MID,active,2022–23,2022,2023,split_year,30,29,0,1,1,Paris Saint-Germain,Ligue 1,domestic_league,False,True
marco-verratti,Marco Verratti,1992-11-05,Spain,midfielder,CM,MID,active,2023–24,2023,2024,split_year,31,17,0,1,1,Al-Arabi,Qatar Stars League,domestic_league,False,True
marco-verratti,Marco Verratti,1992-11-05,Spain,midfielder,CM,MID,active,2024–25,2024,2025,split_year,32,16,4,1,1,Al-Arabi,Qatar Stars League,domestic_league,False,True
marco-verratti,Marco Verratti,1992-11-05,Spain,midfielder,CM,MID,active,2025–26,2025,2026,split_year,33,10,1,1,1,Al Duhail,Qatar Stars League,domestic_league,False,True
mario-gomez,Mario Gómez,1985-07-10,Germany,forward,FW,FWD,retired,2003–04,2003,2004,split_year,18,1,0,1,1,VfB Stuttgart,Bundesliga,domestic_league,False,True
mario-gomez,Mario Gómez,1985-07-10,Germany,forward,FW,FWD,retired,2004–05,2004,2005,split_year,19,8,0,1,1,VfB Stuttgart,Bundesliga,domestic_league,False,True
mario-gomez,Mario Gómez,1985-07-10,Germany,forward,FW,FWD,retired,2005–06,2005,2006,split_year,20,30,6,1,1,VfB Stuttgart,Bundesliga,domestic_league,False,True
mario-gomez,Mario Gómez,1985-07-10,Germany,forward,FW,FWD,retired,2006–07,2006,2007,split_year,21,25,14,1,1,VfB Stuttgart,Bundesliga,domestic_league,False,True
mario-gomez,Mario Gómez,1985-07-10,Germany,forward,FW,FWD,retired,2007–08,2007,2008,split_year,22,25,19,1,1,VfB Stuttgart,Bundesliga,domestic_league,False,True
mario-gomez,Mario Gómez,1985-07-10,Germany,forward,FW,FWD,retired,2008–09,2008,2009,split_year,23,32,24,1,1,VfB Stuttgart,Bundesliga,domestic_league,False,True
mario-gomez,Mario Gómez,1985-07-10,Germany,forward,FW,FWD,retired,2009–10,2009,2010,split_year,24,29,10,1,1,Bayern Munich,Bundesliga,domestic_league,False,True
mario-gomez,Mario Gómez,1985-07-10,Germany,forward,FW,FWD,retired,2010–11,2010,2011,split_year,25,32,28,1,1,Bayern Munich,Bundesliga,domestic_league,False,True
mario-gomez,Mario Gómez,1985-07-10,Germany,forward,FW,FWD,retired,2011–12,2011,2012,split_year,26,33,26,1,1,Bayern Munich,Bundesliga,domestic_league,False,True
mario-gomez,Mario Gómez,1985-07-10,Germany,forward,FW,FWD,retired,2012–13,2012,2013,split_year,27,21,11,1,1,Bayern Munich,Bundesliga,domestic_league,False,True
mario-gomez,Mario Gómez,1985-07-10,Germany,forward,FW,FWD,retired,2013–14,2013,2014,split_year,28,9,3,1,1,Fiorentina,Serie A,domestic_league,False,True
mario-gomez,Mario Gómez,1985-07-10,Germany,forward,FW,FWD,retired,2014–15,2014,2015,split_year,29,20,4,1,1,Fiorentina,Serie A,domestic_league,False,True
mario-gomez,Mario Gómez,1985-07-10,Germany,forward,FW,FWD,retired,2015–16,2015,2016,split_year,30,33,26,1,1,Beşiktaş (loan),Süper Lig,domestic_league,False,True
mario-gomez,Mario Gómez,1985-07-10,Germany,forward,FW,FWD,retired,2016–17,2016,2017,split_year,31,33,16,1,1,VfL Wolfsburg,Bundesliga,domestic_league,False,True
mario-gomez,Mario Gómez,1985-07-10,Germany,forward,FW,FWD,retired,2017–18,2017,2018,split_year,32,28,9,2,1,VfB Stuttgart; VfL Wolfsburg,Bundesliga,domestic_league,False,True
mario-gomez,Mario Gómez,1985-07-10,Germany,forward,FW,FWD,retired,2018–19,2018,2019,split_year,33,31,7,1,1,VfB Stuttgart,Bundesliga,domestic_league,False,True
mario-gomez,Mario Gómez,1985-07-10,Germany,forward,FW,FWD,retired,2019–20,2019,2020,split_year,34,23,7,1,1,VfB Stuttgart,2. Bundesliga,domestic_league,False,True
marquinhos,Marquinhos,1994-05-14,Brazil,centre-back,CB,DEF,active,2012,2012,2012,calendar_year,18,6,0,1,1,Corinthians,Série A,domestic_league,False,True
marquinhos,Marquinhos,1994-05-14,Brazil,centre-back,CB,DEF,active,2012–13,2012,2013,split_year,18,26,0,1,1,Roma,Serie A,domestic_league,False,True
marquinhos,Marquinhos,1994-05-14,Brazil,centre-back,CB,DEF,active,2013–14,2013,2014,split_year,19,21,2,1,1,Paris Saint-Germain,Ligue 1,domestic_league,False,True
marquinhos,Marquinhos,1994-05-14,Brazil,centre-back,CB,DEF,active,2014–15,2014,2015,split_year,20,25,2,1,1,Paris Saint-Germain,Ligue 1,domestic_league,False,True
marquinhos,Marquinhos,1994-05-14,Brazil,centre-back,CB,DEF,active,2015–16,2015,2016,split_year,21,29,1,1,1,Paris Saint-Germain,Ligue 1,domestic_league,False,True
marquinhos,Marquinhos,1994-05-14,Brazil,centre-back,CB,DEF,active,2016–17,2016,2017,split_year,22,29,3,1,1,Paris Saint-Germain,Ligue 1,domestic_league,False,True
marquinhos,Marquinhos,1994-05-14,Brazil,centre-back,CB,DEF,active,2017–18,2017,2018,split_year,23,26,0,1,1,Paris Saint-Germain,Ligue 1,domestic_league,False,True
marquinhos,Marquinhos,1994-05-14,Brazil,centre-back,CB,DEF,active,2018–19,2018,2019,split_year,24,30,3,1,1,Paris Saint-Germain,Ligue 1,domestic_league,False,True
marquinhos,Marquinhos,1994-05-14,Brazil,centre-back,CB,DEF,active,2019–20,2019,2020,split_year,25,19,3,1,1,Paris Saint-Germain,Ligue 1,domestic_league,False,True
marquinhos,Marquinhos,1994-05-14,Brazil,centre-back,CB,DEF,active,2020–21,2020,2021,split_year,26,25,3,1,1,Paris Saint-Germain,Ligue 1,domestic_league,False,True
marquinhos,Marquinhos,1994-05-14,Brazil,centre-back,CB,DEF,active,2021–22,2021,2022,split_year,27,32,5,1,1,Paris Saint-Germain,Ligue 1,domestic_league,False,True
marquinhos,Marquinhos,1994-05-14,Brazil,centre-back,CB,DEF,active,2022–23,2022,2023,split_year,28,33,2,1,1,Paris Saint-Germain,Ligue 1,domestic_league,False,True
marquinhos,Marquinhos,1994-05-14,Brazil,centre-back,CB,DEF,active,2023–24,2023,2024,split_year,29,21,0,1,1,Paris Saint-Germain,Ligue 1,domestic_league,False,True
marquinhos,Marquinhos,1994-05-14,Brazil,centre-back,CB,DEF,active,2024–25,2024,2025,split_year,30,22,2,1,1,Paris Saint-Germain,Ligue 1,domestic_league,False,True
marquinhos,Marquinhos,1994-05-14,Brazil,centre-back,CB,DEF,active,2025–26,2025,2026,split_year,31,14,0,1,1,Paris Saint-Germain,Ligue 1,domestic_league,False,True
martin-degaard,Martin Ødegaard,1998-12-17,Norway,midfielder,CM,MID,active,2014,2014,2014,calendar_year,16,23,5,1,1,Strømsgodset,Tippeligaen,domestic_league,False,True
martin-degaard,Martin Ødegaard,1998-12-17,Norway,midfielder,CM,MID,active,2014–15,2014,2015,split_year,16,1,0,1,1,Real Madrid,La Liga,domestic_league,False,True
martin-degaard,Martin Ødegaard,1998-12-17,Norway,midfielder,CM,MID,active,2016–17,2016,2017,split_year,18,14,0,2,2,Heerenveen (loan); Real Madrid,Eredivisie; La Liga,domestic_league,False,True
martin-degaard,Martin Ødegaard,1998-12-17,Norway,midfielder,CM,MID,active,2017–18,2017,2018,split_year,19,24,2,1,1,Heerenveen (loan),Eredivisie,domestic_league,False,True
martin-degaard,Martin Ødegaard,1998-12-17,Norway,midfielder,CM,MID,active,2018–19,2018,2019,split_year,20,31,8,1,1,Vitesse (loan),Eredivisie,domestic_league,False,True
martin-degaard,Martin Ødegaard,1998-12-17,Norway,midfielder,CM,MID,active,2019–20,2019,2020,split_year,21,31,4,1,1,Real Sociedad (loan),La Liga,domestic_league,False,True
martin-degaard,Martin Ødegaard,1998-12-17,Norway,midfielder,CM,MID,active,2020–21,2020,2021,split_year,22,21,1,2,2,Arsenal (loan); Real Madrid,Premier League; La Liga,domestic_league,False,True
martin-degaard,Martin Ødegaard,1998-12-17,Norway,midfielder,CM,MID,active,2021–22,2021,2022,split_year,23,36,7,1,1,Arsenal,Premier League,domestic_league,False,True
martin-degaard,Martin Ødegaard,1998-12-17,Norway,midfielder,CM,MID,active,2022–23,2022,2023,split_year,24,37,15,1,1,Arsenal,Premier League,domestic_league,False,True
martin-degaard,Martin Ødegaard,1998-12-17,Norway,midfielder,CM,MID,active,2023–24,2023,2024,split_year,25,35,8,1,1,Arsenal,Premier League,domestic_league,False,True
martin-degaard,Martin Ødegaard,1998-12-17,Norway,midfielder,CM,MID,active,2024–25,2024,2025,split_year,26,30,3,1,1,Arsenal,Premier League,domestic_league,False,True
martin-degaard,Martin Ødegaard,1998-12-17,Norway,midfielder,CM,MID,active,2025–26,2025,2026,split_year,27,24,1,1,1,Arsenal,Premier League,domestic_league,False,True
martin-zubimendi,Martín Zubimendi,1999-02-02,Spain,central midfielder,DM,MID,active,2018–19,2018,2019,split_year,19,1,0,1,1,Real Sociedad,La Liga,domestic_league,False,True
martin-zubimendi,Martín Zubimendi,1999-02-02,Spain,central midfielder,DM,MID,active,2019–20,2019,2020,split_year,20,9,0,1,1,Real Sociedad,La Liga,domestic_league,False,True
martin-zubimendi,Martín Zubimendi,1999-02-02,Spain,central midfielder,DM,MID,active,2020–21,2020,2021,split_year,21,31,0,1,1,Real Sociedad,La Liga,domestic_league,False,True
martin-zubimendi,Martín Zubimendi,1999-02-02,Spain,central midfielder,DM,MID,active,2021–22,2021,2022,split_year,22,36,2,1,1,Real Sociedad,La Liga,domestic_league,False,True
martin-zubimendi,Martín Zubimendi,1999-02-02,Spain,central midfielder,DM,MID,active,2022–23,2022,2023,split_year,23,36,1,1,1,Real Sociedad,La Liga,domestic_league,False,True
martin-zubimendi,Martín Zubimendi,1999-02-02,Spain,central midfielder,DM,MID,active,2023–24,2023,2024,split_year,24,31,4,1,1,Real Sociedad,La Liga,domestic_league,False,True
martin-zubimendi,Martín Zubimendi,1999-02-02,Spain,central midfielder,DM,MID,active,2024–25,2024,2025,split_year,25,36,2,1,1,Real Sociedad,La Liga,domestic_league,False,True
martin-zubimendi,Martín Zubimendi,1999-02-02,Spain,central midfielder,DM,MID,active,2025–26,2025,2026,split_year,26,38,5,1,1,Arsenal,Premier League,domestic_league,False,True
mats-hummels,Mats Hummels,1988-12-16,Germany,centre-back,CB,DEF,active,2006–07,2006,2007,split_year,18,1,0,1,1,Bayern Munich,Bundesliga,domestic_league,False,True
mats-hummels,Mats Hummels,1988-12-16,Germany,centre-back,CB,DEF,active,2007–08,2007,2008,split_year,19,13,1,1,1,Borussia Dortmund (loan),Bundesliga,domestic_league,False,True
mats-hummels,Mats Hummels,1988-12-16,Germany,centre-back,CB,DEF,active,2008–09,2008,2009,split_year,20,12,0,1,1,Borussia Dortmund,Bundesliga,domestic_league,False,True
mats-hummels,Mats Hummels,1988-12-16,Germany,centre-back,CB,DEF,active,2009–10,2009,2010,split_year,21,30,5,1,1,Borussia Dortmund,Bundesliga,domestic_league,False,True
mats-hummels,Mats Hummels,1988-12-16,Germany,centre-back,CB,DEF,active,2010–11,2010,2011,split_year,22,32,5,1,1,Borussia Dortmund,Bundesliga,domestic_league,False,True
mats-hummels,Mats Hummels,1988-12-16,Germany,centre-back,CB,DEF,active,2011–12,2011,2012,split_year,23,33,1,1,1,Borussia Dortmund,Bundesliga,domestic_league,False,True
mats-hummels,Mats Hummels,1988-12-16,Germany,centre-back,CB,DEF,active,2012–13,2012,2013,split_year,24,28,1,1,1,Borussia Dortmund,Bundesliga,domestic_league,False,True
mats-hummels,Mats Hummels,1988-12-16,Germany,centre-back,CB,DEF,active,2013–14,2013,2014,split_year,25,23,2,1,1,Borussia Dortmund,Bundesliga,domestic_league,False,True
mats-hummels,Mats Hummels,1988-12-16,Germany,centre-back,CB,DEF,active,2014–15,2014,2015,split_year,26,24,2,1,1,Borussia Dortmund,Bundesliga,domestic_league,False,True
mats-hummels,Mats Hummels,1988-12-16,Germany,centre-back,CB,DEF,active,2015–16,2015,2016,split_year,27,30,2,1,1,Borussia Dortmund,Bundesliga,domestic_league,False,True
mats-hummels,Mats Hummels,1988-12-16,Germany,centre-back,CB,DEF,active,2016–17,2016,2017,split_year,28,27,1,1,1,Bayern Munich,Bundesliga,domestic_league,False,True
mats-hummels,Mats Hummels,1988-12-16,Germany,centre-back,CB,DEF,active,2017–18,2017,2018,split_year,29,26,1,1,1,Bayern Munich,Bundesliga,domestic_league,False,True
mats-hummels,Mats Hummels,1988-12-16,Germany,centre-back,CB,DEF,active,2018–19,2018,2019,split_year,30,21,1,1,1,Bayern Munich,Bundesliga,domestic_league,False,True
mats-hummels,Mats Hummels,1988-12-16,Germany,centre-back,CB,DEF,active,2019–20,2019,2020,split_year,31,31,1,1,1,Borussia Dortmund,Bundesliga,domestic_league,False,True
mats-hummels,Mats Hummels,1988-12-16,Germany,centre-back,CB,DEF,active,2020–21,2020,2021,split_year,32,33,5,1,1,Borussia Dortmund,Bundesliga,domestic_league,False,True
mats-hummels,Mats Hummels,1988-12-16,Germany,centre-back,CB,DEF,active,2021–22,2021,2022,split_year,33,23,1,1,1,Borussia Dortmund,Bundesliga,domestic_league,False,True
mats-hummels,Mats Hummels,1988-12-16,Germany,centre-back,CB,DEF,active,2022–23,2022,2023,split_year,34,30,1,1,1,Borussia Dortmund,Bundesliga,domestic_league,False,True
mats-hummels,Mats Hummels,1988-12-16,Germany,centre-back,CB,DEF,active,2023–24,2023,2024,split_year,35,25,3,1,1,Borussia Dortmund,Bundesliga,domestic_league,False,True
mats-hummels,Mats Hummels,1988-12-16,Germany,centre-back,CB,DEF,active,2024–25,2024,2025,split_year,36,14,0,1,1,Roma,Serie A,domestic_league,False,True
mesut-ozil,Mesut Özil,1988-10-15,Germany,attacking midfielder,AM,MID,retired,2006–07,2006,2007,split_year,18,19,0,1,1,Schalke 04,Bundesliga,domestic_league,False,True
mesut-ozil,Mesut Özil,1988-10-15,Germany,attacking midfielder,AM,MID,retired,2007–08,2007,2008,split_year,19,23,1,2,1,Schalke 04; Werder Bremen,Bundesliga,domestic_league,False,True
mesut-ozil,Mesut Özil,1988-10-15,Germany,attacking midfielder,AM,MID,retired,2008–09,2008,2009,split_year,20,28,3,1,1,Werder Bremen,Bundesliga,domestic_league,False,True
mesut-ozil,Mesut Özil,1988-10-15,Germany,attacking midfielder,AM,MID,retired,2009–10,2009,2010,split_year,21,31,9,1,1,Werder Bremen,Bundesliga,domestic_league,False,True
mesut-ozil,Mesut Özil,1988-10-15,Germany,attacking midfielder,AM,MID,retired,2010–11,2010,2011,split_year,22,36,6,1,1,Real Madrid,La Liga,domestic_league,False,True
mesut-ozil,Mesut Özil,1988-10-15,Germany,attacking midfielder,AM,MID,retired,2011–12,2011,2012,split_year,23,35,4,1,1,Real Madrid,La Liga,domestic_league,False,True
mesut-ozil,Mesut Özil,1988-10-15,Germany,attacking midfielder,AM,MID,retired,2012–13,2012,2013,split_year,24,32,9,1,1,Real Madrid,La Liga,domestic_league,False,True
mesut-ozil,Mesut Özil,1988-10-15,Germany,attacking midfielder,AM,MID,retired,2013–14,2013,2014,split_year,25,28,5,2,2,Arsenal; Real Madrid,Premier League; La Liga,domestic_league,False,True
mesut-ozil,Mesut Özil,1988-10-15,Germany,attacking midfielder,AM,MID,retired,2014–15,2014,2015,split_year,26,22,4,1,1,Arsenal,Premier League,domestic_league,False,True
mesut-ozil,Mesut Özil,1988-10-15,Germany,attacking midfielder,AM,MID,retired,2015–16,2015,2016,split_year,27,35,6,1,1,Arsenal,Premier League,domestic_league,False,True
mesut-ozil,Mesut Özil,1988-10-15,Germany,attacking midfielder,AM,MID,retired,2016–17,2016,2017,split_year,28,33,8,1,1,Arsenal,Premier League,domestic_league,False,True
mesut-ozil,Mesut Özil,1988-10-15,Germany,attacking midfielder,AM,MID,retired,2017–18,2017,2018,split_year,29,26,4,1,1,Arsenal,Premier League,domestic_league,False,True
mesut-ozil,Mesut Özil,1988-10-15,Germany,attacking midfielder,AM,MID,retired,2018–19,2018,2019,split_year,30,24,5,1,1,Arsenal,Premier League,domestic_league,False,True
mesut-ozil,Mesut Özil,1988-10-15,Germany,attacking midfielder,AM,MID,retired,2019–20,2019,2020,split_year,31,18,1,1,1,Arsenal,Premier League,domestic_league,False,True
mesut-ozil,Mesut Özil,1988-10-15,Germany,attacking midfielder,AM,MID,retired,2020–21,2020,2021,split_year,32,10,0,2,2,Arsenal; Fenerbahçe,Premier League; Süper Lig,domestic_league,False,True
mesut-ozil,Mesut Özil,1988-10-15,Germany,attacking midfielder,AM,MID,retired,2021–22,2021,2022,split_year,33,22,8,1,1,Fenerbahçe,Süper Lig,domestic_league,False,True
mesut-ozil,Mesut Özil,1988-10-15,Germany,attacking midfielder,AM,MID,retired,2022–23,2022,2023,split_year,34,4,0,1,1,İstanbul Başakşehir,Süper Lig,domestic_league,False,True
michael-essien,Michael Essien,1982-12-03,Ghana,midfielder,DM,MID,retired,2000–01,2000,2001,split_year,18,13,1,1,1,Bastia,Ligue 1,domestic_league,False,True
michael-essien,Michael Essien,1982-12-03,Ghana,midfielder,DM,MID,retired,2001–02,2001,2002,split_year,19,24,4,1,1,Bastia,Ligue 1,domestic_league,False,True
michael-essien,Michael Essien,1982-12-03,Ghana,midfielder,DM,MID,retired,2002–03,2002,2003,split_year,20,29,6,1,1,Bastia,Ligue 1,domestic_league,False,True
michael-essien,Michael Essien,1982-12-03,Ghana,midfielder,DM,MID,retired,2003–04,2003,2004,split_year,21,34,3,1,1,Lyon,Ligue 1,domestic_league,False,True
michael-essien,Michael Essien,1982-12-03,Ghana,midfielder,DM,MID,retired,2004–05,2004,2005,split_year,22,37,4,1,1,Lyon,Ligue 1,domestic_league,False,True
michael-essien,Michael Essien,1982-12-03,Ghana,midfielder,DM,MID,retired,2005–06,2005,2006,split_year,23,31,2,1,1,Chelsea,Premier League,domestic_league,False,True
michael-essien,Michael Essien,1982-12-03,Ghana,midfielder,DM,MID,retired,2006–07,2006,2007,split_year,24,33,2,1,1,Chelsea,Premier League,domestic_league,False,True
michael-essien,Michael Essien,1982-12-03,Ghana,midfielder,DM,MID,retired,2007–08,2007,2008,split_year,25,27,6,1,1,Chelsea,Premier League,domestic_league,False,True
michael-essien,Michael Essien,1982-12-03,Ghana,midfielder,DM,MID,retired,2008–09,2008,2009,split_year,26,11,1,1,1,Chelsea,Premier League,domestic_league,False,True
michael-essien,Michael Essien,1982-12-03,Ghana,midfielder,DM,MID,retired,2009–10,2009,2010,split_year,27,14,3,1,1,Chelsea,Premier League,domestic_league,False,True
michael-essien,Michael Essien,1982-12-03,Ghana,midfielder,DM,MID,retired,2010–11,2010,2011,split_year,28,33,3,1,1,Chelsea,Premier League,domestic_league,False,True
michael-essien,Michael Essien,1982-12-03,Ghana,midfielder,DM,MID,retired,2011–12,2011,2012,split_year,29,14,0,1,1,Chelsea,Premier League,domestic_league,False,True
michael-essien,Michael Essien,1982-12-03,Ghana,midfielder,DM,MID,retired,2012–13,2012,2013,split_year,30,21,2,1,1,Real Madrid (loan),La Liga,domestic_league,False,True
michael-essien,Michael Essien,1982-12-03,Ghana,midfielder,DM,MID,retired,2013–14,2013,2014,split_year,31,12,0,2,2,Chelsea; Milan,Premier League; Serie A,domestic_league,False,True
michael-essien,Michael Essien,1982-12-03,Ghana,midfielder,DM,MID,retired,2014–15,2014,2015,split_year,32,13,0,1,1,Milan,Serie A,domestic_league,False,True
michael-essien,Michael Essien,1982-12-03,Ghana,midfielder,DM,MID,retired,2015–16,2015,2016,split_year,33,13,1,1,1,Panathinaikos,Super League Greece,domestic_league,False,True
michael-essien,Michael Essien,1982-12-03,Ghana,midfielder,DM,MID,retired,2017,2017,2017,calendar_year,35,29,5,1,1,Persib Bandung,Liga 1,domestic_league,False,True
michael-essien,Michael Essien,1982-12-03,Ghana,midfielder,DM,MID,retired,2018–19,2018,2019,split_year,36,4,0,1,1,Sabail,Azerbaijan Premier League,domestic_league,False,True
michael-essien,Michael Essien,1982-12-03,Ghana,midfielder,DM,MID,retired,2019–20,2019,2020,split_year,37,10,0,1,1,Sabail,Azerbaijan Premier League,domestic_league,False,True
miroslav-klose,Miroslav Klose,1978-06-09,Germany,forward,FW,FWD,retired,1999–2000,1999,2000,split_year,21,2,0,1,1,1. FC Kaiserslautern,Bundesliga,domestic_league,False,True
miroslav-klose,Miroslav Klose,1978-06-09,Germany,forward,FW,FWD,retired,2000–01,2000,2001,split_year,22,29,9,1,1,1. FC Kaiserslautern,Bundesliga,domestic_league,False,True
miroslav-klose,Miroslav Klose,1978-06-09,Germany,forward,FW,FWD,retired,2001–02,2001,2002,split_year,23,31,16,1,1,1. FC Kaiserslautern,Bundesliga,domestic_league,False,True
miroslav-klose,Miroslav Klose,1978-06-09,Germany,forward,FW,FWD,retired,2002–03,2002,2003,split_year,24,32,9,1,1,1. FC Kaiserslautern,Bundesliga,domestic_league,False,True
miroslav-klose,Miroslav Klose,1978-06-09,Germany,forward,FW,FWD,retired,2003–04,2003,2004,split_year,25,26,10,1,1,1. FC Kaiserslautern,Bundesliga,domestic_league,False,True
miroslav-klose,Miroslav Klose,1978-06-09,Germany,forward,FW,FWD,retired,2004–05,2004,2005,split_year,26,32,15,1,1,Werder Bremen,Bundesliga,domestic_league,False,True
miroslav-klose,Miroslav Klose,1978-06-09,Germany,forward,FW,FWD,retired,2005–06,2005,2006,split_year,27,26,25,1,1,Werder Bremen,Bundesliga,domestic_league,False,True
miroslav-klose,Miroslav Klose,1978-06-09,Germany,forward,FW,FWD,retired,2006–07,2006,2007,split_year,28,31,13,1,1,Werder Bremen,Bundesliga,domestic_league,False,True
miroslav-klose,Miroslav Klose,1978-06-09,Germany,forward,FW,FWD,retired,2007–08,2007,2008,split_year,29,27,10,1,1,Bayern Munich,Bundesliga,domestic_league,False,True
miroslav-klose,Miroslav Klose,1978-06-09,Germany,forward,FW,FWD,retired,2008–09,2008,2009,split_year,30,26,10,1,1,Bayern Munich,Bundesliga,domestic_league,False,True
miroslav-klose,Miroslav Klose,1978-06-09,Germany,forward,FW,FWD,retired,2009–10,2009,2010,split_year,31,25,3,1,1,Bayern Munich,Bundesliga,domestic_league,False,True
miroslav-klose,Miroslav Klose,1978-06-09,Germany,forward,FW,FWD,retired,2010–11,2010,2011,split_year,32,20,1,1,1,Bayern Munich,Bundesliga,domestic_league,False,True
miroslav-klose,Miroslav Klose,1978-06-09,Germany,forward,FW,FWD,retired,2011–12,2011,2012,split_year,33,27,12,1,1,Lazio,Serie A,domestic_league,False,True
miroslav-klose,Miroslav Klose,1978-06-09,Germany,forward,FW,FWD,retired,2012–13,2012,2013,split_year,34,29,15,1,1,Lazio,Serie A,domestic_league,False,True
miroslav-klose,Miroslav Klose,1978-06-09,Germany,forward,FW,FWD,retired,2013–14,2013,2014,split_year,35,25,7,1,1,Lazio,Serie A,domestic_league,False,True
miroslav-klose,Miroslav Klose,1978-06-09,Germany,forward,FW,FWD,retired,2014–15,2014,2015,split_year,36,34,13,1,1,Lazio,Serie A,domestic_league,False,True
miroslav-klose,Miroslav Klose,1978-06-09,Germany,forward,FW,FWD,retired,2015–16,2015,2016,split_year,37,24,7,1,1,Lazio,Serie A,domestic_league,False,True
mohamed-salah,Mohamed Salah,1992-06-15,Egypt,wing half,WNG,WIDE,active,2009–10,2009,2010,split_year,17,4,0,1,1,Al Mokawloon Al Arab,Egyptian Premier League,domestic_league,False,True
mohamed-salah,Mohamed Salah,1992-06-15,Egypt,wing half,WNG,WIDE,active,2010–11,2010,2011,split_year,18,21,4,1,1,Al Mokawloon Al Arab,Egyptian Premier League,domestic_league,False,True
mohamed-salah,Mohamed Salah,1992-06-15,Egypt,wing half,WNG,WIDE,active,2011–12,2011,2012,split_year,19,15,7,1,1,Al Mokawloon Al Arab,Egyptian Premier League,domestic_league,False,True
mohamed-salah,Mohamed Salah,1992-06-15,Egypt,wing half,WNG,WIDE,active,2012–13,2012,2013,split_year,20,29,5,1,1,Basel,Swiss Super League,domestic_league,False,True
mohamed-salah,Mohamed Salah,1992-06-15,Egypt,wing half,WNG,WIDE,active,2013–14,2013,2014,split_year,21,28,6,2,2,Basel; Chelsea,Swiss Super League; Premier League,domestic_league,False,True
mohamed-salah,Mohamed Salah,1992-06-15,Egypt,wing half,WNG,WIDE,active,2014–15,2014,2015,split_year,22,19,6,2,2,Chelsea; Fiorentina (loan),Premier League; Serie A,domestic_league,False,True
mohamed-salah,Mohamed Salah,1992-06-15,Egypt,wing half,WNG,WIDE,active,2015–16,2015,2016,split_year,23,34,14,1,1,Roma (loan),Serie A,domestic_league,False,True
mohamed-salah,Mohamed Salah,1992-06-15,Egypt,wing half,WNG,WIDE,active,2016–17,2016,2017,split_year,24,31,15,1,1,Roma,Serie A,domestic_league,False,True
mohamed-salah,Mohamed Salah,1992-06-15,Egypt,wing half,WNG,WIDE,active,2017–18,2017,2018,split_year,25,36,32,1,1,Liverpool,Premier League,domestic_league,False,True
mohamed-salah,Mohamed Salah,1992-06-15,Egypt,wing half,WNG,WIDE,active,2018–19,2018,2019,split_year,26,38,22,1,1,Liverpool,Premier League,domestic_league,False,True
mohamed-salah,Mohamed Salah,1992-06-15,Egypt,wing half,WNG,WIDE,active,2019–20,2019,2020,split_year,27,34,19,1,1,Liverpool,Premier League,domestic_league,False,True
mohamed-salah,Mohamed Salah,1992-06-15,Egypt,wing half,WNG,WIDE,active,2020–21,2020,2021,split_year,28,37,22,1,1,Liverpool,Premier League,domestic_league,False,True
mohamed-salah,Mohamed Salah,1992-06-15,Egypt,wing half,WNG,WIDE,active,2021–22,2021,2022,split_year,29,35,23,1,1,Liverpool,Premier League,domestic_league,False,True
mohamed-salah,Mohamed Salah,1992-06-15,Egypt,wing half,WNG,WIDE,active,2022–23,2022,2023,split_year,30,38,19,1,1,Liverpool,Premier League,domestic_league,False,True
mohamed-salah,Mohamed Salah,1992-06-15,Egypt,wing half,WNG,WIDE,active,2023–24,2023,2024,split_year,31,32,18,1,1,Liverpool,Premier League,domestic_league,False,True
mohamed-salah,Mohamed Salah,1992-06-15,Egypt,wing half,WNG,WIDE,active,2024–25,2024,2025,split_year,32,38,29,1,1,Liverpool,Premier League,domestic_league,False,True
mohamed-salah,Mohamed Salah,1992-06-15,Egypt,wing half,WNG,WIDE,active,2025–26,2025,2026,split_year,33,27,7,1,1,Liverpool,Premier League,domestic_league,False,True
moises-caicedo,Moisés Caicedo,2001-11-02,Ecuador,midfielder,DM,MID,active,2019,2019,2019,calendar_year,18,3,0,1,1,Independiente del Valle,Ecuadorian Serie A,domestic_league,False,True
moises-caicedo,Moisés Caicedo,2001-11-02,Ecuador,midfielder,DM,MID,active,2020,2020,2020,calendar_year,19,22,4,1,1,Independiente del Valle,Ecuadorian Serie A,domestic_league,False,True
moises-caicedo,Moisés Caicedo,2001-11-02,Ecuador,midfielder,DM,MID,active,2020–21,2020,2021,split_year,19,0,0,1,1,Brighton & Hove Albion,Premier League,domestic_league,False,True
moises-caicedo,Moisés Caicedo,2001-11-02,Ecuador,midfielder,DM,MID,active,2021–22,2021,2022,split_year,20,20,2,2,2,Beerschot (loan); Brighton & Hove Albion,Belgian Pro League; Premier League,domestic_league,False,True
moises-caicedo,Moisés Caicedo,2001-11-02,Ecuador,midfielder,DM,MID,active,2022–23,2022,2023,split_year,21,37,1,1,1,Brighton & Hove Albion,Premier League,domestic_league,False,True
moises-caicedo,Moisés Caicedo,2001-11-02,Ecuador,midfielder,DM,MID,active,2023–24,2023,2024,split_year,22,35,1,1,1,Chelsea,Premier League,domestic_league,False,True
moises-caicedo,Moisés Caicedo,2001-11-02,Ecuador,midfielder,DM,MID,active,2024–25,2024,2025,split_year,23,38,1,1,1,Chelsea,Premier League,domestic_league,False,True
moises-caicedo,Moisés Caicedo,2001-11-02,Ecuador,midfielder,DM,MID,active,2025–26,2025,2026,split_year,24,33,3,1,1,Chelsea,Premier League,domestic_league,False,True
moises-caicedo,Moisés Caicedo,2001-11-02,Ecuador,midfielder,DM,MID,active,2026–27,2026,2027,split_year,25,0,0,1,1,Chelsea,Premier League,domestic_league,True,True
n-golo-kante,N'Golo Kanté,1991-03-29,France,midfielder,DM,MID,active,2011–12,2011,2012,split_year,20,1,0,1,1,Boulogne,Ligue 2,domestic_league,False,True
n-golo-kante,N'Golo Kanté,1991-03-29,France,midfielder,DM,MID,active,2012–13,2012,2013,split_year,21,37,3,1,1,Boulogne,Championnat National,domestic_league,False,True
n-golo-kante,N'Golo Kanté,1991-03-29,France,midfielder,DM,MID,active,2013–14,2013,2014,split_year,22,38,2,1,1,Caen,Ligue 2,domestic_league,False,True
n-golo-kante,N'Golo Kanté,1991-03-29,France,midfielder,DM,MID,active,2014–15,2014,2015,split_year,23,37,2,1,1,Caen,Ligue 1,domestic_league,False,True
n-golo-kante,N'Golo Kanté,1991-03-29,France,midfielder,DM,MID,active,2015–16,2015,2016,split_year,24,37,1,1,1,Leicester City,Premier League,domestic_league,False,True
n-golo-kante,N'Golo Kanté,1991-03-29,France,midfielder,DM,MID,active,2016–17,2016,2017,split_year,25,35,1,1,1,Chelsea,Premier League,domestic_league,False,True
n-golo-kante,N'Golo Kanté,1991-03-29,France,midfielder,DM,MID,active,2017–18,2017,2018,split_year,26,34,1,1,1,Chelsea,Premier League,domestic_league,False,True
n-golo-kante,N'Golo Kanté,1991-03-29,France,midfielder,DM,MID,active,2018–19,2018,2019,split_year,27,36,4,1,1,Chelsea,Premier League,domestic_league,False,True
n-golo-kante,N'Golo Kanté,1991-03-29,France,midfielder,DM,MID,active,2019–20,2019,2020,split_year,28,22,3,1,1,Chelsea,Premier League,domestic_league,False,True
n-golo-kante,N'Golo Kanté,1991-03-29,France,midfielder,DM,MID,active,2020–21,2020,2021,split_year,29,30,0,1,1,Chelsea,Premier League,domestic_league,False,True
n-golo-kante,N'Golo Kanté,1991-03-29,France,midfielder,DM,MID,active,2021–22,2021,2022,split_year,30,26,2,1,1,Chelsea,Premier League,domestic_league,False,True
n-golo-kante,N'Golo Kanté,1991-03-29,France,midfielder,DM,MID,active,2022–23,2022,2023,split_year,31,7,0,1,1,Chelsea,Premier League,domestic_league,False,True
n-golo-kante,N'Golo Kanté,1991-03-29,France,midfielder,DM,MID,active,2023–24,2023,2024,split_year,32,30,2,1,1,Al-Ittihad,Saudi Pro League,domestic_league,False,True
n-golo-kante,N'Golo Kanté,1991-03-29,France,midfielder,DM,MID,active,2024–25,2024,2025,split_year,33,31,4,1,1,Al-Ittihad,Saudi Pro League,domestic_league,False,True
n-golo-kante,N'Golo Kanté,1991-03-29,France,midfielder,DM,MID,active,2025–26,2025,2026,split_year,34,32,4,2,2,Al-Ittihad; Fenerbahçe,Saudi Pro League; Süper Lig,domestic_league,False,True
n-golo-kante,N'Golo Kanté,1991-03-29,France,midfielder,DM,MID,active,2026–27,2026,2027,split_year,35,0,0,1,1,Fenerbahçe,Süper Lig,domestic_league,True,True
nemanja-matic,Nemanja Matić,1988-08-01,Serbia,defensive midfielder,DM,MID,active,2006–07,2006,2007,split_year,18,14,1,1,1,Košice,Slovak Superliga,domestic_league,False,True
nemanja-matic,Nemanja Matić,1988-08-01,Serbia,defensive midfielder,DM,MID,active,2007–08,2007,2008,split_year,19,26,1,1,1,Košice,Slovak Superliga,domestic_league,False,True
nemanja-matic,Nemanja Matić,1988-08-01,Serbia,defensive midfielder,DM,MID,active,2008–09,2008,2009,split_year,20,29,2,1,1,Košice,Slovak Superliga,domestic_league,False,True
nemanja-matic,Nemanja Matić,1988-08-01,Serbia,defensive midfielder,DM,MID,active,2009–10,2009,2010,split_year,21,3,0,2,2,Chelsea; Košice,Premier League; Slovak Superliga,domestic_league,False,True
nemanja-matic,Nemanja Matić,1988-08-01,Serbia,defensive midfielder,DM,MID,active,2010–11,2010,2011,split_year,22,27,2,2,2,Chelsea; Vitesse (loan),Premier League; Eredivisie,domestic_league,False,True
nemanja-matic,Nemanja Matić,1988-08-01,Serbia,defensive midfielder,DM,MID,active,2011–12,2011,2012,split_year,23,16,1,1,1,Benfica,Primeira Liga,domestic_league,False,True
nemanja-matic,Nemanja Matić,1988-08-01,Serbia,defensive midfielder,DM,MID,active,2012–13,2012,2013,split_year,24,26,3,1,1,Benfica,Primeira Liga,domestic_league,False,True
nemanja-matic,Nemanja Matić,1988-08-01,Serbia,defensive midfielder,DM,MID,active,2013–14,2013,2014,split_year,25,31,2,2,2,Benfica; Chelsea,Primeira Liga; Premier League,domestic_league,False,True
nemanja-matic,Nemanja Matić,1988-08-01,Serbia,defensive midfielder,DM,MID,active,2014–15,2014,2015,split_year,26,36,1,1,1,Chelsea,Premier League,domestic_league,False,True
nemanja-matic,Nemanja Matić,1988-08-01,Serbia,defensive midfielder,DM,MID,active,2015–16,2015,2016,split_year,27,33,2,1,1,Chelsea,Premier League,domestic_league,False,True
nemanja-matic,Nemanja Matić,1988-08-01,Serbia,defensive midfielder,DM,MID,active,2016–17,2016,2017,split_year,28,35,1,1,1,Chelsea,Premier League,domestic_league,False,True
nemanja-matic,Nemanja Matić,1988-08-01,Serbia,defensive midfielder,DM,MID,active,2017–18,2017,2018,split_year,29,36,1,1,1,Manchester United,Premier League,domestic_league,False,True
nemanja-matic,Nemanja Matić,1988-08-01,Serbia,defensive midfielder,DM,MID,active,2018–19,2018,2019,split_year,30,28,1,1,1,Manchester United,Premier League,domestic_league,False,True
nemanja-matic,Nemanja Matić,1988-08-01,Serbia,defensive midfielder,DM,MID,active,2019–20,2019,2020,split_year,31,21,0,1,1,Manchester United,Premier League,domestic_league,False,True
nemanja-matic,Nemanja Matić,1988-08-01,Serbia,defensive midfielder,DM,MID,active,2020–21,2020,2021,split_year,32,20,0,1,1,Manchester United,Premier League,domestic_league,False,True
nemanja-matic,Nemanja Matić,1988-08-01,Serbia,defensive midfielder,DM,MID,active,2021–22,2021,2022,split_year,33,23,0,1,1,Manchester United,Premier League,domestic_league,False,True
nemanja-matic,Nemanja Matić,1988-08-01,Serbia,defensive midfielder,DM,MID,active,2022–23,2022,2023,split_year,34,35,2,1,1,Roma,Serie A,domestic_league,False,True
nemanja-matic,Nemanja Matić,1988-08-01,Serbia,defensive midfielder,DM,MID,active,2023–24,2023,2024,split_year,35,28,0,2,1,Lyon; Rennes,Ligue 1,domestic_league,False,True
nemanja-matic,Nemanja Matić,1988-08-01,Serbia,defensive midfielder,DM,MID,active,2024–25,2024,2025,split_year,36,29,0,1,1,Lyon,Ligue 1,domestic_league,False,True
nemanja-matic,Nemanja Matić,1988-08-01,Serbia,defensive midfielder,DM,MID,active,2025–26,2025,2026,split_year,37,34,1,1,1,Sassuolo,Serie A,domestic_league,False,True
nemanja-vidic,Nemanja Vidić,1981-10-21,Serbia,centre-back,CB,DEF,retired,2000–01,2000,2001,split_year,19,27,6,2,2,Red Star Belgrade; Spartak Subotica (loan),First League of FR Yugoslavia; Second League of FR Yugoslavia,domestic_league,False,True
nemanja-vidic,Nemanja Vidić,1981-10-21,Serbia,centre-back,CB,DEF,retired,2001–02,2001,2002,split_year,20,22,2,1,1,Red Star Belgrade,First League of FR Yugoslavia,domestic_league,False,True
nemanja-vidic,Nemanja Vidić,1981-10-21,Serbia,centre-back,CB,DEF,retired,2002–03,2002,2003,split_year,21,25,5,1,1,Red Star Belgrade,First League of Serbia and Montenegro,domestic_league,False,True
nemanja-vidic,Nemanja Vidić,1981-10-21,Serbia,centre-back,CB,DEF,retired,2003–04,2003,2004,split_year,22,20,5,1,1,Red Star Belgrade,First League of Serbia and Montenegro,domestic_league,False,True
nemanja-vidic,Nemanja Vidić,1981-10-21,Serbia,centre-back,CB,DEF,retired,2004,2004,2004,calendar_year,23,12,2,1,1,Spartak Moscow,Russian Premier League,domestic_league,False,True
nemanja-vidic,Nemanja Vidić,1981-10-21,Serbia,centre-back,CB,DEF,retired,2005,2005,2005,calendar_year,24,27,2,1,1,Spartak Moscow,Russian Premier League,domestic_league,False,True
nemanja-vidic,Nemanja Vidić,1981-10-21,Serbia,centre-back,CB,DEF,retired,2005–06,2005,2006,split_year,24,11,0,1,1,Manchester United,Premier League,domestic_league,False,True
nemanja-vidic,Nemanja Vidić,1981-10-21,Serbia,centre-back,CB,DEF,retired,2006–07,2006,2007,split_year,25,25,3,1,1,Manchester United,Premier League,domestic_league,False,True
nemanja-vidic,Nemanja Vidić,1981-10-21,Serbia,centre-back,CB,DEF,retired,2007–08,2007,2008,split_year,26,32,1,1,1,Manchester United,Premier League,domestic_league,False,True
nemanja-vidic,Nemanja Vidić,1981-10-21,Serbia,centre-back,CB,DEF,retired,2008–09,2008,2009,split_year,27,34,4,1,1,Manchester United,Premier League,domestic_league,False,True
nemanja-vidic,Nemanja Vidić,1981-10-21,Serbia,centre-back,CB,DEF,retired,2009–10,2009,2010,split_year,28,24,1,1,1,Manchester United,Premier League,domestic_league,False,True
nemanja-vidic,Nemanja Vidić,1981-10-21,Serbia,centre-back,CB,DEF,retired,2010–11,2010,2011,split_year,29,35,5,1,1,Manchester United,Premier League,domestic_league,False,True
nemanja-vidic,Nemanja Vidić,1981-10-21,Serbia,centre-back,CB,DEF,retired,2011–12,2011,2012,split_year,30,6,0,1,1,Manchester United,Premier League,domestic_league,False,True
nemanja-vidic,Nemanja Vidić,1981-10-21,Serbia,centre-back,CB,DEF,retired,2012–13,2012,2013,split_year,31,22,1,1,1,Manchester United,Premier League,domestic_league,False,True
nemanja-vidic,Nemanja Vidić,1981-10-21,Serbia,centre-back,CB,DEF,retired,2013–14,2013,2014,split_year,32,25,0,1,1,Manchester United,Premier League,domestic_league,False,True
nemanja-vidic,Nemanja Vidić,1981-10-21,Serbia,centre-back,CB,DEF,retired,2014–15,2014,2015,split_year,33,23,1,1,1,Inter Milan,Serie A,domestic_league,False,True
nemanja-vidic,Nemanja Vidić,1981-10-21,Serbia,centre-back,CB,DEF,retired,2015–16,2015,2016,split_year,34,0,0,1,1,Inter Milan,Serie A,domestic_league,False,True
neymar,Neymar,1992-02-05,Brazil,wing half,WNG,WIDE,active,2009,2009,2009,calendar_year,17,33,10,1,1,Santos,Série A,domestic_league,False,True
neymar,Neymar,1992-02-05,Brazil,wing half,WNG,WIDE,active,2010,2010,2010,calendar_year,18,31,17,1,1,Santos,Série A,domestic_league,False,True
neymar,Neymar,1992-02-05,Brazil,wing half,WNG,WIDE,active,2011,2011,2011,calendar_year,19,21,13,1,1,Santos,Série A,domestic_league,False,True
neymar,Neymar,1992-02-05,Brazil,wing half,WNG,WIDE,active,2012,2012,2012,calendar_year,20,17,14,1,1,Santos,Série A,domestic_league,False,True
neymar,Neymar,1992-02-05,Brazil,wing half,WNG,WIDE,active,2013,2013,2013,calendar_year,21,1,0,1,1,Santos,Série A,domestic_league,False,True
neymar,Neymar,1992-02-05,Brazil,wing half,WNG,WIDE,active,2013–14,2013,2014,split_year,21,26,9,1,1,Barcelona,La Liga,domestic_league,False,True
neymar,Neymar,1992-02-05,Brazil,wing half,WNG,WIDE,active,2014–15,2014,2015,split_year,22,33,22,1,1,Barcelona,La Liga,domestic_league,False,True
neymar,Neymar,1992-02-05,Brazil,wing half,WNG,WIDE,active,2015–16,2015,2016,split_year,23,34,24,1,1,Barcelona,La Liga,domestic_league,False,True
neymar,Neymar,1992-02-05,Brazil,wing half,WNG,WIDE,active,2016–17,2016,2017,split_year,24,30,13,1,1,Barcelona,La Liga,domestic_league,False,True
neymar,Neymar,1992-02-05,Brazil,wing half,WNG,WIDE,active,2017–18,2017,2018,split_year,25,20,19,1,1,Paris Saint-Germain,Ligue 1,domestic_league,False,True
neymar,Neymar,1992-02-05,Brazil,wing half,WNG,WIDE,active,2018–19,2018,2019,split_year,26,17,15,1,1,Paris Saint-Germain,Ligue 1,domestic_league,False,True
neymar,Neymar,1992-02-05,Brazil,wing half,WNG,WIDE,active,2019–20,2019,2020,split_year,27,15,13,1,1,Paris Saint-Germain,Ligue 1,domestic_league,False,True
neymar,Neymar,1992-02-05,Brazil,wing half,WNG,WIDE,active,2020–21,2020,2021,split_year,28,18,9,1,1,Paris Saint-Germain,Ligue 1,domestic_league,False,True
neymar,Neymar,1992-02-05,Brazil,wing half,WNG,WIDE,active,2021–22,2021,2022,split_year,29,22,13,1,1,Paris Saint-Germain,Ligue 1,domestic_league,False,True
neymar,Neymar,1992-02-05,Brazil,wing half,WNG,WIDE,active,2022–23,2022,2023,split_year,30,20,13,1,1,Paris Saint-Germain,Ligue 1,domestic_league,False,True
neymar,Neymar,1992-02-05,Brazil,wing half,WNG,WIDE,active,2023–24,2023,2024,split_year,31,3,0,1,1,Al-Hilal,Saudi Pro League,domestic_league,False,True
neymar,Neymar,1992-02-05,Brazil,wing half,WNG,WIDE,active,2024–25,2024,2025,split_year,32,0,0,1,1,Al-Hilal,Saudi Pro League,domestic_league,False,True
neymar,Neymar,1992-02-05,Brazil,wing half,WNG,WIDE,active,2025,2025,2025,calendar_year,33,20,8,1,1,Santos,Série A,domestic_league,False,True
neymar,Neymar,1992-02-05,Brazil,wing half,WNG,WIDE,active,2026,2026,2026,calendar_year,34,9,6,1,1,Santos,Série A,domestic_league,True,True
nicolo-barella,Nicolò Barella,1997-02-07,Italy,midfielder,CM,MID,active,2014–15,2014,2015,split_year,17,3,0,1,1,Cagliari,Serie A,domestic_league,False,True
nicolo-barella,Nicolò Barella,1997-02-07,Italy,midfielder,CM,MID,active,2015–16,2015,2016,split_year,18,21,0,2,1,Cagliari; Como (loan),Serie B,domestic_league,False,True
nicolo-barella,Nicolò Barella,1997-02-07,Italy,midfielder,CM,MID,active,2016–17,2016,2017,split_year,19,28,0,1,1,Cagliari,Serie A,domestic_league,False,True
nicolo-barella,Nicolò Barella,1997-02-07,Italy,midfielder,CM,MID,active,2017–18,2017,2018,split_year,20,34,6,1,1,Cagliari,Serie A,domestic_league,False,True
nicolo-barella,Nicolò Barella,1997-02-07,Italy,midfielder,CM,MID,active,2018–19,2018,2019,split_year,21,35,1,1,1,Cagliari,Serie A,domestic_league,False,True
nicolo-barella,Nicolò Barella,1997-02-07,Italy,midfielder,CM,MID,active,2019–20,2019,2020,split_year,22,27,1,1,1,Inter Milan (loan),Serie A,domestic_league,False,True
nicolo-barella,Nicolò Barella,1997-02-07,Italy,midfielder,CM,MID,active,2020–21,2020,2021,split_year,23,36,3,1,1,Inter Milan,Serie A,domestic_league,False,True
nicolo-barella,Nicolò Barella,1997-02-07,Italy,midfielder,CM,MID,active,2021–22,2021,2022,split_year,24,36,3,1,1,Inter Milan,Serie A,domestic_league,False,True
nicolo-barella,Nicolò Barella,1997-02-07,Italy,midfielder,CM,MID,active,2022–23,2022,2023,split_year,25,35,6,1,1,Inter Milan,Serie A,domestic_league,False,True
nicolo-barella,Nicolò Barella,1997-02-07,Italy,midfielder,CM,MID,active,2023–24,2023,2024,split_year,26,37,2,1,1,Inter Milan,Serie A,domestic_league,False,True
nicolo-barella,Nicolò Barella,1997-02-07,Italy,midfielder,CM,MID,active,2024–25,2024,2025,split_year,27,33,3,1,1,Inter Milan,Serie A,domestic_league,False,True
nicolo-barella,Nicolò Barella,1997-02-07,Italy,midfielder,CM,MID,active,2025–26,2025,2026,split_year,28,34,3,1,1,Inter Milan,Serie A,domestic_league,False,True
nuno-mendes-footballer-born-2002,"Nuno Mendes (footballer, born 2002)",2002-06-19,Portugal,full-back,FB,DEF,active,2019–20,2019,2020,split_year,17,9,0,1,1,Sporting CP,Primeira Liga,domestic_league,False,True
nuno-mendes-footballer-born-2002,"Nuno Mendes (footballer, born 2002)",2002-06-19,Portugal,full-back,FB,DEF,active,2020–21,2020,2021,split_year,18,29,1,1,1,Sporting CP,Primeira Liga,domestic_league,False,True
nuno-mendes-footballer-born-2002,"Nuno Mendes (footballer, born 2002)",2002-06-19,Portugal,full-back,FB,DEF,active,2021–22,2021,2022,split_year,19,29,0,2,2,Paris Saint-Germain (loan); Sporting CP,Ligue 1; Primeira Liga,domestic_league,False,True
nuno-mendes-footballer-born-2002,"Nuno Mendes (footballer, born 2002)",2002-06-19,Portugal,full-back,FB,DEF,active,2022–23,2022,2023,split_year,20,23,1,1,1,Paris Saint-Germain,Ligue 1,domestic_league,False,True
nuno-mendes-footballer-born-2002,"Nuno Mendes (footballer, born 2002)",2002-06-19,Portugal,full-back,FB,DEF,active,2023–24,2023,2024,split_year,21,6,1,1,1,Paris Saint-Germain,Ligue 1,domestic_league,False,True
nuno-mendes-footballer-born-2002,"Nuno Mendes (footballer, born 2002)",2002-06-19,Portugal,full-back,FB,DEF,active,2024–25,2024,2025,split_year,22,24,1,1,1,Paris Saint-Germain,Ligue 1,domestic_league,False,True
nuno-mendes-footballer-born-2002,"Nuno Mendes (footballer, born 2002)",2002-06-19,Portugal,full-back,FB,DEF,active,2025–26,2025,2026,split_year,23,20,4,1,1,Paris Saint-Germain,Ligue 1,domestic_league,False,True
ousmane-dembele,Ousmane Dembélé,1997-05-15,France,forward,WNG,WIDE,active,2015–16,2015,2016,split_year,18,26,12,1,1,Rennes,Ligue 1,domestic_league,False,True
ousmane-dembele,Ousmane Dembélé,1997-05-15,France,forward,WNG,WIDE,active,2016–17,2016,2017,split_year,19,32,6,1,1,Borussia Dortmund,Bundesliga,domestic_league,False,True
ousmane-dembele,Ousmane Dembélé,1997-05-15,France,forward,WNG,WIDE,active,2017–18,2017,2018,split_year,20,17,3,2,2,Barcelona; Borussia Dortmund,La Liga; Bundesliga,domestic_league,False,True
ousmane-dembele,Ousmane Dembélé,1997-05-15,France,forward,WNG,WIDE,active,2018–19,2018,2019,split_year,21,29,8,1,1,Barcelona,La Liga,domestic_league,False,True
ousmane-dembele,Ousmane Dembélé,1997-05-15,France,forward,WNG,WIDE,active,2019–20,2019,2020,split_year,22,5,1,1,1,Barcelona,La Liga,domestic_league,False,True
ousmane-dembele,Ousmane Dembélé,1997-05-15,France,forward,WNG,WIDE,active,2020–21,2020,2021,split_year,23,30,6,1,1,Barcelona,La Liga,domestic_league,False,True
ousmane-dembele,Ousmane Dembélé,1997-05-15,France,forward,WNG,WIDE,active,2021–22,2021,2022,split_year,24,21,1,1,1,Barcelona,La Liga,domestic_league,False,True
ousmane-dembele,Ousmane Dembélé,1997-05-15,France,forward,WNG,WIDE,active,2022–23,2022,2023,split_year,25,25,5,1,1,Barcelona,La Liga,domestic_league,False,True
ousmane-dembele,Ousmane Dembélé,1997-05-15,France,forward,WNG,WIDE,active,2023–24,2023,2024,split_year,26,26,3,1,1,Paris Saint-Germain,Ligue 1,domestic_league,False,True
ousmane-dembele,Ousmane Dembélé,1997-05-15,France,forward,WNG,WIDE,active,2024–25,2024,2025,split_year,27,29,21,1,1,Paris Saint-Germain,Ligue 1,domestic_league,False,True
ousmane-dembele,Ousmane Dembélé,1997-05-15,France,forward,WNG,WIDE,active,2025–26,2025,2026,split_year,28,22,10,1,1,Paris Saint-Germain,Ligue 1,domestic_league,False,True
paolo-maldini,Paolo Maldini,1968-06-26,Italy,centre-back,CB,DEF,retired,1984–85,1984,1985,split_year,16,1,0,1,1,AC Milan,Serie A,domestic_league,False,True
paolo-maldini,Paolo Maldini,1968-06-26,Italy,centre-back,CB,DEF,retired,1985–86,1985,1986,split_year,17,27,0,1,1,AC Milan,Serie A,domestic_league,False,True
paolo-maldini,Paolo Maldini,1968-06-26,Italy,centre-back,CB,DEF,retired,1986–87,1986,1987,split_year,18,29,1,1,1,AC Milan,Serie A,domestic_league,False,True
paolo-maldini,Paolo Maldini,1968-06-26,Italy,centre-back,CB,DEF,retired,1987–88,1987,1988,split_year,19,26,2,1,1,AC Milan,Serie A,domestic_league,False,True
paolo-maldini,Paolo Maldini,1968-06-26,Italy,centre-back,CB,DEF,retired,1988–89,1988,1989,split_year,20,26,0,1,1,AC Milan,Serie A,domestic_league,False,True
paolo-maldini,Paolo Maldini,1968-06-26,Italy,centre-back,CB,DEF,retired,1989–90,1989,1990,split_year,21,30,1,1,1,AC Milan,Serie A,domestic_league,False,True
paolo-maldini,Paolo Maldini,1968-06-26,Italy,centre-back,CB,DEF,retired,1990–91,1990,1991,split_year,22,26,4,1,1,AC Milan,Serie A,domestic_league,False,True
paolo-maldini,Paolo Maldini,1968-06-26,Italy,centre-back,CB,DEF,retired,1991–92,1991,1992,split_year,23,31,3,1,1,AC Milan,Serie A,domestic_league,False,True
paolo-maldini,Paolo Maldini,1968-06-26,Italy,centre-back,CB,DEF,retired,1992–93,1992,1993,split_year,24,31,2,1,1,AC Milan,Serie A,domestic_league,False,True
paolo-maldini,Paolo Maldini,1968-06-26,Italy,centre-back,CB,DEF,retired,1993–94,1993,1994,split_year,25,30,1,1,1,AC Milan,Serie A,domestic_league,False,True
paolo-maldini,Paolo Maldini,1968-06-26,Italy,centre-back,CB,DEF,retired,1994–95,1994,1995,split_year,26,29,2,1,1,AC Milan,Serie A,domestic_league,False,True
paolo-maldini,Paolo Maldini,1968-06-26,Italy,centre-back,CB,DEF,retired,1995–96,1995,1996,split_year,27,30,3,1,1,AC Milan,Serie A,domestic_league,False,True
paolo-maldini,Paolo Maldini,1968-06-26,Italy,centre-back,CB,DEF,retired,1996–97,1996,1997,split_year,28,26,1,1,1,AC Milan,Serie A,domestic_league,False,True
paolo-maldini,Paolo Maldini,1968-06-26,Italy,centre-back,CB,DEF,retired,1997–98,1997,1998,split_year,29,30,0,1,1,AC Milan,Serie A,domestic_league,False,True
paolo-maldini,Paolo Maldini,1968-06-26,Italy,centre-back,CB,DEF,retired,1998–99,1998,1999,split_year,30,31,1,1,1,AC Milan,Serie A,domestic_league,False,True
paolo-maldini,Paolo Maldini,1968-06-26,Italy,centre-back,CB,DEF,retired,1999–2000,1999,2000,split_year,31,27,1,1,1,AC Milan,Serie A,domestic_league,False,True
paolo-maldini,Paolo Maldini,1968-06-26,Italy,centre-back,CB,DEF,retired,2000–01,2000,2001,split_year,32,31,1,1,1,AC Milan,Serie A,domestic_league,False,True
paolo-maldini,Paolo Maldini,1968-06-26,Italy,centre-back,CB,DEF,retired,2001–02,2001,2002,split_year,33,15,0,1,1,AC Milan,Serie A,domestic_league,False,True
paolo-maldini,Paolo Maldini,1968-06-26,Italy,centre-back,CB,DEF,retired,2002–03,2002,2003,split_year,34,29,2,1,1,AC Milan,Serie A,domestic_league,False,True
paolo-maldini,Paolo Maldini,1968-06-26,Italy,centre-back,CB,DEF,retired,2003–04,2003,2004,split_year,35,30,0,1,1,AC Milan,Serie A,domestic_league,False,True
paolo-maldini,Paolo Maldini,1968-06-26,Italy,centre-back,CB,DEF,retired,2004–05,2004,2005,split_year,36,33,0,1,1,AC Milan,Serie A,domestic_league,False,True
paolo-maldini,Paolo Maldini,1968-06-26,Italy,centre-back,CB,DEF,retired,2005–06,2005,2006,split_year,37,14,2,1,1,AC Milan,Serie A,domestic_league,False,True
paolo-maldini,Paolo Maldini,1968-06-26,Italy,centre-back,CB,DEF,retired,2006–07,2006,2007,split_year,38,18,1,1,1,AC Milan,Serie A,domestic_league,False,True
paolo-maldini,Paolo Maldini,1968-06-26,Italy,centre-back,CB,DEF,retired,2007–08,2007,2008,split_year,39,17,1,1,1,AC Milan,Serie A,domestic_league,False,True
paolo-maldini,Paolo Maldini,1968-06-26,Italy,centre-back,CB,DEF,retired,2008–09,2008,2009,split_year,40,30,0,1,1,AC Milan,Serie A,domestic_league,False,True
patrice-evra,Patrice Evra,1981-05-15,France,full-back,FB,DEF,retired,1999–2000,1999,2000,split_year,18,3,0,1,1,Monza,Serie B,domestic_league,False,True
patrice-evra,Patrice Evra,1981-05-15,France,full-back,FB,DEF,retired,2000–01,2000,2001,split_year,19,5,0,1,1,Nice,French Division 2,domestic_league,False,True
patrice-evra,Patrice Evra,1981-05-15,France,full-back,FB,DEF,retired,2001–02,2001,2002,split_year,20,35,1,1,1,Nice,French Division 2,domestic_league,False,True
patrice-evra,Patrice Evra,1981-05-15,France,full-back,FB,DEF,retired,2002–03,2002,2003,split_year,21,36,2,1,1,Monaco,Ligue 1,domestic_league,False,True
patrice-evra,Patrice Evra,1981-05-15,France,full-back,FB,DEF,retired,2003–04,2003,2004,split_year,22,33,0,1,1,Monaco,Ligue 1,domestic_league,False,True
patrice-evra,Patrice Evra,1981-05-15,France,full-back,FB,DEF,retired,2004–05,2004,2005,split_year,23,36,0,1,1,Monaco,Ligue 1,domestic_league,False,True
patrice-evra,Patrice Evra,1981-05-15,France,full-back,FB,DEF,retired,2005–06,2005,2006,split_year,24,26,0,2,2,Manchester United; Monaco,Premier League; Ligue 1,domestic_league,False,True
patrice-evra,Patrice Evra,1981-05-15,France,full-back,FB,DEF,retired,2006–07,2006,2007,split_year,25,24,1,1,1,Manchester United,Premier League,domestic_league,False,True
patrice-evra,Patrice Evra,1981-05-15,France,full-back,FB,DEF,retired,2007–08,2007,2008,split_year,26,33,0,1,1,Manchester United,Premier League,domestic_league,False,True
patrice-evra,Patrice Evra,1981-05-15,France,full-back,FB,DEF,retired,2008–09,2008,2009,split_year,27,28,0,1,1,Manchester United,Premier League,domestic_league,False,True
patrice-evra,Patrice Evra,1981-05-15,France,full-back,FB,DEF,retired,2009–10,2009,2010,split_year,28,38,0,1,1,Manchester United,Premier League,domestic_league,False,True
patrice-evra,Patrice Evra,1981-05-15,France,full-back,FB,DEF,retired,2010–11,2010,2011,split_year,29,35,1,1,1,Manchester United,Premier League,domestic_league,False,True
patrice-evra,Patrice Evra,1981-05-15,France,full-back,FB,DEF,retired,2011–12,2011,2012,split_year,30,37,0,1,1,Manchester United,Premier League,domestic_league,False,True
patrice-evra,Patrice Evra,1981-05-15,France,full-back,FB,DEF,retired,2012–13,2012,2013,split_year,31,34,4,1,1,Manchester United,Premier League,domestic_league,False,True
patrice-evra,Patrice Evra,1981-05-15,France,full-back,FB,DEF,retired,2013–14,2013,2014,split_year,32,33,1,1,1,Manchester United,Premier League,domestic_league,False,True
patrice-evra,Patrice Evra,1981-05-15,France,full-back,FB,DEF,retired,2014–15,2014,2015,split_year,33,21,1,1,1,Juventus,Serie A,domestic_league,False,True
patrice-evra,Patrice Evra,1981-05-15,France,full-back,FB,DEF,retired,2015–16,2015,2016,split_year,34,26,2,1,1,Juventus,Serie A,domestic_league,False,True
patrice-evra,Patrice Evra,1981-05-15,France,full-back,FB,DEF,retired,2016–17,2016,2017,split_year,35,17,1,2,2,Juventus; Marseille,Serie A; Ligue 1,domestic_league,False,True
patrice-evra,Patrice Evra,1981-05-15,France,full-back,FB,DEF,retired,2017–18,2017,2018,split_year,36,9,0,2,2,Marseille; West Ham United,Ligue 1; Premier League,domestic_league,False,True
patrick-vieira,Patrick Vieira,1976-06-23,France,defensive midfielder,DM,MID,retired,1993–94,1993,1994,split_year,17,5,0,1,1,Cannes,Division 1,domestic_league,False,True
patrick-vieira,Patrick Vieira,1976-06-23,France,defensive midfielder,DM,MID,retired,1994–95,1994,1995,split_year,18,31,2,1,1,Cannes,Division 1,domestic_league,False,True
patrick-vieira,Patrick Vieira,1976-06-23,France,defensive midfielder,DM,MID,retired,1995–96,1995,1996,split_year,19,15,0,2,2,AC Milan; Cannes,Serie A; Division 1,domestic_league,False,True
patrick-vieira,Patrick Vieira,1976-06-23,France,defensive midfielder,DM,MID,retired,1996–97,1996,1997,split_year,20,31,2,1,1,Arsenal,Premier League,domestic_league,False,True
patrick-vieira,Patrick Vieira,1976-06-23,France,defensive midfielder,DM,MID,retired,1997–98,1997,1998,split_year,21,33,2,1,1,Arsenal,Premier League,domestic_league,False,True
patrick-vieira,Patrick Vieira,1976-06-23,France,defensive midfielder,DM,MID,retired,1998–99,1998,1999,split_year,22,34,3,1,1,Arsenal,Premier League,domestic_league,False,True
patrick-vieira,Patrick Vieira,1976-06-23,France,defensive midfielder,DM,MID,retired,1999–2000,1999,2000,split_year,23,30,2,1,1,Arsenal,Premier League,domestic_league,False,True
patrick-vieira,Patrick Vieira,1976-06-23,France,defensive midfielder,DM,MID,retired,2000–01,2000,2001,split_year,24,30,5,1,1,Arsenal,Premier League,domestic_league,False,True
patrick-vieira,Patrick Vieira,1976-06-23,France,defensive midfielder,DM,MID,retired,2001–02,2001,2002,split_year,25,36,2,1,1,Arsenal,Premier League,domestic_league,False,True
patrick-vieira,Patrick Vieira,1976-06-23,France,defensive midfielder,DM,MID,retired,2002–03,2002,2003,split_year,26,24,3,1,1,Arsenal,Premier League,domestic_league,False,True
patrick-vieira,Patrick Vieira,1976-06-23,France,defensive midfielder,DM,MID,retired,2003–04,2003,2004,split_year,27,29,3,1,1,Arsenal,Premier League,domestic_league,False,True
patrick-vieira,Patrick Vieira,1976-06-23,France,defensive midfielder,DM,MID,retired,2004–05,2004,2005,split_year,28,32,6,1,1,Arsenal,Premier League,domestic_league,False,True
patrick-vieira,Patrick Vieira,1976-06-23,France,defensive midfielder,DM,MID,retired,2005–06,2005,2006,split_year,29,31,5,1,1,Juventus,Serie A,domestic_league,False,True
patrick-vieira,Patrick Vieira,1976-06-23,France,defensive midfielder,DM,MID,retired,2006–07,2006,2007,split_year,30,20,1,1,1,Inter Milan,Serie A,domestic_league,False,True
patrick-vieira,Patrick Vieira,1976-06-23,France,defensive midfielder,DM,MID,retired,2007–08,2007,2008,split_year,31,16,3,1,1,Inter Milan,Serie A,domestic_league,False,True
patrick-vieira,Patrick Vieira,1976-06-23,France,defensive midfielder,DM,MID,retired,2008–09,2008,2009,split_year,32,19,1,1,1,Inter Milan,Serie A,domestic_league,False,True
patrick-vieira,Patrick Vieira,1976-06-23,France,defensive midfielder,DM,MID,retired,2009–10,2009,2010,split_year,33,25,2,2,2,Inter Milan; Manchester City,Serie A; Premier League,domestic_league,False,True
patrick-vieira,Patrick Vieira,1976-06-23,France,defensive midfielder,DM,MID,retired,2010–11,2010,2011,split_year,34,15,2,1,1,Manchester City,Premier League,domestic_league,False,True
paul-scholes,Paul Scholes,1974-11-16,United Kingdom,midfielder,CM,MID,retired,1994–95,1994,1995,split_year,20,17,5,1,1,Manchester United,Premier League,domestic_league,False,True
paul-scholes,Paul Scholes,1974-11-16,United Kingdom,midfielder,CM,MID,retired,1995–96,1995,1996,split_year,21,26,10,1,1,Manchester United,Premier League,domestic_league,False,True
paul-scholes,Paul Scholes,1974-11-16,United Kingdom,midfielder,CM,MID,retired,1996–97,1996,1997,split_year,22,24,3,1,1,Manchester United,Premier League,domestic_league,False,True
paul-scholes,Paul Scholes,1974-11-16,United Kingdom,midfielder,CM,MID,retired,1997–98,1997,1998,split_year,23,31,8,1,1,Manchester United,Premier League,domestic_league,False,True
paul-scholes,Paul Scholes,1974-11-16,United Kingdom,midfielder,CM,MID,retired,1998–99,1998,1999,split_year,24,31,6,1,1,Manchester United,Premier League,domestic_league,False,True
paul-scholes,Paul Scholes,1974-11-16,United Kingdom,midfielder,CM,MID,retired,1999–2000,1999,2000,split_year,25,31,9,1,1,Manchester United,Premier League,domestic_league,False,True
paul-scholes,Paul Scholes,1974-11-16,United Kingdom,midfielder,CM,MID,retired,2000–01,2000,2001,split_year,26,32,6,1,1,Manchester United,Premier League,domestic_league,False,True
paul-scholes,Paul Scholes,1974-11-16,United Kingdom,midfielder,CM,MID,retired,2001–02,2001,2002,split_year,27,35,8,1,1,Manchester United,Premier League,domestic_league,False,True
paul-scholes,Paul Scholes,1974-11-16,United Kingdom,midfielder,CM,MID,retired,2002–03,2002,2003,split_year,28,33,14,1,1,Manchester United,Premier League,domestic_league,False,True
paul-scholes,Paul Scholes,1974-11-16,United Kingdom,midfielder,CM,MID,retired,2003–04,2003,2004,split_year,29,28,9,1,1,Manchester United,Premier League,domestic_league,False,True
paul-scholes,Paul Scholes,1974-11-16,United Kingdom,midfielder,CM,MID,retired,2004–05,2004,2005,split_year,30,33,9,1,1,Manchester United,Premier League,domestic_league,False,True
paul-scholes,Paul Scholes,1974-11-16,United Kingdom,midfielder,CM,MID,retired,2005–06,2005,2006,split_year,31,20,2,1,1,Manchester United,Premier League,domestic_league,False,True
paul-scholes,Paul Scholes,1974-11-16,United Kingdom,midfielder,CM,MID,retired,2006–07,2006,2007,split_year,32,30,6,1,1,Manchester United,Premier League,domestic_league,False,True
paul-scholes,Paul Scholes,1974-11-16,United Kingdom,midfielder,CM,MID,retired,2007–08,2007,2008,split_year,33,24,1,1,1,Manchester United,Premier League,domestic_league,False,True
paul-scholes,Paul Scholes,1974-11-16,United Kingdom,midfielder,CM,MID,retired,2008–09,2008,2009,split_year,34,21,2,1,1,Manchester United,Premier League,domestic_league,False,True
paul-scholes,Paul Scholes,1974-11-16,United Kingdom,midfielder,CM,MID,retired,2009–10,2009,2010,split_year,35,28,3,1,1,Manchester United,Premier League,domestic_league,False,True
paul-scholes,Paul Scholes,1974-11-16,United Kingdom,midfielder,CM,MID,retired,2010–11,2010,2011,split_year,36,22,1,1,1,Manchester United,Premier League,domestic_league,False,True
paul-scholes,Paul Scholes,1974-11-16,United Kingdom,midfielder,CM,MID,retired,2011–12,2011,2012,split_year,37,17,4,1,1,Manchester United,Premier League,domestic_league,False,True
paul-scholes,Paul Scholes,1974-11-16,United Kingdom,midfielder,CM,MID,retired,2012–13,2012,2013,split_year,38,16,1,1,1,Manchester United,Premier League,domestic_league,False,True
paul-scholes,Paul Scholes,1974-11-16,United Kingdom,midfielder,CM,MID,retired,2018–19,2018,2019,split_year,44,2,0,1,1,Royton Town,MFL Premier Division,domestic_league,False,False
paulo-dybala,Paulo Dybala,1993-11-15,Argentina,forward,AM,MID,active,2011–12,2011,2012,split_year,18,38,17,1,1,Instituto de Córdoba,Primera B Nacional,domestic_league,False,True
paulo-dybala,Paulo Dybala,1993-11-15,Argentina,forward,AM,MID,active,2012–13,2012,2013,split_year,19,27,3,1,1,Palermo,Serie A,domestic_league,False,True
paulo-dybala,Paulo Dybala,1993-11-15,Argentina,forward,AM,MID,active,2013–14,2013,2014,split_year,20,28,5,1,1,Palermo,Serie B,domestic_league,False,True
paulo-dybala,Paulo Dybala,1993-11-15,Argentina,forward,AM,MID,active,2014–15,2014,2015,split_year,21,34,13,1,1,Palermo,Serie A,domestic_league,False,True
paulo-dybala,Paulo Dybala,1993-11-15,Argentina,forward,AM,MID,active,2015–16,2015,2016,split_year,22,34,19,1,1,Juventus,Serie A,domestic_league,False,True
paulo-dybala,Paulo Dybala,1993-11-15,Argentina,forward,AM,MID,active,2016–17,2016,2017,split_year,23,31,11,1,1,Juventus,Serie A,domestic_league,False,True
paulo-dybala,Paulo Dybala,1993-11-15,Argentina,forward,AM,MID,active,2017–18,2017,2018,split_year,24,33,22,1,1,Juventus,Serie A,domestic_league,False,True
paulo-dybala,Paulo Dybala,1993-11-15,Argentina,forward,AM,MID,active,2018–19,2018,2019,split_year,25,30,5,1,1,Juventus,Serie A,domestic_league,False,True
paulo-dybala,Paulo Dybala,1993-11-15,Argentina,forward,AM,MID,active,2019–20,2019,2020,split_year,26,33,11,1,1,Juventus,Serie A,domestic_league,False,True
paulo-dybala,Paulo Dybala,1993-11-15,Argentina,forward,AM,MID,active,2020–21,2020,2021,split_year,27,20,4,1,1,Juventus,Serie A,domestic_league,False,True
paulo-dybala,Paulo Dybala,1993-11-15,Argentina,forward,AM,MID,active,2021–22,2021,2022,split_year,28,29,10,1,1,Juventus,Serie A,domestic_league,False,True
paulo-dybala,Paulo Dybala,1993-11-15,Argentina,forward,AM,MID,active,2022–23,2022,2023,split_year,29,25,12,1,1,Roma,Serie A,domestic_league,False,True
paulo-dybala,Paulo Dybala,1993-11-15,Argentina,forward,AM,MID,active,2023–24,2023,2024,split_year,30,28,13,1,1,Roma,Serie A,domestic_league,False,True
paulo-dybala,Paulo Dybala,1993-11-15,Argentina,forward,AM,MID,active,2024–25,2024,2025,split_year,31,24,6,1,1,Roma,Serie A,domestic_league,False,True
paulo-dybala,Paulo Dybala,1993-11-15,Argentina,forward,AM,MID,active,2025–26,2025,2026,split_year,32,22,2,1,1,Roma,Serie A,domestic_league,False,True
paulo-dybala,Paulo Dybala,1993-11-15,Argentina,forward,AM,MID,active,2026–27,2026,2027,split_year,33,0,0,1,1,Roma,Serie A,domestic_league,True,True
pedri,Pedri,2002-11-25,Spain,centerhalf,CM,MID,active,2019–20,2019,2020,split_year,17,36,4,1,1,Las Palmas,Segunda División,domestic_league,False,True
pedri,Pedri,2002-11-25,Spain,centerhalf,CM,MID,active,2020–21,2020,2021,split_year,18,37,3,1,1,Barcelona,La Liga,domestic_league,False,True
pedri,Pedri,2002-11-25,Spain,centerhalf,CM,MID,active,2021–22,2021,2022,split_year,19,12,3,1,1,Barcelona,La Liga,domestic_league,False,True
pedri,Pedri,2002-11-25,Spain,centerhalf,CM,MID,active,2022–23,2022,2023,split_year,20,26,6,1,1,Barcelona,La Liga,domestic_league,False,True
pedri,Pedri,2002-11-25,Spain,centerhalf,CM,MID,active,2023–24,2023,2024,split_year,21,24,4,1,1,Barcelona,La Liga,domestic_league,False,True
pedri,Pedri,2002-11-25,Spain,centerhalf,CM,MID,active,2024–25,2024,2025,split_year,22,37,4,1,1,Barcelona,La Liga,domestic_league,False,True
pedri,Pedri,2002-11-25,Spain,centerhalf,CM,MID,active,2025–26,2025,2026,split_year,23,29,2,1,1,Barcelona,La Liga,domestic_league,False,True
pedro-footballer-born-1987,"Pedro (footballer, born 1987)",1987-07-28,Spain,forward,WNG,WIDE,active,2007–08,2007,2008,split_year,20,2,0,1,1,Barcelona,La Liga,domestic_league,False,True
pedro-footballer-born-1987,"Pedro (footballer, born 1987)",1987-07-28,Spain,forward,WNG,WIDE,active,2008–09,2008,2009,split_year,21,6,0,1,1,Barcelona,La Liga,domestic_league,False,True
pedro-footballer-born-1987,"Pedro (footballer, born 1987)",1987-07-28,Spain,forward,WNG,WIDE,active,2009–10,2009,2010,split_year,22,34,12,1,1,Barcelona,La Liga,domestic_league,False,True
pedro-footballer-born-1987,"Pedro (footballer, born 1987)",1987-07-28,Spain,forward,WNG,WIDE,active,2010–11,2010,2011,split_year,23,33,13,1,1,Barcelona,La Liga,domestic_league,False,True
pedro-footballer-born-1987,"Pedro (footballer, born 1987)",1987-07-28,Spain,forward,WNG,WIDE,active,2011–12,2011,2012,split_year,24,29,5,1,1,Barcelona,La Liga,domestic_league,False,True
pedro-footballer-born-1987,"Pedro (footballer, born 1987)",1987-07-28,Spain,forward,WNG,WIDE,active,2012–13,2012,2013,split_year,25,28,7,1,1,Barcelona,La Liga,domestic_league,False,True
pedro-footballer-born-1987,"Pedro (footballer, born 1987)",1987-07-28,Spain,forward,WNG,WIDE,active,2013–14,2013,2014,split_year,26,37,15,1,1,Barcelona,La Liga,domestic_league,False,True
pedro-footballer-born-1987,"Pedro (footballer, born 1987)",1987-07-28,Spain,forward,WNG,WIDE,active,2014–15,2014,2015,split_year,27,35,6,1,1,Barcelona,La Liga,domestic_league,False,True
pedro-footballer-born-1987,"Pedro (footballer, born 1987)",1987-07-28,Spain,forward,WNG,WIDE,active,2015–16,2015,2016,split_year,28,29,7,1,1,Chelsea,Premier League,domestic_league,False,True
pedro-footballer-born-1987,"Pedro (footballer, born 1987)",1987-07-28,Spain,forward,WNG,WIDE,active,2016–17,2016,2017,split_year,29,35,9,1,1,Chelsea,Premier League,domestic_league,False,True
pedro-footballer-born-1987,"Pedro (footballer, born 1987)",1987-07-28,Spain,forward,WNG,WIDE,active,2017–18,2017,2018,split_year,30,31,4,1,1,Chelsea,Premier League,domestic_league,False,True
pedro-footballer-born-1987,"Pedro (footballer, born 1987)",1987-07-28,Spain,forward,WNG,WIDE,active,2018–19,2018,2019,split_year,31,31,8,1,1,Chelsea,Premier League,domestic_league,False,True
pedro-footballer-born-1987,"Pedro (footballer, born 1987)",1987-07-28,Spain,forward,WNG,WIDE,active,2019–20,2019,2020,split_year,32,11,1,1,1,Chelsea,Premier League,domestic_league,False,True
pedro-footballer-born-1987,"Pedro (footballer, born 1987)",1987-07-28,Spain,forward,WNG,WIDE,active,2020–21,2020,2021,split_year,33,27,5,1,1,Roma,Serie A,domestic_league,False,True
pedro-footballer-born-1987,"Pedro (footballer, born 1987)",1987-07-28,Spain,forward,WNG,WIDE,active,2021–22,2021,2022,split_year,34,32,9,1,1,Lazio,Serie A,domestic_league,False,True
pedro-footballer-born-1987,"Pedro (footballer, born 1987)",1987-07-28,Spain,forward,WNG,WIDE,active,2022–23,2022,2023,split_year,35,36,4,1,1,Lazio,Serie A,domestic_league,False,True
pedro-footballer-born-1987,"Pedro (footballer, born 1987)",1987-07-28,Spain,forward,WNG,WIDE,active,2023–24,2023,2024,split_year,36,33,1,1,1,Lazio,Serie A,domestic_league,False,True
pedro-footballer-born-1987,"Pedro (footballer, born 1987)",1987-07-28,Spain,forward,WNG,WIDE,active,2024–25,2024,2025,split_year,37,30,10,1,1,Lazio,Serie A,domestic_league,False,True
pedro-footballer-born-1987,"Pedro (footballer, born 1987)",1987-07-28,Spain,forward,WNG,WIDE,active,2025–26,2025,2026,split_year,38,29,5,1,1,Lazio,Serie A,domestic_league,False,True
pepe-footballer-born-february-1983,"Pepe (footballer, born February 1983)",1983-02-26,Portugal,centre-back,CB,DEF,inactive,2001–02,2001,2002,split_year,18,4,0,1,1,Marítimo,Primeira Liga,domestic_league,False,True
pepe-footballer-born-february-1983,"Pepe (footballer, born February 1983)",1983-02-26,Portugal,centre-back,CB,DEF,inactive,2002–03,2002,2003,split_year,19,29,2,1,1,Marítimo,Primeira Liga,domestic_league,False,True
pepe-footballer-born-february-1983,"Pepe (footballer, born February 1983)",1983-02-26,Portugal,centre-back,CB,DEF,inactive,2003–04,2003,2004,split_year,20,30,1,1,1,Marítimo,Primeira Liga,domestic_league,False,True
pepe-footballer-born-february-1983,"Pepe (footballer, born February 1983)",1983-02-26,Portugal,centre-back,CB,DEF,inactive,2004–05,2004,2005,split_year,21,15,1,1,1,Porto,Primeira Liga,domestic_league,False,True
pepe-footballer-born-february-1983,"Pepe (footballer, born February 1983)",1983-02-26,Portugal,centre-back,CB,DEF,inactive,2005–06,2005,2006,split_year,22,24,1,1,1,Porto,Primeira Liga,domestic_league,False,True
pepe-footballer-born-february-1983,"Pepe (footballer, born February 1983)",1983-02-26,Portugal,centre-back,CB,DEF,inactive,2006–07,2006,2007,split_year,23,25,4,1,1,Porto,Primeira Liga,domestic_league,False,True
pepe-footballer-born-february-1983,"Pepe (footballer, born February 1983)",1983-02-26,Portugal,centre-back,CB,DEF,inactive,2007–08,2007,2008,split_year,24,19,0,1,1,Real Madrid,La Liga,domestic_league,False,True
pepe-footballer-born-february-1983,"Pepe (footballer, born February 1983)",1983-02-26,Portugal,centre-back,CB,DEF,inactive,2008–09,2008,2009,split_year,25,26,0,1,1,Real Madrid,La Liga,domestic_league,False,True
pepe-footballer-born-february-1983,"Pepe (footballer, born February 1983)",1983-02-26,Portugal,centre-back,CB,DEF,inactive,2009–10,2009,2010,split_year,26,10,1,1,1,Real Madrid,La Liga,domestic_league,False,True
pepe-footballer-born-february-1983,"Pepe (footballer, born February 1983)",1983-02-26,Portugal,centre-back,CB,DEF,inactive,2010–11,2010,2011,split_year,27,26,1,1,1,Real Madrid,La Liga,domestic_league,False,True
pepe-footballer-born-february-1983,"Pepe (footballer, born February 1983)",1983-02-26,Portugal,centre-back,CB,DEF,inactive,2011–12,2011,2012,split_year,28,29,1,1,1,Real Madrid,La Liga,domestic_league,False,True
pepe-footballer-born-february-1983,"Pepe (footballer, born February 1983)",1983-02-26,Portugal,centre-back,CB,DEF,inactive,2012–13,2012,2013,split_year,29,28,1,1,1,Real Madrid,La Liga,domestic_league,False,True
pepe-footballer-born-february-1983,"Pepe (footballer, born February 1983)",1983-02-26,Portugal,centre-back,CB,DEF,inactive,2013–14,2013,2014,split_year,30,30,4,1,1,Real Madrid,La Liga,domestic_league,False,True
pepe-footballer-born-february-1983,"Pepe (footballer, born February 1983)",1983-02-26,Portugal,centre-back,CB,DEF,inactive,2014–15,2014,2015,split_year,31,27,2,1,1,Real Madrid,La Liga,domestic_league,False,True
pepe-footballer-born-february-1983,"Pepe (footballer, born February 1983)",1983-02-26,Portugal,centre-back,CB,DEF,inactive,2015–16,2015,2016,split_year,32,21,1,1,1,Real Madrid,La Liga,domestic_league,False,True
pepe-footballer-born-february-1983,"Pepe (footballer, born February 1983)",1983-02-26,Portugal,centre-back,CB,DEF,inactive,2016–17,2016,2017,split_year,33,13,2,1,1,Real Madrid,La Liga,domestic_league,False,True
pepe-footballer-born-february-1983,"Pepe (footballer, born February 1983)",1983-02-26,Portugal,centre-back,CB,DEF,inactive,2017–18,2017,2018,split_year,34,23,2,1,1,Beşiktaş,Süper Lig,domestic_league,False,True
pepe-footballer-born-february-1983,"Pepe (footballer, born February 1983)",1983-02-26,Portugal,centre-back,CB,DEF,inactive,2018–19,2018,2019,split_year,35,23,5,2,2,Beşiktaş; Porto,Süper Lig; Primeira Liga,domestic_league,False,True
pepe-footballer-born-february-1983,"Pepe (footballer, born February 1983)",1983-02-26,Portugal,centre-back,CB,DEF,inactive,2019–20,2019,2020,split_year,36,25,1,1,1,Porto,Primeira Liga,domestic_league,False,True
pepe-footballer-born-february-1983,"Pepe (footballer, born February 1983)",1983-02-26,Portugal,centre-back,CB,DEF,inactive,2020–21,2020,2021,split_year,37,27,2,1,1,Porto,Primeira Liga,domestic_league,False,True
pepe-footballer-born-february-1983,"Pepe (footballer, born February 1983)",1983-02-26,Portugal,centre-back,CB,DEF,inactive,2021–22,2021,2022,split_year,38,21,1,1,1,Porto,Primeira Liga,domestic_league,False,True
pepe-footballer-born-february-1983,"Pepe (footballer, born February 1983)",1983-02-26,Portugal,centre-back,CB,DEF,inactive,2022–23,2022,2023,split_year,39,24,0,1,1,Porto,Primeira Liga,domestic_league,False,True
pepe-footballer-born-february-1983,"Pepe (footballer, born February 1983)",1983-02-26,Portugal,centre-back,CB,DEF,inactive,2023–24,2023,2024,split_year,40,22,1,1,1,Porto,Primeira Liga,domestic_league,False,True
philipp-lahm,Philipp Lahm,1983-11-11,Germany,full-back,FB,DEF,retired,2002–03,2002,2003,split_year,19,0,0,1,1,Bayern Munich,Bundesliga,domestic_league,False,True
philipp-lahm,Philipp Lahm,1983-11-11,Germany,full-back,FB,DEF,retired,2003–04,2003,2004,split_year,20,31,1,1,1,Stuttgart (loan),Bundesliga,domestic_league,False,True
philipp-lahm,Philipp Lahm,1983-11-11,Germany,full-back,FB,DEF,retired,2004–05,2004,2005,split_year,21,22,1,1,1,Stuttgart (loan),Bundesliga,domestic_league,False,True
philipp-lahm,Philipp Lahm,1983-11-11,Germany,full-back,FB,DEF,retired,2005–06,2005,2006,split_year,22,20,0,1,1,Bayern Munich,Bundesliga,domestic_league,False,True
philipp-lahm,Philipp Lahm,1983-11-11,Germany,full-back,FB,DEF,retired,2006–07,2006,2007,split_year,23,34,1,1,1,Bayern Munich,Bundesliga,domestic_league,False,True
philipp-lahm,Philipp Lahm,1983-11-11,Germany,full-back,FB,DEF,retired,2007–08,2007,2008,split_year,24,22,0,1,1,Bayern Munich,Bundesliga,domestic_league,False,True
philipp-lahm,Philipp Lahm,1983-11-11,Germany,full-back,FB,DEF,retired,2008–09,2008,2009,split_year,25,28,3,1,1,Bayern Munich,Bundesliga,domestic_league,False,True
philipp-lahm,Philipp Lahm,1983-11-11,Germany,full-back,FB,DEF,retired,2009–10,2009,2010,split_year,26,34,0,1,1,Bayern Munich,Bundesliga,domestic_league,False,True
philipp-lahm,Philipp Lahm,1983-11-11,Germany,full-back,FB,DEF,retired,2010–11,2010,2011,split_year,27,34,3,1,1,Bayern Munich,Bundesliga,domestic_league,False,True
philipp-lahm,Philipp Lahm,1983-11-11,Germany,full-back,FB,DEF,retired,2011–12,2011,2012,split_year,28,31,0,1,1,Bayern Munich,Bundesliga,domestic_league,False,True
philipp-lahm,Philipp Lahm,1983-11-11,Germany,full-back,FB,DEF,retired,2012–13,2012,2013,split_year,29,29,0,1,1,Bayern Munich,Bundesliga,domestic_league,False,True
philipp-lahm,Philipp Lahm,1983-11-11,Germany,full-back,FB,DEF,retired,2013–14,2013,2014,split_year,30,28,1,1,1,Bayern Munich,Bundesliga,domestic_league,False,True
philipp-lahm,Philipp Lahm,1983-11-11,Germany,full-back,FB,DEF,retired,2014–15,2014,2015,split_year,31,20,2,1,1,Bayern Munich,Bundesliga,domestic_league,False,True
philipp-lahm,Philipp Lahm,1983-11-11,Germany,full-back,FB,DEF,retired,2015–16,2015,2016,split_year,32,26,1,1,1,Bayern Munich,Bundesliga,domestic_league,False,True
philipp-lahm,Philipp Lahm,1983-11-11,Germany,full-back,FB,DEF,retired,2016–17,2016,2017,split_year,33,26,1,1,1,Bayern Munich,Bundesliga,domestic_league,False,True
pierre-emerick-aubameyang,Pierre-Emerick Aubameyang,1989-06-18,France,centre-forward,FW,FWD,active,2007–08,2007,2008,split_year,18,0,0,1,1,AC Milan,Serie A,domestic_league,False,True
pierre-emerick-aubameyang,Pierre-Emerick Aubameyang,1989-06-18,France,centre-forward,FW,FWD,active,2008–09,2008,2009,split_year,19,34,8,1,1,Dijon (loan),Ligue 2,domestic_league,False,True
pierre-emerick-aubameyang,Pierre-Emerick Aubameyang,1989-06-18,France,centre-forward,FW,FWD,active,2009–10,2009,2010,split_year,20,14,2,1,1,Lille (loan),Ligue 1,domestic_league,False,True
pierre-emerick-aubameyang,Pierre-Emerick Aubameyang,1989-06-18,France,centre-forward,FW,FWD,active,2010–11,2010,2011,split_year,21,33,4,2,1,Monaco (loan); Saint-Étienne,Ligue 1,domestic_league,False,True
pierre-emerick-aubameyang,Pierre-Emerick Aubameyang,1989-06-18,France,centre-forward,FW,FWD,active,2011–12,2011,2012,split_year,22,36,16,1,1,Saint-Étienne,Ligue 1,domestic_league,False,True
pierre-emerick-aubameyang,Pierre-Emerick Aubameyang,1989-06-18,France,centre-forward,FW,FWD,active,2012–13,2012,2013,split_year,23,37,19,1,1,Saint-Étienne,Ligue 1,domestic_league,False,True
pierre-emerick-aubameyang,Pierre-Emerick Aubameyang,1989-06-18,France,centre-forward,FW,FWD,active,2013–14,2013,2014,split_year,24,32,13,1,1,Borussia Dortmund,Bundesliga,domestic_league,False,True
pierre-emerick-aubameyang,Pierre-Emerick Aubameyang,1989-06-18,France,centre-forward,FW,FWD,active,2014–15,2014,2015,split_year,25,33,16,1,1,Borussia Dortmund,Bundesliga,domestic_league,False,True
pierre-emerick-aubameyang,Pierre-Emerick Aubameyang,1989-06-18,France,centre-forward,FW,FWD,active,2015–16,2015,2016,split_year,26,31,25,1,1,Borussia Dortmund,Bundesliga,domestic_league,False,True
pierre-emerick-aubameyang,Pierre-Emerick Aubameyang,1989-06-18,France,centre-forward,FW,FWD,active,2016–17,2016,2017,split_year,27,32,31,1,1,Borussia Dortmund,Bundesliga,domestic_league,False,True
pierre-emerick-aubameyang,Pierre-Emerick Aubameyang,1989-06-18,France,centre-forward,FW,FWD,active,2017–18,2017,2018,split_year,28,29,23,2,2,Arsenal; Borussia Dortmund,Premier League; Bundesliga,domestic_league,False,True
pierre-emerick-aubameyang,Pierre-Emerick Aubameyang,1989-06-18,France,centre-forward,FW,FWD,active,2018–19,2018,2019,split_year,29,36,22,1,1,Arsenal,Premier League,domestic_league,False,True
pierre-emerick-aubameyang,Pierre-Emerick Aubameyang,1989-06-18,France,centre-forward,FW,FWD,active,2019–20,2019,2020,split_year,30,36,22,1,1,Arsenal,Premier League,domestic_league,False,True
pierre-emerick-aubameyang,Pierre-Emerick Aubameyang,1989-06-18,France,centre-forward,FW,FWD,active,2020–21,2020,2021,split_year,31,29,10,1,1,Arsenal,Premier League,domestic_league,False,True
pierre-emerick-aubameyang,Pierre-Emerick Aubameyang,1989-06-18,France,centre-forward,FW,FWD,active,2021–22,2021,2022,split_year,32,31,15,2,2,Arsenal; Barcelona,Premier League; La Liga,domestic_league,False,True
pierre-emerick-aubameyang,Pierre-Emerick Aubameyang,1989-06-18,France,centre-forward,FW,FWD,active,2022–23,2022,2023,split_year,33,16,1,2,2,Barcelona; Chelsea,La Liga; Premier League,domestic_league,False,True
pierre-emerick-aubameyang,Pierre-Emerick Aubameyang,1989-06-18,France,centre-forward,FW,FWD,active,2023–24,2023,2024,split_year,34,34,17,1,1,Marseille,Ligue 1,domestic_league,False,True
pierre-emerick-aubameyang,Pierre-Emerick Aubameyang,1989-06-18,France,centre-forward,FW,FWD,active,2024–25,2024,2025,split_year,35,32,17,1,1,Al-Qadsiah,Saudi Pro League,domestic_league,False,True
pierre-emerick-aubameyang,Pierre-Emerick Aubameyang,1989-06-18,France,centre-forward,FW,FWD,active,2025–26,2025,2026,split_year,36,30,10,1,1,Marseille,Ligue 1,domestic_league,False,True
pierre-emerick-aubameyang,Pierre-Emerick Aubameyang,1989-06-18,France,centre-forward,FW,FWD,active,2026–27,2026,2027,split_year,37,0,0,1,1,Deportivo A Coruña,La Liga,domestic_league,True,True
radamel-falcao,Radamel Falcao,1986-02-10,Colombia,forward,FW,FWD,active,2004–05,2004,2005,split_year,18,4,0,1,1,River Plate,Argentine Primera División,domestic_league,False,True
radamel-falcao,Radamel Falcao,1986-02-10,Colombia,forward,FW,FWD,active,2005–06,2005,2006,split_year,19,7,7,1,1,River Plate,Argentine Primera División,domestic_league,False,True
radamel-falcao,Radamel Falcao,1986-02-10,Colombia,forward,FW,FWD,active,2006–07,2006,2007,split_year,20,20,3,1,1,River Plate,Argentine Primera División,domestic_league,False,True
radamel-falcao,Radamel Falcao,1986-02-10,Colombia,forward,FW,FWD,active,2007–08,2007,2008,split_year,21,27,11,1,1,River Plate,Argentine Primera División,domestic_league,False,True
radamel-falcao,Radamel Falcao,1986-02-10,Colombia,forward,FW,FWD,active,2008–09,2008,2009,split_year,22,32,13,1,1,River Plate,Argentine Primera División,domestic_league,False,True
radamel-falcao,Radamel Falcao,1986-02-10,Colombia,forward,FW,FWD,active,2009–10,2009,2010,split_year,23,28,25,1,1,Porto,Primeira Liga,domestic_league,False,True
radamel-falcao,Radamel Falcao,1986-02-10,Colombia,forward,FW,FWD,active,2010–11,2010,2011,split_year,24,22,16,1,1,Porto,Primeira Liga,domestic_league,False,True
radamel-falcao,Radamel Falcao,1986-02-10,Colombia,forward,FW,FWD,active,2011–12,2011,2012,split_year,25,35,24,2,2,Atlético Madrid; Porto,La Liga; Primeira Liga,domestic_league,False,True
radamel-falcao,Radamel Falcao,1986-02-10,Colombia,forward,FW,FWD,active,2012–13,2012,2013,split_year,26,34,28,1,1,Atlético Madrid,La Liga,domestic_league,False,True
radamel-falcao,Radamel Falcao,1986-02-10,Colombia,forward,FW,FWD,active,2013–14,2013,2014,split_year,27,17,9,1,1,Monaco,Ligue 1,domestic_league,False,True
radamel-falcao,Radamel Falcao,1986-02-10,Colombia,forward,FW,FWD,active,2014–15,2014,2015,split_year,28,29,6,2,2,Manchester United (loan); Monaco,Premier League; Ligue 1,domestic_league,False,True
radamel-falcao,Radamel Falcao,1986-02-10,Colombia,forward,FW,FWD,active,2015–16,2015,2016,split_year,29,10,1,1,1,Chelsea (loan),Premier League,domestic_league,False,True
radamel-falcao,Radamel Falcao,1986-02-10,Colombia,forward,FW,FWD,active,2016–17,2016,2017,split_year,30,29,21,1,1,Monaco,Ligue 1,domestic_league,False,True
radamel-falcao,Radamel Falcao,1986-02-10,Colombia,forward,FW,FWD,active,2017–18,2017,2018,split_year,31,26,18,1,1,Monaco,Ligue 1,domestic_league,False,True
radamel-falcao,Radamel Falcao,1986-02-10,Colombia,forward,FW,FWD,active,2018–19,2018,2019,split_year,32,33,15,1,1,Monaco,Ligue 1,domestic_league,False,True
radamel-falcao,Radamel Falcao,1986-02-10,Colombia,forward,FW,FWD,active,2019–20,2019,2020,split_year,33,16,10,1,1,Galatasaray,Süper Lig,domestic_league,False,True
radamel-falcao,Radamel Falcao,1986-02-10,Colombia,forward,FW,FWD,active,2020–21,2020,2021,split_year,34,17,9,1,1,Galatasaray,Süper Lig,domestic_league,False,True
radamel-falcao,Radamel Falcao,1986-02-10,Colombia,forward,FW,FWD,active,2021–22,2021,2022,split_year,35,23,6,2,2,Galatasaray; Rayo Vallecano,Süper Lig; La Liga,domestic_league,False,True
radamel-falcao,Radamel Falcao,1986-02-10,Colombia,forward,FW,FWD,active,2022–23,2022,2023,split_year,36,27,2,1,1,Rayo Vallecano,La Liga,domestic_league,False,True
radamel-falcao,Radamel Falcao,1986-02-10,Colombia,forward,FW,FWD,active,2023–24,2023,2024,split_year,37,22,1,1,1,Rayo Vallecano,La Liga,domestic_league,False,True
radamel-falcao,Radamel Falcao,1986-02-10,Colombia,forward,FW,FWD,active,2024,2024,2024,calendar_year,38,16,5,1,1,Millonarios,Categoría Primera A,domestic_league,False,True
radamel-falcao,Radamel Falcao,1986-02-10,Colombia,forward,FW,FWD,active,2025,2025,2025,calendar_year,39,12,6,1,1,Millonarios,Categoría Primera A,domestic_league,False,True
rafael-leao,Rafael Leão,1999-06-10,Portugal,winger,WNG,WIDE,active,2017–18,2017,2018,split_year,18,3,1,1,1,Sporting CP,Primeira Liga,domestic_league,False,True
rafael-leao,Rafael Leão,1999-06-10,Portugal,winger,WNG,WIDE,active,2018–19,2018,2019,split_year,19,24,8,1,1,Lille,Ligue 1,domestic_league,False,True
rafael-leao,Rafael Leão,1999-06-10,Portugal,winger,WNG,WIDE,active,2019–20,2019,2020,split_year,20,31,6,1,1,AC Milan,Serie A,domestic_league,False,True
rafael-leao,Rafael Leão,1999-06-10,Portugal,winger,WNG,WIDE,active,2020–21,2020,2021,split_year,21,30,6,1,1,AC Milan,Serie A,domestic_league,False,True
rafael-leao,Rafael Leão,1999-06-10,Portugal,winger,WNG,WIDE,active,2021–22,2021,2022,split_year,22,34,11,1,1,AC Milan,Serie A,domestic_league,False,True
rafael-leao,Rafael Leão,1999-06-10,Portugal,winger,WNG,WIDE,active,2022–23,2022,2023,split_year,23,35,15,1,1,AC Milan,Serie A,domestic_league,False,True
rafael-leao,Rafael Leão,1999-06-10,Portugal,winger,WNG,WIDE,active,2023–24,2023,2024,split_year,24,34,9,1,1,AC Milan,Serie A,domestic_league,False,True
rafael-leao,Rafael Leão,1999-06-10,Portugal,winger,WNG,WIDE,active,2024–25,2024,2025,split_year,25,34,8,1,1,AC Milan,Serie A,domestic_league,False,True
rafael-leao,Rafael Leão,1999-06-10,Portugal,winger,WNG,WIDE,active,2025–26,2025,2026,split_year,26,29,9,1,1,AC Milan,Serie A,domestic_league,False,True
raheem-sterling,Raheem Sterling,1994-12-08,United Kingdom,winger,WNG,WIDE,active,2011–12,2011,2012,split_year,17,3,0,1,1,Liverpool,Premier League,domestic_league,False,True
raheem-sterling,Raheem Sterling,1994-12-08,United Kingdom,winger,WNG,WIDE,active,2012–13,2012,2013,split_year,18,24,2,1,1,Liverpool,Premier League,domestic_league,False,True
raheem-sterling,Raheem Sterling,1994-12-08,United Kingdom,winger,WNG,WIDE,active,2013–14,2013,2014,split_year,19,33,9,1,1,Liverpool,Premier League,domestic_league,False,True
raheem-sterling,Raheem Sterling,1994-12-08,United Kingdom,winger,WNG,WIDE,active,2014–15,2014,2015,split_year,20,35,7,1,1,Liverpool,Premier League,domestic_league,False,True
raheem-sterling,Raheem Sterling,1994-12-08,United Kingdom,winger,WNG,WIDE,active,2015–16,2015,2016,split_year,21,31,6,1,1,Manchester City,Premier League,domestic_league,False,True
raheem-sterling,Raheem Sterling,1994-12-08,United Kingdom,winger,WNG,WIDE,active,2016–17,2016,2017,split_year,22,33,7,1,1,Manchester City,Premier League,domestic_league,False,True
raheem-sterling,Raheem Sterling,1994-12-08,United Kingdom,winger,WNG,WIDE,active,2017–18,2017,2018,split_year,23,33,18,1,1,Manchester City,Premier League,domestic_league,False,True
raheem-sterling,Raheem Sterling,1994-12-08,United Kingdom,winger,WNG,WIDE,active,2018–19,2018,2019,split_year,24,34,17,1,1,Manchester City,Premier League,domestic_league,False,True
raheem-sterling,Raheem Sterling,1994-12-08,United Kingdom,winger,WNG,WIDE,active,2019–20,2019,2020,split_year,25,33,20,1,1,Manchester City,Premier League,domestic_league,False,True
raheem-sterling,Raheem Sterling,1994-12-08,United Kingdom,winger,WNG,WIDE,active,2020–21,2020,2021,split_year,26,31,10,1,1,Manchester City,Premier League,domestic_league,False,True
raheem-sterling,Raheem Sterling,1994-12-08,United Kingdom,winger,WNG,WIDE,active,2021–22,2021,2022,split_year,27,30,13,1,1,Manchester City,Premier League,domestic_league,False,True
raheem-sterling,Raheem Sterling,1994-12-08,United Kingdom,winger,WNG,WIDE,active,2022–23,2022,2023,split_year,28,28,6,1,1,Chelsea,Premier League,domestic_league,False,True
raheem-sterling,Raheem Sterling,1994-12-08,United Kingdom,winger,WNG,WIDE,active,2023–24,2023,2024,split_year,29,31,8,1,1,Chelsea,Premier League,domestic_league,False,True
raheem-sterling,Raheem Sterling,1994-12-08,United Kingdom,winger,WNG,WIDE,active,2024–25,2024,2025,split_year,30,17,0,1,1,Arsenal (loan),Premier League,domestic_league,False,True
raheem-sterling,Raheem Sterling,1994-12-08,United Kingdom,winger,WNG,WIDE,active,2025–26,2025,2026,split_year,31,8,0,1,1,Feyenoord,Eredivisie,domestic_league,False,True
raphael-varane,Raphaël Varane,1993-04-25,France,centre-back,CB,DEF,active,2010–11,2010,2011,split_year,17,23,2,1,1,Lens,Ligue 1,domestic_league,False,True
raphael-varane,Raphaël Varane,1993-04-25,France,centre-back,CB,DEF,active,2011–12,2011,2012,split_year,18,9,1,1,1,Real Madrid,La Liga,domestic_league,False,True
raphael-varane,Raphaël Varane,1993-04-25,France,centre-back,CB,DEF,active,2012–13,2012,2013,split_year,19,15,0,1,1,Real Madrid,La Liga,domestic_league,False,True
raphael-varane,Raphaël Varane,1993-04-25,France,centre-back,CB,DEF,active,2013–14,2013,2014,split_year,20,14,0,1,1,Real Madrid,La Liga,domestic_league,False,True
raphael-varane,Raphaël Varane,1993-04-25,France,centre-back,CB,DEF,active,2014–15,2014,2015,split_year,21,27,0,1,1,Real Madrid,La Liga,domestic_league,False,True
raphael-varane,Raphaël Varane,1993-04-25,France,centre-back,CB,DEF,active,2015–16,2015,2016,split_year,22,26,0,1,1,Real Madrid,La Liga,domestic_league,False,True
raphael-varane,Raphaël Varane,1993-04-25,France,centre-back,CB,DEF,active,2016–17,2016,2017,split_year,23,23,1,1,1,Real Madrid,La Liga,domestic_league,False,True
raphael-varane,Raphaël Varane,1993-04-25,France,centre-back,CB,DEF,active,2017–18,2017,2018,split_year,24,27,0,1,1,Real Madrid,La Liga,domestic_league,False,True
raphael-varane,Raphaël Varane,1993-04-25,France,centre-back,CB,DEF,active,2018–19,2018,2019,split_year,25,32,2,1,1,Real Madrid,La Liga,domestic_league,False,True
raphael-varane,Raphaël Varane,1993-04-25,France,centre-back,CB,DEF,active,2019–20,2019,2020,split_year,26,32,2,1,1,Real Madrid,La Liga,domestic_league,False,True
raphael-varane,Raphaël Varane,1993-04-25,France,centre-back,CB,DEF,active,2020–21,2020,2021,split_year,27,31,2,1,1,Real Madrid,La Liga,domestic_league,False,True
raphael-varane,Raphaël Varane,1993-04-25,France,centre-back,CB,DEF,active,2021–22,2021,2022,split_year,28,22,1,1,1,Manchester United,Premier League,domestic_league,False,True
raphael-varane,Raphaël Varane,1993-04-25,France,centre-back,CB,DEF,active,2022–23,2022,2023,split_year,29,24,0,1,1,Manchester United,Premier League,domestic_league,False,True
raphael-varane,Raphaël Varane,1993-04-25,France,centre-back,CB,DEF,active,2023–24,2023,2024,split_year,30,22,1,1,1,Manchester United,Premier League,domestic_league,False,True
raphael-varane,Raphaël Varane,1993-04-25,France,centre-back,CB,DEF,active,2024–25,2024,2025,split_year,31,0,0,1,1,Como,Serie A,domestic_league,False,True
reece-james,Reece James,1999-12-08,United Kingdom,full-back,FB,DEF,active,2018–19,2018,2019,split_year,19,45,3,2,2,Chelsea; Wigan Athletic (loan),Premier League; Championship,domestic_league,False,True
reece-james,Reece James,1999-12-08,United Kingdom,full-back,FB,DEF,active,2019–20,2019,2020,split_year,20,24,0,1,1,Chelsea,Premier League,domestic_league,False,True
reece-james,Reece James,1999-12-08,United Kingdom,full-back,FB,DEF,active,2020–21,2020,2021,split_year,21,32,1,1,1,Chelsea,Premier League,domestic_league,False,True
reece-james,Reece James,1999-12-08,United Kingdom,full-back,FB,DEF,active,2021–22,2021,2022,split_year,22,26,5,1,1,Chelsea,Premier League,domestic_league,False,True
reece-james,Reece James,1999-12-08,United Kingdom,full-back,FB,DEF,active,2022–23,2022,2023,split_year,23,16,1,1,1,Chelsea,Premier League,domestic_league,False,True
reece-james,Reece James,1999-12-08,United Kingdom,full-back,FB,DEF,active,2023–24,2023,2024,split_year,24,10,0,1,1,Chelsea,Premier League,domestic_league,False,True
reece-james,Reece James,1999-12-08,United Kingdom,full-back,FB,DEF,active,2024–25,2024,2025,split_year,25,19,1,1,1,Chelsea,Premier League,domestic_league,False,True
reece-james,Reece James,1999-12-08,United Kingdom,full-back,FB,DEF,active,2025–26,2025,2026,split_year,26,29,2,1,1,Chelsea,Premier League,domestic_league,False,True
reece-james,Reece James,1999-12-08,United Kingdom,full-back,FB,DEF,active,2026–27,2026,2027,split_year,27,0,0,1,1,Chelsea,Premier League,domestic_league,True,True
rio-ferdinand,Rio Ferdinand,1978-11-07,United Kingdom,centre-back,CB,DEF,retired,1995–96,1995,1996,split_year,17,1,0,1,1,West Ham United,Premier League,domestic_league,False,True
rio-ferdinand,Rio Ferdinand,1978-11-07,United Kingdom,centre-back,CB,DEF,retired,1996–97,1996,1997,split_year,18,25,2,2,2,AFC Bournemouth (loan); West Ham United,Second Division; Premier League,domestic_league,False,True
rio-ferdinand,Rio Ferdinand,1978-11-07,United Kingdom,centre-back,CB,DEF,retired,1997–98,1997,1998,split_year,19,35,0,1,1,West Ham United,Premier League,domestic_league,False,True
rio-ferdinand,Rio Ferdinand,1978-11-07,United Kingdom,centre-back,CB,DEF,retired,1998–99,1998,1999,split_year,20,31,0,1,1,West Ham United,Premier League,domestic_league,False,True
rio-ferdinand,Rio Ferdinand,1978-11-07,United Kingdom,centre-back,CB,DEF,retired,1999–2000,1999,2000,split_year,21,33,0,1,1,West Ham United,Premier League,domestic_league,False,True
rio-ferdinand,Rio Ferdinand,1978-11-07,United Kingdom,centre-back,CB,DEF,retired,2000–01,2000,2001,split_year,22,35,2,2,1,Leeds United; West Ham United,Premier League,domestic_league,False,True
rio-ferdinand,Rio Ferdinand,1978-11-07,United Kingdom,centre-back,CB,DEF,retired,2001–02,2001,2002,split_year,23,31,0,1,1,Leeds United,Premier League,domestic_league,False,True
rio-ferdinand,Rio Ferdinand,1978-11-07,United Kingdom,centre-back,CB,DEF,retired,2002–03,2002,2003,split_year,24,28,0,1,1,Manchester United,Premier League,domestic_league,False,True
rio-ferdinand,Rio Ferdinand,1978-11-07,United Kingdom,centre-back,CB,DEF,retired,2003–04,2003,2004,split_year,25,20,0,1,1,Manchester United,Premier League,domestic_league,False,True
rio-ferdinand,Rio Ferdinand,1978-11-07,United Kingdom,centre-back,CB,DEF,retired,2004–05,2004,2005,split_year,26,31,0,1,1,Manchester United,Premier League,domestic_league,False,True
rio-ferdinand,Rio Ferdinand,1978-11-07,United Kingdom,centre-back,CB,DEF,retired,2005–06,2005,2006,split_year,27,37,3,1,1,Manchester United,Premier League,domestic_league,False,True
rio-ferdinand,Rio Ferdinand,1978-11-07,United Kingdom,centre-back,CB,DEF,retired,2006–07,2006,2007,split_year,28,33,1,1,1,Manchester United,Premier League,domestic_league,False,True
rio-ferdinand,Rio Ferdinand,1978-11-07,United Kingdom,centre-back,CB,DEF,retired,2007–08,2007,2008,split_year,29,35,2,1,1,Manchester United,Premier League,domestic_league,False,True
rio-ferdinand,Rio Ferdinand,1978-11-07,United Kingdom,centre-back,CB,DEF,retired,2008–09,2008,2009,split_year,30,24,0,1,1,Manchester United,Premier League,domestic_league,False,True
rio-ferdinand,Rio Ferdinand,1978-11-07,United Kingdom,centre-back,CB,DEF,retired,2009–10,2009,2010,split_year,31,13,0,1,1,Manchester United,Premier League,domestic_league,False,True
rio-ferdinand,Rio Ferdinand,1978-11-07,United Kingdom,centre-back,CB,DEF,retired,2010–11,2010,2011,split_year,32,19,0,1,1,Manchester United,Premier League,domestic_league,False,True
rio-ferdinand,Rio Ferdinand,1978-11-07,United Kingdom,centre-back,CB,DEF,retired,2011–12,2011,2012,split_year,33,30,0,1,1,Manchester United,Premier League,domestic_league,False,True
rio-ferdinand,Rio Ferdinand,1978-11-07,United Kingdom,centre-back,CB,DEF,retired,2012–13,2012,2013,split_year,34,28,1,1,1,Manchester United,Premier League,domestic_league,False,True
rio-ferdinand,Rio Ferdinand,1978-11-07,United Kingdom,centre-back,CB,DEF,retired,2013–14,2013,2014,split_year,35,14,0,1,1,Manchester United,Premier League,domestic_league,False,True
rio-ferdinand,Rio Ferdinand,1978-11-07,United Kingdom,centre-back,CB,DEF,retired,2014–15,2014,2015,split_year,36,11,0,1,1,Queens Park Rangers,Premier League,domestic_league,False,True
riyad-mahrez,Riyad Mahrez,1991-02-21,Algeria,wing half,WNG,WIDE,active,2009–10,2009,2010,split_year,18,27,1,1,1,Quimper,CFA,domestic_league,False,True
riyad-mahrez,Riyad Mahrez,1991-02-21,Algeria,wing half,WNG,WIDE,active,2011–12,2011,2012,split_year,20,9,0,1,1,Le Havre,Ligue 2,domestic_league,False,True
riyad-mahrez,Riyad Mahrez,1991-02-21,Algeria,wing half,WNG,WIDE,active,2012–13,2012,2013,split_year,21,34,4,1,1,Le Havre,Ligue 2,domestic_league,False,True
riyad-mahrez,Riyad Mahrez,1991-02-21,Algeria,wing half,WNG,WIDE,active,2013–14,2013,2014,split_year,22,36,5,2,2,Le Havre; Leicester City,Ligue 2; Championship,domestic_league,False,True
riyad-mahrez,Riyad Mahrez,1991-02-21,Algeria,wing half,WNG,WIDE,active,2014–15,2014,2015,split_year,23,30,4,1,1,Leicester City,Premier League,domestic_league,False,True
riyad-mahrez,Riyad Mahrez,1991-02-21,Algeria,wing half,WNG,WIDE,active,2015–16,2015,2016,split_year,24,37,17,1,1,Leicester City,Premier League,domestic_league,False,True
riyad-mahrez,Riyad Mahrez,1991-02-21,Algeria,wing half,WNG,WIDE,active,2016–17,2016,2017,split_year,25,36,6,1,1,Leicester City,Premier League,domestic_league,False,True
riyad-mahrez,Riyad Mahrez,1991-02-21,Algeria,wing half,WNG,WIDE,active,2017–18,2017,2018,split_year,26,36,12,1,1,Leicester City,Premier League,domestic_league,False,True
riyad-mahrez,Riyad Mahrez,1991-02-21,Algeria,wing half,WNG,WIDE,active,2018–19,2018,2019,split_year,27,27,7,1,1,Manchester City,Premier League,domestic_league,False,True
riyad-mahrez,Riyad Mahrez,1991-02-21,Algeria,wing half,WNG,WIDE,active,2019–20,2019,2020,split_year,28,33,11,1,1,Manchester City,Premier League,domestic_league,False,True
riyad-mahrez,Riyad Mahrez,1991-02-21,Algeria,wing half,WNG,WIDE,active,2020–21,2020,2021,split_year,29,27,9,1,1,Manchester City,Premier League,domestic_league,False,True
riyad-mahrez,Riyad Mahrez,1991-02-21,Algeria,wing half,WNG,WIDE,active,2021–22,2021,2022,split_year,30,28,11,1,1,Manchester City,Premier League,domestic_league,False,True
riyad-mahrez,Riyad Mahrez,1991-02-21,Algeria,wing half,WNG,WIDE,active,2022–23,2022,2023,split_year,31,30,5,1,1,Manchester City,Premier League,domestic_league,False,True
riyad-mahrez,Riyad Mahrez,1991-02-21,Algeria,wing half,WNG,WIDE,active,2023–24,2023,2024,split_year,32,32,11,1,1,Al-Ahli,Saudi Pro League,domestic_league,False,True
riyad-mahrez,Riyad Mahrez,1991-02-21,Algeria,wing half,WNG,WIDE,active,2024–25,2024,2025,split_year,33,31,8,1,1,Al-Ahli,Saudi Pro League,domestic_league,False,True
riyad-mahrez,Riyad Mahrez,1991-02-21,Algeria,wing half,WNG,WIDE,active,2025–26,2025,2026,split_year,34,27,4,1,1,Al-Ahli,Saudi Pro League,domestic_league,False,True
robert-lewandowski,Robert Lewandowski,1988-08-21,Poland,forward,FW,FWD,active,2004–05,2004,2005,split_year,16,17,4,1,1,Delta Warsaw,IV liga,domestic_league,False,True
robert-lewandowski,Robert Lewandowski,1988-08-21,Poland,forward,FW,FWD,active,2006–07,2006,2007,split_year,18,31,23,2,2,Znicz II Pruszków; Znicz Pruszków,Klasa A; III liga,domestic_league,False,True
robert-lewandowski,Robert Lewandowski,1988-08-21,Poland,forward,FW,FWD,active,2007–08,2007,2008,split_year,19,32,21,1,1,Znicz Pruszków,II liga,domestic_league,False,True
robert-lewandowski,Robert Lewandowski,1988-08-21,Poland,forward,FW,FWD,active,2008–09,2008,2009,split_year,20,30,14,1,1,Lech Poznań,Ekstraklasa,domestic_league,False,True
robert-lewandowski,Robert Lewandowski,1988-08-21,Poland,forward,FW,FWD,active,2009–10,2009,2010,split_year,21,28,18,1,1,Lech Poznań,Ekstraklasa,domestic_league,False,True
robert-lewandowski,Robert Lewandowski,1988-08-21,Poland,forward,FW,FWD,active,2010–11,2010,2011,split_year,22,33,8,1,1,Borussia Dortmund,Bundesliga,domestic_league,False,True
robert-lewandowski,Robert Lewandowski,1988-08-21,Poland,forward,FW,FWD,active,2011–12,2011,2012,split_year,23,34,22,1,1,Borussia Dortmund,Bundesliga,domestic_league,False,True
robert-lewandowski,Robert Lewandowski,1988-08-21,Poland,forward,FW,FWD,active,2012–13,2012,2013,split_year,24,31,24,1,1,Borussia Dortmund,Bundesliga,domestic_league,False,True
robert-lewandowski,Robert Lewandowski,1988-08-21,Poland,forward,FW,FWD,active,2013–14,2013,2014,split_year,25,33,20,1,1,Borussia Dortmund,Bundesliga,domestic_league,False,True
robert-lewandowski,Robert Lewandowski,1988-08-21,Poland,forward,FW,FWD,active,2014–15,2014,2015,split_year,26,31,17,1,1,Bayern Munich,Bundesliga,domestic_league,False,True
robert-lewandowski,Robert Lewandowski,1988-08-21,Poland,forward,FW,FWD,active,2015–16,2015,2016,split_year,27,32,30,1,1,Bayern Munich,Bundesliga,domestic_league,False,True
robert-lewandowski,Robert Lewandowski,1988-08-21,Poland,forward,FW,FWD,active,2016–17,2016,2017,split_year,28,33,30,1,1,Bayern Munich,Bundesliga,domestic_league,False,True
robert-lewandowski,Robert Lewandowski,1988-08-21,Poland,forward,FW,FWD,active,2017–18,2017,2018,split_year,29,30,29,1,1,Bayern Munich,Bundesliga,domestic_league,False,True
robert-lewandowski,Robert Lewandowski,1988-08-21,Poland,forward,FW,FWD,active,2018–19,2018,2019,split_year,30,33,22,1,1,Bayern Munich,Bundesliga,domestic_league,False,True
robert-lewandowski,Robert Lewandowski,1988-08-21,Poland,forward,FW,FWD,active,2019–20,2019,2020,split_year,31,31,34,1,1,Bayern Munich,Bundesliga,domestic_league,False,True
robert-lewandowski,Robert Lewandowski,1988-08-21,Poland,forward,FW,FWD,active,2020–21,2020,2021,split_year,32,29,41,1,1,Bayern Munich,Bundesliga,domestic_league,False,True
robert-lewandowski,Robert Lewandowski,1988-08-21,Poland,forward,FW,FWD,active,2021–22,2021,2022,split_year,33,34,35,1,1,Bayern Munich,Bundesliga,domestic_league,False,True
robert-lewandowski,Robert Lewandowski,1988-08-21,Poland,forward,FW,FWD,active,2022–23,2022,2023,split_year,34,34,23,1,1,Barcelona,La Liga,domestic_league,False,True
robert-lewandowski,Robert Lewandowski,1988-08-21,Poland,forward,FW,FWD,active,2023–24,2023,2024,split_year,35,35,19,1,1,Barcelona,La Liga,domestic_league,False,True
robert-lewandowski,Robert Lewandowski,1988-08-21,Poland,forward,FW,FWD,active,2024–25,2024,2025,split_year,36,34,27,1,1,Barcelona,La Liga,domestic_league,False,True
robert-lewandowski,Robert Lewandowski,1988-08-21,Poland,forward,FW,FWD,active,2025–26,2025,2026,split_year,37,31,14,1,1,Barcelona,La Liga,domestic_league,False,True
robert-lewandowski,Robert Lewandowski,1988-08-21,Poland,forward,FW,FWD,active,2026,2026,2026,calendar_year,38,3,2,1,1,Chicago Fire,Major League Soccer,domestic_league,True,True
roberto-carlos,Roberto Carlos,1973-04-10,Brazil,full-back,FB,DEF,retired,1992,1992,1992,calendar_year,19,21,3,1,1,União São João,Série B,domestic_league,False,True
roberto-carlos,Roberto Carlos,1973-04-10,Brazil,full-back,FB,DEF,retired,1993,1993,1993,calendar_year,20,20,1,1,1,Palmeiras,Série A,domestic_league,False,True
roberto-carlos,Roberto Carlos,1973-04-10,Brazil,full-back,FB,DEF,retired,1994,1994,1994,calendar_year,21,24,2,1,1,Palmeiras,Série A,domestic_league,False,True
roberto-carlos,Roberto Carlos,1973-04-10,Brazil,full-back,FB,DEF,retired,1995,1995,1995,calendar_year,22,0,0,1,1,Palmeiras,Série A,domestic_league,False,True
roberto-carlos,Roberto Carlos,1973-04-10,Brazil,full-back,FB,DEF,retired,1995–96,1995,1996,split_year,22,30,5,1,1,Inter Milan,Serie A,domestic_league,False,True
roberto-carlos,Roberto Carlos,1973-04-10,Brazil,full-back,FB,DEF,retired,1996–97,1996,1997,split_year,23,37,5,1,1,Real Madrid,La Liga,domestic_league,False,True
roberto-carlos,Roberto Carlos,1973-04-10,Brazil,full-back,FB,DEF,retired,1997–98,1997,1998,split_year,24,35,4,1,1,Real Madrid,La Liga,domestic_league,False,True
roberto-carlos,Roberto Carlos,1973-04-10,Brazil,full-back,FB,DEF,retired,1998–99,1998,1999,split_year,25,35,5,1,1,Real Madrid,La Liga,domestic_league,False,True
roberto-carlos,Roberto Carlos,1973-04-10,Brazil,full-back,FB,DEF,retired,1999–2000,1999,2000,split_year,26,35,4,1,1,Real Madrid,La Liga,domestic_league,False,True
roberto-carlos,Roberto Carlos,1973-04-10,Brazil,full-back,FB,DEF,retired,2000–01,2000,2001,split_year,27,36,5,1,1,Real Madrid,La Liga,domestic_league,False,True
roberto-carlos,Roberto Carlos,1973-04-10,Brazil,full-back,FB,DEF,retired,2001–02,2001,2002,split_year,28,31,3,1,1,Real Madrid,La Liga,domestic_league,False,True
roberto-carlos,Roberto Carlos,1973-04-10,Brazil,full-back,FB,DEF,retired,2002–03,2002,2003,split_year,29,37,5,1,1,Real Madrid,La Liga,domestic_league,False,True
roberto-carlos,Roberto Carlos,1973-04-10,Brazil,full-back,FB,DEF,retired,2003–04,2003,2004,split_year,30,32,5,1,1,Real Madrid,La Liga,domestic_league,False,True
roberto-carlos,Roberto Carlos,1973-04-10,Brazil,full-back,FB,DEF,retired,2004–05,2004,2005,split_year,31,34,3,1,1,Real Madrid,La Liga,domestic_league,False,True
roberto-carlos,Roberto Carlos,1973-04-10,Brazil,full-back,FB,DEF,retired,2005–06,2005,2006,split_year,32,35,5,1,1,Real Madrid,La Liga,domestic_league,False,True
roberto-carlos,Roberto Carlos,1973-04-10,Brazil,full-back,FB,DEF,retired,2006–07,2006,2007,split_year,33,23,3,1,1,Real Madrid,La Liga,domestic_league,False,True
roberto-carlos,Roberto Carlos,1973-04-10,Brazil,full-back,FB,DEF,retired,2007–08,2007,2008,split_year,34,22,2,1,1,Fenerbahçe,Süper Lig,domestic_league,False,True
roberto-carlos,Roberto Carlos,1973-04-10,Brazil,full-back,FB,DEF,retired,2008–09,2008,2009,split_year,35,32,4,1,1,Fenerbahçe,Süper Lig,domestic_league,False,True
roberto-carlos,Roberto Carlos,1973-04-10,Brazil,full-back,FB,DEF,retired,2009–10,2009,2010,split_year,36,11,0,1,1,Fenerbahçe,Süper Lig,domestic_league,False,True
roberto-carlos,Roberto Carlos,1973-04-10,Brazil,full-back,FB,DEF,retired,2010,2010,2010,calendar_year,37,35,1,1,1,Corinthians,Série A,domestic_league,False,True
roberto-carlos,Roberto Carlos,1973-04-10,Brazil,full-back,FB,DEF,retired,2011,2011,2011,calendar_year,38,0,0,1,1,Corinthians,Série A,domestic_league,False,True
roberto-carlos,Roberto Carlos,1973-04-10,Brazil,full-back,FB,DEF,retired,2011–12,2011,2012,split_year,38,25,4,1,1,Anzhi,Russian Premier League,domestic_league,False,True
roberto-carlos,Roberto Carlos,1973-04-10,Brazil,full-back,FB,DEF,retired,2015,2015,2015,calendar_year,42,3,0,1,1,Delhi Dynamos,Indian Super League,domestic_league,False,False
robin-van-persie,Robin van Persie,1983-08-06,Kingdom of the Netherlands,forward,FW,FWD,retired,2001–02,2001,2002,split_year,18,10,0,1,1,Feyenoord,Eredivisie,domestic_league,False,True
robin-van-persie,Robin van Persie,1983-08-06,Kingdom of the Netherlands,forward,FW,FWD,retired,2002–03,2002,2003,split_year,19,23,8,1,1,Feyenoord,Eredivisie,domestic_league,False,True
robin-van-persie,Robin van Persie,1983-08-06,Kingdom of the Netherlands,forward,FW,FWD,retired,2003–04,2003,2004,split_year,20,28,6,1,1,Feyenoord,Eredivisie,domestic_league,False,True
robin-van-persie,Robin van Persie,1983-08-06,Kingdom of the Netherlands,forward,FW,FWD,retired,2004–05,2004,2005,split_year,21,26,5,1,1,Arsenal,Premier League,domestic_league,False,True
robin-van-persie,Robin van Persie,1983-08-06,Kingdom of the Netherlands,forward,FW,FWD,retired,2005–06,2005,2006,split_year,22,24,5,1,1,Arsenal,Premier League,domestic_league,False,True
robin-van-persie,Robin van Persie,1983-08-06,Kingdom of the Netherlands,forward,FW,FWD,retired,2006–07,2006,2007,split_year,23,22,11,1,1,Arsenal,Premier League,domestic_league,False,True
robin-van-persie,Robin van Persie,1983-08-06,Kingdom of the Netherlands,forward,FW,FWD,retired,2007–08,2007,2008,split_year,24,15,7,1,1,Arsenal,Premier League,domestic_league,False,True
robin-van-persie,Robin van Persie,1983-08-06,Kingdom of the Netherlands,forward,FW,FWD,retired,2008–09,2008,2009,split_year,25,28,11,1,1,Arsenal,Premier League,domestic_league,False,True
robin-van-persie,Robin van Persie,1983-08-06,Kingdom of the Netherlands,forward,FW,FWD,retired,2009–10,2009,2010,split_year,26,16,9,1,1,Arsenal,Premier League,domestic_league,False,True
robin-van-persie,Robin van Persie,1983-08-06,Kingdom of the Netherlands,forward,FW,FWD,retired,2010–11,2010,2011,split_year,27,25,18,1,1,Arsenal,Premier League,domestic_league,False,True
robin-van-persie,Robin van Persie,1983-08-06,Kingdom of the Netherlands,forward,FW,FWD,retired,2011–12,2011,2012,split_year,28,38,30,1,1,Arsenal,Premier League,domestic_league,False,True
robin-van-persie,Robin van Persie,1983-08-06,Kingdom of the Netherlands,forward,FW,FWD,retired,2012–13,2012,2013,split_year,29,38,26,1,1,Manchester United,Premier League,domestic_league,False,True
robin-van-persie,Robin van Persie,1983-08-06,Kingdom of the Netherlands,forward,FW,FWD,retired,2013–14,2013,2014,split_year,30,21,12,1,1,Manchester United,Premier League,domestic_league,False,True
robin-van-persie,Robin van Persie,1983-08-06,Kingdom of the Netherlands,forward,FW,FWD,retired,2014–15,2014,2015,split_year,31,27,10,1,1,Manchester United,Premier League,domestic_league,False,True
robin-van-persie,Robin van Persie,1983-08-06,Kingdom of the Netherlands,forward,FW,FWD,retired,2015–16,2015,2016,split_year,32,31,16,1,1,Fenerbahçe,Süper Lig,domestic_league,False,True
robin-van-persie,Robin van Persie,1983-08-06,Kingdom of the Netherlands,forward,FW,FWD,retired,2016–17,2016,2017,split_year,33,24,9,1,1,Fenerbahçe,Süper Lig,domestic_league,False,True
robin-van-persie,Robin van Persie,1983-08-06,Kingdom of the Netherlands,forward,FW,FWD,retired,2017–18,2017,2018,split_year,34,14,5,2,2,Fenerbahçe; Feyenoord,Süper Lig; Eredivisie,domestic_league,False,True
robin-van-persie,Robin van Persie,1983-08-06,Kingdom of the Netherlands,forward,FW,FWD,retired,2018–19,2018,2019,split_year,35,25,16,1,1,Feyenoord,Eredivisie,domestic_league,False,True
rodri-footballer-born-1996,"Rodri (footballer, born 1996)",1996-06-22,Spain,defensive midfielder,DM,MID,active,2015–16,2015,2016,split_year,19,3,0,1,1,Villarreal,La Liga,domestic_league,False,True
rodri-footballer-born-1996,"Rodri (footballer, born 1996)",1996-06-22,Spain,defensive midfielder,DM,MID,active,2016–17,2016,2017,split_year,20,23,0,1,1,Villarreal,La Liga,domestic_league,False,True
rodri-footballer-born-1996,"Rodri (footballer, born 1996)",1996-06-22,Spain,defensive midfielder,DM,MID,active,2017–18,2017,2018,split_year,21,37,1,1,1,Villarreal,La Liga,domestic_league,False,True
rodri-footballer-born-1996,"Rodri (footballer, born 1996)",1996-06-22,Spain,defensive midfielder,DM,MID,active,2018–19,2018,2019,split_year,22,34,3,1,1,Atlético Madrid,La Liga,domestic_league,False,True
rodri-footballer-born-1996,"Rodri (footballer, born 1996)",1996-06-22,Spain,defensive midfielder,DM,MID,active,2019–20,2019,2020,split_year,23,35,3,1,1,Manchester City,Premier League,domestic_league,False,True
rodri-footballer-born-1996,"Rodri (footballer, born 1996)",1996-06-22,Spain,defensive midfielder,DM,MID,active,2020–21,2020,2021,split_year,24,34,2,1,1,Manchester City,Premier League,domestic_league,False,True
rodri-footballer-born-1996,"Rodri (footballer, born 1996)",1996-06-22,Spain,defensive midfielder,DM,MID,active,2021–22,2021,2022,split_year,25,33,7,1,1,Manchester City,Premier League,domestic_league,False,True
rodri-footballer-born-1996,"Rodri (footballer, born 1996)",1996-06-22,Spain,defensive midfielder,DM,MID,active,2022–23,2022,2023,split_year,26,36,2,1,1,Manchester City,Premier League,domestic_league,False,True
rodri-footballer-born-1996,"Rodri (footballer, born 1996)",1996-06-22,Spain,defensive midfielder,DM,MID,active,2023–24,2023,2024,split_year,27,34,8,1,1,Manchester City,Premier League,domestic_league,False,True
rodri-footballer-born-1996,"Rodri (footballer, born 1996)",1996-06-22,Spain,defensive midfielder,DM,MID,active,2024–25,2024,2025,split_year,28,3,0,1,1,Manchester City,Premier League,domestic_league,False,True
rodri-footballer-born-1996,"Rodri (footballer, born 1996)",1996-06-22,Spain,defensive midfielder,DM,MID,active,2025–26,2025,2026,split_year,29,21,1,1,1,Manchester City,Premier League,domestic_league,False,True
rodrygo,Rodrygo,2001-01-09,Brazil,winger,WNG,WIDE,active,2017,2017,2017,calendar_year,16,2,0,1,1,Santos,Série A,domestic_league,False,True
rodrygo,Rodrygo,2001-01-09,Brazil,winger,WNG,WIDE,active,2018,2018,2018,calendar_year,17,35,8,1,1,Santos,Série A,domestic_league,False,True
rodrygo,Rodrygo,2001-01-09,Brazil,winger,WNG,WIDE,active,2019,2019,2019,calendar_year,18,4,1,1,1,Santos,Série A,domestic_league,False,True
rodrygo,Rodrygo,2001-01-09,Brazil,winger,WNG,WIDE,active,2019–20,2019,2020,split_year,18,19,2,1,1,Real Madrid,La Liga,domestic_league,False,True
rodrygo,Rodrygo,2001-01-09,Brazil,winger,WNG,WIDE,active,2020–21,2020,2021,split_year,19,22,1,1,1,Real Madrid,La Liga,domestic_league,False,True
rodrygo,Rodrygo,2001-01-09,Brazil,winger,WNG,WIDE,active,2021–22,2021,2022,split_year,20,33,4,1,1,Real Madrid,La Liga,domestic_league,False,True
rodrygo,Rodrygo,2001-01-09,Brazil,winger,WNG,WIDE,active,2022–23,2022,2023,split_year,21,34,9,1,1,Real Madrid,La Liga,domestic_league,False,True
rodrygo,Rodrygo,2001-01-09,Brazil,winger,WNG,WIDE,active,2023–24,2023,2024,split_year,22,34,10,1,1,Real Madrid,La Liga,domestic_league,False,True
rodrygo,Rodrygo,2001-01-09,Brazil,winger,WNG,WIDE,active,2024–25,2024,2025,split_year,23,30,6,1,1,Real Madrid,La Liga,domestic_league,False,True
rodrygo,Rodrygo,2001-01-09,Brazil,winger,WNG,WIDE,active,2025–26,2025,2026,split_year,24,19,1,1,1,Real Madrid,La Liga,domestic_league,False,True
rodrygo,Rodrygo,2001-01-09,Brazil,winger,WNG,WIDE,active,2026–27,2026,2027,split_year,25,0,0,1,1,Real Madrid,La Liga,domestic_league,True,True
romelu-lukaku,Romelu Lukaku,1993-05-13,Belgium,forward,FW,FWD,active,2008–09,2008,2009,split_year,15,1,0,1,1,Anderlecht,Belgian First Division,domestic_league,False,True
romelu-lukaku,Romelu Lukaku,1993-05-13,Belgium,forward,FW,FWD,active,2009–10,2009,2010,split_year,16,33,15,1,1,Anderlecht,Belgian Pro League,domestic_league,False,True
romelu-lukaku,Romelu Lukaku,1993-05-13,Belgium,forward,FW,FWD,active,2010–11,2010,2011,split_year,17,37,16,1,1,Anderlecht,Belgian Pro League,domestic_league,False,True
romelu-lukaku,Romelu Lukaku,1993-05-13,Belgium,forward,FW,FWD,active,2011–12,2011,2012,split_year,18,10,2,2,2,Anderlecht; Chelsea,Belgian Pro League; Premier League,domestic_league,False,True
romelu-lukaku,Romelu Lukaku,1993-05-13,Belgium,forward,FW,FWD,active,2012–13,2012,2013,split_year,19,35,17,1,1,West Bromwich Albion (loan),Premier League,domestic_league,False,True
romelu-lukaku,Romelu Lukaku,1993-05-13,Belgium,forward,FW,FWD,active,2013–14,2013,2014,split_year,20,33,15,2,1,Chelsea; Everton (loan),Premier League,domestic_league,False,True
romelu-lukaku,Romelu Lukaku,1993-05-13,Belgium,forward,FW,FWD,active,2014–15,2014,2015,split_year,21,36,10,1,1,Everton,Premier League,domestic_league,False,True
romelu-lukaku,Romelu Lukaku,1993-05-13,Belgium,forward,FW,FWD,active,2015–16,2015,2016,split_year,22,37,18,1,1,Everton,Premier League,domestic_league,False,True
romelu-lukaku,Romelu Lukaku,1993-05-13,Belgium,forward,FW,FWD,active,2016–17,2016,2017,split_year,23,37,25,1,1,Everton,Premier League,domestic_league,False,True
romelu-lukaku,Romelu Lukaku,1993-05-13,Belgium,forward,FW,FWD,active,2017–18,2017,2018,split_year,24,34,16,1,1,Manchester United,Premier League,domestic_league,False,True
romelu-lukaku,Romelu Lukaku,1993-05-13,Belgium,forward,FW,FWD,active,2018–19,2018,2019,split_year,25,32,12,1,1,Manchester United,Premier League,domestic_league,False,True
romelu-lukaku,Romelu Lukaku,1993-05-13,Belgium,forward,FW,FWD,active,2019–20,2019,2020,split_year,26,36,23,1,1,Inter Milan,Serie A,domestic_league,False,True
romelu-lukaku,Romelu Lukaku,1993-05-13,Belgium,forward,FW,FWD,active,2020–21,2020,2021,split_year,27,36,24,1,1,Inter Milan,Serie A,domestic_league,False,True
romelu-lukaku,Romelu Lukaku,1993-05-13,Belgium,forward,FW,FWD,active,2021–22,2021,2022,split_year,28,26,8,1,1,Chelsea,Premier League,domestic_league,False,True
romelu-lukaku,Romelu Lukaku,1993-05-13,Belgium,forward,FW,FWD,active,2022–23,2022,2023,split_year,29,25,10,1,1,Inter Milan (loan),Serie A,domestic_league,False,True
romelu-lukaku,Romelu Lukaku,1993-05-13,Belgium,forward,FW,FWD,active,2023–24,2023,2024,split_year,30,32,13,1,1,Roma (loan),Serie A,domestic_league,False,True
romelu-lukaku,Romelu Lukaku,1993-05-13,Belgium,forward,FW,FWD,active,2024–25,2024,2025,split_year,31,36,14,1,1,Napoli,Serie A,domestic_league,False,True
romelu-lukaku,Romelu Lukaku,1993-05-13,Belgium,forward,FW,FWD,active,2025–26,2025,2026,split_year,32,5,1,1,1,Napoli,Serie A,domestic_league,False,True
ronald-araujo,Ronald Araújo,1999-03-07,Uruguay,defender,CB,DEF,active,2016,2016,2016,calendar_year,17,3,1,1,1,Rentistas,Uruguayan Segunda División,domestic_league,False,True
ronald-araujo,Ronald Araújo,1999-03-07,Uruguay,defender,CB,DEF,active,2017,2017,2017,calendar_year,18,23,6,2,2,Boston River; Rentistas,Uruguayan Primera División; Uruguayan Segunda División,domestic_league,False,True
ronald-araujo,Ronald Araújo,1999-03-07,Uruguay,defender,CB,DEF,active,2018,2018,2018,calendar_year,19,18,0,1,1,Boston River,Uruguayan Primera División,domestic_league,False,True
ronald-araujo,Ronald Araújo,1999-03-07,Uruguay,defender,CB,DEF,active,2019–20,2019,2020,split_year,20,6,0,1,1,Barcelona,La Liga,domestic_league,False,True
ronald-araujo,Ronald Araújo,1999-03-07,Uruguay,defender,CB,DEF,active,2020–21,2020,2021,split_year,21,24,2,1,1,Barcelona,La Liga,domestic_league,False,True
ronald-araujo,Ronald Araújo,1999-03-07,Uruguay,defender,CB,DEF,active,2021–22,2021,2022,split_year,22,30,4,1,1,Barcelona,La Liga,domestic_league,False,True
ronald-araujo,Ronald Araújo,1999-03-07,Uruguay,defender,CB,DEF,active,2022–23,2022,2023,split_year,23,22,0,1,1,Barcelona,La Liga,domestic_league,False,True
ronald-araujo,Ronald Araújo,1999-03-07,Uruguay,defender,CB,DEF,active,2023–24,2023,2024,split_year,24,25,1,1,1,Barcelona,La Liga,domestic_league,False,True
ronald-araujo,Ronald Araújo,1999-03-07,Uruguay,defender,CB,DEF,active,2024–25,2024,2025,split_year,25,12,1,1,1,Barcelona,La Liga,domestic_league,False,True
ronald-araujo,Ronald Araújo,1999-03-07,Uruguay,defender,CB,DEF,active,2025–26,2025,2026,split_year,26,24,3,1,1,Barcelona,La Liga,domestic_league,False,True
ronaldinho,Ronaldinho,1980-03-21,Brazil,winger,WNG,WIDE,retired,1998,1998,1998,calendar_year,18,14,1,1,1,Grêmio,Brasileirão,domestic_league,False,True
ronaldinho,Ronaldinho,1980-03-21,Brazil,winger,WNG,WIDE,retired,1999,1999,1999,calendar_year,19,17,4,1,1,Grêmio,Brasileirão,domestic_league,False,True
ronaldinho,Ronaldinho,1980-03-21,Brazil,winger,WNG,WIDE,retired,2000,2000,2000,calendar_year,20,21,14,1,1,Grêmio,Brasileirão,domestic_league,False,True
ronaldinho,Ronaldinho,1980-03-21,Brazil,winger,WNG,WIDE,retired,2001–02,2001,2002,split_year,21,28,9,1,1,Paris Saint-Germain,Ligue 1,domestic_league,False,True
ronaldinho,Ronaldinho,1980-03-21,Brazil,winger,WNG,WIDE,retired,2002–03,2002,2003,split_year,22,27,8,1,1,Paris Saint-Germain,Ligue 1,domestic_league,False,True
ronaldinho,Ronaldinho,1980-03-21,Brazil,winger,WNG,WIDE,retired,2003–04,2003,2004,split_year,23,32,15,1,1,Barcelona,La Liga,domestic_league,False,True
ronaldinho,Ronaldinho,1980-03-21,Brazil,winger,WNG,WIDE,retired,2004–05,2004,2005,split_year,24,35,9,1,1,Barcelona,La Liga,domestic_league,False,True
ronaldinho,Ronaldinho,1980-03-21,Brazil,winger,WNG,WIDE,retired,2005–06,2005,2006,split_year,25,29,17,1,1,Barcelona,La Liga,domestic_league,False,True
ronaldinho,Ronaldinho,1980-03-21,Brazil,winger,WNG,WIDE,retired,2006–07,2006,2007,split_year,26,32,21,1,1,Barcelona,La Liga,domestic_league,False,True
ronaldinho,Ronaldinho,1980-03-21,Brazil,winger,WNG,WIDE,retired,2007–08,2007,2008,split_year,27,17,8,1,1,Barcelona,La Liga,domestic_league,False,True
ronaldinho,Ronaldinho,1980-03-21,Brazil,winger,WNG,WIDE,retired,2008–09,2008,2009,split_year,28,29,8,1,1,AC Milan,Serie A,domestic_league,False,True
ronaldinho,Ronaldinho,1980-03-21,Brazil,winger,WNG,WIDE,retired,2009–10,2009,2010,split_year,29,36,12,1,1,AC Milan,Serie A,domestic_league,False,True
ronaldinho,Ronaldinho,1980-03-21,Brazil,winger,WNG,WIDE,retired,2010–11,2010,2011,split_year,30,11,0,1,1,AC Milan,Serie A,domestic_league,False,True
ronaldinho,Ronaldinho,1980-03-21,Brazil,winger,WNG,WIDE,retired,2011,2011,2011,calendar_year,31,31,14,1,1,Flamengo,Brasileirão,domestic_league,False,True
ronaldinho,Ronaldinho,1980-03-21,Brazil,winger,WNG,WIDE,retired,2012,2012,2012,calendar_year,32,34,10,2,1,Atlético Mineiro; Flamengo,Brasileirão,domestic_league,False,True
ronaldinho,Ronaldinho,1980-03-21,Brazil,winger,WNG,WIDE,retired,2013,2013,2013,calendar_year,33,14,7,1,1,Atlético Mineiro,Brasileirão,domestic_league,False,True
ronaldinho,Ronaldinho,1980-03-21,Brazil,winger,WNG,WIDE,retired,2014,2014,2014,calendar_year,34,2,0,1,1,Atlético Mineiro,Brasileirão,domestic_league,False,True
ronaldinho,Ronaldinho,1980-03-21,Brazil,winger,WNG,WIDE,retired,2014–15,2014,2015,split_year,34,25,8,1,1,Querétaro,Liga MX,domestic_league,False,True
ronaldinho,Ronaldinho,1980-03-21,Brazil,winger,WNG,WIDE,retired,2015,2015,2015,calendar_year,35,7,0,1,1,Fluminense,Brasileirão,domestic_league,False,True
ronaldo-brazilian-footballer,Ronaldo (Brazilian footballer),1976-09-22,Brazil,forward,FW,FWD,retired,1993,1993,1993,calendar_year,17,14,12,1,1,Cruzeiro,Série A,domestic_league,False,True
ronaldo-brazilian-footballer,Ronaldo (Brazilian footballer),1976-09-22,Brazil,forward,FW,FWD,retired,1994–95,1994,1995,split_year,18,33,30,1,1,PSV,Eredivisie,domestic_league,False,True
ronaldo-brazilian-footballer,Ronaldo (Brazilian footballer),1976-09-22,Brazil,forward,FW,FWD,retired,1995–96,1995,1996,split_year,19,13,12,1,1,PSV,Eredivisie,domestic_league,False,True
ronaldo-brazilian-footballer,Ronaldo (Brazilian footballer),1976-09-22,Brazil,forward,FW,FWD,retired,1996–97,1996,1997,split_year,20,37,34,1,1,Barcelona,La Liga,domestic_league,False,True
ronaldo-brazilian-footballer,Ronaldo (Brazilian footballer),1976-09-22,Brazil,forward,FW,FWD,retired,1997–98,1997,1998,split_year,21,32,25,1,1,Inter Milan,Serie A,domestic_league,False,True
ronaldo-brazilian-footballer,Ronaldo (Brazilian footballer),1976-09-22,Brazil,forward,FW,FWD,retired,1998–99,1998,1999,split_year,22,19,14,1,1,Inter Milan,Serie A,domestic_league,False,True
ronaldo-brazilian-footballer,Ronaldo (Brazilian footballer),1976-09-22,Brazil,forward,FW,FWD,retired,1999–2000,1999,2000,split_year,23,7,3,1,1,Inter Milan,Serie A,domestic_league,False,True
ronaldo-brazilian-footballer,Ronaldo (Brazilian footballer),1976-09-22,Brazil,forward,FW,FWD,retired,2000–01,2000,2001,split_year,24,0,0,1,1,Inter Milan,Serie A,domestic_league,False,True
ronaldo-brazilian-footballer,Ronaldo (Brazilian footballer),1976-09-22,Brazil,forward,FW,FWD,retired,2001–02,2001,2002,split_year,25,10,7,1,1,Inter Milan,Serie A,domestic_league,False,True
ronaldo-brazilian-footballer,Ronaldo (Brazilian footballer),1976-09-22,Brazil,forward,FW,FWD,retired,2002–03,2002,2003,split_year,26,31,23,1,1,Real Madrid,La Liga,domestic_league,False,True
ronaldo-brazilian-footballer,Ronaldo (Brazilian footballer),1976-09-22,Brazil,forward,FW,FWD,retired,2003–04,2003,2004,split_year,27,32,24,1,1,Real Madrid,La Liga,domestic_league,False,True
ronaldo-brazilian-footballer,Ronaldo (Brazilian footballer),1976-09-22,Brazil,forward,FW,FWD,retired,2004–05,2004,2005,split_year,28,34,21,1,1,Real Madrid,La Liga,domestic_league,False,True
ronaldo-brazilian-footballer,Ronaldo (Brazilian footballer),1976-09-22,Brazil,forward,FW,FWD,retired,2005–06,2005,2006,split_year,29,23,14,1,1,Real Madrid,La Liga,domestic_league,False,True
ronaldo-brazilian-footballer,Ronaldo (Brazilian footballer),1976-09-22,Brazil,forward,FW,FWD,retired,2006–07,2006,2007,split_year,30,21,8,2,2,AC Milan; Real Madrid,Serie A; La Liga,domestic_league,False,True
ronaldo-brazilian-footballer,Ronaldo (Brazilian footballer),1976-09-22,Brazil,forward,FW,FWD,retired,2007–08,2007,2008,split_year,31,6,2,1,1,AC Milan,Serie A,domestic_league,False,True
ronaldo-brazilian-footballer,Ronaldo (Brazilian footballer),1976-09-22,Brazil,forward,FW,FWD,retired,2009,2009,2009,calendar_year,33,20,12,1,1,Corinthians,Série A,domestic_league,False,True
ronaldo-brazilian-footballer,Ronaldo (Brazilian footballer),1976-09-22,Brazil,forward,FW,FWD,retired,2010,2010,2010,calendar_year,34,11,6,1,1,Corinthians,Série A,domestic_league,False,True
roy-keane,Roy Keane,1971-08-10,Ireland,midfielder,DM,MID,retired,1989–90,1989,1990,split_year,18,23,1,1,1,Cobh Ramblers,LOI First Division,domestic_league,False,True
roy-keane,Roy Keane,1971-08-10,Ireland,midfielder,DM,MID,retired,1990–91,1990,1991,split_year,19,35,8,1,1,Nottingham Forest,First Division,domestic_league,False,True
roy-keane,Roy Keane,1971-08-10,Ireland,midfielder,DM,MID,retired,1991–92,1991,1992,split_year,20,39,8,1,1,Nottingham Forest,First Division,domestic_league,False,True
roy-keane,Roy Keane,1971-08-10,Ireland,midfielder,DM,MID,retired,1992–93,1992,1993,split_year,21,40,6,1,1,Nottingham Forest,Premier League,domestic_league,False,True
roy-keane,Roy Keane,1971-08-10,Ireland,midfielder,DM,MID,retired,1993–94,1993,1994,split_year,22,37,5,1,1,Manchester United,Premier League,domestic_league,False,True
roy-keane,Roy Keane,1971-08-10,Ireland,midfielder,DM,MID,retired,1994–95,1994,1995,split_year,23,25,2,1,1,Manchester United,Premier League,domestic_league,False,True
roy-keane,Roy Keane,1971-08-10,Ireland,midfielder,DM,MID,retired,1995–96,1995,1996,split_year,24,29,6,1,1,Manchester United,Premier League,domestic_league,False,True
roy-keane,Roy Keane,1971-08-10,Ireland,midfielder,DM,MID,retired,1996–97,1996,1997,split_year,25,21,2,1,1,Manchester United,Premier League,domestic_league,False,True
roy-keane,Roy Keane,1971-08-10,Ireland,midfielder,DM,MID,retired,1997–98,1997,1998,split_year,26,9,2,1,1,Manchester United,Premier League,domestic_league,False,True
roy-keane,Roy Keane,1971-08-10,Ireland,midfielder,DM,MID,retired,1998–99,1998,1999,split_year,27,35,2,1,1,Manchester United,Premier League,domestic_league,False,True
roy-keane,Roy Keane,1971-08-10,Ireland,midfielder,DM,MID,retired,1999–2000,1999,2000,split_year,28,29,5,1,1,Manchester United,Premier League,domestic_league,False,True
roy-keane,Roy Keane,1971-08-10,Ireland,midfielder,DM,MID,retired,2000–01,2000,2001,split_year,29,28,2,1,1,Manchester United,Premier League,domestic_league,False,True
roy-keane,Roy Keane,1971-08-10,Ireland,midfielder,DM,MID,retired,2001–02,2001,2002,split_year,30,28,3,1,1,Manchester United,Premier League,domestic_league,False,True
roy-keane,Roy Keane,1971-08-10,Ireland,midfielder,DM,MID,retired,2002–03,2002,2003,split_year,31,21,0,1,1,Manchester United,Premier League,domestic_league,False,True
roy-keane,Roy Keane,1971-08-10,Ireland,midfielder,DM,MID,retired,2003–04,2003,2004,split_year,32,28,3,1,1,Manchester United,Premier League,domestic_league,False,True
roy-keane,Roy Keane,1971-08-10,Ireland,midfielder,DM,MID,retired,2004–05,2004,2005,split_year,33,31,1,1,1,Manchester United,Premier League,domestic_league,False,True
roy-keane,Roy Keane,1971-08-10,Ireland,midfielder,DM,MID,retired,2005–06,2005,2006,split_year,34,15,1,2,2,Celtic; Manchester United,Scottish Premier League; Premier League,domestic_league,False,True
ruben-dias,Rúben Dias,1997-05-14,Portugal,centre-back,CB,DEF,active,2017–18,2017,2018,split_year,20,24,3,1,1,Benfica,Primeira Liga,domestic_league,False,True
ruben-dias,Rúben Dias,1997-05-14,Portugal,centre-back,CB,DEF,active,2018–19,2018,2019,split_year,21,32,3,1,1,Benfica,Primeira Liga,domestic_league,False,True
ruben-dias,Rúben Dias,1997-05-14,Portugal,centre-back,CB,DEF,active,2019–20,2019,2020,split_year,22,33,2,1,1,Benfica,Primeira Liga,domestic_league,False,True
ruben-dias,Rúben Dias,1997-05-14,Portugal,centre-back,CB,DEF,active,2020–21,2020,2021,split_year,23,34,2,2,2,Benfica; Manchester City,Primeira Liga; Premier League,domestic_league,False,True
ruben-dias,Rúben Dias,1997-05-14,Portugal,centre-back,CB,DEF,active,2021–22,2021,2022,split_year,24,29,2,1,1,Manchester City,Premier League,domestic_league,False,True
ruben-dias,Rúben Dias,1997-05-14,Portugal,centre-back,CB,DEF,active,2022–23,2022,2023,split_year,25,26,0,1,1,Manchester City,Premier League,domestic_league,False,True
ruben-dias,Rúben Dias,1997-05-14,Portugal,centre-back,CB,DEF,active,2023–24,2023,2024,split_year,26,30,0,1,1,Manchester City,Premier League,domestic_league,False,True
ruben-dias,Rúben Dias,1997-05-14,Portugal,centre-back,CB,DEF,active,2024–25,2024,2025,split_year,27,27,0,1,1,Manchester City,Premier League,domestic_league,False,True
ruben-dias,Rúben Dias,1997-05-14,Portugal,centre-back,CB,DEF,active,2025–26,2025,2026,split_year,28,26,2,1,1,Manchester City,Premier League,domestic_league,False,True
ruud-van-nistelrooy,Ruud van Nistelrooy,1976-07-01,Kingdom of the Netherlands,forward,FW,FWD,retired,1993–94,1993,1994,split_year,17,2,0,1,1,Den Bosch,Eerste Divisie,domestic_league,False,True
ruud-van-nistelrooy,Ruud van Nistelrooy,1976-07-01,Kingdom of the Netherlands,forward,FW,FWD,retired,1994–95,1994,1995,split_year,18,15,3,1,1,Den Bosch,Eerste Divisie,domestic_league,False,True
ruud-van-nistelrooy,Ruud van Nistelrooy,1976-07-01,Kingdom of the Netherlands,forward,FW,FWD,retired,1995–96,1995,1996,split_year,19,21,2,1,1,Den Bosch,Eerste Divisie,domestic_league,False,True
ruud-van-nistelrooy,Ruud van Nistelrooy,1976-07-01,Kingdom of the Netherlands,forward,FW,FWD,retired,1996–97,1996,1997,split_year,20,31,12,1,1,Den Bosch,Eerste Divisie,domestic_league,False,True
ruud-van-nistelrooy,Ruud van Nistelrooy,1976-07-01,Kingdom of the Netherlands,forward,FW,FWD,retired,1997–98,1997,1998,split_year,21,31,13,1,1,Heerenveen,Eredivisie,domestic_league,False,True
ruud-van-nistelrooy,Ruud van Nistelrooy,1976-07-01,Kingdom of the Netherlands,forward,FW,FWD,retired,1998–99,1998,1999,split_year,22,34,31,1,1,PSV,Eredivisie,domestic_league,False,True
ruud-van-nistelrooy,Ruud van Nistelrooy,1976-07-01,Kingdom of the Netherlands,forward,FW,FWD,retired,1999–2000,1999,2000,split_year,23,23,29,1,1,PSV,Eredivisie,domestic_league,False,True
ruud-van-nistelrooy,Ruud van Nistelrooy,1976-07-01,Kingdom of the Netherlands,forward,FW,FWD,retired,2000–01,2000,2001,split_year,24,10,2,1,1,PSV,Eredivisie,domestic_league,False,True
ruud-van-nistelrooy,Ruud van Nistelrooy,1976-07-01,Kingdom of the Netherlands,forward,FW,FWD,retired,2001–02,2001,2002,split_year,25,32,23,1,1,Manchester United,Premier League,domestic_league,False,True
ruud-van-nistelrooy,Ruud van Nistelrooy,1976-07-01,Kingdom of the Netherlands,forward,FW,FWD,retired,2002–03,2002,2003,split_year,26,34,25,1,1,Manchester United,Premier League,domestic_league,False,True
ruud-van-nistelrooy,Ruud van Nistelrooy,1976-07-01,Kingdom of the Netherlands,forward,FW,FWD,retired,2003–04,2003,2004,split_year,27,32,20,1,1,Manchester United,Premier League,domestic_league,False,True
ruud-van-nistelrooy,Ruud van Nistelrooy,1976-07-01,Kingdom of the Netherlands,forward,FW,FWD,retired,2004–05,2004,2005,split_year,28,17,6,1,1,Manchester United,Premier League,domestic_league,False,True
ruud-van-nistelrooy,Ruud van Nistelrooy,1976-07-01,Kingdom of the Netherlands,forward,FW,FWD,retired,2005–06,2005,2006,split_year,29,35,21,1,1,Manchester United,Premier League,domestic_league,False,True
ruud-van-nistelrooy,Ruud van Nistelrooy,1976-07-01,Kingdom of the Netherlands,forward,FW,FWD,retired,2006–07,2006,2007,split_year,30,37,25,1,1,Real Madrid,La Liga,domestic_league,False,True
ruud-van-nistelrooy,Ruud van Nistelrooy,1976-07-01,Kingdom of the Netherlands,forward,FW,FWD,retired,2007–08,2007,2008,split_year,31,24,16,1,1,Real Madrid,La Liga,domestic_league,False,True
ruud-van-nistelrooy,Ruud van Nistelrooy,1976-07-01,Kingdom of the Netherlands,forward,FW,FWD,retired,2008–09,2008,2009,split_year,32,6,4,1,1,Real Madrid,La Liga,domestic_league,False,True
ruud-van-nistelrooy,Ruud van Nistelrooy,1976-07-01,Kingdom of the Netherlands,forward,FW,FWD,retired,2009–10,2009,2010,split_year,33,12,6,2,2,Hamburger SV; Real Madrid,Bundesliga; La Liga,domestic_league,False,True
ruud-van-nistelrooy,Ruud van Nistelrooy,1976-07-01,Kingdom of the Netherlands,forward,FW,FWD,retired,2010–11,2010,2011,split_year,34,25,7,1,1,Hamburger SV,Bundesliga,domestic_league,False,True
ruud-van-nistelrooy,Ruud van Nistelrooy,1976-07-01,Kingdom of the Netherlands,forward,FW,FWD,retired,2011–12,2011,2012,split_year,35,28,4,1,1,Málaga,La Liga,domestic_league,False,True
ryan-giggs,Ryan Giggs,1973-11-29,United Kingdom,midfielder,WNG,WIDE,retired,1990–91,1990,1991,split_year,17,2,1,1,1,Manchester United,First Division,domestic_league,False,True
ryan-giggs,Ryan Giggs,1973-11-29,United Kingdom,midfielder,WNG,WIDE,retired,1991–92,1991,1992,split_year,18,38,4,1,1,Manchester United,First Division,domestic_league,False,True
ryan-giggs,Ryan Giggs,1973-11-29,United Kingdom,midfielder,WNG,WIDE,retired,1992–93,1992,1993,split_year,19,41,9,1,1,Manchester United,Premier League,domestic_league,False,True
ryan-giggs,Ryan Giggs,1973-11-29,United Kingdom,midfielder,WNG,WIDE,retired,1993–94,1993,1994,split_year,20,38,13,1,1,Manchester United,Premier League,domestic_league,False,True
ryan-giggs,Ryan Giggs,1973-11-29,United Kingdom,midfielder,WNG,WIDE,retired,1994–95,1994,1995,split_year,21,29,1,1,1,Manchester United,Premier League,domestic_league,False,True
ryan-giggs,Ryan Giggs,1973-11-29,United Kingdom,midfielder,WNG,WIDE,retired,1995–96,1995,1996,split_year,22,33,11,1,1,Manchester United,Premier League,domestic_league,False,True
ryan-giggs,Ryan Giggs,1973-11-29,United Kingdom,midfielder,WNG,WIDE,retired,1996–97,1996,1997,split_year,23,26,3,1,1,Manchester United,Premier League,domestic_league,False,True
ryan-giggs,Ryan Giggs,1973-11-29,United Kingdom,midfielder,WNG,WIDE,retired,1997–98,1997,1998,split_year,24,29,8,1,1,Manchester United,Premier League,domestic_league,False,True
ryan-giggs,Ryan Giggs,1973-11-29,United Kingdom,midfielder,WNG,WIDE,retired,1998–99,1998,1999,split_year,25,24,3,1,1,Manchester United,Premier League,domestic_league,False,True
ryan-giggs,Ryan Giggs,1973-11-29,United Kingdom,midfielder,WNG,WIDE,retired,1999–2000,1999,2000,split_year,26,30,6,1,1,Manchester United,Premier League,domestic_league,False,True
ryan-giggs,Ryan Giggs,1973-11-29,United Kingdom,midfielder,WNG,WIDE,retired,2000–01,2000,2001,split_year,27,31,5,1,1,Manchester United,Premier League,domestic_league,False,True
ryan-giggs,Ryan Giggs,1973-11-29,United Kingdom,midfielder,WNG,WIDE,retired,2001–02,2001,2002,split_year,28,25,7,1,1,Manchester United,Premier League,domestic_league,False,True
ryan-giggs,Ryan Giggs,1973-11-29,United Kingdom,midfielder,WNG,WIDE,retired,2002–03,2002,2003,split_year,29,36,8,1,1,Manchester United,Premier League,domestic_league,False,True
ryan-giggs,Ryan Giggs,1973-11-29,United Kingdom,midfielder,WNG,WIDE,retired,2003–04,2003,2004,split_year,30,33,7,1,1,Manchester United,Premier League,domestic_league,False,True
ryan-giggs,Ryan Giggs,1973-11-29,United Kingdom,midfielder,WNG,WIDE,retired,2004–05,2004,2005,split_year,31,32,5,1,1,Manchester United,Premier League,domestic_league,False,True
ryan-giggs,Ryan Giggs,1973-11-29,United Kingdom,midfielder,WNG,WIDE,retired,2005–06,2005,2006,split_year,32,27,3,1,1,Manchester United,Premier League,domestic_league,False,True
ryan-giggs,Ryan Giggs,1973-11-29,United Kingdom,midfielder,WNG,WIDE,retired,2006–07,2006,2007,split_year,33,30,4,1,1,Manchester United,Premier League,domestic_league,False,True
ryan-giggs,Ryan Giggs,1973-11-29,United Kingdom,midfielder,WNG,WIDE,retired,2007–08,2007,2008,split_year,34,31,3,1,1,Manchester United,Premier League,domestic_league,False,True
ryan-giggs,Ryan Giggs,1973-11-29,United Kingdom,midfielder,WNG,WIDE,retired,2008–09,2008,2009,split_year,35,28,2,1,1,Manchester United,Premier League,domestic_league,False,True
ryan-giggs,Ryan Giggs,1973-11-29,United Kingdom,midfielder,WNG,WIDE,retired,2009–10,2009,2010,split_year,36,25,5,1,1,Manchester United,Premier League,domestic_league,False,True
ryan-giggs,Ryan Giggs,1973-11-29,United Kingdom,midfielder,WNG,WIDE,retired,2010–11,2010,2011,split_year,37,25,2,1,1,Manchester United,Premier League,domestic_league,False,True
ryan-giggs,Ryan Giggs,1973-11-29,United Kingdom,midfielder,WNG,WIDE,retired,2011–12,2011,2012,split_year,38,25,2,1,1,Manchester United,Premier League,domestic_league,False,True
ryan-giggs,Ryan Giggs,1973-11-29,United Kingdom,midfielder,WNG,WIDE,retired,2012–13,2012,2013,split_year,39,22,2,1,1,Manchester United,Premier League,domestic_league,False,True
ryan-giggs,Ryan Giggs,1973-11-29,United Kingdom,midfielder,WNG,WIDE,retired,2013–14,2013,2014,split_year,40,12,0,1,1,Manchester United,Premier League,domestic_league,False,True
sadio-mane,Sadio Mané,1992-04-10,Senegal,winger,WNG,WIDE,active,2011–12,2011,2012,split_year,19,19,1,1,1,Metz,Ligue 2,domestic_league,False,True
sadio-mane,Sadio Mané,1992-04-10,Senegal,winger,WNG,WIDE,active,2012–13,2012,2013,split_year,20,29,17,2,2,Metz; Red Bull Salzburg,Championnat National; Austrian Bundesliga,domestic_league,False,True
sadio-mane,Sadio Mané,1992-04-10,Senegal,winger,WNG,WIDE,active,2013–14,2013,2014,split_year,21,33,13,1,1,Red Bull Salzburg,Austrian Bundesliga,domestic_league,False,True
sadio-mane,Sadio Mané,1992-04-10,Senegal,winger,WNG,WIDE,active,2014–15,2014,2015,split_year,22,34,12,2,2,Red Bull Salzburg; Southampton,Austrian Bundesliga; Premier League,domestic_league,False,True
sadio-mane,Sadio Mané,1992-04-10,Senegal,winger,WNG,WIDE,active,2015–16,2015,2016,split_year,23,37,11,1,1,Southampton,Premier League,domestic_league,False,True
sadio-mane,Sadio Mané,1992-04-10,Senegal,winger,WNG,WIDE,active,2016–17,2016,2017,split_year,24,27,13,1,1,Liverpool,Premier League,domestic_league,False,True
sadio-mane,Sadio Mané,1992-04-10,Senegal,winger,WNG,WIDE,active,2017–18,2017,2018,split_year,25,29,10,1,1,Liverpool,Premier League,domestic_league,False,True
sadio-mane,Sadio Mané,1992-04-10,Senegal,winger,WNG,WIDE,active,2018–19,2018,2019,split_year,26,36,22,1,1,Liverpool,Premier League,domestic_league,False,True
sadio-mane,Sadio Mané,1992-04-10,Senegal,winger,WNG,WIDE,active,2019–20,2019,2020,split_year,27,35,18,1,1,Liverpool,Premier League,domestic_league,False,True
sadio-mane,Sadio Mané,1992-04-10,Senegal,winger,WNG,WIDE,active,2020–21,2020,2021,split_year,28,35,11,1,1,Liverpool,Premier League,domestic_league,False,True
sadio-mane,Sadio Mané,1992-04-10,Senegal,winger,WNG,WIDE,active,2021–22,2021,2022,split_year,29,34,16,1,1,Liverpool,Premier League,domestic_league,False,True
sadio-mane,Sadio Mané,1992-04-10,Senegal,winger,WNG,WIDE,active,2022–23,2022,2023,split_year,30,25,7,1,1,Bayern Munich,Bundesliga,domestic_league,False,True
sadio-mane,Sadio Mané,1992-04-10,Senegal,winger,WNG,WIDE,active,2023–24,2023,2024,split_year,31,32,13,1,1,Al Nassr,Saudi Pro League,domestic_league,False,True
sadio-mane,Sadio Mané,1992-04-10,Senegal,winger,WNG,WIDE,active,2024–25,2024,2025,split_year,32,32,14,1,1,Al Nassr,Saudi Pro League,domestic_league,False,True
sadio-mane,Sadio Mané,1992-04-10,Senegal,winger,WNG,WIDE,active,2025–26,2025,2026,split_year,33,25,10,1,1,Al Nassr,Saudi Pro League,domestic_league,False,True
samuel-eto-o,Samuel Eto'o,1981-03-10,Cameroon,forward,FW,FWD,retired,1997–98,1997,1998,split_year,16,28,3,1,1,Leganés (loan),Segunda División,domestic_league,False,True
samuel-eto-o,Samuel Eto'o,1981-03-10,Cameroon,forward,FW,FWD,retired,1998–99,1998,1999,split_year,17,1,0,2,1,Espanyol (loan); Real Madrid,La Liga,domestic_league,False,True
samuel-eto-o,Samuel Eto'o,1981-03-10,Cameroon,forward,FW,FWD,retired,1999–2000,1999,2000,split_year,18,2,0,1,1,Real Madrid,La Liga,domestic_league,False,True
samuel-eto-o,Samuel Eto'o,1981-03-10,Cameroon,forward,FW,FWD,retired,1999–2000 (loan),1999,2000,split_year,18,13,6,1,1,Mallorca,La Liga,domestic_league,False,True
samuel-eto-o,Samuel Eto'o,1981-03-10,Cameroon,forward,FW,FWD,retired,2000–01,2000,2001,split_year,19,28,11,1,1,Mallorca,La Liga,domestic_league,False,True
samuel-eto-o,Samuel Eto'o,1981-03-10,Cameroon,forward,FW,FWD,retired,2001–02,2001,2002,split_year,20,30,6,1,1,Mallorca,La Liga,domestic_league,False,True
samuel-eto-o,Samuel Eto'o,1981-03-10,Cameroon,forward,FW,FWD,retired,2002–03,2002,2003,split_year,21,30,14,1,1,Mallorca,La Liga,domestic_league,False,True
samuel-eto-o,Samuel Eto'o,1981-03-10,Cameroon,forward,FW,FWD,retired,2003–04,2003,2004,split_year,22,32,17,1,1,Mallorca,La Liga,domestic_league,False,True
samuel-eto-o,Samuel Eto'o,1981-03-10,Cameroon,forward,FW,FWD,retired,2004–05,2004,2005,split_year,23,37,25,1,1,Barcelona,La Liga,domestic_league,False,True
samuel-eto-o,Samuel Eto'o,1981-03-10,Cameroon,forward,FW,FWD,retired,2005–06,2005,2006,split_year,24,34,26,1,1,Barcelona,La Liga,domestic_league,False,True
samuel-eto-o,Samuel Eto'o,1981-03-10,Cameroon,forward,FW,FWD,retired,2006–07,2006,2007,split_year,25,19,11,1,1,Barcelona,La Liga,domestic_league,False,True
samuel-eto-o,Samuel Eto'o,1981-03-10,Cameroon,forward,FW,FWD,retired,2007–08,2007,2008,split_year,26,18,16,1,1,Barcelona,La Liga,domestic_league,False,True
samuel-eto-o,Samuel Eto'o,1981-03-10,Cameroon,forward,FW,FWD,retired,2008–09,2008,2009,split_year,27,36,30,1,1,Barcelona,La Liga,domestic_league,False,True
samuel-eto-o,Samuel Eto'o,1981-03-10,Cameroon,forward,FW,FWD,retired,2009–10,2009,2010,split_year,28,32,12,1,1,Inter Milan,Serie A,domestic_league,False,True
samuel-eto-o,Samuel Eto'o,1981-03-10,Cameroon,forward,FW,FWD,retired,2010–11,2010,2011,split_year,29,35,21,1,1,Inter Milan,Serie A,domestic_league,False,True
samuel-eto-o,Samuel Eto'o,1981-03-10,Cameroon,forward,FW,FWD,retired,2011–12,2011,2012,split_year,30,22,13,2,2,Anzhi Makhachkala; Inter Milan,Russian Premier League; Serie A,domestic_league,False,True
samuel-eto-o,Samuel Eto'o,1981-03-10,Cameroon,forward,FW,FWD,retired,2012–13,2012,2013,split_year,31,25,10,1,1,Anzhi Makhachkala,Russian Premier League,domestic_league,False,True
samuel-eto-o,Samuel Eto'o,1981-03-10,Cameroon,forward,FW,FWD,retired,2013–14,2013,2014,split_year,32,27,11,2,2,Anzhi Makhachkala; Chelsea,Russian Premier League; Premier League,domestic_league,False,True
samuel-eto-o,Samuel Eto'o,1981-03-10,Cameroon,forward,FW,FWD,retired,2014–15,2014,2015,split_year,33,32,5,2,2,Everton; Sampdoria,Premier League; Serie A,domestic_league,False,True
samuel-eto-o,Samuel Eto'o,1981-03-10,Cameroon,forward,FW,FWD,retired,2015–16,2015,2016,split_year,34,31,20,1,1,Antalyaspor,Süper Lig,domestic_league,False,True
samuel-eto-o,Samuel Eto'o,1981-03-10,Cameroon,forward,FW,FWD,retired,2016–17,2016,2017,split_year,35,30,18,1,1,Antalyaspor,Süper Lig,domestic_league,False,True
samuel-eto-o,Samuel Eto'o,1981-03-10,Cameroon,forward,FW,FWD,retired,2017–18,2017,2018,split_year,36,28,12,2,1,Antalyaspor; Konyaspor,Süper Lig,domestic_league,False,True
samuel-eto-o,Samuel Eto'o,1981-03-10,Cameroon,forward,FW,FWD,retired,2018–19,2018,2019,split_year,37,17,6,1,1,Qatar SC,Qatar Stars League,domestic_league,False,True
sandro-tonali,Sandro Tonali,2000-05-08,Italy,midfielder,DM,MID,active,2017–18,2017,2018,split_year,17,19,2,1,1,Brescia,Serie B,domestic_league,False,True
sandro-tonali,Sandro Tonali,2000-05-08,Italy,midfielder,DM,MID,active,2018–19,2018,2019,split_year,18,34,3,1,1,Brescia,Serie B,domestic_league,False,True
sandro-tonali,Sandro Tonali,2000-05-08,Italy,midfielder,DM,MID,active,2019–20,2019,2020,split_year,19,35,1,1,1,Brescia,Serie A,domestic_league,False,True
sandro-tonali,Sandro Tonali,2000-05-08,Italy,midfielder,DM,MID,active,2020–21,2020,2021,split_year,20,25,0,1,1,AC Milan (loan),Serie A,domestic_league,False,True
sandro-tonali,Sandro Tonali,2000-05-08,Italy,midfielder,DM,MID,active,2021–22,2021,2022,split_year,21,36,5,1,1,AC Milan,Serie A,domestic_league,False,True
sandro-tonali,Sandro Tonali,2000-05-08,Italy,midfielder,DM,MID,active,2022–23,2022,2023,split_year,22,34,2,1,1,AC Milan,Serie A,domestic_league,False,True
sandro-tonali,Sandro Tonali,2000-05-08,Italy,midfielder,DM,MID,active,2023–24,2023,2024,split_year,23,8,1,1,1,Newcastle United,Premier League,domestic_league,False,True
sandro-tonali,Sandro Tonali,2000-05-08,Italy,midfielder,DM,MID,active,2024–25,2024,2025,split_year,24,36,4,1,1,Newcastle United,Premier League,domestic_league,False,True
sandro-tonali,Sandro Tonali,2000-05-08,Italy,midfielder,DM,MID,active,2025–26,2025,2026,split_year,25,35,0,1,1,Newcastle United,Premier League,domestic_league,False,True
sandro-tonali,Sandro Tonali,2000-05-08,Italy,midfielder,DM,MID,active,2026–27,2026,2027,split_year,26,0,0,1,1,Tottenham Hotspur,Premier League,domestic_league,True,True
sergio-aguero,Sergio Agüero,1988-06-02,Argentina,centre-forward,FW,FWD,retired,2003–04,2003,2004,split_year,15,5,0,1,1,Independiente,Argentine Primera División,domestic_league,False,True
sergio-aguero,Sergio Agüero,1988-06-02,Argentina,centre-forward,FW,FWD,retired,2004–05,2004,2005,split_year,16,12,5,1,1,Independiente,Argentine Primera División,domestic_league,False,True
sergio-aguero,Sergio Agüero,1988-06-02,Argentina,centre-forward,FW,FWD,retired,2005–06,2005,2006,split_year,17,36,18,1,1,Independiente,Argentine Primera División,domestic_league,False,True
sergio-aguero,Sergio Agüero,1988-06-02,Argentina,centre-forward,FW,FWD,retired,2006–07,2006,2007,split_year,18,38,6,1,1,Atlético Madrid,La Liga,domestic_league,False,True
sergio-aguero,Sergio Agüero,1988-06-02,Argentina,centre-forward,FW,FWD,retired,2007–08,2007,2008,split_year,19,37,19,1,1,Atlético Madrid,La Liga,domestic_league,False,True
sergio-aguero,Sergio Agüero,1988-06-02,Argentina,centre-forward,FW,FWD,retired,2008–09,2008,2009,split_year,20,37,17,1,1,Atlético Madrid,La Liga,domestic_league,False,True
sergio-aguero,Sergio Agüero,1988-06-02,Argentina,centre-forward,FW,FWD,retired,2009–10,2009,2010,split_year,21,31,12,1,1,Atlético Madrid,La Liga,domestic_league,False,True
sergio-aguero,Sergio Agüero,1988-06-02,Argentina,centre-forward,FW,FWD,retired,2010–11,2010,2011,split_year,22,32,20,1,1,Atlético Madrid,La Liga,domestic_league,False,True
sergio-aguero,Sergio Agüero,1988-06-02,Argentina,centre-forward,FW,FWD,retired,2011–12,2011,2012,split_year,23,34,23,1,1,Manchester City,Premier League,domestic_league,False,True
sergio-aguero,Sergio Agüero,1988-06-02,Argentina,centre-forward,FW,FWD,retired,2012–13,2012,2013,split_year,24,30,12,1,1,Manchester City,Premier League,domestic_league,False,True
sergio-aguero,Sergio Agüero,1988-06-02,Argentina,centre-forward,FW,FWD,retired,2013–14,2013,2014,split_year,25,23,17,1,1,Manchester City,Premier League,domestic_league,False,True
sergio-aguero,Sergio Agüero,1988-06-02,Argentina,centre-forward,FW,FWD,retired,2014–15,2014,2015,split_year,26,33,26,1,1,Manchester City,Premier League,domestic_league,False,True
sergio-aguero,Sergio Agüero,1988-06-02,Argentina,centre-forward,FW,FWD,retired,2015–16,2015,2016,split_year,27,30,24,1,1,Manchester City,Premier League,domestic_league,False,True
sergio-aguero,Sergio Agüero,1988-06-02,Argentina,centre-forward,FW,FWD,retired,2016–17,2016,2017,split_year,28,31,20,1,1,Manchester City,Premier League,domestic_league,False,True
sergio-aguero,Sergio Agüero,1988-06-02,Argentina,centre-forward,FW,FWD,retired,2017–18,2017,2018,split_year,29,25,21,1,1,Manchester City,Premier League,domestic_league,False,True
sergio-aguero,Sergio Agüero,1988-06-02,Argentina,centre-forward,FW,FWD,retired,2018–19,2018,2019,split_year,30,33,21,1,1,Manchester City,Premier League,domestic_league,False,True
sergio-aguero,Sergio Agüero,1988-06-02,Argentina,centre-forward,FW,FWD,retired,2019–20,2019,2020,split_year,31,24,16,1,1,Manchester City,Premier League,domestic_league,False,True
sergio-aguero,Sergio Agüero,1988-06-02,Argentina,centre-forward,FW,FWD,retired,2020–21,2020,2021,split_year,32,12,4,1,1,Manchester City,Premier League,domestic_league,False,True
sergio-aguero,Sergio Agüero,1988-06-02,Argentina,centre-forward,FW,FWD,retired,2021–22,2021,2022,split_year,33,4,1,1,1,Barcelona,La Liga,domestic_league,False,True
sergio-busquets,Sergio Busquets,1988-07-16,Spain,defensive midfielder,DM,MID,active,2008–09,2008,2009,split_year,20,24,1,1,1,Barcelona,La Liga,domestic_league,False,True
sergio-busquets,Sergio Busquets,1988-07-16,Spain,defensive midfielder,DM,MID,active,2009–10,2009,2010,split_year,21,33,0,1,1,Barcelona,La Liga,domestic_league,False,True
sergio-busquets,Sergio Busquets,1988-07-16,Spain,defensive midfielder,DM,MID,active,2010–11,2010,2011,split_year,22,28,1,1,1,Barcelona,La Liga,domestic_league,False,True
sergio-busquets,Sergio Busquets,1988-07-16,Spain,defensive midfielder,DM,MID,active,2011–12,2011,2012,split_year,23,31,1,1,1,Barcelona,La Liga,domestic_league,False,True
sergio-busquets,Sergio Busquets,1988-07-16,Spain,defensive midfielder,DM,MID,active,2012–13,2012,2013,split_year,24,31,1,1,1,Barcelona,La Liga,domestic_league,False,True
sergio-busquets,Sergio Busquets,1988-07-16,Spain,defensive midfielder,DM,MID,active,2013–14,2013,2014,split_year,25,32,1,1,1,Barcelona,La Liga,domestic_league,False,True
sergio-busquets,Sergio Busquets,1988-07-16,Spain,defensive midfielder,DM,MID,active,2014–15,2014,2015,split_year,26,33,1,1,1,Barcelona,La Liga,domestic_league,False,True
sergio-busquets,Sergio Busquets,1988-07-16,Spain,defensive midfielder,DM,MID,active,2015–16,2015,2016,split_year,27,35,0,1,1,Barcelona,La Liga,domestic_league,False,True
sergio-busquets,Sergio Busquets,1988-07-16,Spain,defensive midfielder,DM,MID,active,2016–17,2016,2017,split_year,28,33,0,1,1,Barcelona,La Liga,domestic_league,False,True
sergio-busquets,Sergio Busquets,1988-07-16,Spain,defensive midfielder,DM,MID,active,2017–18,2017,2018,split_year,29,31,1,1,1,Barcelona,La Liga,domestic_league,False,True
sergio-busquets,Sergio Busquets,1988-07-16,Spain,defensive midfielder,DM,MID,active,2018–19,2018,2019,split_year,30,35,0,1,1,Barcelona,La Liga,domestic_league,False,True
sergio-busquets,Sergio Busquets,1988-07-16,Spain,defensive midfielder,DM,MID,active,2019–20,2019,2020,split_year,31,33,2,1,1,Barcelona,La Liga,domestic_league,False,True
sergio-busquets,Sergio Busquets,1988-07-16,Spain,defensive midfielder,DM,MID,active,2020–21,2020,2021,split_year,32,36,0,1,1,Barcelona,La Liga,domestic_league,False,True
sergio-busquets,Sergio Busquets,1988-07-16,Spain,defensive midfielder,DM,MID,active,2021–22,2021,2022,split_year,33,36,2,1,1,Barcelona,La Liga,domestic_league,False,True
sergio-busquets,Sergio Busquets,1988-07-16,Spain,defensive midfielder,DM,MID,active,2022–23,2022,2023,split_year,34,30,0,1,1,Barcelona,La Liga,domestic_league,False,True
sergio-busquets,Sergio Busquets,1988-07-16,Spain,defensive midfielder,DM,MID,active,2023,2023,2023,calendar_year,35,11,0,1,1,Inter Miami,MLS,domestic_league,False,True
sergio-busquets,Sergio Busquets,1988-07-16,Spain,defensive midfielder,DM,MID,active,2024,2024,2024,calendar_year,36,30,1,1,1,Inter Miami,MLS,domestic_league,False,True
sergio-busquets,Sergio Busquets,1988-07-16,Spain,defensive midfielder,DM,MID,active,2025,2025,2025,calendar_year,37,33,0,1,1,Inter Miami,MLS,domestic_league,False,True
sergio-ramos,Sergio Ramos,1986-03-30,Spain,centre-back,CB,DEF,active,2003–04,2003,2004,split_year,17,7,0,1,1,Sevilla,La Liga,domestic_league,False,True
sergio-ramos,Sergio Ramos,1986-03-30,Spain,centre-back,CB,DEF,active,2004–05,2004,2005,split_year,18,31,2,1,1,Sevilla,La Liga,domestic_league,False,True
sergio-ramos,Sergio Ramos,1986-03-30,Spain,centre-back,CB,DEF,active,2005–06,2005,2006,split_year,19,34,4,2,1,Real Madrid; Sevilla,La Liga,domestic_league,False,True
sergio-ramos,Sergio Ramos,1986-03-30,Spain,centre-back,CB,DEF,active,2006–07,2006,2007,split_year,20,33,5,1,1,Real Madrid,La Liga,domestic_league,False,True
sergio-ramos,Sergio Ramos,1986-03-30,Spain,centre-back,CB,DEF,active,2007–08,2007,2008,split_year,21,33,5,1,1,Real Madrid,La Liga,domestic_league,False,True
sergio-ramos,Sergio Ramos,1986-03-30,Spain,centre-back,CB,DEF,active,2008–09,2008,2009,split_year,22,32,4,1,1,Real Madrid,La Liga,domestic_league,False,True
sergio-ramos,Sergio Ramos,1986-03-30,Spain,centre-back,CB,DEF,active,2009–10,2009,2010,split_year,23,33,4,1,1,Real Madrid,La Liga,domestic_league,False,True
sergio-ramos,Sergio Ramos,1986-03-30,Spain,centre-back,CB,DEF,active,2010–11,2010,2011,split_year,24,31,3,1,1,Real Madrid,La Liga,domestic_league,False,True
sergio-ramos,Sergio Ramos,1986-03-30,Spain,centre-back,CB,DEF,active,2011–12,2011,2012,split_year,25,34,3,1,1,Real Madrid,La Liga,domestic_league,False,True
sergio-ramos,Sergio Ramos,1986-03-30,Spain,centre-back,CB,DEF,active,2012–13,2012,2013,split_year,26,26,4,1,1,Real Madrid,La Liga,domestic_league,False,True
sergio-ramos,Sergio Ramos,1986-03-30,Spain,centre-back,CB,DEF,active,2013–14,2013,2014,split_year,27,32,4,1,1,Real Madrid,La Liga,domestic_league,False,True
sergio-ramos,Sergio Ramos,1986-03-30,Spain,centre-back,CB,DEF,active,2014–15,2014,2015,split_year,28,27,4,1,1,Real Madrid,La Liga,domestic_league,False,True
sergio-ramos,Sergio Ramos,1986-03-30,Spain,centre-back,CB,DEF,active,2015–16,2015,2016,split_year,29,23,2,1,1,Real Madrid,La Liga,domestic_league,False,True
sergio-ramos,Sergio Ramos,1986-03-30,Spain,centre-back,CB,DEF,active,2016–17,2016,2017,split_year,30,28,7,1,1,Real Madrid,La Liga,domestic_league,False,True
sergio-ramos,Sergio Ramos,1986-03-30,Spain,centre-back,CB,DEF,active,2017–18,2017,2018,split_year,31,26,4,1,1,Real Madrid,La Liga,domestic_league,False,True
sergio-ramos,Sergio Ramos,1986-03-30,Spain,centre-back,CB,DEF,active,2018–19,2018,2019,split_year,32,28,6,1,1,Real Madrid,La Liga,domestic_league,False,True
sergio-ramos,Sergio Ramos,1986-03-30,Spain,centre-back,CB,DEF,active,2019–20,2019,2020,split_year,33,35,11,1,1,Real Madrid,La Liga,domestic_league,False,True
sergio-ramos,Sergio Ramos,1986-03-30,Spain,centre-back,CB,DEF,active,2020–21,2020,2021,split_year,34,15,2,1,1,Real Madrid,La Liga,domestic_league,False,True
sergio-ramos,Sergio Ramos,1986-03-30,Spain,centre-back,CB,DEF,active,2021–22,2021,2022,split_year,35,12,2,1,1,Paris Saint-Germain,Ligue 1,domestic_league,False,True
sergio-ramos,Sergio Ramos,1986-03-30,Spain,centre-back,CB,DEF,active,2022–23,2022,2023,split_year,36,33,2,1,1,Paris Saint-Germain,Ligue 1,domestic_league,False,True
sergio-ramos,Sergio Ramos,1986-03-30,Spain,centre-back,CB,DEF,active,2023–24,2023,2024,split_year,37,28,3,1,1,Sevilla,La Liga,domestic_league,False,True
sergio-ramos,Sergio Ramos,1986-03-30,Spain,centre-back,CB,DEF,active,2024–25,2024,2025,split_year,38,8,3,1,1,Monterrey,Liga MX,domestic_league,False,True
sergio-ramos,Sergio Ramos,1986-03-30,Spain,centre-back,CB,DEF,active,2025–26,2025,2026,split_year,39,19,3,1,1,Monterrey,Liga MX,domestic_league,False,True
son-heung-min,Son Heung-min,1992-07-08,South Korea,forward,WNG,WIDE,active,2010–11,2010,2011,split_year,18,13,3,1,1,Hamburger SV,Bundesliga,domestic_league,False,True
son-heung-min,Son Heung-min,1992-07-08,South Korea,forward,WNG,WIDE,active,2011–12,2011,2012,split_year,19,27,5,1,1,Hamburger SV,Bundesliga,domestic_league,False,True
son-heung-min,Son Heung-min,1992-07-08,South Korea,forward,WNG,WIDE,active,2012–13,2012,2013,split_year,20,33,12,1,1,Hamburger SV,Bundesliga,domestic_league,False,True
son-heung-min,Son Heung-min,1992-07-08,South Korea,forward,WNG,WIDE,active,2013–14,2013,2014,split_year,21,31,10,1,1,Bayer Leverkusen,Bundesliga,domestic_league,False,True
son-heung-min,Son Heung-min,1992-07-08,South Korea,forward,WNG,WIDE,active,2014–15,2014,2015,split_year,22,30,11,1,1,Bayer Leverkusen,Bundesliga,domestic_league,False,True
son-heung-min,Son Heung-min,1992-07-08,South Korea,forward,WNG,WIDE,active,2015–16,2015,2016,split_year,23,29,4,2,2,Bayer Leverkusen; Tottenham Hotspur,Bundesliga; Premier League,domestic_league,False,True
son-heung-min,Son Heung-min,1992-07-08,South Korea,forward,WNG,WIDE,active,2016–17,2016,2017,split_year,24,34,14,1,1,Tottenham Hotspur,Premier League,domestic_league,False,True
son-heung-min,Son Heung-min,1992-07-08,South Korea,forward,WNG,WIDE,active,2017–18,2017,2018,split_year,25,37,12,1,1,Tottenham Hotspur,Premier League,domestic_league,False,True
son-heung-min,Son Heung-min,1992-07-08,South Korea,forward,WNG,WIDE,active,2018–19,2018,2019,split_year,26,31,12,1,1,Tottenham Hotspur,Premier League,domestic_league,False,True
son-heung-min,Son Heung-min,1992-07-08,South Korea,forward,WNG,WIDE,active,2019–20,2019,2020,split_year,27,30,11,1,1,Tottenham Hotspur,Premier League,domestic_league,False,True
son-heung-min,Son Heung-min,1992-07-08,South Korea,forward,WNG,WIDE,active,2020–21,2020,2021,split_year,28,37,17,1,1,Tottenham Hotspur,Premier League,domestic_league,False,True
son-heung-min,Son Heung-min,1992-07-08,South Korea,forward,WNG,WIDE,active,2021–22,2021,2022,split_year,29,35,23,1,1,Tottenham Hotspur,Premier League,domestic_league,False,True
son-heung-min,Son Heung-min,1992-07-08,South Korea,forward,WNG,WIDE,active,2022–23,2022,2023,split_year,30,36,10,1,1,Tottenham Hotspur,Premier League,domestic_league,False,True
son-heung-min,Son Heung-min,1992-07-08,South Korea,forward,WNG,WIDE,active,2023–24,2023,2024,split_year,31,35,17,1,1,Tottenham Hotspur,Premier League,domestic_league,False,True
son-heung-min,Son Heung-min,1992-07-08,South Korea,forward,WNG,WIDE,active,2024–25,2024,2025,split_year,32,30,7,1,1,Tottenham Hotspur,Premier League,domestic_league,False,True
son-heung-min,Son Heung-min,1992-07-08,South Korea,forward,WNG,WIDE,active,2025,2025,2025,calendar_year,33,10,9,1,1,Los Angeles FC,Major League Soccer,domestic_league,False,True
son-heung-min,Son Heung-min,1992-07-08,South Korea,forward,WNG,WIDE,active,2026,2026,2026,calendar_year,34,17,4,1,1,Los Angeles FC,Major League Soccer,domestic_league,True,True
steven-gerrard,Steven Gerrard,1980-05-30,United Kingdom,midfielder,CM,MID,retired,1998–99,1998,1999,split_year,18,12,0,1,1,Liverpool,Premier League,domestic_league,False,True
steven-gerrard,Steven Gerrard,1980-05-30,United Kingdom,midfielder,CM,MID,retired,1999–2000,1999,2000,split_year,19,29,1,1,1,Liverpool,Premier League,domestic_league,False,True
steven-gerrard,Steven Gerrard,1980-05-30,United Kingdom,midfielder,CM,MID,retired,2000–01,2000,2001,split_year,20,33,7,1,1,Liverpool,Premier League,domestic_league,False,True
steven-gerrard,Steven Gerrard,1980-05-30,United Kingdom,midfielder,CM,MID,retired,2001–02,2001,2002,split_year,21,28,3,1,1,Liverpool,Premier League,domestic_league,False,True
steven-gerrard,Steven Gerrard,1980-05-30,United Kingdom,midfielder,CM,MID,retired,2002–03,2002,2003,split_year,22,34,5,1,1,Liverpool,Premier League,domestic_league,False,True
steven-gerrard,Steven Gerrard,1980-05-30,United Kingdom,midfielder,CM,MID,retired,2003–04,2003,2004,split_year,23,34,4,1,1,Liverpool,Premier League,domestic_league,False,True
steven-gerrard,Steven Gerrard,1980-05-30,United Kingdom,midfielder,CM,MID,retired,2004–05,2004,2005,split_year,24,30,7,1,1,Liverpool,Premier League,domestic_league,False,True
steven-gerrard,Steven Gerrard,1980-05-30,United Kingdom,midfielder,CM,MID,retired,2005–06,2005,2006,split_year,25,32,10,1,1,Liverpool,Premier League,domestic_league,False,True
steven-gerrard,Steven Gerrard,1980-05-30,United Kingdom,midfielder,CM,MID,retired,2006–07,2006,2007,split_year,26,36,7,1,1,Liverpool,Premier League,domestic_league,False,True
steven-gerrard,Steven Gerrard,1980-05-30,United Kingdom,midfielder,CM,MID,retired,2007–08,2007,2008,split_year,27,34,11,1,1,Liverpool,Premier League,domestic_league,False,True
steven-gerrard,Steven Gerrard,1980-05-30,United Kingdom,midfielder,CM,MID,retired,2008–09,2008,2009,split_year,28,31,16,1,1,Liverpool,Premier League,domestic_league,False,True
steven-gerrard,Steven Gerrard,1980-05-30,United Kingdom,midfielder,CM,MID,retired,2009–10,2009,2010,split_year,29,33,9,1,1,Liverpool,Premier League,domestic_league,False,True
steven-gerrard,Steven Gerrard,1980-05-30,United Kingdom,midfielder,CM,MID,retired,2010–11,2010,2011,split_year,30,21,4,1,1,Liverpool,Premier League,domestic_league,False,True
steven-gerrard,Steven Gerrard,1980-05-30,United Kingdom,midfielder,CM,MID,retired,2011–12,2011,2012,split_year,31,18,5,1,1,Liverpool,Premier League,domestic_league,False,True
steven-gerrard,Steven Gerrard,1980-05-30,United Kingdom,midfielder,CM,MID,retired,2012–13,2012,2013,split_year,32,36,9,1,1,Liverpool,Premier League,domestic_league,False,True
steven-gerrard,Steven Gerrard,1980-05-30,United Kingdom,midfielder,CM,MID,retired,2013–14,2013,2014,split_year,33,34,13,1,1,Liverpool,Premier League,domestic_league,False,True
steven-gerrard,Steven Gerrard,1980-05-30,United Kingdom,midfielder,CM,MID,retired,2014–15,2014,2015,split_year,34,29,9,1,1,Liverpool,Premier League,domestic_league,False,True
steven-gerrard,Steven Gerrard,1980-05-30,United Kingdom,midfielder,CM,MID,retired,2015,2015,2015,calendar_year,35,13,2,1,1,LA Galaxy,Major League Soccer,domestic_league,False,True
steven-gerrard,Steven Gerrard,1980-05-30,United Kingdom,midfielder,CM,MID,retired,2016,2016,2016,calendar_year,36,21,3,1,1,LA Galaxy,Major League Soccer,domestic_league,False,True
theo-hernandez,Théo Hernandez,1997-10-06,France,full-back,FB,DEF,active,2016–17,2016,2017,split_year,19,32,1,1,1,Alavés (loan),La Liga,domestic_league,False,True
theo-hernandez,Théo Hernandez,1997-10-06,France,full-back,FB,DEF,active,2017–18,2017,2018,split_year,20,13,0,1,1,Real Madrid,La Liga,domestic_league,False,True
theo-hernandez,Théo Hernandez,1997-10-06,France,full-back,FB,DEF,active,2018–19,2018,2019,split_year,21,24,1,1,1,Real Sociedad (loan),La Liga,domestic_league,False,True
theo-hernandez,Théo Hernandez,1997-10-06,France,full-back,FB,DEF,active,2019–20,2019,2020,split_year,22,33,6,1,1,AC Milan,Serie A,domestic_league,False,True
theo-hernandez,Théo Hernandez,1997-10-06,France,full-back,FB,DEF,active,2020–21,2020,2021,split_year,23,33,7,1,1,AC Milan,Serie A,domestic_league,False,True
theo-hernandez,Théo Hernandez,1997-10-06,France,full-back,FB,DEF,active,2021–22,2021,2022,split_year,24,32,5,1,1,AC Milan,Serie A,domestic_league,False,True
theo-hernandez,Théo Hernandez,1997-10-06,France,full-back,FB,DEF,active,2022–23,2022,2023,split_year,25,32,4,1,1,AC Milan,Serie A,domestic_league,False,True
theo-hernandez,Théo Hernandez,1997-10-06,France,full-back,FB,DEF,active,2023–24,2023,2024,split_year,26,32,5,1,1,AC Milan,Serie A,domestic_league,False,True
theo-hernandez,Théo Hernandez,1997-10-06,France,full-back,FB,DEF,active,2024–25,2024,2025,split_year,27,33,4,1,1,AC Milan,Serie A,domestic_league,False,True
theo-hernandez,Théo Hernandez,1997-10-06,France,full-back,FB,DEF,active,2025–26,2025,2026,split_year,28,31,5,1,1,Al Hilal,Saudi Pro League,domestic_league,False,True
thiago-alcantara,Thiago Alcântara,1991-04-11,Spain,midfielder,CM,MID,inactive,2008–09,2008,2009,split_year,17,1,0,1,1,Barcelona,La Liga,domestic_league,False,True
thiago-alcantara,Thiago Alcântara,1991-04-11,Spain,midfielder,CM,MID,inactive,2009–10,2009,2010,split_year,18,1,1,1,1,Barcelona,La Liga,domestic_league,False,True
thiago-alcantara,Thiago Alcântara,1991-04-11,Spain,midfielder,CM,MID,inactive,2010–11,2010,2011,split_year,19,12,2,1,1,Barcelona,La Liga,domestic_league,False,True
thiago-alcantara,Thiago Alcântara,1991-04-11,Spain,midfielder,CM,MID,inactive,2011–12,2011,2012,split_year,20,27,2,1,1,Barcelona,La Liga,domestic_league,False,True
thiago-alcantara,Thiago Alcântara,1991-04-11,Spain,midfielder,CM,MID,inactive,2012–13,2012,2013,split_year,21,27,2,1,1,Barcelona,La Liga,domestic_league,False,True
thiago-alcantara,Thiago Alcântara,1991-04-11,Spain,midfielder,CM,MID,inactive,2013–14,2013,2014,split_year,22,16,2,1,1,Bayern Munich,Bundesliga,domestic_league,False,True
thiago-alcantara,Thiago Alcântara,1991-04-11,Spain,midfielder,CM,MID,inactive,2014–15,2014,2015,split_year,23,7,0,1,1,Bayern Munich,Bundesliga,domestic_league,False,True
thiago-alcantara,Thiago Alcântara,1991-04-11,Spain,midfielder,CM,MID,inactive,2015–16,2015,2016,split_year,24,27,2,1,1,Bayern Munich,Bundesliga,domestic_league,False,True
thiago-alcantara,Thiago Alcântara,1991-04-11,Spain,midfielder,CM,MID,inactive,2016–17,2016,2017,split_year,25,27,6,1,1,Bayern Munich,Bundesliga,domestic_league,False,True
thiago-alcantara,Thiago Alcântara,1991-04-11,Spain,midfielder,CM,MID,inactive,2017–18,2017,2018,split_year,26,19,2,1,1,Bayern Munich,Bundesliga,domestic_league,False,True
thiago-alcantara,Thiago Alcântara,1991-04-11,Spain,midfielder,CM,MID,inactive,2018–19,2018,2019,split_year,27,30,2,1,1,Bayern Munich,Bundesliga,domestic_league,False,True
thiago-alcantara,Thiago Alcântara,1991-04-11,Spain,midfielder,CM,MID,inactive,2019–20,2019,2020,split_year,28,24,3,1,1,Bayern Munich,Bundesliga,domestic_league,False,True
thiago-alcantara,Thiago Alcântara,1991-04-11,Spain,midfielder,CM,MID,inactive,2020–21,2020,2021,split_year,29,24,1,1,1,Liverpool,Premier League,domestic_league,False,True
thiago-alcantara,Thiago Alcântara,1991-04-11,Spain,midfielder,CM,MID,inactive,2021–22,2021,2022,split_year,30,25,1,1,1,Liverpool,Premier League,domestic_league,False,True
thiago-alcantara,Thiago Alcântara,1991-04-11,Spain,midfielder,CM,MID,inactive,2022–23,2022,2023,split_year,31,18,0,1,1,Liverpool,Premier League,domestic_league,False,True
thiago-alcantara,Thiago Alcântara,1991-04-11,Spain,midfielder,CM,MID,inactive,2023–24,2023,2024,split_year,32,1,0,1,1,Liverpool,Premier League,domestic_league,False,True
thiago-silva,Thiago Silva,1984-09-22,Brazil,centre-back,CB,DEF,active,2004,2004,2004,calendar_year,20,28,3,1,1,Juventude,Série A,domestic_league,False,True
thiago-silva,Thiago Silva,1984-09-22,Brazil,centre-back,CB,DEF,active,2005,2005,2005,calendar_year,21,0,0,1,1,Dynamo Moscow,Russian Premier League,domestic_league,False,True
thiago-silva,Thiago Silva,1984-09-22,Brazil,centre-back,CB,DEF,active,2006,2006,2006,calendar_year,22,31,0,1,1,Fluminense (loan),Série A,domestic_league,False,True
thiago-silva,Thiago Silva,1984-09-22,Brazil,centre-back,CB,DEF,active,2007,2007,2007,calendar_year,23,30,5,1,1,Fluminense,Série A,domestic_league,False,True
thiago-silva,Thiago Silva,1984-09-22,Brazil,centre-back,CB,DEF,active,2008,2008,2008,calendar_year,24,20,1,1,1,Fluminense,Série A,domestic_league,False,True
thiago-silva,Thiago Silva,1984-09-22,Brazil,centre-back,CB,DEF,active,2009–10,2009,2010,split_year,25,33,2,1,1,AC Milan,Serie A,domestic_league,False,True
thiago-silva,Thiago Silva,1984-09-22,Brazil,centre-back,CB,DEF,active,2010–11,2010,2011,split_year,26,33,1,1,1,AC Milan,Serie A,domestic_league,False,True
thiago-silva,Thiago Silva,1984-09-22,Brazil,centre-back,CB,DEF,active,2011–12,2011,2012,split_year,27,27,2,1,1,AC Milan,Serie A,domestic_league,False,True
thiago-silva,Thiago Silva,1984-09-22,Brazil,centre-back,CB,DEF,active,2012–13,2012,2013,split_year,28,22,0,1,1,Paris Saint-Germain,Ligue 1,domestic_league,False,True
thiago-silva,Thiago Silva,1984-09-22,Brazil,centre-back,CB,DEF,active,2013–14,2013,2014,split_year,29,28,3,1,1,Paris Saint-Germain,Ligue 1,domestic_league,False,True
thiago-silva,Thiago Silva,1984-09-22,Brazil,centre-back,CB,DEF,active,2014–15,2014,2015,split_year,30,26,1,1,1,Paris Saint-Germain,Ligue 1,domestic_league,False,True
thiago-silva,Thiago Silva,1984-09-22,Brazil,centre-back,CB,DEF,active,2015–16,2015,2016,split_year,31,30,1,1,1,Paris Saint-Germain,Ligue 1,domestic_league,False,True
thiago-silva,Thiago Silva,1984-09-22,Brazil,centre-back,CB,DEF,active,2016–17,2016,2017,split_year,32,27,3,1,1,Paris Saint-Germain,Ligue 1,domestic_league,False,True
thiago-silva,Thiago Silva,1984-09-22,Brazil,centre-back,CB,DEF,active,2017–18,2017,2018,split_year,33,25,1,1,1,Paris Saint-Germain,Ligue 1,domestic_league,False,True
thiago-silva,Thiago Silva,1984-09-22,Brazil,centre-back,CB,DEF,active,2018–19,2018,2019,split_year,34,25,0,1,1,Paris Saint-Germain,Ligue 1,domestic_league,False,True
thiago-silva,Thiago Silva,1984-09-22,Brazil,centre-back,CB,DEF,active,2019–20,2019,2020,split_year,35,21,0,1,1,Paris Saint-Germain,Ligue 1,domestic_league,False,True
thiago-silva,Thiago Silva,1984-09-22,Brazil,centre-back,CB,DEF,active,2020–21,2020,2021,split_year,36,23,2,1,1,Chelsea,Premier League,domestic_league,False,True
thiago-silva,Thiago Silva,1984-09-22,Brazil,centre-back,CB,DEF,active,2021–22,2021,2022,split_year,37,32,3,1,1,Chelsea,Premier League,domestic_league,False,True
thiago-silva,Thiago Silva,1984-09-22,Brazil,centre-back,CB,DEF,active,2022–23,2022,2023,split_year,38,27,0,1,1,Chelsea,Premier League,domestic_league,False,True
thiago-silva,Thiago Silva,1984-09-22,Brazil,centre-back,CB,DEF,active,2023–24,2023,2024,split_year,39,31,3,1,1,Chelsea,Premier League,domestic_league,False,True
thiago-silva,Thiago Silva,1984-09-22,Brazil,centre-back,CB,DEF,active,2024,2024,2024,calendar_year,40,15,0,1,1,Fluminense,Série A,domestic_league,False,True
thiago-silva,Thiago Silva,1984-09-22,Brazil,centre-back,CB,DEF,active,2025,2025,2025,calendar_year,41,25,2,1,1,Fluminense,Série A,domestic_league,False,True
thiago-silva,Thiago Silva,1984-09-22,Brazil,centre-back,CB,DEF,active,2025–26,2025,2026,split_year,41,8,0,1,1,Porto,Primeira Liga,domestic_league,False,True
thiago-silva,Thiago Silva,1984-09-22,Brazil,centre-back,CB,DEF,active,2026,2026,2026,calendar_year,42,2,0,1,1,Fluminense,Série A,domestic_league,True,True
thierry-henry,Thierry Henry,1977-08-17,France,forward,FW,FWD,retired,1994–95,1994,1995,split_year,17,8,3,1,1,Monaco,Division 1,domestic_league,False,True
thierry-henry,Thierry Henry,1977-08-17,France,forward,FW,FWD,retired,1995–96,1995,1996,split_year,18,18,3,1,1,Monaco,Division 1,domestic_league,False,True
thierry-henry,Thierry Henry,1977-08-17,France,forward,FW,FWD,retired,1996–97,1996,1997,split_year,19,36,9,1,1,Monaco,Division 1,domestic_league,False,True
thierry-henry,Thierry Henry,1977-08-17,France,forward,FW,FWD,retired,1997–98,1997,1998,split_year,20,30,4,1,1,Monaco,Division 1,domestic_league,False,True
thierry-henry,Thierry Henry,1977-08-17,France,forward,FW,FWD,retired,1998–99,1998,1999,split_year,21,29,4,2,2,Juventus; Monaco,Serie A; Division 1,domestic_league,False,True
thierry-henry,Thierry Henry,1977-08-17,France,forward,FW,FWD,retired,1999–2000,1999,2000,split_year,22,31,17,2,2,Arsenal; Juventus,Premier League; Serie A,domestic_league,False,True
thierry-henry,Thierry Henry,1977-08-17,France,forward,FW,FWD,retired,2000–01,2000,2001,split_year,23,35,17,1,1,Arsenal,Premier League,domestic_league,False,True
thierry-henry,Thierry Henry,1977-08-17,France,forward,FW,FWD,retired,2001–02,2001,2002,split_year,24,33,24,1,1,Arsenal,Premier League,domestic_league,False,True
thierry-henry,Thierry Henry,1977-08-17,France,forward,FW,FWD,retired,2002–03,2002,2003,split_year,25,37,24,1,1,Arsenal,Premier League,domestic_league,False,True
thierry-henry,Thierry Henry,1977-08-17,France,forward,FW,FWD,retired,2003–04,2003,2004,split_year,26,37,30,1,1,Arsenal,Premier League,domestic_league,False,True
thierry-henry,Thierry Henry,1977-08-17,France,forward,FW,FWD,retired,2004–05,2004,2005,split_year,27,32,25,1,1,Arsenal,Premier League,domestic_league,False,True
thierry-henry,Thierry Henry,1977-08-17,France,forward,FW,FWD,retired,2005–06,2005,2006,split_year,28,32,27,1,1,Arsenal,Premier League,domestic_league,False,True
thierry-henry,Thierry Henry,1977-08-17,France,forward,FW,FWD,retired,2006–07,2006,2007,split_year,29,17,10,1,1,Arsenal,Premier League,domestic_league,False,True
thierry-henry,Thierry Henry,1977-08-17,France,forward,FW,FWD,retired,2007–08,2007,2008,split_year,30,30,12,1,1,Barcelona,La Liga,domestic_league,False,True
thierry-henry,Thierry Henry,1977-08-17,France,forward,FW,FWD,retired,2008–09,2008,2009,split_year,31,29,19,1,1,Barcelona,La Liga,domestic_league,False,True
thierry-henry,Thierry Henry,1977-08-17,France,forward,FW,FWD,retired,2009–10,2009,2010,split_year,32,21,4,1,1,Barcelona,La Liga,domestic_league,False,True
thierry-henry,Thierry Henry,1977-08-17,France,forward,FW,FWD,retired,2010,2010,2010,calendar_year,33,11,2,1,1,New York Red Bulls,Major League Soccer,domestic_league,False,True
thierry-henry,Thierry Henry,1977-08-17,France,forward,FW,FWD,retired,2011,2011,2011,calendar_year,34,26,14,1,1,New York Red Bulls,Major League Soccer,domestic_league,False,True
thierry-henry,Thierry Henry,1977-08-17,France,forward,FW,FWD,retired,2011–12,2011,2012,split_year,34,4,1,1,1,Arsenal (loan),Premier League,domestic_league,False,True
thierry-henry,Thierry Henry,1977-08-17,France,forward,FW,FWD,retired,2012,2012,2012,calendar_year,35,25,15,1,1,New York Red Bulls,Major League Soccer,domestic_league,False,True
thierry-henry,Thierry Henry,1977-08-17,France,forward,FW,FWD,retired,2013,2013,2013,calendar_year,36,30,10,1,1,New York Red Bulls,Major League Soccer,domestic_league,False,True
thierry-henry,Thierry Henry,1977-08-17,France,forward,FW,FWD,retired,2014,2014,2014,calendar_year,37,30,10,1,1,New York Red Bulls,Major League Soccer,domestic_league,False,True
thomas-muller,Thomas Müller,1989-09-13,Germany,forward,AM,MID,active,2008–09,2008,2009,split_year,19,4,0,1,1,Bayern Munich,Bundesliga,domestic_league,False,True
thomas-muller,Thomas Müller,1989-09-13,Germany,forward,AM,MID,active,2009–10,2009,2010,split_year,20,34,13,1,1,Bayern Munich,Bundesliga,domestic_league,False,True
thomas-muller,Thomas Müller,1989-09-13,Germany,forward,AM,MID,active,2010–11,2010,2011,split_year,21,34,12,1,1,Bayern Munich,Bundesliga,domestic_league,False,True
thomas-muller,Thomas Müller,1989-09-13,Germany,forward,AM,MID,active,2011–12,2011,2012,split_year,22,34,7,1,1,Bayern Munich,Bundesliga,domestic_league,False,True
thomas-muller,Thomas Müller,1989-09-13,Germany,forward,AM,MID,active,2012–13,2012,2013,split_year,23,28,13,1,1,Bayern Munich,Bundesliga,domestic_league,False,True
thomas-muller,Thomas Müller,1989-09-13,Germany,forward,AM,MID,active,2013–14,2013,2014,split_year,24,31,13,1,1,Bayern Munich,Bundesliga,domestic_league,False,True
thomas-muller,Thomas Müller,1989-09-13,Germany,forward,AM,MID,active,2014–15,2014,2015,split_year,25,32,13,1,1,Bayern Munich,Bundesliga,domestic_league,False,True
thomas-muller,Thomas Müller,1989-09-13,Germany,forward,AM,MID,active,2015–16,2015,2016,split_year,26,31,20,1,1,Bayern Munich,Bundesliga,domestic_league,False,True
thomas-muller,Thomas Müller,1989-09-13,Germany,forward,AM,MID,active,2016–17,2016,2017,split_year,27,29,5,1,1,Bayern Munich,Bundesliga,domestic_league,False,True
thomas-muller,Thomas Müller,1989-09-13,Germany,forward,AM,MID,active,2017–18,2017,2018,split_year,28,29,8,1,1,Bayern Munich,Bundesliga,domestic_league,False,True
thomas-muller,Thomas Müller,1989-09-13,Germany,forward,AM,MID,active,2018–19,2018,2019,split_year,29,32,6,1,1,Bayern Munich,Bundesliga,domestic_league,False,True
thomas-muller,Thomas Müller,1989-09-13,Germany,forward,AM,MID,active,2019–20,2019,2020,split_year,30,33,8,1,1,Bayern Munich,Bundesliga,domestic_league,False,True
thomas-muller,Thomas Müller,1989-09-13,Germany,forward,AM,MID,active,2020–21,2020,2021,split_year,31,32,11,1,1,Bayern Munich,Bundesliga,domestic_league,False,True
thomas-muller,Thomas Müller,1989-09-13,Germany,forward,AM,MID,active,2021–22,2021,2022,split_year,32,32,8,1,1,Bayern Munich,Bundesliga,domestic_league,False,True
thomas-muller,Thomas Müller,1989-09-13,Germany,forward,AM,MID,active,2022–23,2022,2023,split_year,33,27,7,1,1,Bayern Munich,Bundesliga,domestic_league,False,True
thomas-muller,Thomas Müller,1989-09-13,Germany,forward,AM,MID,active,2023–24,2023,2024,split_year,34,31,5,1,1,Bayern Munich,Bundesliga,domestic_league,False,True
thomas-muller,Thomas Müller,1989-09-13,Germany,forward,AM,MID,active,2024–25,2024,2025,split_year,35,30,1,1,1,Bayern Munich,Bundesliga,domestic_league,False,True
thomas-muller,Thomas Müller,1989-09-13,Germany,forward,AM,MID,active,2025,2025,2025,calendar_year,36,7,7,1,1,Vancouver Whitecaps FC,MLS,domestic_league,False,True
thomas-muller,Thomas Müller,1989-09-13,Germany,forward,AM,MID,active,2026,2026,2026,calendar_year,37,14,5,1,1,Vancouver Whitecaps FC,MLS,domestic_league,True,True
toni-kroos,Toni Kroos,1990-01-04,Germany,midfielder,CM,MID,inactive,2007–08,2007,2008,split_year,17,12,0,1,1,Bayern Munich,Bundesliga,domestic_league,False,True
toni-kroos,Toni Kroos,1990-01-04,Germany,midfielder,CM,MID,inactive,2008–09,2008,2009,split_year,18,17,1,2,1,Bayer Leverkusen (loan); Bayern Munich,Bundesliga,domestic_league,False,True
toni-kroos,Toni Kroos,1990-01-04,Germany,midfielder,CM,MID,inactive,2009–10,2009,2010,split_year,19,33,9,1,1,Bayer Leverkusen (loan),Bundesliga,domestic_league,False,True
toni-kroos,Toni Kroos,1990-01-04,Germany,midfielder,CM,MID,inactive,2010–11,2010,2011,split_year,20,27,1,1,1,Bayern Munich,Bundesliga,domestic_league,False,True
toni-kroos,Toni Kroos,1990-01-04,Germany,midfielder,CM,MID,inactive,2011–12,2011,2012,split_year,21,31,4,1,1,Bayern Munich,Bundesliga,domestic_league,False,True
toni-kroos,Toni Kroos,1990-01-04,Germany,midfielder,CM,MID,inactive,2012–13,2012,2013,split_year,22,24,6,1,1,Bayern Munich,Bundesliga,domestic_league,False,True
toni-kroos,Toni Kroos,1990-01-04,Germany,midfielder,CM,MID,inactive,2013–14,2013,2014,split_year,23,29,2,1,1,Bayern Munich,Bundesliga,domestic_league,False,True
toni-kroos,Toni Kroos,1990-01-04,Germany,midfielder,CM,MID,inactive,2014–15,2014,2015,split_year,24,36,2,1,1,Real Madrid,La Liga,domestic_league,False,True
toni-kroos,Toni Kroos,1990-01-04,Germany,midfielder,CM,MID,inactive,2015–16,2015,2016,split_year,25,32,1,1,1,Real Madrid,La Liga,domestic_league,False,True
toni-kroos,Toni Kroos,1990-01-04,Germany,midfielder,CM,MID,inactive,2016–17,2016,2017,split_year,26,29,3,1,1,Real Madrid,La Liga,domestic_league,False,True
toni-kroos,Toni Kroos,1990-01-04,Germany,midfielder,CM,MID,inactive,2017–18,2017,2018,split_year,27,27,5,1,1,Real Madrid,La Liga,domestic_league,False,True
toni-kroos,Toni Kroos,1990-01-04,Germany,midfielder,CM,MID,inactive,2018–19,2018,2019,split_year,28,28,0,1,1,Real Madrid,La Liga,domestic_league,False,True
toni-kroos,Toni Kroos,1990-01-04,Germany,midfielder,CM,MID,inactive,2019–20,2019,2020,split_year,29,35,4,1,1,Real Madrid,La Liga,domestic_league,False,True
toni-kroos,Toni Kroos,1990-01-04,Germany,midfielder,CM,MID,inactive,2020–21,2020,2021,split_year,30,28,3,1,1,Real Madrid,La Liga,domestic_league,False,True
toni-kroos,Toni Kroos,1990-01-04,Germany,midfielder,CM,MID,inactive,2021–22,2021,2022,split_year,31,28,1,1,1,Real Madrid,La Liga,domestic_league,False,True
toni-kroos,Toni Kroos,1990-01-04,Germany,midfielder,CM,MID,inactive,2022–23,2022,2023,split_year,32,30,2,1,1,Real Madrid,La Liga,domestic_league,False,True
toni-kroos,Toni Kroos,1990-01-04,Germany,midfielder,CM,MID,inactive,2023–24,2023,2024,split_year,33,33,1,1,1,Real Madrid,La Liga,domestic_league,False,True
trent-alexander-arnold,Trent Alexander-Arnold,1998-10-07,United Kingdom,full-back,FB,DEF,active,2016–17,2016,2017,split_year,18,7,0,1,1,Liverpool,Premier League,domestic_league,False,True
trent-alexander-arnold,Trent Alexander-Arnold,1998-10-07,United Kingdom,full-back,FB,DEF,active,2017–18,2017,2018,split_year,19,19,1,1,1,Liverpool,Premier League,domestic_league,False,True
trent-alexander-arnold,Trent Alexander-Arnold,1998-10-07,United Kingdom,full-back,FB,DEF,active,2018–19,2018,2019,split_year,20,29,1,1,1,Liverpool,Premier League,domestic_league,False,True
trent-alexander-arnold,Trent Alexander-Arnold,1998-10-07,United Kingdom,full-back,FB,DEF,active,2019–20,2019,2020,split_year,21,38,4,1,1,Liverpool,Premier League,domestic_league,False,True
trent-alexander-arnold,Trent Alexander-Arnold,1998-10-07,United Kingdom,full-back,FB,DEF,active,2020–21,2020,2021,split_year,22,36,2,1,1,Liverpool,Premier League,domestic_league,False,True
trent-alexander-arnold,Trent Alexander-Arnold,1998-10-07,United Kingdom,full-back,FB,DEF,active,2021–22,2021,2022,split_year,23,32,2,1,1,Liverpool,Premier League,domestic_league,False,True
trent-alexander-arnold,Trent Alexander-Arnold,1998-10-07,United Kingdom,full-back,FB,DEF,active,2022–23,2022,2023,split_year,24,37,2,1,1,Liverpool,Premier League,domestic_league,False,True
trent-alexander-arnold,Trent Alexander-Arnold,1998-10-07,United Kingdom,full-back,FB,DEF,active,2023–24,2023,2024,split_year,25,28,3,1,1,Liverpool,Premier League,domestic_league,False,True
trent-alexander-arnold,Trent Alexander-Arnold,1998-10-07,United Kingdom,full-back,FB,DEF,active,2024–25,2024,2025,split_year,26,33,3,1,1,Liverpool,Premier League,domestic_league,False,True
trent-alexander-arnold,Trent Alexander-Arnold,1998-10-07,United Kingdom,full-back,FB,DEF,active,2025–26,2025,2026,split_year,27,21,0,1,1,Real Madrid,La Liga,domestic_league,False,True
trent-alexander-arnold,Trent Alexander-Arnold,1998-10-07,United Kingdom,full-back,FB,DEF,active,2026–27,2026,2027,split_year,28,0,0,1,1,Real Madrid,La Liga,domestic_league,True,True
victor-osimhen,Victor Osimhen,1998-12-29,Nigeria,forward,FW,FWD,active,2016–17,2016,2017,split_year,18,2,0,1,1,VfL Wolfsburg,Bundesliga,domestic_league,False,True
victor-osimhen,Victor Osimhen,1998-12-29,Nigeria,forward,FW,FWD,active,2017–18,2017,2018,split_year,19,12,0,1,1,VfL Wolfsburg,Bundesliga,domestic_league,False,True
victor-osimhen,Victor Osimhen,1998-12-29,Nigeria,forward,FW,FWD,active,2018–19,2018,2019,split_year,20,25,12,1,1,Charleroi (loan),Belgian Pro League,domestic_league,False,True
victor-osimhen,Victor Osimhen,1998-12-29,Nigeria,forward,FW,FWD,active,2019–20,2019,2020,split_year,21,27,13,1,1,Lille,Ligue 1,domestic_league,False,True
victor-osimhen,Victor Osimhen,1998-12-29,Nigeria,forward,FW,FWD,active,2020–21,2020,2021,split_year,22,24,10,1,1,Napoli,Serie A,domestic_league,False,True
victor-osimhen,Victor Osimhen,1998-12-29,Nigeria,forward,FW,FWD,active,2021–22,2021,2022,split_year,23,27,14,1,1,Napoli,Serie A,domestic_league,False,True
victor-osimhen,Victor Osimhen,1998-12-29,Nigeria,forward,FW,FWD,active,2022–23,2022,2023,split_year,24,32,26,1,1,Napoli,Serie A,domestic_league,False,True
victor-osimhen,Victor Osimhen,1998-12-29,Nigeria,forward,FW,FWD,active,2023–24,2023,2024,split_year,25,25,15,1,1,Napoli,Serie A,domestic_league,False,True
victor-osimhen,Victor Osimhen,1998-12-29,Nigeria,forward,FW,FWD,active,2024–25,2024,2025,split_year,26,30,26,1,1,Galatasaray (loan),Süper Lig,domestic_league,False,True
victor-osimhen,Victor Osimhen,1998-12-29,Nigeria,forward,FW,FWD,active,2025–26,2025,2026,split_year,27,22,15,1,1,Galatasaray,Süper Lig,domestic_league,False,True
vincent-kompany,Vincent Kompany,1986-04-10,Belgium,centre-back,CB,DEF,retired,2003–04,2003,2004,split_year,17,29,2,1,1,Anderlecht,Belgian First Division,domestic_league,False,True
vincent-kompany,Vincent Kompany,1986-04-10,Belgium,centre-back,CB,DEF,retired,2004–05,2004,2005,split_year,18,32,2,1,1,Anderlecht,Belgian First Division,domestic_league,False,True
vincent-kompany,Vincent Kompany,1986-04-10,Belgium,centre-back,CB,DEF,retired,2005–06,2005,2006,split_year,19,12,1,1,1,Anderlecht,Belgian First Division,domestic_league,False,True
vincent-kompany,Vincent Kompany,1986-04-10,Belgium,centre-back,CB,DEF,retired,2006–07,2006,2007,split_year,20,6,0,1,1,Hamburger SV,Bundesliga,domestic_league,False,True
vincent-kompany,Vincent Kompany,1986-04-10,Belgium,centre-back,CB,DEF,retired,2007–08,2007,2008,split_year,21,22,1,1,1,Hamburger SV,Bundesliga,domestic_league,False,True
vincent-kompany,Vincent Kompany,1986-04-10,Belgium,centre-back,CB,DEF,retired,2008–09,2008,2009,split_year,22,35,1,2,2,Hamburger SV; Manchester City,Bundesliga; Premier League,domestic_league,False,True
vincent-kompany,Vincent Kompany,1986-04-10,Belgium,centre-back,CB,DEF,retired,2009–10,2009,2010,split_year,23,25,2,1,1,Manchester City,Premier League,domestic_league,False,True
vincent-kompany,Vincent Kompany,1986-04-10,Belgium,centre-back,CB,DEF,retired,2010–11,2010,2011,split_year,24,37,0,1,1,Manchester City,Premier League,domestic_league,False,True
vincent-kompany,Vincent Kompany,1986-04-10,Belgium,centre-back,CB,DEF,retired,2011–12,2011,2012,split_year,25,31,3,1,1,Manchester City,Premier League,domestic_league,False,True
vincent-kompany,Vincent Kompany,1986-04-10,Belgium,centre-back,CB,DEF,retired,2012–13,2012,2013,split_year,26,26,1,1,1,Manchester City,Premier League,domestic_league,False,True
vincent-kompany,Vincent Kompany,1986-04-10,Belgium,centre-back,CB,DEF,retired,2013–14,2013,2014,split_year,27,28,4,1,1,Manchester City,Premier League,domestic_league,False,True
vincent-kompany,Vincent Kompany,1986-04-10,Belgium,centre-back,CB,DEF,retired,2014–15,2014,2015,split_year,28,25,0,1,1,Manchester City,Premier League,domestic_league,False,True
vincent-kompany,Vincent Kompany,1986-04-10,Belgium,centre-back,CB,DEF,retired,2015–16,2015,2016,split_year,29,14,2,1,1,Manchester City,Premier League,domestic_league,False,True
vincent-kompany,Vincent Kompany,1986-04-10,Belgium,centre-back,CB,DEF,retired,2016–17,2016,2017,split_year,30,11,3,1,1,Manchester City,Premier League,domestic_league,False,True
vincent-kompany,Vincent Kompany,1986-04-10,Belgium,centre-back,CB,DEF,retired,2017–18,2017,2018,split_year,31,17,1,1,1,Manchester City,Premier League,domestic_league,False,True
vincent-kompany,Vincent Kompany,1986-04-10,Belgium,centre-back,CB,DEF,retired,2018–19,2018,2019,split_year,32,17,1,1,1,Manchester City,Premier League,domestic_league,False,True
vincent-kompany,Vincent Kompany,1986-04-10,Belgium,centre-back,CB,DEF,retired,2019–20,2019,2020,split_year,33,15,1,1,1,Anderlecht,Belgian First Division A,domestic_league,False,True
vinicius-junior,Vinícius Júnior,2000-07-12,Brazil,wing half,WNG,WIDE,active,2017,2017,2017,calendar_year,17,25,3,1,1,Flamengo,Série A,domestic_league,False,True
vinicius-junior,Vinícius Júnior,2000-07-12,Brazil,wing half,WNG,WIDE,active,2018,2018,2018,calendar_year,18,12,4,1,1,Flamengo,Série A,domestic_league,False,True
vinicius-junior,Vinícius Júnior,2000-07-12,Brazil,wing half,WNG,WIDE,active,2018–19,2018,2019,split_year,18,18,2,1,1,Real Madrid,La Liga,domestic_league,False,True
vinicius-junior,Vinícius Júnior,2000-07-12,Brazil,wing half,WNG,WIDE,active,2019–20,2019,2020,split_year,19,29,3,1,1,Real Madrid,La Liga,domestic_league,False,True
vinicius-junior,Vinícius Júnior,2000-07-12,Brazil,wing half,WNG,WIDE,active,2020–21,2020,2021,split_year,20,35,3,1,1,Real Madrid,La Liga,domestic_league,False,True
vinicius-junior,Vinícius Júnior,2000-07-12,Brazil,wing half,WNG,WIDE,active,2021–22,2021,2022,split_year,21,35,17,1,1,Real Madrid,La Liga,domestic_league,False,True
vinicius-junior,Vinícius Júnior,2000-07-12,Brazil,wing half,WNG,WIDE,active,2022–23,2022,2023,split_year,22,33,10,1,1,Real Madrid,La Liga,domestic_league,False,True
vinicius-junior,Vinícius Júnior,2000-07-12,Brazil,wing half,WNG,WIDE,active,2023–24,2023,2024,split_year,23,26,15,1,1,Real Madrid,La Liga,domestic_league,False,True
vinicius-junior,Vinícius Júnior,2000-07-12,Brazil,wing half,WNG,WIDE,active,2024–25,2024,2025,split_year,24,30,11,1,1,Real Madrid,La Liga,domestic_league,False,True
vinicius-junior,Vinícius Júnior,2000-07-12,Brazil,wing half,WNG,WIDE,active,2025–26,2025,2026,split_year,25,36,16,1,1,Real Madrid,La Liga,domestic_league,False,True
vinicius-junior,Vinícius Júnior,2000-07-12,Brazil,wing half,WNG,WIDE,active,2026–27,2026,2027,split_year,26,0,0,1,1,Real Madrid,La Liga,domestic_league,True,True
virgil-van-dijk,Virgil van Dijk,1991-07-08,Kingdom of the Netherlands,defender,CB,DEF,active,2010–11,2010,2011,split_year,19,5,2,1,1,Groningen,Eredivisie,domestic_league,False,True
virgil-van-dijk,Virgil van Dijk,1991-07-08,Kingdom of the Netherlands,defender,CB,DEF,active,2011–12,2011,2012,split_year,20,23,3,1,1,Groningen,Eredivisie,domestic_league,False,True
virgil-van-dijk,Virgil van Dijk,1991-07-08,Kingdom of the Netherlands,defender,CB,DEF,active,2012–13,2012,2013,split_year,21,34,2,1,1,Groningen,Eredivisie,domestic_league,False,True
virgil-van-dijk,Virgil van Dijk,1991-07-08,Kingdom of the Netherlands,defender,CB,DEF,active,2013–14,2013,2014,split_year,22,36,5,1,1,Celtic,Scottish Premiership,domestic_league,False,True
virgil-van-dijk,Virgil van Dijk,1991-07-08,Kingdom of the Netherlands,defender,CB,DEF,active,2014–15,2014,2015,split_year,23,35,4,1,1,Celtic,Scottish Premiership,domestic_league,False,True
virgil-van-dijk,Virgil van Dijk,1991-07-08,Kingdom of the Netherlands,defender,CB,DEF,active,2015–16,2015,2016,split_year,24,39,3,2,2,Celtic; Southampton,Scottish Premiership; Premier League,domestic_league,False,True
virgil-van-dijk,Virgil van Dijk,1991-07-08,Kingdom of the Netherlands,defender,CB,DEF,active,2016–17,2016,2017,split_year,25,21,1,1,1,Southampton,Premier League,domestic_league,False,True
virgil-van-dijk,Virgil van Dijk,1991-07-08,Kingdom of the Netherlands,defender,CB,DEF,active,2017–18,2017,2018,split_year,26,26,0,2,1,Liverpool; Southampton,Premier League,domestic_league,False,True
virgil-van-dijk,Virgil van Dijk,1991-07-08,Kingdom of the Netherlands,defender,CB,DEF,active,2018–19,2018,2019,split_year,27,38,4,1,1,Liverpool,Premier League,domestic_league,False,True
virgil-van-dijk,Virgil van Dijk,1991-07-08,Kingdom of the Netherlands,defender,CB,DEF,active,2019–20,2019,2020,split_year,28,38,5,1,1,Liverpool,Premier League,domestic_league,False,True
virgil-van-dijk,Virgil van Dijk,1991-07-08,Kingdom of the Netherlands,defender,CB,DEF,active,2020–21,2020,2021,split_year,29,5,1,1,1,Liverpool,Premier League,domestic_league,False,True
virgil-van-dijk,Virgil van Dijk,1991-07-08,Kingdom of the Netherlands,defender,CB,DEF,active,2021–22,2021,2022,split_year,30,34,3,1,1,Liverpool,Premier League,domestic_league,False,True
virgil-van-dijk,Virgil van Dijk,1991-07-08,Kingdom of the Netherlands,defender,CB,DEF,active,2022–23,2022,2023,split_year,31,32,3,1,1,Liverpool,Premier League,domestic_league,False,True
virgil-van-dijk,Virgil van Dijk,1991-07-08,Kingdom of the Netherlands,defender,CB,DEF,active,2023–24,2023,2024,split_year,32,36,2,1,1,Liverpool,Premier League,domestic_league,False,True
virgil-van-dijk,Virgil van Dijk,1991-07-08,Kingdom of the Netherlands,defender,CB,DEF,active,2024–25,2024,2025,split_year,33,37,3,1,1,Liverpool,Premier League,domestic_league,False,True
virgil-van-dijk,Virgil van Dijk,1991-07-08,Kingdom of the Netherlands,defender,CB,DEF,active,2025–26,2025,2026,split_year,34,38,6,1,1,Liverpool,Premier League,domestic_league,False,True
wayne-rooney,Wayne Rooney,1985-10-24,United Kingdom,forward,FW,FWD,retired,2002–03,2002,2003,split_year,17,33,6,1,1,Everton,Premier League,domestic_league,False,True
wayne-rooney,Wayne Rooney,1985-10-24,United Kingdom,forward,FW,FWD,retired,2003–04,2003,2004,split_year,18,34,9,1,1,Everton,Premier League,domestic_league,False,True
wayne-rooney,Wayne Rooney,1985-10-24,United Kingdom,forward,FW,FWD,retired,2004–05,2004,2005,split_year,19,29,11,1,1,Manchester United,Premier League,domestic_league,False,True
wayne-rooney,Wayne Rooney,1985-10-24,United Kingdom,forward,FW,FWD,retired,2005–06,2005,2006,split_year,20,36,16,1,1,Manchester United,Premier League,domestic_league,False,True
wayne-rooney,Wayne Rooney,1985-10-24,United Kingdom,forward,FW,FWD,retired,2006–07,2006,2007,split_year,21,35,14,1,1,Manchester United,Premier League,domestic_league,False,True
wayne-rooney,Wayne Rooney,1985-10-24,United Kingdom,forward,FW,FWD,retired,2007–08,2007,2008,split_year,22,27,12,1,1,Manchester United,Premier League,domestic_league,False,True
wayne-rooney,Wayne Rooney,1985-10-24,United Kingdom,forward,FW,FWD,retired,2008–09,2008,2009,split_year,23,30,12,1,1,Manchester United,Premier League,domestic_league,False,True
wayne-rooney,Wayne Rooney,1985-10-24,United Kingdom,forward,FW,FWD,retired,2009–10,2009,2010,split_year,24,32,26,1,1,Manchester United,Premier League,domestic_league,False,True
wayne-rooney,Wayne Rooney,1985-10-24,United Kingdom,forward,FW,FWD,retired,2010–11,2010,2011,split_year,25,28,11,1,1,Manchester United,Premier League,domestic_league,False,True
wayne-rooney,Wayne Rooney,1985-10-24,United Kingdom,forward,FW,FWD,retired,2011–12,2011,2012,split_year,26,34,27,1,1,Manchester United,Premier League,domestic_league,False,True
wayne-rooney,Wayne Rooney,1985-10-24,United Kingdom,forward,FW,FWD,retired,2012–13,2012,2013,split_year,27,27,12,1,1,Manchester United,Premier League,domestic_league,False,True
wayne-rooney,Wayne Rooney,1985-10-24,United Kingdom,forward,FW,FWD,retired,2013–14,2013,2014,split_year,28,29,17,1,1,Manchester United,Premier League,domestic_league,False,True
wayne-rooney,Wayne Rooney,1985-10-24,United Kingdom,forward,FW,FWD,retired,2014–15,2014,2015,split_year,29,33,12,1,1,Manchester United,Premier League,domestic_league,False,True
wayne-rooney,Wayne Rooney,1985-10-24,United Kingdom,forward,FW,FWD,retired,2015–16,2015,2016,split_year,30,28,8,1,1,Manchester United,Premier League,domestic_league,False,True
wayne-rooney,Wayne Rooney,1985-10-24,United Kingdom,forward,FW,FWD,retired,2016–17,2016,2017,split_year,31,25,5,1,1,Manchester United,Premier League,domestic_league,False,True
wayne-rooney,Wayne Rooney,1985-10-24,United Kingdom,forward,FW,FWD,retired,2017–18,2017,2018,split_year,32,31,10,1,1,Everton,Premier League,domestic_league,False,True
wayne-rooney,Wayne Rooney,1985-10-24,United Kingdom,forward,FW,FWD,retired,2018,2018,2018,calendar_year,33,20,12,1,1,D.C. United,MLS,domestic_league,False,True
wayne-rooney,Wayne Rooney,1985-10-24,United Kingdom,forward,FW,FWD,retired,2019,2019,2019,calendar_year,34,28,11,1,1,D.C. United,MLS,domestic_league,False,True
wayne-rooney,Wayne Rooney,1985-10-24,United Kingdom,forward,FW,FWD,retired,2019–20,2019,2020,split_year,34,20,5,1,1,Derby County,Championship,domestic_league,False,True
wayne-rooney,Wayne Rooney,1985-10-24,United Kingdom,forward,FW,FWD,retired,2020–21,2020,2021,split_year,35,10,1,1,1,Derby County,Championship,domestic_league,False,True
wesley-sneijder,Wesley Sneijder,1984-06-09,Kingdom of the Netherlands,midfielder,CM,MID,retired,2002–03,2002,2003,split_year,18,17,4,1,1,Ajax,Eredivisie,domestic_league,False,True
wesley-sneijder,Wesley Sneijder,1984-06-09,Kingdom of the Netherlands,midfielder,CM,MID,retired,2003–04,2003,2004,split_year,19,30,9,1,1,Ajax,Eredivisie,domestic_league,False,True
wesley-sneijder,Wesley Sneijder,1984-06-09,Kingdom of the Netherlands,midfielder,CM,MID,retired,2004–05,2004,2005,split_year,20,30,7,1,1,Ajax,Eredivisie,domestic_league,False,True
wesley-sneijder,Wesley Sneijder,1984-06-09,Kingdom of the Netherlands,midfielder,CM,MID,retired,2005–06,2005,2006,split_year,21,19,5,1,1,Ajax,Eredivisie,domestic_league,False,True
wesley-sneijder,Wesley Sneijder,1984-06-09,Kingdom of the Netherlands,midfielder,CM,MID,retired,2006–07,2006,2007,split_year,22,30,18,1,1,Ajax,Eredivisie,domestic_league,False,True
wesley-sneijder,Wesley Sneijder,1984-06-09,Kingdom of the Netherlands,midfielder,CM,MID,retired,2007–08,2007,2008,split_year,23,30,9,1,1,Real Madrid,La Liga,domestic_league,False,True
wesley-sneijder,Wesley Sneijder,1984-06-09,Kingdom of the Netherlands,midfielder,CM,MID,retired,2008–09,2008,2009,split_year,24,22,2,1,1,Real Madrid,La Liga,domestic_league,False,True
wesley-sneijder,Wesley Sneijder,1984-06-09,Kingdom of the Netherlands,midfielder,CM,MID,retired,2009–10,2009,2010,split_year,25,26,4,1,1,Inter Milan,Serie A,domestic_league,False,True
wesley-sneijder,Wesley Sneijder,1984-06-09,Kingdom of the Netherlands,midfielder,CM,MID,retired,2010–11,2010,2011,split_year,26,25,4,1,1,Inter Milan,Serie A,domestic_league,False,True
wesley-sneijder,Wesley Sneijder,1984-06-09,Kingdom of the Netherlands,midfielder,CM,MID,retired,2011–12,2011,2012,split_year,27,20,4,1,1,Inter Milan,Serie A,domestic_league,False,True
wesley-sneijder,Wesley Sneijder,1984-06-09,Kingdom of the Netherlands,midfielder,CM,MID,retired,2012–13,2012,2013,split_year,28,17,4,2,2,Galatasaray; Inter Milan,Süper Lig; Serie A,domestic_league,False,True
wesley-sneijder,Wesley Sneijder,1984-06-09,Kingdom of the Netherlands,midfielder,CM,MID,retired,2013–14,2013,2014,split_year,29,28,12,1,1,Galatasaray,Süper Lig,domestic_league,False,True
wesley-sneijder,Wesley Sneijder,1984-06-09,Kingdom of the Netherlands,midfielder,CM,MID,retired,2014–15,2014,2015,split_year,30,31,10,1,1,Galatasaray,Süper Lig,domestic_league,False,True
wesley-sneijder,Wesley Sneijder,1984-06-09,Kingdom of the Netherlands,midfielder,CM,MID,retired,2015–16,2015,2016,split_year,31,25,5,1,1,Galatasaray,Süper Lig,domestic_league,False,True
wesley-sneijder,Wesley Sneijder,1984-06-09,Kingdom of the Netherlands,midfielder,CM,MID,retired,2016–17,2016,2017,split_year,32,28,5,1,1,Galatasaray,Süper Lig,domestic_league,False,True
wesley-sneijder,Wesley Sneijder,1984-06-09,Kingdom of the Netherlands,midfielder,CM,MID,retired,2017–18,2017,2018,split_year,33,16,9,2,2,Al-Gharafa; Nice,Qatar Stars League; Ligue 1,domestic_league,False,True
wesley-sneijder,Wesley Sneijder,1984-06-09,Kingdom of the Netherlands,midfielder,CM,MID,retired,2018–19,2018,2019,split_year,34,11,6,1,1,Al-Gharafa,Qatar Stars League,domestic_league,False,True
william-saliba,William Saliba,2001-03-24,France,defender,CB,DEF,active,2018–19,2018,2019,split_year,17,16,0,1,1,Saint-Étienne,Ligue 1,domestic_league,False,True
william-saliba,William Saliba,2001-03-24,France,defender,CB,DEF,active,2019–20,2019,2020,split_year,18,12,0,1,1,Saint-Étienne (loan),Ligue 1,domestic_league,False,True
william-saliba,William Saliba,2001-03-24,France,defender,CB,DEF,active,2020–21,2020,2021,split_year,19,20,1,1,1,Nice (loan),Ligue 1,domestic_league,False,True
william-saliba,William Saliba,2001-03-24,France,defender,CB,DEF,active,2021–22,2021,2022,split_year,20,36,0,1,1,Marseille (loan),Ligue 1,domestic_league,False,True
william-saliba,William Saliba,2001-03-24,France,defender,CB,DEF,active,2022–23,2022,2023,split_year,21,27,2,1,1,Arsenal,Premier League,domestic_league,False,True
william-saliba,William Saliba,2001-03-24,France,defender,CB,DEF,active,2023–24,2023,2024,split_year,22,38,2,1,1,Arsenal,Premier League,domestic_league,False,True
william-saliba,William Saliba,2001-03-24,France,defender,CB,DEF,active,2024–25,2024,2025,split_year,23,35,2,1,1,Arsenal,Premier League,domestic_league,False,True
william-saliba,William Saliba,2001-03-24,France,defender,CB,DEF,active,2025–26,2025,2026,split_year,24,31,1,1,1,Arsenal,Premier League,domestic_league,False,True
xabi-alonso,Xabi Alonso,1981-11-25,Spain,midfielder,DM,MID,retired,1999–2000,1999,2000,split_year,18,0,0,1,1,Real Sociedad,La Liga,domestic_league,False,True
xabi-alonso,Xabi Alonso,1981-11-25,Spain,midfielder,DM,MID,retired,2000–01,2000,2001,split_year,19,32,0,2,2,Eibar (loan); Real Sociedad,Segunda División; La Liga,domestic_league,False,True
xabi-alonso,Xabi Alonso,1981-11-25,Spain,midfielder,DM,MID,retired,2001–02,2001,2002,split_year,20,29,3,1,1,Real Sociedad,La Liga,domestic_league,False,True
xabi-alonso,Xabi Alonso,1981-11-25,Spain,midfielder,DM,MID,retired,2002–03,2002,2003,split_year,21,33,3,1,1,Real Sociedad,La Liga,domestic_league,False,True
xabi-alonso,Xabi Alonso,1981-11-25,Spain,midfielder,DM,MID,retired,2003–04,2003,2004,split_year,22,34,3,1,1,Real Sociedad,La Liga,domestic_league,False,True
xabi-alonso,Xabi Alonso,1981-11-25,Spain,midfielder,DM,MID,retired,2004–05,2004,2005,split_year,23,24,2,1,1,Liverpool,Premier League,domestic_league,False,True
xabi-alonso,Xabi Alonso,1981-11-25,Spain,midfielder,DM,MID,retired,2005–06,2005,2006,split_year,24,35,3,1,1,Liverpool,Premier League,domestic_league,False,True
xabi-alonso,Xabi Alonso,1981-11-25,Spain,midfielder,DM,MID,retired,2006–07,2006,2007,split_year,25,32,4,1,1,Liverpool,Premier League,domestic_league,False,True
xabi-alonso,Xabi Alonso,1981-11-25,Spain,midfielder,DM,MID,retired,2007–08,2007,2008,split_year,26,19,2,1,1,Liverpool,Premier League,domestic_league,False,True
xabi-alonso,Xabi Alonso,1981-11-25,Spain,midfielder,DM,MID,retired,2008–09,2008,2009,split_year,27,33,4,1,1,Liverpool,Premier League,domestic_league,False,True
xabi-alonso,Xabi Alonso,1981-11-25,Spain,midfielder,DM,MID,retired,2009–10,2009,2010,split_year,28,34,3,1,1,Real Madrid,La Liga,domestic_league,False,True
xabi-alonso,Xabi Alonso,1981-11-25,Spain,midfielder,DM,MID,retired,2010–11,2010,2011,split_year,29,34,0,1,1,Real Madrid,La Liga,domestic_league,False,True
xabi-alonso,Xabi Alonso,1981-11-25,Spain,midfielder,DM,MID,retired,2011–12,2011,2012,split_year,30,36,1,1,1,Real Madrid,La Liga,domestic_league,False,True
xabi-alonso,Xabi Alonso,1981-11-25,Spain,midfielder,DM,MID,retired,2012–13,2012,2013,split_year,31,28,0,1,1,Real Madrid,La Liga,domestic_league,False,True
xabi-alonso,Xabi Alonso,1981-11-25,Spain,midfielder,DM,MID,retired,2013–14,2013,2014,split_year,32,26,0,1,1,Real Madrid,La Liga,domestic_league,False,True
xabi-alonso,Xabi Alonso,1981-11-25,Spain,midfielder,DM,MID,retired,2014–15,2014,2015,split_year,33,26,2,2,2,Bayern Munich; Real Madrid,Bundesliga; La Liga,domestic_league,False,True
xabi-alonso,Xabi Alonso,1981-11-25,Spain,midfielder,DM,MID,retired,2015–16,2015,2016,split_year,34,26,0,1,1,Bayern Munich,Bundesliga,domestic_league,False,True
xabi-alonso,Xabi Alonso,1981-11-25,Spain,midfielder,DM,MID,retired,2016–17,2016,2017,split_year,35,27,3,1,1,Bayern Munich,Bundesliga,domestic_league,False,True
xavi-footballer-born-1980,"Xavi (footballer, born 1980)",1980-01-25,Spain,midfielder,CM,MID,retired,1998–99,1998,1999,split_year,18,17,1,1,1,Barcelona,La Liga,domestic_league,False,True
xavi-footballer-born-1980,"Xavi (footballer, born 1980)",1980-01-25,Spain,midfielder,CM,MID,retired,1999–2000,1999,2000,split_year,19,24,0,1,1,Barcelona,La Liga,domestic_league,False,True
xavi-footballer-born-1980,"Xavi (footballer, born 1980)",1980-01-25,Spain,midfielder,CM,MID,retired,2000–01,2000,2001,split_year,20,20,2,1,1,Barcelona,La Liga,domestic_league,False,True
xavi-footballer-born-1980,"Xavi (footballer, born 1980)",1980-01-25,Spain,midfielder,CM,MID,retired,2001–02,2001,2002,split_year,21,35,4,1,1,Barcelona,La Liga,domestic_league,False,True
xavi-footballer-born-1980,"Xavi (footballer, born 1980)",1980-01-25,Spain,midfielder,CM,MID,retired,2002–03,2002,2003,split_year,22,29,2,1,1,Barcelona,La Liga,domestic_league,False,True
xavi-footballer-born-1980,"Xavi (footballer, born 1980)",1980-01-25,Spain,midfielder,CM,MID,retired,2003–04,2003,2004,split_year,23,36,4,1,1,Barcelona,La Liga,domestic_league,False,True
xavi-footballer-born-1980,"Xavi (footballer, born 1980)",1980-01-25,Spain,midfielder,CM,MID,retired,2004–05,2004,2005,split_year,24,36,3,1,1,Barcelona,La Liga,domestic_league,False,True
xavi-footballer-born-1980,"Xavi (footballer, born 1980)",1980-01-25,Spain,midfielder,CM,MID,retired,2005–06,2005,2006,split_year,25,16,0,1,1,Barcelona,La Liga,domestic_league,False,True
xavi-footballer-born-1980,"Xavi (footballer, born 1980)",1980-01-25,Spain,midfielder,CM,MID,retired,2006–07,2006,2007,split_year,26,35,3,1,1,Barcelona,La Liga,domestic_league,False,True
xavi-footballer-born-1980,"Xavi (footballer, born 1980)",1980-01-25,Spain,midfielder,CM,MID,retired,2007–08,2007,2008,split_year,27,35,7,1,1,Barcelona,La Liga,domestic_league,False,True
xavi-footballer-born-1980,"Xavi (footballer, born 1980)",1980-01-25,Spain,midfielder,CM,MID,retired,2008–09,2008,2009,split_year,28,35,6,1,1,Barcelona,La Liga,domestic_league,False,True
xavi-footballer-born-1980,"Xavi (footballer, born 1980)",1980-01-25,Spain,midfielder,CM,MID,retired,2009–10,2009,2010,split_year,29,34,3,1,1,Barcelona,La Liga,domestic_league,False,True
xavi-footballer-born-1980,"Xavi (footballer, born 1980)",1980-01-25,Spain,midfielder,CM,MID,retired,2010–11,2010,2011,split_year,30,31,3,1,1,Barcelona,La Liga,domestic_league,False,True
xavi-footballer-born-1980,"Xavi (footballer, born 1980)",1980-01-25,Spain,midfielder,CM,MID,retired,2011–12,2011,2012,split_year,31,31,10,1,1,Barcelona,La Liga,domestic_league,False,True
xavi-footballer-born-1980,"Xavi (footballer, born 1980)",1980-01-25,Spain,midfielder,CM,MID,retired,2012–13,2012,2013,split_year,32,30,5,1,1,Barcelona,La Liga,domestic_league,False,True
xavi-footballer-born-1980,"Xavi (footballer, born 1980)",1980-01-25,Spain,midfielder,CM,MID,retired,2013–14,2013,2014,split_year,33,30,3,1,1,Barcelona,La Liga,domestic_league,False,True
xavi-footballer-born-1980,"Xavi (footballer, born 1980)",1980-01-25,Spain,midfielder,CM,MID,retired,2014–15,2014,2015,split_year,34,31,2,1,1,Barcelona,La Liga,domestic_league,False,True
xavi-footballer-born-1980,"Xavi (footballer, born 1980)",1980-01-25,Spain,midfielder,CM,MID,retired,2015–16,2015,2016,split_year,35,24,3,1,1,Al Sadd,Qatar Stars League,domestic_league,False,True
xavi-footballer-born-1980,"Xavi (footballer, born 1980)",1980-01-25,Spain,midfielder,CM,MID,retired,2016–17,2016,2017,split_year,36,26,10,1,1,Al Sadd,Qatar Stars League,domestic_league,False,True
xavi-footballer-born-1980,"Xavi (footballer, born 1980)",1980-01-25,Spain,midfielder,CM,MID,retired,2017–18,2017,2018,split_year,37,18,6,1,1,Al Sadd,Qatar Stars League,domestic_league,False,True
xavi-footballer-born-1980,"Xavi (footballer, born 1980)",1980-01-25,Spain,midfielder,CM,MID,retired,2018–19,2018,2019,split_year,38,14,2,1,1,Al Sadd,Qatar Stars League,domestic_league,False,True
yaya-toure,Yaya Touré,1983-05-13,Ivory Coast,midfielder,DM,MID,retired,2001–02,2001,2002,split_year,18,28,0,1,1,Beveren,Belgian First Division,domestic_league,False,True
yaya-toure,Yaya Touré,1983-05-13,Ivory Coast,midfielder,DM,MID,retired,2002–03,2002,2003,split_year,19,30,3,1,1,Beveren,Belgian First Division,domestic_league,False,True
yaya-toure,Yaya Touré,1983-05-13,Ivory Coast,midfielder,DM,MID,retired,2003–04,2003,2004,split_year,20,23,1,2,2,Beveren; Metalurh Donetsk,Belgian First Division; Vyshcha Liha,domestic_league,False,True
yaya-toure,Yaya Touré,1983-05-13,Ivory Coast,midfielder,DM,MID,retired,2004–05,2004,2005,split_year,21,22,2,1,1,Metalurh Donetsk,Vyshcha Liha,domestic_league,False,True
yaya-toure,Yaya Touré,1983-05-13,Ivory Coast,midfielder,DM,MID,retired,2005–06,2005,2006,split_year,22,20,3,1,1,Olympiacos,Alpha Ethniki,domestic_league,False,True
yaya-toure,Yaya Touré,1983-05-13,Ivory Coast,midfielder,DM,MID,retired,2006–07,2006,2007,split_year,23,27,5,1,1,Monaco,Ligue 1,domestic_league,False,True
yaya-toure,Yaya Touré,1983-05-13,Ivory Coast,midfielder,DM,MID,retired,2007–08,2007,2008,split_year,24,26,1,1,1,Barcelona,La Liga,domestic_league,False,True
yaya-toure,Yaya Touré,1983-05-13,Ivory Coast,midfielder,DM,MID,retired,2008–09,2008,2009,split_year,25,25,2,1,1,Barcelona,La Liga,domestic_league,False,True
yaya-toure,Yaya Touré,1983-05-13,Ivory Coast,midfielder,DM,MID,retired,2009–10,2009,2010,split_year,26,23,1,1,1,Barcelona,La Liga,domestic_league,False,True
yaya-toure,Yaya Touré,1983-05-13,Ivory Coast,midfielder,DM,MID,retired,2010–11,2010,2011,split_year,27,35,8,1,1,Manchester City,Premier League,domestic_league,False,True
yaya-toure,Yaya Touré,1983-05-13,Ivory Coast,midfielder,DM,MID,retired,2011–12,2011,2012,split_year,28,32,6,1,1,Manchester City,Premier League,domestic_league,False,True
yaya-toure,Yaya Touré,1983-05-13,Ivory Coast,midfielder,DM,MID,retired,2012–13,2012,2013,split_year,29,32,7,1,1,Manchester City,Premier League,domestic_league,False,True
yaya-toure,Yaya Touré,1983-05-13,Ivory Coast,midfielder,DM,MID,retired,2013–14,2013,2014,split_year,30,35,20,1,1,Manchester City,Premier League,domestic_league,False,True
yaya-toure,Yaya Touré,1983-05-13,Ivory Coast,midfielder,DM,MID,retired,2014–15,2014,2015,split_year,31,29,10,1,1,Manchester City,Premier League,domestic_league,False,True
yaya-toure,Yaya Touré,1983-05-13,Ivory Coast,midfielder,DM,MID,retired,2015–16,2015,2016,split_year,32,32,6,1,1,Manchester City,Premier League,domestic_league,False,True
yaya-toure,Yaya Touré,1983-05-13,Ivory Coast,midfielder,DM,MID,retired,2016–17,2016,2017,split_year,33,25,5,1,1,Manchester City,Premier League,domestic_league,False,True
yaya-toure,Yaya Touré,1983-05-13,Ivory Coast,midfielder,DM,MID,retired,2017–18,2017,2018,split_year,34,10,0,1,1,Manchester City,Premier League,domestic_league,False,True
yaya-toure,Yaya Touré,1983-05-13,Ivory Coast,midfielder,DM,MID,retired,2018–19,2018,2019,split_year,35,2,0,1,1,Olympiacos,Super League Greece,domestic_league,False,True
yaya-toure,Yaya Touré,1983-05-13,Ivory Coast,midfielder,DM,MID,retired,2019,2019,2019,calendar_year,36,14,2,1,1,Qingdao Huanghai,China League One,domestic_league,False,True
zlatan-ibrahimovic,Zlatan Ibrahimović,1981-10-03,Sweden,forward,FW,FWD,retired,1999,1999,1999,calendar_year,18,6,1,1,1,Malmö FF,Allsvenskan,domestic_league,False,True
zlatan-ibrahimovic,Zlatan Ibrahimović,1981-10-03,Sweden,forward,FW,FWD,retired,2000,2000,2000,calendar_year,19,26,12,1,1,Malmö FF,Superettan,domestic_league,False,True
zlatan-ibrahimovic,Zlatan Ibrahimović,1981-10-03,Sweden,forward,FW,FWD,retired,2001,2001,2001,calendar_year,20,8,3,1,1,Malmö FF,Allsvenskan,domestic_league,False,True
zlatan-ibrahimovic,Zlatan Ibrahimović,1981-10-03,Sweden,forward,FW,FWD,retired,2001–02,2001,2002,split_year,20,24,6,1,1,Ajax,Eredivisie,domestic_league,False,True
zlatan-ibrahimovic,Zlatan Ibrahimović,1981-10-03,Sweden,forward,FW,FWD,retired,2002–03,2002,2003,split_year,21,25,13,1,1,Ajax,Eredivisie,domestic_league,False,True
zlatan-ibrahimovic,Zlatan Ibrahimović,1981-10-03,Sweden,forward,FW,FWD,retired,2003–04,2003,2004,split_year,22,22,13,1,1,Ajax,Eredivisie,domestic_league,False,True
zlatan-ibrahimovic,Zlatan Ibrahimović,1981-10-03,Sweden,forward,FW,FWD,retired,2004–05,2004,2005,split_year,23,38,19,2,2,Ajax; Juventus,Eredivisie; Serie A,domestic_league,False,True
zlatan-ibrahimovic,Zlatan Ibrahimović,1981-10-03,Sweden,forward,FW,FWD,retired,2005–06,2005,2006,split_year,24,35,7,1,1,Juventus,Serie A,domestic_league,False,True
zlatan-ibrahimovic,Zlatan Ibrahimović,1981-10-03,Sweden,forward,FW,FWD,retired,2006–07,2006,2007,split_year,25,27,15,1,1,Inter Milan,Serie A,domestic_league,False,True
zlatan-ibrahimovic,Zlatan Ibrahimović,1981-10-03,Sweden,forward,FW,FWD,retired,2007–08,2007,2008,split_year,26,26,17,1,1,Inter Milan,Serie A,domestic_league,False,True
zlatan-ibrahimovic,Zlatan Ibrahimović,1981-10-03,Sweden,forward,FW,FWD,retired,2008–09,2008,2009,split_year,27,35,25,1,1,Inter Milan,Serie A,domestic_league,False,True
zlatan-ibrahimovic,Zlatan Ibrahimović,1981-10-03,Sweden,forward,FW,FWD,retired,2009–10,2009,2010,split_year,28,29,16,1,1,Barcelona,La Liga,domestic_league,False,True
zlatan-ibrahimovic,Zlatan Ibrahimović,1981-10-03,Sweden,forward,FW,FWD,retired,2010–11,2010,2011,split_year,29,29,14,1,1,AC Milan (loan),Serie A,domestic_league,False,True
zlatan-ibrahimovic,Zlatan Ibrahimović,1981-10-03,Sweden,forward,FW,FWD,retired,2011–12,2011,2012,split_year,30,32,28,1,1,AC Milan,Serie A,domestic_league,False,True
zlatan-ibrahimovic,Zlatan Ibrahimović,1981-10-03,Sweden,forward,FW,FWD,retired,2012–13,2012,2013,split_year,31,34,30,1,1,Paris Saint-Germain,Ligue 1,domestic_league,False,True
zlatan-ibrahimovic,Zlatan Ibrahimović,1981-10-03,Sweden,forward,FW,FWD,retired,2013–14,2013,2014,split_year,32,33,26,1,1,Paris Saint-Germain,Ligue 1,domestic_league,False,True
zlatan-ibrahimovic,Zlatan Ibrahimović,1981-10-03,Sweden,forward,FW,FWD,retired,2014–15,2014,2015,split_year,33,24,19,1,1,Paris Saint-Germain,Ligue 1,domestic_league,False,True
zlatan-ibrahimovic,Zlatan Ibrahimović,1981-10-03,Sweden,forward,FW,FWD,retired,2015–16,2015,2016,split_year,34,31,38,1,1,Paris Saint-Germain,Ligue 1,domestic_league,False,True
zlatan-ibrahimovic,Zlatan Ibrahimović,1981-10-03,Sweden,forward,FW,FWD,retired,2016–17,2016,2017,split_year,35,28,17,1,1,Manchester United,Premier League,domestic_league,False,True
zlatan-ibrahimovic,Zlatan Ibrahimović,1981-10-03,Sweden,forward,FW,FWD,retired,2017–18,2017,2018,split_year,36,5,0,1,1,Manchester United,Premier League,domestic_league,False,True
zlatan-ibrahimovic,Zlatan Ibrahimović,1981-10-03,Sweden,forward,FW,FWD,retired,2018,2018,2018,calendar_year,37,27,22,1,1,LA Galaxy,Major League Soccer,domestic_league,False,True
zlatan-ibrahimovic,Zlatan Ibrahimović,1981-10-03,Sweden,forward,FW,FWD,retired,2019,2019,2019,calendar_year,38,29,30,1,1,LA Galaxy,Major League Soccer,domestic_league,False,True
zlatan-ibrahimovic,Zlatan Ibrahimović,1981-10-03,Sweden,forward,FW,FWD,retired,2019–20,2019,2020,split_year,38,18,10,1,1,AC Milan,Serie A,domestic_league,False,True
zlatan-ibrahimovic,Zlatan Ibrahimović,1981-10-03,Sweden,forward,FW,FWD,retired,2020–21,2020,2021,split_year,39,19,15,1,1,AC Milan,Serie A,domestic_league,False,True
zlatan-ibrahimovic,Zlatan Ibrahimović,1981-10-03,Sweden,forward,FW,FWD,retired,2021–22,2021,2022,split_year,40,23,8,1,1,AC Milan,Serie A,domestic_league,False,True
zlatan-ibrahimovic,Zlatan Ibrahimović,1981-10-03,Sweden,forward,FW,FWD,retired,2022–23,2022,2023,split_year,41,4,1,1,1,AC Milan,Serie A,domestic_league,False,True
