player_id,wikidata_id,name,birth_date,nationality,primary_position,position_group,coarse_group,career_status,canonical_season,season_source_label,season_start_year,season_end_year,season_format,age,team_id,team_name,league_id,league_name,appearances,goals,stat_scope,is_partial,competition_level,model_eligible,exclusion_reason,source_provider,source_url,source_retrieved_at,source_revision
achraf-hakimi,Q26932598,Achraf Hakimi,1998-11-04,Spain,full-back,FB,DEF,active,2017–18,2017–18,2017,2018,split_year,19,real-madrid,Real Madrid,la-liga,La Liga,9,2,domestic_league,False,professional_or_unknown,True,,Wikipedia,https://en.wikipedia.org/wiki/Achraf_Hakimi,2026-08-02,1367100932
achraf-hakimi,Q26932598,Achraf Hakimi,1998-11-04,Spain,full-back,FB,DEF,active,2018–19,2018–19,2018,2019,split_year,20,borussia-dortmund-loan,Borussia Dortmund (loan),bundesliga,Bundesliga,21,2,domestic_league,False,professional_or_unknown,True,,Wikipedia,https://en.wikipedia.org/wiki/Achraf_Hakimi,2026-08-02,1367100932
achraf-hakimi,Q26932598,Achraf Hakimi,1998-11-04,Spain,full-back,FB,DEF,active,2019–20,2019–20,2019,2020,split_year,21,borussia-dortmund-loan,Borussia Dortmund (loan),bundesliga,Bundesliga,33,5,domestic_league,False,professional_or_unknown,True,,Wikipedia,https://en.wikipedia.org/wiki/Achraf_Hakimi,2026-08-02,1367100932
achraf-hakimi,Q26932598,Achraf Hakimi,1998-11-04,Spain,full-back,FB,DEF,active,2020–21,2020–21,2020,2021,split_year,22,inter-milan,Inter Milan,serie-a,Serie A,37,7,domestic_league,False,professional_or_unknown,True,,Wikipedia,https://en.wikipedia.org/wiki/Achraf_Hakimi,2026-08-02,1367100932
achraf-hakimi,Q26932598,Achraf Hakimi,1998-11-04,Spain,full-back,FB,DEF,active,2021–22,2021–22,2021,2022,split_year,23,paris-saint-germain,Paris Saint-Germain,ligue-1,Ligue 1,32,4,domestic_league,False,professional_or_unknown,True,,Wikipedia,https://en.wikipedia.org/wiki/Achraf_Hakimi,2026-08-02,1367100932
achraf-hakimi,Q26932598,Achraf Hakimi,1998-11-04,Spain,full-back,FB,DEF,active,2022–23,2022–23,2022,2023,split_year,24,paris-saint-germain,Paris Saint-Germain,ligue-1,Ligue 1,28,5,domestic_league,False,professional_or_unknown,True,,Wikipedia,https://en.wikipedia.org/wiki/Achraf_Hakimi,2026-08-02,1367100932
achraf-hakimi,Q26932598,Achraf Hakimi,1998-11-04,Spain,full-back,FB,DEF,active,2023–24,2023–24,2023,2024,split_year,25,paris-saint-germain,Paris Saint-Germain,ligue-1,Ligue 1,25,4,domestic_league,False,professional_or_unknown,True,,Wikipedia,https://en.wikipedia.org/wiki/Achraf_Hakimi,2026-08-02,1367100932
achraf-hakimi,Q26932598,Achraf Hakimi,1998-11-04,Spain,full-back,FB,DEF,active,2024–25,2024–25,2024,2025,split_year,26,paris-saint-germain,Paris Saint-Germain,ligue-1,Ligue 1,25,4,domestic_league,False,professional_or_unknown,True,,Wikipedia,https://en.wikipedia.org/wiki/Achraf_Hakimi,2026-08-02,1367100932
achraf-hakimi,Q26932598,Achraf Hakimi,1998-11-04,Spain,full-back,FB,DEF,active,2025–26,2025–26,2025,2026,split_year,27,paris-saint-germain,Paris Saint-Germain,ligue-1,Ligue 1,18,2,domestic_league,False,professional_or_unknown,True,,Wikipedia,https://en.wikipedia.org/wiki/Achraf_Hakimi,2026-08-02,1367100932
alejandro-balde,Q105681392,Alejandro Balde,2003-10-18,Spain,full-back,FB,DEF,active,2021–22,2021–22,2021,2022,split_year,18,barcelona,Barcelona,la-liga,La Liga,5,0,domestic_league,False,professional_or_unknown,True,,Wikipedia,https://en.wikipedia.org/wiki/Alejandro_Balde,2026-08-02,1367101133
alejandro-balde,Q105681392,Alejandro Balde,2003-10-18,Spain,full-back,FB,DEF,active,2022–23,2022–23,2022,2023,split_year,19,barcelona,Barcelona,la-liga,La Liga,33,1,domestic_league,False,professional_or_unknown,True,,Wikipedia,https://en.wikipedia.org/wiki/Alejandro_Balde,2026-08-02,1367101133
alejandro-balde,Q105681392,Alejandro Balde,2003-10-18,Spain,full-back,FB,DEF,active,2023–24,2023–24,2023,2024,split_year,20,barcelona,Barcelona,la-liga,La Liga,18,0,domestic_league,False,professional_or_unknown,True,,Wikipedia,https://en.wikipedia.org/wiki/Alejandro_Balde,2026-08-02,1367101133
alejandro-balde,Q105681392,Alejandro Balde,2003-10-18,Spain,full-back,FB,DEF,active,2024–25,2024–25,2024,2025,split_year,21,barcelona,Barcelona,la-liga,La Liga,32,0,domestic_league,False,professional_or_unknown,True,,Wikipedia,https://en.wikipedia.org/wiki/Alejandro_Balde,2026-08-02,1367101133
alejandro-balde,Q105681392,Alejandro Balde,2003-10-18,Spain,full-back,FB,DEF,active,2025–26,2025–26,2025,2026,split_year,22,barcelona,Barcelona,la-liga,La Liga,28,0,domestic_league,False,professional_or_unknown,True,,Wikipedia,https://en.wikipedia.org/wiki/Alejandro_Balde,2026-08-02,1367101133
alessandro-bastoni,Q28561068,Alessandro Bastoni,1999-04-13,Italy,centre-back,CB,DEF,active,2016–17,2016–17,2016,2017,split_year,17,atalanta,Atalanta,serie-a,Serie A,3,0,domestic_league,False,professional_or_unknown,True,,Wikipedia,https://en.wikipedia.org/wiki/Alessandro_Bastoni,2026-08-02,1367156091
alessandro-bastoni,Q28561068,Alessandro Bastoni,1999-04-13,Italy,centre-back,CB,DEF,active,2017–18,2017–18,2017,2018,split_year,18,atalanta-loan,Atalanta (loan),serie-a,Serie A,4,0,domestic_league,False,professional_or_unknown,True,,Wikipedia,https://en.wikipedia.org/wiki/Alessandro_Bastoni,2026-08-02,1367156091
alessandro-bastoni,Q28561068,Alessandro Bastoni,1999-04-13,Italy,centre-back,CB,DEF,active,2018–19,2018–19,2018,2019,split_year,19,parma-loan,Parma (loan),serie-a,Serie A,24,1,domestic_league,False,professional_or_unknown,True,,Wikipedia,https://en.wikipedia.org/wiki/Alessandro_Bastoni,2026-08-02,1367156091
alessandro-bastoni,Q28561068,Alessandro Bastoni,1999-04-13,Italy,centre-back,CB,DEF,active,2019–20,2019–20,2019,2020,split_year,20,inter-milan,Inter Milan,serie-a,Serie A,25,2,domestic_league,False,professional_or_unknown,True,,Wikipedia,https://en.wikipedia.org/wiki/Alessandro_Bastoni,2026-08-02,1367156091
alessandro-bastoni,Q28561068,Alessandro Bastoni,1999-04-13,Italy,centre-back,CB,DEF,active,2020–21,2020–21,2020,2021,split_year,21,inter-milan,Inter Milan,serie-a,Serie A,33,0,domestic_league,False,professional_or_unknown,True,,Wikipedia,https://en.wikipedia.org/wiki/Alessandro_Bastoni,2026-08-02,1367156091
alessandro-bastoni,Q28561068,Alessandro Bastoni,1999-04-13,Italy,centre-back,CB,DEF,active,2021–22,2021–22,2021,2022,split_year,22,inter-milan,Inter Milan,serie-a,Serie A,31,1,domestic_league,False,professional_or_unknown,True,,Wikipedia,https://en.wikipedia.org/wiki/Alessandro_Bastoni,2026-08-02,1367156091
alessandro-bastoni,Q28561068,Alessandro Bastoni,1999-04-13,Italy,centre-back,CB,DEF,active,2022–23,2022–23,2022,2023,split_year,23,inter-milan,Inter Milan,serie-a,Serie A,29,0,domestic_league,False,professional_or_unknown,True,,Wikipedia,https://en.wikipedia.org/wiki/Alessandro_Bastoni,2026-08-02,1367156091
alessandro-bastoni,Q28561068,Alessandro Bastoni,1999-04-13,Italy,centre-back,CB,DEF,active,2023–24,2023–24,2023,2024,split_year,24,inter-milan,Inter Milan,serie-a,Serie A,28,1,domestic_league,False,professional_or_unknown,True,,Wikipedia,https://en.wikipedia.org/wiki/Alessandro_Bastoni,2026-08-02,1367156091
alessandro-bastoni,Q28561068,Alessandro Bastoni,1999-04-13,Italy,centre-back,CB,DEF,active,2024–25,2024–25,2024,2025,split_year,25,inter-milan,Inter Milan,serie-a,Serie A,33,1,domestic_league,False,professional_or_unknown,True,,Wikipedia,https://en.wikipedia.org/wiki/Alessandro_Bastoni,2026-08-02,1367156091
alessandro-bastoni,Q28561068,Alessandro Bastoni,1999-04-13,Italy,centre-back,CB,DEF,active,2025–26,2025–26,2025,2026,split_year,26,inter-milan,Inter Milan,serie-a,Serie A,28,1,domestic_league,False,professional_or_unknown,True,,Wikipedia,https://en.wikipedia.org/wiki/Alessandro_Bastoni,2026-08-02,1367156091
alessandro-del-piero,Q624,Alessandro Del Piero,1974-11-09,Italy,forward,AM,MID,retired,1991–92,1991–92,1991,1992,split_year,17,padova,Padova,serie-b,Serie B,4,0,domestic_league,False,professional_or_unknown,True,,Wikipedia,https://en.wikipedia.org/wiki/Alessandro_Del_Piero,2026-08-02,1367101177
alessandro-del-piero,Q624,Alessandro Del Piero,1974-11-09,Italy,forward,AM,MID,retired,1992–93,1992–93,1992,1993,split_year,18,padova,Padova,serie-b,Serie B,10,1,domestic_league,False,professional_or_unknown,True,,Wikipedia,https://en.wikipedia.org/wiki/Alessandro_Del_Piero,2026-08-02,1367101177
alessandro-del-piero,Q624,Alessandro Del Piero,1974-11-09,Italy,forward,AM,MID,retired,1993–94,1993–94,1993,1994,split_year,19,juventus,Juventus,serie-a,Serie A,11,5,domestic_league,False,professional_or_unknown,True,,Wikipedia,https://en.wikipedia.org/wiki/Alessandro_Del_Piero,2026-08-02,1367101177
alessandro-del-piero,Q624,Alessandro Del Piero,1974-11-09,Italy,forward,AM,MID,retired,1994–95,1994–95,1994,1995,split_year,20,juventus,Juventus,serie-a,Serie A,29,8,domestic_league,False,professional_or_unknown,True,,Wikipedia,https://en.wikipedia.org/wiki/Alessandro_Del_Piero,2026-08-02,1367101177
alessandro-del-piero,Q624,Alessandro Del Piero,1974-11-09,Italy,forward,AM,MID,retired,1995–96,1995–96,1995,1996,split_year,21,juventus,Juventus,serie-a,Serie A,29,6,domestic_league,False,professional_or_unknown,True,,Wikipedia,https://en.wikipedia.org/wiki/Alessandro_Del_Piero,2026-08-02,1367101177
alessandro-del-piero,Q624,Alessandro Del Piero,1974-11-09,Italy,forward,AM,MID,retired,1996–97,1996–97,1996,1997,split_year,22,juventus,Juventus,serie-a,Serie A,22,8,domestic_league,False,professional_or_unknown,True,,Wikipedia,https://en.wikipedia.org/wiki/Alessandro_Del_Piero,2026-08-02,1367101177
alessandro-del-piero,Q624,Alessandro Del Piero,1974-11-09,Italy,forward,AM,MID,retired,1997–98,1997–98,1997,1998,split_year,23,juventus,Juventus,serie-a,Serie A,32,21,domestic_league,False,professional_or_unknown,True,,Wikipedia,https://en.wikipedia.org/wiki/Alessandro_Del_Piero,2026-08-02,1367101177
alessandro-del-piero,Q624,Alessandro Del Piero,1974-11-09,Italy,forward,AM,MID,retired,1998–99,1998–99,1998,1999,split_year,24,juventus,Juventus,serie-a,Serie A,8,2,domestic_league,False,professional_or_unknown,True,,Wikipedia,https://en.wikipedia.org/wiki/Alessandro_Del_Piero,2026-08-02,1367101177
alessandro-del-piero,Q624,Alessandro Del Piero,1974-11-09,Italy,forward,AM,MID,retired,1999–2000,1999–2000,1999,2000,split_year,25,juventus,Juventus,serie-a,Serie A,34,9,domestic_league,False,professional_or_unknown,True,,Wikipedia,https://en.wikipedia.org/wiki/Alessandro_Del_Piero,2026-08-02,1367101177
alessandro-del-piero,Q624,Alessandro Del Piero,1974-11-09,Italy,forward,AM,MID,retired,2000–01,2000–01,2000,2001,split_year,26,juventus,Juventus,serie-a,Serie A,25,9,domestic_league,False,professional_or_unknown,True,,Wikipedia,https://en.wikipedia.org/wiki/Alessandro_Del_Piero,2026-08-02,1367101177
alessandro-del-piero,Q624,Alessandro Del Piero,1974-11-09,Italy,forward,AM,MID,retired,2001–02,2001–02,2001,2002,split_year,27,juventus,Juventus,serie-a,Serie A,32,16,domestic_league,False,professional_or_unknown,True,,Wikipedia,https://en.wikipedia.org/wiki/Alessandro_Del_Piero,2026-08-02,1367101177
alessandro-del-piero,Q624,Alessandro Del Piero,1974-11-09,Italy,forward,AM,MID,retired,2002–03,2002–03,2002,2003,split_year,28,juventus,Juventus,serie-a,Serie A,24,16,domestic_league,False,professional_or_unknown,True,,Wikipedia,https://en.wikipedia.org/wiki/Alessandro_Del_Piero,2026-08-02,1367101177
alessandro-del-piero,Q624,Alessandro Del Piero,1974-11-09,Italy,forward,AM,MID,retired,2003–04,2003–04,2003,2004,split_year,29,juventus,Juventus,serie-a,Serie A,22,8,domestic_league,False,professional_or_unknown,True,,Wikipedia,https://en.wikipedia.org/wiki/Alessandro_Del_Piero,2026-08-02,1367101177
alessandro-del-piero,Q624,Alessandro Del Piero,1974-11-09,Italy,forward,AM,MID,retired,2004–05,2004–05,2004,2005,split_year,30,juventus,Juventus,serie-a,Serie A,30,14,domestic_league,False,professional_or_unknown,True,,Wikipedia,https://en.wikipedia.org/wiki/Alessandro_Del_Piero,2026-08-02,1367101177
alessandro-del-piero,Q624,Alessandro Del Piero,1974-11-09,Italy,forward,AM,MID,retired,2005–06,2005–06,2005,2006,split_year,31,juventus,Juventus,serie-a,Serie A,33,12,domestic_league,False,professional_or_unknown,True,,Wikipedia,https://en.wikipedia.org/wiki/Alessandro_Del_Piero,2026-08-02,1367101177
alessandro-del-piero,Q624,Alessandro Del Piero,1974-11-09,Italy,forward,AM,MID,retired,2006–07,2006–07,2006,2007,split_year,32,juventus,Juventus,serie-b,Serie B,35,20,domestic_league,False,professional_or_unknown,True,,Wikipedia,https://en.wikipedia.org/wiki/Alessandro_Del_Piero,2026-08-02,1367101177
alessandro-del-piero,Q624,Alessandro Del Piero,1974-11-09,Italy,forward,AM,MID,retired,2007–08,2007–08,2007,2008,split_year,33,juventus,Juventus,serie-a,Serie A,37,21,domestic_league,False,professional_or_unknown,True,,Wikipedia,https://en.wikipedia.org/wiki/Alessandro_Del_Piero,2026-08-02,1367101177
alessandro-del-piero,Q624,Alessandro Del Piero,1974-11-09,Italy,forward,AM,MID,retired,2008–09,2008–09,2008,2009,split_year,34,juventus,Juventus,serie-a,Serie A,31,13,domestic_league,False,professional_or_unknown,True,,Wikipedia,https://en.wikipedia.org/wiki/Alessandro_Del_Piero,2026-08-02,1367101177
alessandro-del-piero,Q624,Alessandro Del Piero,1974-11-09,Italy,forward,AM,MID,retired,2009–10,2009–10,2009,2010,split_year,35,juventus,Juventus,serie-a,Serie A,23,9,domestic_league,False,professional_or_unknown,True,,Wikipedia,https://en.wikipedia.org/wiki/Alessandro_Del_Piero,2026-08-02,1367101177
alessandro-del-piero,Q624,Alessandro Del Piero,1974-11-09,Italy,forward,AM,MID,retired,2010–11,2010–11,2010,2011,split_year,36,juventus,Juventus,serie-a,Serie A,33,8,domestic_league,False,professional_or_unknown,True,,Wikipedia,https://en.wikipedia.org/wiki/Alessandro_Del_Piero,2026-08-02,1367101177
alessandro-del-piero,Q624,Alessandro Del Piero,1974-11-09,Italy,forward,AM,MID,retired,2011–12,2011–12,2011,2012,split_year,37,juventus,Juventus,serie-a,Serie A,23,3,domestic_league,False,professional_or_unknown,True,,Wikipedia,https://en.wikipedia.org/wiki/Alessandro_Del_Piero,2026-08-02,1367101177
alessandro-del-piero,Q624,Alessandro Del Piero,1974-11-09,Italy,forward,AM,MID,retired,2012–13,2012–13,2012,2013,split_year,38,sydney-fc,Sydney FC,a-league,A-League,24,14,domestic_league,False,professional_or_unknown,True,,Wikipedia,https://en.wikipedia.org/wiki/Alessandro_Del_Piero,2026-08-02,1367101177
alessandro-del-piero,Q624,Alessandro Del Piero,1974-11-09,Italy,forward,AM,MID,retired,2013–14,2013–14,2013,2014,split_year,39,sydney-fc,Sydney FC,a-league,A-League,24,10,domestic_league,False,professional_or_unknown,True,,Wikipedia,https://en.wikipedia.org/wiki/Alessandro_Del_Piero,2026-08-02,1367101177
alessandro-del-piero,Q624,Alessandro Del Piero,1974-11-09,Italy,forward,AM,MID,retired,2014,2014,2014,2014,calendar_year,40,delhi-dynamos,Delhi Dynamos,indian-super-league,Indian Super League,10,1,domestic_league,False,professional_or_unknown,True,,Wikipedia,https://en.wikipedia.org/wiki/Alessandro_Del_Piero,2026-08-02,1367101177
alessandro-nesta,Q227892,Alessandro Nesta,1976-03-19,Italy,centre-back,CB,DEF,retired,1993–94,1993–94,1993,1994,split_year,17,lazio,Lazio,serie-a,Serie A,2,0,domestic_league,False,professional_or_unknown,True,,Wikipedia,https://en.wikipedia.org/wiki/Alessandro_Nesta,2026-08-02,1365816880
alessandro-nesta,Q227892,Alessandro Nesta,1976-03-19,Italy,centre-back,CB,DEF,retired,1994–95,1994–95,1994,1995,split_year,18,lazio,Lazio,serie-a,Serie A,11,0,domestic_league,False,professional_or_unknown,True,,Wikipedia,https://en.wikipedia.org/wiki/Alessandro_Nesta,2026-08-02,1365816880
alessandro-nesta,Q227892,Alessandro Nesta,1976-03-19,Italy,centre-back,CB,DEF,retired,1995–96,1995–96,1995,1996,split_year,19,lazio,Lazio,serie-a,Serie A,23,0,domestic_league,False,professional_or_unknown,True,,Wikipedia,https://en.wikipedia.org/wiki/Alessandro_Nesta,2026-08-02,1365816880
alessandro-nesta,Q227892,Alessandro Nesta,1976-03-19,Italy,centre-back,CB,DEF,retired,1996–97,1996–97,1996,1997,split_year,20,lazio,Lazio,serie-a,Serie A,25,0,domestic_league,False,professional_or_unknown,True,,Wikipedia,https://en.wikipedia.org/wiki/Alessandro_Nesta,2026-08-02,1365816880
alessandro-nesta,Q227892,Alessandro Nesta,1976-03-19,Italy,centre-back,CB,DEF,retired,1997–98,1997–98,1997,1998,split_year,21,lazio,Lazio,serie-a,Serie A,30,0,domestic_league,False,professional_or_unknown,True,,Wikipedia,https://en.wikipedia.org/wiki/Alessandro_Nesta,2026-08-02,1365816880
alessandro-nesta,Q227892,Alessandro Nesta,1976-03-19,Italy,centre-back,CB,DEF,retired,1998–99,1998–99,1998,1999,split_year,22,lazio,Lazio,serie-a,Serie A,20,1,domestic_league,False,professional_or_unknown,True,,Wikipedia,https://en.wikipedia.org/wiki/Alessandro_Nesta,2026-08-02,1365816880
alessandro-nesta,Q227892,Alessandro Nesta,1976-03-19,Italy,centre-back,CB,DEF,retired,1999–2000,1999–2000,1999,2000,split_year,23,lazio,Lazio,serie-a,Serie A,28,0,domestic_league,False,professional_or_unknown,True,,Wikipedia,https://en.wikipedia.org/wiki/Alessandro_Nesta,2026-08-02,1365816880
alessandro-nesta,Q227892,Alessandro Nesta,1976-03-19,Italy,centre-back,CB,DEF,retired,2000–01,2000–01,2000,2001,split_year,24,lazio,Lazio,serie-a,Serie A,29,0,domestic_league,False,professional_or_unknown,True,,Wikipedia,https://en.wikipedia.org/wiki/Alessandro_Nesta,2026-08-02,1365816880
alessandro-nesta,Q227892,Alessandro Nesta,1976-03-19,Italy,centre-back,CB,DEF,retired,2001–02,2001–02,2001,2002,split_year,25,lazio,Lazio,serie-a,Serie A,25,0,domestic_league,False,professional_or_unknown,True,,Wikipedia,https://en.wikipedia.org/wiki/Alessandro_Nesta,2026-08-02,1365816880
alessandro-nesta,Q227892,Alessandro Nesta,1976-03-19,Italy,centre-back,CB,DEF,retired,2002–03,2002–03,2002,2003,split_year,26,ac-milan,AC Milan,serie-a,Serie A,29,1,domestic_league,False,professional_or_unknown,True,,Wikipedia,https://en.wikipedia.org/wiki/Alessandro_Nesta,2026-08-02,1365816880
alessandro-nesta,Q227892,Alessandro Nesta,1976-03-19,Italy,centre-back,CB,DEF,retired,2003–04,2003–04,2003,2004,split_year,27,ac-milan,AC Milan,serie-a,Serie A,26,0,domestic_league,False,professional_or_unknown,True,,Wikipedia,https://en.wikipedia.org/wiki/Alessandro_Nesta,2026-08-02,1365816880
alessandro-nesta,Q227892,Alessandro Nesta,1976-03-19,Italy,centre-back,CB,DEF,retired,2004–05,2004–05,2004,2005,split_year,28,ac-milan,AC Milan,serie-a,Serie A,29,0,domestic_league,False,professional_or_unknown,True,,Wikipedia,https://en.wikipedia.org/wiki/Alessandro_Nesta,2026-08-02,1365816880
alessandro-nesta,Q227892,Alessandro Nesta,1976-03-19,Italy,centre-back,CB,DEF,retired,2005–06,2005–06,2005,2006,split_year,29,ac-milan,AC Milan,serie-a,Serie A,30,1,domestic_league,False,professional_or_unknown,True,,Wikipedia,https://en.wikipedia.org/wiki/Alessandro_Nesta,2026-08-02,1365816880
alessandro-nesta,Q227892,Alessandro Nesta,1976-03-19,Italy,centre-back,CB,DEF,retired,2006–07,2006–07,2006,2007,split_year,30,ac-milan,AC Milan,serie-a,Serie A,14,0,domestic_league,False,professional_or_unknown,True,,Wikipedia,https://en.wikipedia.org/wiki/Alessandro_Nesta,2026-08-02,1365816880
alessandro-nesta,Q227892,Alessandro Nesta,1976-03-19,Italy,centre-back,CB,DEF,retired,2007–08,2007–08,2007,2008,split_year,31,ac-milan,AC Milan,serie-a,Serie A,29,1,domestic_league,False,professional_or_unknown,True,,Wikipedia,https://en.wikipedia.org/wiki/Alessandro_Nesta,2026-08-02,1365816880
alessandro-nesta,Q227892,Alessandro Nesta,1976-03-19,Italy,centre-back,CB,DEF,retired,2008–09,2008–09,2008,2009,split_year,32,ac-milan,AC Milan,serie-a,Serie A,1,0,domestic_league,False,professional_or_unknown,True,,Wikipedia,https://en.wikipedia.org/wiki/Alessandro_Nesta,2026-08-02,1365816880
alessandro-nesta,Q227892,Alessandro Nesta,1976-03-19,Italy,centre-back,CB,DEF,retired,2009–10,2009–10,2009,2010,split_year,33,ac-milan,AC Milan,serie-a,Serie A,23,3,domestic_league,False,professional_or_unknown,True,,Wikipedia,https://en.wikipedia.org/wiki/Alessandro_Nesta,2026-08-02,1365816880
alessandro-nesta,Q227892,Alessandro Nesta,1976-03-19,Italy,centre-back,CB,DEF,retired,2010–11,2010–11,2010,2011,split_year,34,ac-milan,AC Milan,serie-a,Serie A,26,0,domestic_league,False,professional_or_unknown,True,,Wikipedia,https://en.wikipedia.org/wiki/Alessandro_Nesta,2026-08-02,1365816880
alessandro-nesta,Q227892,Alessandro Nesta,1976-03-19,Italy,centre-back,CB,DEF,retired,2011–12,2011–12,2011,2012,split_year,35,ac-milan,AC Milan,serie-a,Serie A,17,1,domestic_league,False,professional_or_unknown,True,,Wikipedia,https://en.wikipedia.org/wiki/Alessandro_Nesta,2026-08-02,1365816880
alessandro-nesta,Q227892,Alessandro Nesta,1976-03-19,Italy,centre-back,CB,DEF,retired,2012,2012,2012,2012,calendar_year,36,montreal-impact,Montreal Impact,mls,MLS,8,0,domestic_league,False,professional_or_unknown,True,,Wikipedia,https://en.wikipedia.org/wiki/Alessandro_Nesta,2026-08-02,1365816880
alessandro-nesta,Q227892,Alessandro Nesta,1976-03-19,Italy,centre-back,CB,DEF,retired,2013,2013,2013,2013,calendar_year,37,montreal-impact,Montreal Impact,mls,MLS,23,0,domestic_league,False,professional_or_unknown,True,,Wikipedia,https://en.wikipedia.org/wiki/Alessandro_Nesta,2026-08-02,1365816880
alessandro-nesta,Q227892,Alessandro Nesta,1976-03-19,Italy,centre-back,CB,DEF,retired,2014,2014,2014,2014,calendar_year,38,chennaiyin,Chennaiyin,indian-super-league,Indian Super League,3,0,domestic_league,False,professional_or_unknown,True,,Wikipedia,https://en.wikipedia.org/wiki/Alessandro_Nesta,2026-08-02,1365816880
alexander-isak,Q23759917,Alexander Isak,1999-09-21,Sweden,forward,FW,FWD,active,2016,2016,2016,2016,calendar_year,17,aik,AIK,allsvenskan,Allsvenskan,24,10,domestic_league,False,professional_or_unknown,True,,Wikipedia,https://en.wikipedia.org/wiki/Alexander_Isak,2026-08-02,1366897301
alexander-isak,Q23759917,Alexander Isak,1999-09-21,Sweden,forward,FW,FWD,active,2016–17,2016–17,2016,2017,split_year,17,borussia-dortmund,Borussia Dortmund,bundesliga,Bundesliga,0,0,domestic_league,False,professional_or_unknown,True,,Wikipedia,https://en.wikipedia.org/wiki/Alexander_Isak,2026-08-02,1366897301
alexander-isak,Q23759917,Alexander Isak,1999-09-21,Sweden,forward,FW,FWD,active,2017–18,2017–18,2017,2018,split_year,18,borussia-dortmund,Borussia Dortmund,bundesliga,Bundesliga,5,0,domestic_league,False,professional_or_unknown,True,,Wikipedia,https://en.wikipedia.org/wiki/Alexander_Isak,2026-08-02,1366897301
alexander-isak,Q23759917,Alexander Isak,1999-09-21,Sweden,forward,FW,FWD,active,2018–19,2018–19,2018,2019,split_year,19,willem-ii-loan,Willem II (loan),eredivisie,Eredivisie,16,13,domestic_league,False,professional_or_unknown,True,,Wikipedia,https://en.wikipedia.org/wiki/Alexander_Isak,2026-08-02,1366897301
alexander-isak,Q23759917,Alexander Isak,1999-09-21,Sweden,forward,FW,FWD,active,2019–20,2019–20,2019,2020,split_year,20,real-sociedad,Real Sociedad,la-liga,La Liga,37,9,domestic_league,False,professional_or_unknown,True,,Wikipedia,https://en.wikipedia.org/wiki/Alexander_Isak,2026-08-02,1366897301
alexander-isak,Q23759917,Alexander Isak,1999-09-21,Sweden,forward,FW,FWD,active,2020–21,2020–21,2020,2021,split_year,21,real-sociedad,Real Sociedad,la-liga,La Liga,34,17,domestic_league,False,professional_or_unknown,True,,Wikipedia,https://en.wikipedia.org/wiki/Alexander_Isak,2026-08-02,1366897301
alexander-isak,Q23759917,Alexander Isak,1999-09-21,Sweden,forward,FW,FWD,active,2021–22,2021–22,2021,2022,split_year,22,real-sociedad,Real Sociedad,la-liga,La Liga,32,6,domestic_league,False,professional_or_unknown,True,,Wikipedia,https://en.wikipedia.org/wiki/Alexander_Isak,2026-08-02,1366897301
alexander-isak,Q23759917,Alexander Isak,1999-09-21,Sweden,forward,FW,FWD,active,2022–23,2022–23,2022,2023,split_year,23,newcastle-united,Newcastle United,premier-league,Premier League,22,10,domestic_league,False,professional_or_unknown,True,,Wikipedia,https://en.wikipedia.org/wiki/Alexander_Isak,2026-08-02,1366897301
alexander-isak,Q23759917,Alexander Isak,1999-09-21,Sweden,forward,FW,FWD,active,2022–23,2022–23,2022,2023,split_year,23,real-sociedad,Real Sociedad,la-liga,La Liga,2,1,domestic_league,False,professional_or_unknown,True,,Wikipedia,https://en.wikipedia.org/wiki/Alexander_Isak,2026-08-02,1366897301
alexander-isak,Q23759917,Alexander Isak,1999-09-21,Sweden,forward,FW,FWD,active,2023–24,2023–24,2023,2024,split_year,24,newcastle-united,Newcastle United,premier-league,Premier League,30,21,domestic_league,False,professional_or_unknown,True,,Wikipedia,https://en.wikipedia.org/wiki/Alexander_Isak,2026-08-02,1366897301
alexander-isak,Q23759917,Alexander Isak,1999-09-21,Sweden,forward,FW,FWD,active,2024–25,2024–25,2024,2025,split_year,25,newcastle-united,Newcastle United,premier-league,Premier League,34,23,domestic_league,False,professional_or_unknown,True,,Wikipedia,https://en.wikipedia.org/wiki/Alexander_Isak,2026-08-02,1366897301
alexander-isak,Q23759917,Alexander Isak,1999-09-21,Sweden,forward,FW,FWD,active,2025–26,2025–26,2025,2026,split_year,26,liverpool,Liverpool,premier-league,Premier League,14,3,domestic_league,False,professional_or_unknown,True,,Wikipedia,https://en.wikipedia.org/wiki/Alexander_Isak,2026-08-02,1366897301
alexis-sanchez,Q180553,Alexis Sánchez,1988-12-19,Chile,wing half,WNG,WIDE,active,2005,2005,2005,2005,calendar_year,17,cobreloa,Cobreloa,chilean-primera-division,Chilean Primera División,35,3,domestic_league,False,professional_or_unknown,True,,Wikipedia,https://en.wikipedia.org/wiki/Alexis_Sánchez,2026-08-02,1366190515
alexis-sanchez,Q180553,Alexis Sánchez,1988-12-19,Chile,wing half,WNG,WIDE,active,2006,2006,2006,2006,calendar_year,18,cobreloa,Cobreloa,chilean-primera-division,Chilean Primera División,12,9,domestic_league,False,professional_or_unknown,True,,Wikipedia,https://en.wikipedia.org/wiki/Alexis_Sánchez,2026-08-02,1366190515
alexis-sanchez,Q180553,Alexis Sánchez,1988-12-19,Chile,wing half,WNG,WIDE,active,2006,2006,2006,2006,calendar_year,18,colo-colo,Colo-Colo,chilean-primera-division,Chilean Primera División,18,4,domestic_league,False,professional_or_unknown,True,,Wikipedia,https://en.wikipedia.org/wiki/Alexis_Sánchez,2026-08-02,1366190515
alexis-sanchez,Q180553,Alexis Sánchez,1988-12-19,Chile,wing half,WNG,WIDE,active,2007,2007,2007,2007,calendar_year,19,colo-colo,Colo-Colo,chilean-primera-division,Chilean Primera División,14,1,domestic_league,False,professional_or_unknown,True,,Wikipedia,https://en.wikipedia.org/wiki/Alexis_Sánchez,2026-08-02,1366190515
alexis-sanchez,Q180553,Alexis Sánchez,1988-12-19,Chile,wing half,WNG,WIDE,active,2007–08,2007–08,2007,2008,split_year,19,river-plate,River Plate,argentine-primera-division,Argentine Primera División,23,4,domestic_league,False,professional_or_unknown,True,,Wikipedia,https://en.wikipedia.org/wiki/Alexis_Sánchez,2026-08-02,1366190515
alexis-sanchez,Q180553,Alexis Sánchez,1988-12-19,Chile,wing half,WNG,WIDE,active,2008–09,2008–09,2008,2009,split_year,20,udinese,Udinese,serie-a,Serie A,32,3,domestic_league,False,professional_or_unknown,True,,Wikipedia,https://en.wikipedia.org/wiki/Alexis_Sánchez,2026-08-02,1366190515
alexis-sanchez,Q180553,Alexis Sánchez,1988-12-19,Chile,wing half,WNG,WIDE,active,2009–10,2009–10,2009,2010,split_year,21,udinese,Udinese,serie-a,Serie A,32,5,domestic_league,False,professional_or_unknown,True,,Wikipedia,https://en.wikipedia.org/wiki/Alexis_Sánchez,2026-08-02,1366190515
alexis-sanchez,Q180553,Alexis Sánchez,1988-12-19,Chile,wing half,WNG,WIDE,active,2010–11,2010–11,2010,2011,split_year,22,udinese,Udinese,serie-a,Serie A,31,12,domestic_league,False,professional_or_unknown,True,,Wikipedia,https://en.wikipedia.org/wiki/Alexis_Sánchez,2026-08-02,1366190515
alexis-sanchez,Q180553,Alexis Sánchez,1988-12-19,Chile,wing half,WNG,WIDE,active,2011–12,2011–12,2011,2012,split_year,23,barcelona,Barcelona,la-liga,La Liga,25,12,domestic_league,False,professional_or_unknown,True,,Wikipedia,https://en.wikipedia.org/wiki/Alexis_Sánchez,2026-08-02,1366190515
alexis-sanchez,Q180553,Alexis Sánchez,1988-12-19,Chile,wing half,WNG,WIDE,active,2012–13,2012–13,2012,2013,split_year,24,barcelona,Barcelona,la-liga,La Liga,29,8,domestic_league,False,professional_or_unknown,True,,Wikipedia,https://en.wikipedia.org/wiki/Alexis_Sánchez,2026-08-02,1366190515
alexis-sanchez,Q180553,Alexis Sánchez,1988-12-19,Chile,wing half,WNG,WIDE,active,2013–14,2013–14,2013,2014,split_year,25,barcelona,Barcelona,la-liga,La Liga,34,19,domestic_league,False,professional_or_unknown,True,,Wikipedia,https://en.wikipedia.org/wiki/Alexis_Sánchez,2026-08-02,1366190515
alexis-sanchez,Q180553,Alexis Sánchez,1988-12-19,Chile,wing half,WNG,WIDE,active,2014–15,2014–15,2014,2015,split_year,26,arsenal,Arsenal,premier-league,Premier League,35,16,domestic_league,False,professional_or_unknown,True,,Wikipedia,https://en.wikipedia.org/wiki/Alexis_Sánchez,2026-08-02,1366190515
alexis-sanchez,Q180553,Alexis Sánchez,1988-12-19,Chile,wing half,WNG,WIDE,active,2015–16,2015–16,2015,2016,split_year,27,arsenal,Arsenal,premier-league,Premier League,30,13,domestic_league,False,professional_or_unknown,True,,Wikipedia,https://en.wikipedia.org/wiki/Alexis_Sánchez,2026-08-02,1366190515
alexis-sanchez,Q180553,Alexis Sánchez,1988-12-19,Chile,wing half,WNG,WIDE,active,2016–17,2016–17,2016,2017,split_year,28,arsenal,Arsenal,premier-league,Premier League,38,24,domestic_league,False,professional_or_unknown,True,,Wikipedia,https://en.wikipedia.org/wiki/Alexis_Sánchez,2026-08-02,1366190515
alexis-sanchez,Q180553,Alexis Sánchez,1988-12-19,Chile,wing half,WNG,WIDE,active,2017–18,2017–18,2017,2018,split_year,29,arsenal,Arsenal,premier-league,Premier League,19,7,domestic_league,False,professional_or_unknown,True,,Wikipedia,https://en.wikipedia.org/wiki/Alexis_Sánchez,2026-08-02,1366190515
alexis-sanchez,Q180553,Alexis Sánchez,1988-12-19,Chile,wing half,WNG,WIDE,active,2017–18,2017–18,2017,2018,split_year,29,manchester-united,Manchester United,premier-league,Premier League,12,2,domestic_league,False,professional_or_unknown,True,,Wikipedia,https://en.wikipedia.org/wiki/Alexis_Sánchez,2026-08-02,1366190515
alexis-sanchez,Q180553,Alexis Sánchez,1988-12-19,Chile,wing half,WNG,WIDE,active,2018–19,2018–19,2018,2019,split_year,30,manchester-united,Manchester United,premier-league,Premier League,20,1,domestic_league,False,professional_or_unknown,True,,Wikipedia,https://en.wikipedia.org/wiki/Alexis_Sánchez,2026-08-02,1366190515
alexis-sanchez,Q180553,Alexis Sánchez,1988-12-19,Chile,wing half,WNG,WIDE,active,2019–20,2019–20,2019,2020,split_year,31,inter-milan-loan,Inter Milan (loan),serie-a,Serie A,22,4,domestic_league,False,professional_or_unknown,True,,Wikipedia,https://en.wikipedia.org/wiki/Alexis_Sánchez,2026-08-02,1366190515
alexis-sanchez,Q180553,Alexis Sánchez,1988-12-19,Chile,wing half,WNG,WIDE,active,2020–21,2020–21,2020,2021,split_year,32,inter-milan,Inter Milan,serie-a,Serie A,30,7,domestic_league,False,professional_or_unknown,True,,Wikipedia,https://en.wikipedia.org/wiki/Alexis_Sánchez,2026-08-02,1366190515
alexis-sanchez,Q180553,Alexis Sánchez,1988-12-19,Chile,wing half,WNG,WIDE,active,2021–22,2021–22,2021,2022,split_year,33,inter-milan,Inter Milan,serie-a,Serie A,27,5,domestic_league,False,professional_or_unknown,True,,Wikipedia,https://en.wikipedia.org/wiki/Alexis_Sánchez,2026-08-02,1366190515
alexis-sanchez,Q180553,Alexis Sánchez,1988-12-19,Chile,wing half,WNG,WIDE,active,2022–23,2022–23,2022,2023,split_year,34,marseille,Marseille,ligue-1,Ligue 1,35,14,domestic_league,False,professional_or_unknown,True,,Wikipedia,https://en.wikipedia.org/wiki/Alexis_Sánchez,2026-08-02,1366190515
alexis-sanchez,Q180553,Alexis Sánchez,1988-12-19,Chile,wing half,WNG,WIDE,active,2023–24,2023–24,2023,2024,split_year,35,inter-milan,Inter Milan,serie-a,Serie A,23,2,domestic_league,False,professional_or_unknown,True,,Wikipedia,https://en.wikipedia.org/wiki/Alexis_Sánchez,2026-08-02,1366190515
alexis-sanchez,Q180553,Alexis Sánchez,1988-12-19,Chile,wing half,WNG,WIDE,active,2024–25,2024–25,2024,2025,split_year,36,udinese,Udinese,serie-a,Serie A,13,0,domestic_league,False,professional_or_unknown,True,,Wikipedia,https://en.wikipedia.org/wiki/Alexis_Sánchez,2026-08-02,1366190515
alexis-sanchez,Q180553,Alexis Sánchez,1988-12-19,Chile,wing half,WNG,WIDE,active,2025–26,2025–26,2025,2026,split_year,37,sevilla,Sevilla,la-liga,La Liga,28,4,domestic_league,False,professional_or_unknown,True,,Wikipedia,https://en.wikipedia.org/wiki/Alexis_Sánchez,2026-08-02,1366190515
alphonso-davies,Q23540953,Alphonso Davies,2000-11-02,Canada,full-back,FB,DEF,active,2016,2016,2016,2016,calendar_year,16,vancouver-whitecaps-fc,Vancouver Whitecaps FC,mls,MLS,8,0,domestic_league,False,professional_or_unknown,True,,Wikipedia,https://en.wikipedia.org/wiki/Alphonso_Davies,2026-08-02,1367101431
alphonso-davies,Q23540953,Alphonso Davies,2000-11-02,Canada,full-back,FB,DEF,active,2017,2017,2017,2017,calendar_year,17,vancouver-whitecaps-fc,Vancouver Whitecaps FC,mls,MLS,26,0,domestic_league,False,professional_or_unknown,True,,Wikipedia,https://en.wikipedia.org/wiki/Alphonso_Davies,2026-08-02,1367101431
alphonso-davies,Q23540953,Alphonso Davies,2000-11-02,Canada,full-back,FB,DEF,active,2018,2018,2018,2018,calendar_year,18,vancouver-whitecaps-fc,Vancouver Whitecaps FC,mls,MLS,31,8,domestic_league,False,professional_or_unknown,True,,Wikipedia,https://en.wikipedia.org/wiki/Alphonso_Davies,2026-08-02,1367101431
alphonso-davies,Q23540953,Alphonso Davies,2000-11-02,Canada,full-back,FB,DEF,active,2018–19,2018–19,2018,2019,split_year,18,bayern-munich,Bayern Munich,bundesliga,Bundesliga,6,1,domestic_league,False,professional_or_unknown,True,,Wikipedia,https://en.wikipedia.org/wiki/Alphonso_Davies,2026-08-02,1367101431
alphonso-davies,Q23540953,Alphonso Davies,2000-11-02,Canada,full-back,FB,DEF,active,2019–20,2019–20,2019,2020,split_year,19,bayern-munich,Bayern Munich,bundesliga,Bundesliga,29,3,domestic_league,False,professional_or_unknown,True,,Wikipedia,https://en.wikipedia.org/wiki/Alphonso_Davies,2026-08-02,1367101431
alphonso-davies,Q23540953,Alphonso Davies,2000-11-02,Canada,full-back,FB,DEF,active,2020–21,2020–21,2020,2021,split_year,20,bayern-munich,Bayern Munich,bundesliga,Bundesliga,23,1,domestic_league,False,professional_or_unknown,True,,Wikipedia,https://en.wikipedia.org/wiki/Alphonso_Davies,2026-08-02,1367101431
alphonso-davies,Q23540953,Alphonso Davies,2000-11-02,Canada,full-back,FB,DEF,active,2021–22,2021–22,2021,2022,split_year,21,bayern-munich,Bayern Munich,bundesliga,Bundesliga,22,0,domestic_league,False,professional_or_unknown,True,,Wikipedia,https://en.wikipedia.org/wiki/Alphonso_Davies,2026-08-02,1367101431
alphonso-davies,Q23540953,Alphonso Davies,2000-11-02,Canada,full-back,FB,DEF,active,2022–23,2022–23,2022,2023,split_year,22,bayern-munich,Bayern Munich,bundesliga,Bundesliga,25,1,domestic_league,False,professional_or_unknown,True,,Wikipedia,https://en.wikipedia.org/wiki/Alphonso_Davies,2026-08-02,1367101431
alphonso-davies,Q23540953,Alphonso Davies,2000-11-02,Canada,full-back,FB,DEF,active,2023–24,2023–24,2023,2024,split_year,23,bayern-munich,Bayern Munich,bundesliga,Bundesliga,29,2,domestic_league,False,professional_or_unknown,True,,Wikipedia,https://en.wikipedia.org/wiki/Alphonso_Davies,2026-08-02,1367101431
alphonso-davies,Q23540953,Alphonso Davies,2000-11-02,Canada,full-back,FB,DEF,active,2024–25,2024–25,2024,2025,split_year,24,bayern-munich,Bayern Munich,bundesliga,Bundesliga,19,1,domestic_league,False,professional_or_unknown,True,,Wikipedia,https://en.wikipedia.org/wiki/Alphonso_Davies,2026-08-02,1367101431
alphonso-davies,Q23540953,Alphonso Davies,2000-11-02,Canada,full-back,FB,DEF,active,2025–26,2025–26,2025,2026,split_year,25,bayern-munich,Bayern Munich,bundesliga,Bundesliga,13,1,domestic_league,False,professional_or_unknown,True,,Wikipedia,https://en.wikipedia.org/wiki/Alphonso_Davies,2026-08-02,1367101431
andrea-pirlo,Q43926,Andrea Pirlo,1979-05-19,Italy,midfielder,CM,MID,retired,1994–95,1994–95,1994,1995,split_year,15,brescia,Brescia,serie-a,Serie A,1,0,domestic_league,False,professional_or_unknown,True,,Wikipedia,https://en.wikipedia.org/wiki/Andrea_Pirlo,2026-08-02,1367101553
andrea-pirlo,Q43926,Andrea Pirlo,1979-05-19,Italy,midfielder,CM,MID,retired,1995–96,1995–96,1995,1996,split_year,16,brescia,Brescia,serie-b,Serie B,0,0,domestic_league,False,professional_or_unknown,True,,Wikipedia,https://en.wikipedia.org/wiki/Andrea_Pirlo,2026-08-02,1367101553
andrea-pirlo,Q43926,Andrea Pirlo,1979-05-19,Italy,midfielder,CM,MID,retired,1996–97,1996–97,1996,1997,split_year,17,brescia,Brescia,serie-b,Serie B,17,2,domestic_league,False,professional_or_unknown,True,,Wikipedia,https://en.wikipedia.org/wiki/Andrea_Pirlo,2026-08-02,1367101553
andrea-pirlo,Q43926,Andrea Pirlo,1979-05-19,Italy,midfielder,CM,MID,retired,1997–98,1997–98,1997,1998,split_year,18,brescia,Brescia,serie-a,Serie A,29,4,domestic_league,False,professional_or_unknown,True,,Wikipedia,https://en.wikipedia.org/wiki/Andrea_Pirlo,2026-08-02,1367101553
andrea-pirlo,Q43926,Andrea Pirlo,1979-05-19,Italy,midfielder,CM,MID,retired,1998–99,1998–99,1998,1999,split_year,19,inter-milan,Inter Milan,serie-a,Serie A,18,0,domestic_league,False,professional_or_unknown,True,,Wikipedia,https://en.wikipedia.org/wiki/Andrea_Pirlo,2026-08-02,1367101553
andrea-pirlo,Q43926,Andrea Pirlo,1979-05-19,Italy,midfielder,CM,MID,retired,1999–2000,1999–2000,1999,2000,split_year,20,reggina-loan,Reggina (loan),serie-a,Serie A,28,6,domestic_league,False,professional_or_unknown,True,,Wikipedia,https://en.wikipedia.org/wiki/Andrea_Pirlo,2026-08-02,1367101553
andrea-pirlo,Q43926,Andrea Pirlo,1979-05-19,Italy,midfielder,CM,MID,retired,2000–01,2000–01,2000,2001,split_year,21,brescia-loan,Brescia (loan),serie-a,Serie A,10,0,domestic_league,False,professional_or_unknown,True,,Wikipedia,https://en.wikipedia.org/wiki/Andrea_Pirlo,2026-08-02,1367101553
andrea-pirlo,Q43926,Andrea Pirlo,1979-05-19,Italy,midfielder,CM,MID,retired,2000–01,2000–01,2000,2001,split_year,21,inter-milan,Inter Milan,serie-a,Serie A,4,0,domestic_league,False,professional_or_unknown,True,,Wikipedia,https://en.wikipedia.org/wiki/Andrea_Pirlo,2026-08-02,1367101553
andrea-pirlo,Q43926,Andrea Pirlo,1979-05-19,Italy,midfielder,CM,MID,retired,2001–02,2001–02,2001,2002,split_year,22,ac-milan,AC Milan,serie-a,Serie A,18,2,domestic_league,False,professional_or_unknown,True,,Wikipedia,https://en.wikipedia.org/wiki/Andrea_Pirlo,2026-08-02,1367101553
andrea-pirlo,Q43926,Andrea Pirlo,1979-05-19,Italy,midfielder,CM,MID,retired,2002–03,2002–03,2002,2003,split_year,23,ac-milan,AC Milan,serie-a,Serie A,27,9,domestic_league,False,professional_or_unknown,True,,Wikipedia,https://en.wikipedia.org/wiki/Andrea_Pirlo,2026-08-02,1367101553
andrea-pirlo,Q43926,Andrea Pirlo,1979-05-19,Italy,midfielder,CM,MID,retired,2003–04,2003–04,2003,2004,split_year,24,ac-milan,AC Milan,serie-a,Serie A,32,6,domestic_league,False,professional_or_unknown,True,,Wikipedia,https://en.wikipedia.org/wiki/Andrea_Pirlo,2026-08-02,1367101553
andrea-pirlo,Q43926,Andrea Pirlo,1979-05-19,Italy,midfielder,CM,MID,retired,2004–05,2004–05,2004,2005,split_year,25,ac-milan,AC Milan,serie-a,Serie A,30,4,domestic_league,False,professional_or_unknown,True,,Wikipedia,https://en.wikipedia.org/wiki/Andrea_Pirlo,2026-08-02,1367101553
andrea-pirlo,Q43926,Andrea Pirlo,1979-05-19,Italy,midfielder,CM,MID,retired,2005–06,2005–06,2005,2006,split_year,26,ac-milan,AC Milan,serie-a,Serie A,33,4,domestic_league,False,professional_or_unknown,True,,Wikipedia,https://en.wikipedia.org/wiki/Andrea_Pirlo,2026-08-02,1367101553
andrea-pirlo,Q43926,Andrea Pirlo,1979-05-19,Italy,midfielder,CM,MID,retired,2006–07,2006–07,2006,2007,split_year,27,ac-milan,AC Milan,serie-a,Serie A,34,2,domestic_league,False,professional_or_unknown,True,,Wikipedia,https://en.wikipedia.org/wiki/Andrea_Pirlo,2026-08-02,1367101553
andrea-pirlo,Q43926,Andrea Pirlo,1979-05-19,Italy,midfielder,CM,MID,retired,2007–08,2007–08,2007,2008,split_year,28,ac-milan,AC Milan,serie-a,Serie A,33,3,domestic_league,False,professional_or_unknown,True,,Wikipedia,https://en.wikipedia.org/wiki/Andrea_Pirlo,2026-08-02,1367101553
andrea-pirlo,Q43926,Andrea Pirlo,1979-05-19,Italy,midfielder,CM,MID,retired,2008–09,2008–09,2008,2009,split_year,29,ac-milan,AC Milan,serie-a,Serie A,26,1,domestic_league,False,professional_or_unknown,True,,Wikipedia,https://en.wikipedia.org/wiki/Andrea_Pirlo,2026-08-02,1367101553
andrea-pirlo,Q43926,Andrea Pirlo,1979-05-19,Italy,midfielder,CM,MID,retired,2009–10,2009–10,2009,2010,split_year,30,ac-milan,AC Milan,serie-a,Serie A,34,0,domestic_league,False,professional_or_unknown,True,,Wikipedia,https://en.wikipedia.org/wiki/Andrea_Pirlo,2026-08-02,1367101553
andrea-pirlo,Q43926,Andrea Pirlo,1979-05-19,Italy,midfielder,CM,MID,retired,2010–11,2010–11,2010,2011,split_year,31,ac-milan,AC Milan,serie-a,Serie A,17,1,domestic_league,False,professional_or_unknown,True,,Wikipedia,https://en.wikipedia.org/wiki/Andrea_Pirlo,2026-08-02,1367101553
andrea-pirlo,Q43926,Andrea Pirlo,1979-05-19,Italy,midfielder,CM,MID,retired,2011–12,2011–12,2011,2012,split_year,32,juventus,Juventus,serie-a,Serie A,37,3,domestic_league,False,professional_or_unknown,True,,Wikipedia,https://en.wikipedia.org/wiki/Andrea_Pirlo,2026-08-02,1367101553
andrea-pirlo,Q43926,Andrea Pirlo,1979-05-19,Italy,midfielder,CM,MID,retired,2012–13,2012–13,2012,2013,split_year,33,juventus,Juventus,serie-a,Serie A,32,5,domestic_league,False,professional_or_unknown,True,,Wikipedia,https://en.wikipedia.org/wiki/Andrea_Pirlo,2026-08-02,1367101553
andrea-pirlo,Q43926,Andrea Pirlo,1979-05-19,Italy,midfielder,CM,MID,retired,2013–14,2013–14,2013,2014,split_year,34,juventus,Juventus,serie-a,Serie A,30,4,domestic_league,False,professional_or_unknown,True,,Wikipedia,https://en.wikipedia.org/wiki/Andrea_Pirlo,2026-08-02,1367101553
andrea-pirlo,Q43926,Andrea Pirlo,1979-05-19,Italy,midfielder,CM,MID,retired,2014–15,2014–15,2014,2015,split_year,35,juventus,Juventus,serie-a,Serie A,20,4,domestic_league,False,professional_or_unknown,True,,Wikipedia,https://en.wikipedia.org/wiki/Andrea_Pirlo,2026-08-02,1367101553
andrea-pirlo,Q43926,Andrea Pirlo,1979-05-19,Italy,midfielder,CM,MID,retired,2015,2015,2015,2015,calendar_year,36,new-york-city-fc,New York City FC,major-league-soccer,Major League Soccer,13,0,domestic_league,False,professional_or_unknown,True,,Wikipedia,https://en.wikipedia.org/wiki/Andrea_Pirlo,2026-08-02,1367101553
andrea-pirlo,Q43926,Andrea Pirlo,1979-05-19,Italy,midfielder,CM,MID,retired,2016,2016,2016,2016,calendar_year,37,new-york-city-fc,New York City FC,major-league-soccer,Major League Soccer,32,1,domestic_league,False,professional_or_unknown,True,,Wikipedia,https://en.wikipedia.org/wiki/Andrea_Pirlo,2026-08-02,1367101553
andrea-pirlo,Q43926,Andrea Pirlo,1979-05-19,Italy,midfielder,CM,MID,retired,2017,2017,2017,2017,calendar_year,38,new-york-city-fc,New York City FC,major-league-soccer,Major League Soccer,15,0,domestic_league,False,professional_or_unknown,True,,Wikipedia,https://en.wikipedia.org/wiki/Andrea_Pirlo,2026-08-02,1367101553
andres-iniesta,Q43729,Andrés Iniesta,1984-05-11,Spain,midfielder,CM,MID,inactive,2002–03,2002–03,2002,2003,split_year,18,barcelona,Barcelona,la-liga,La Liga,6,0,domestic_league,False,professional_or_unknown,True,,Wikipedia,https://en.wikipedia.org/wiki/Andrés_Iniesta,2026-08-02,1367101611
andres-iniesta,Q43729,Andrés Iniesta,1984-05-11,Spain,midfielder,CM,MID,inactive,2003–04,2003–04,2003,2004,split_year,19,barcelona,Barcelona,la-liga,La Liga,11,1,domestic_league,False,professional_or_unknown,True,,Wikipedia,https://en.wikipedia.org/wiki/Andrés_Iniesta,2026-08-02,1367101611
andres-iniesta,Q43729,Andrés Iniesta,1984-05-11,Spain,midfielder,CM,MID,inactive,2004–05,2004–05,2004,2005,split_year,20,barcelona,Barcelona,la-liga,La Liga,37,2,domestic_league,False,professional_or_unknown,True,,Wikipedia,https://en.wikipedia.org/wiki/Andrés_Iniesta,2026-08-02,1367101611
andres-iniesta,Q43729,Andrés Iniesta,1984-05-11,Spain,midfielder,CM,MID,inactive,2005–06,2005–06,2005,2006,split_year,21,barcelona,Barcelona,la-liga,La Liga,33,0,domestic_league,False,professional_or_unknown,True,,Wikipedia,https://en.wikipedia.org/wiki/Andrés_Iniesta,2026-08-02,1367101611
andres-iniesta,Q43729,Andrés Iniesta,1984-05-11,Spain,midfielder,CM,MID,inactive,2006–07,2006–07,2006,2007,split_year,22,barcelona,Barcelona,la-liga,La Liga,37,6,domestic_league,False,professional_or_unknown,True,,Wikipedia,https://en.wikipedia.org/wiki/Andrés_Iniesta,2026-08-02,1367101611
andres-iniesta,Q43729,Andrés Iniesta,1984-05-11,Spain,midfielder,CM,MID,inactive,2007–08,2007–08,2007,2008,split_year,23,barcelona,Barcelona,la-liga,La Liga,31,3,domestic_league,False,professional_or_unknown,True,,Wikipedia,https://en.wikipedia.org/wiki/Andrés_Iniesta,2026-08-02,1367101611
andres-iniesta,Q43729,Andrés Iniesta,1984-05-11,Spain,midfielder,CM,MID,inactive,2008–09,2008–09,2008,2009,split_year,24,barcelona,Barcelona,la-liga,La Liga,26,4,domestic_league,False,professional_or_unknown,True,,Wikipedia,https://en.wikipedia.org/wiki/Andrés_Iniesta,2026-08-02,1367101611
andres-iniesta,Q43729,Andrés Iniesta,1984-05-11,Spain,midfielder,CM,MID,inactive,2009–10,2009–10,2009,2010,split_year,25,barcelona,Barcelona,la-liga,La Liga,29,1,domestic_league,False,professional_or_unknown,True,,Wikipedia,https://en.wikipedia.org/wiki/Andrés_Iniesta,2026-08-02,1367101611
andres-iniesta,Q43729,Andrés Iniesta,1984-05-11,Spain,midfielder,CM,MID,inactive,2010–11,2010–11,2010,2011,split_year,26,barcelona,Barcelona,la-liga,La Liga,34,8,domestic_league,False,professional_or_unknown,True,,Wikipedia,https://en.wikipedia.org/wiki/Andrés_Iniesta,2026-08-02,1367101611
andres-iniesta,Q43729,Andrés Iniesta,1984-05-11,Spain,midfielder,CM,MID,inactive,2011–12,2011–12,2011,2012,split_year,27,barcelona,Barcelona,la-liga,La Liga,27,2,domestic_league,False,professional_or_unknown,True,,Wikipedia,https://en.wikipedia.org/wiki/Andrés_Iniesta,2026-08-02,1367101611
andres-iniesta,Q43729,Andrés Iniesta,1984-05-11,Spain,midfielder,CM,MID,inactive,2012–13,2012–13,2012,2013,split_year,28,barcelona,Barcelona,la-liga,La Liga,31,3,domestic_league,False,professional_or_unknown,True,,Wikipedia,https://en.wikipedia.org/wiki/Andrés_Iniesta,2026-08-02,1367101611
andres-iniesta,Q43729,Andrés Iniesta,1984-05-11,Spain,midfielder,CM,MID,inactive,2013–14,2013–14,2013,2014,split_year,29,barcelona,Barcelona,la-liga,La Liga,35,3,domestic_league,False,professional_or_unknown,True,,Wikipedia,https://en.wikipedia.org/wiki/Andrés_Iniesta,2026-08-02,1367101611
andres-iniesta,Q43729,Andrés Iniesta,1984-05-11,Spain,midfielder,CM,MID,inactive,2014–15,2014–15,2014,2015,split_year,30,barcelona,Barcelona,la-liga,La Liga,24,0,domestic_league,False,professional_or_unknown,True,,Wikipedia,https://en.wikipedia.org/wiki/Andrés_Iniesta,2026-08-02,1367101611
andres-iniesta,Q43729,Andrés Iniesta,1984-05-11,Spain,midfielder,CM,MID,inactive,2015–16,2015–16,2015,2016,split_year,31,barcelona,Barcelona,la-liga,La Liga,28,1,domestic_league,False,professional_or_unknown,True,,Wikipedia,https://en.wikipedia.org/wiki/Andrés_Iniesta,2026-08-02,1367101611
andres-iniesta,Q43729,Andrés Iniesta,1984-05-11,Spain,midfielder,CM,MID,inactive,2016–17,2016–17,2016,2017,split_year,32,barcelona,Barcelona,la-liga,La Liga,23,0,domestic_league,False,professional_or_unknown,True,,Wikipedia,https://en.wikipedia.org/wiki/Andrés_Iniesta,2026-08-02,1367101611
andres-iniesta,Q43729,Andrés Iniesta,1984-05-11,Spain,midfielder,CM,MID,inactive,2017–18,2017–18,2017,2018,split_year,33,barcelona,Barcelona,la-liga,La Liga,30,1,domestic_league,False,professional_or_unknown,True,,Wikipedia,https://en.wikipedia.org/wiki/Andrés_Iniesta,2026-08-02,1367101611
andres-iniesta,Q43729,Andrés Iniesta,1984-05-11,Spain,midfielder,CM,MID,inactive,2018,2018,2018,2018,calendar_year,34,vissel-kobe,Vissel Kobe,j1-league,J1 League,14,3,domestic_league,False,professional_or_unknown,True,,Wikipedia,https://en.wikipedia.org/wiki/Andrés_Iniesta,2026-08-02,1367101611
andres-iniesta,Q43729,Andrés Iniesta,1984-05-11,Spain,midfielder,CM,MID,inactive,2019,2019,2019,2019,calendar_year,35,vissel-kobe,Vissel Kobe,j1-league,J1 League,23,6,domestic_league,False,professional_or_unknown,True,,Wikipedia,https://en.wikipedia.org/wiki/Andrés_Iniesta,2026-08-02,1367101611
andres-iniesta,Q43729,Andrés Iniesta,1984-05-11,Spain,midfielder,CM,MID,inactive,2020,2020,2020,2020,calendar_year,36,vissel-kobe,Vissel Kobe,j1-league,J1 League,26,4,domestic_league,False,professional_or_unknown,True,,Wikipedia,https://en.wikipedia.org/wiki/Andrés_Iniesta,2026-08-02,1367101611
andres-iniesta,Q43729,Andrés Iniesta,1984-05-11,Spain,midfielder,CM,MID,inactive,2021,2021,2021,2021,calendar_year,37,vissel-kobe,Vissel Kobe,j1-league,J1 League,23,6,domestic_league,False,professional_or_unknown,True,,Wikipedia,https://en.wikipedia.org/wiki/Andrés_Iniesta,2026-08-02,1367101611
andres-iniesta,Q43729,Andrés Iniesta,1984-05-11,Spain,midfielder,CM,MID,inactive,2022,2022,2022,2022,calendar_year,38,vissel-kobe,Vissel Kobe,j1-league,J1 League,24,2,domestic_league,False,professional_or_unknown,True,,Wikipedia,https://en.wikipedia.org/wiki/Andrés_Iniesta,2026-08-02,1367101611
andres-iniesta,Q43729,Andrés Iniesta,1984-05-11,Spain,midfielder,CM,MID,inactive,2023,2023,2023,2023,calendar_year,39,vissel-kobe,Vissel Kobe,j1-league,J1 League,4,0,domestic_league,False,professional_or_unknown,True,,Wikipedia,https://en.wikipedia.org/wiki/Andrés_Iniesta,2026-08-02,1367101611
andres-iniesta,Q43729,Andrés Iniesta,1984-05-11,Spain,midfielder,CM,MID,inactive,2023–24,2023–24,2023,2024,split_year,39,emirates,Emirates,uae-pro-league,UAE Pro League,20,5,domestic_league,False,professional_or_unknown,True,,Wikipedia,https://en.wikipedia.org/wiki/Andrés_Iniesta,2026-08-02,1367101611
andy-robertson,Q15915040,Andy Robertson,1994-03-11,United Kingdom,full-back,FB,DEF,active,2012–13,2012–13,2012,2013,split_year,18,queen-s-park,Queen's Park,scottish-third-division,Scottish Third Division,34,2,domestic_league,False,professional_or_unknown,True,,Wikipedia,https://en.wikipedia.org/wiki/Andy_Robertson,2026-08-02,1366996962
andy-robertson,Q15915040,Andy Robertson,1994-03-11,United Kingdom,full-back,FB,DEF,active,2013–14,2013–14,2013,2014,split_year,19,dundee-united,Dundee United,scottish-premiership,Scottish Premiership,36,3,domestic_league,False,professional_or_unknown,True,,Wikipedia,https://en.wikipedia.org/wiki/Andy_Robertson,2026-08-02,1366996962
andy-robertson,Q15915040,Andy Robertson,1994-03-11,United Kingdom,full-back,FB,DEF,active,2014–15,2014–15,2014,2015,split_year,20,hull-city,Hull City,premier-league,Premier League,24,0,domestic_league,False,professional_or_unknown,True,,Wikipedia,https://en.wikipedia.org/wiki/Andy_Robertson,2026-08-02,1366996962
andy-robertson,Q15915040,Andy Robertson,1994-03-11,United Kingdom,full-back,FB,DEF,active,2015–16,2015–16,2015,2016,split_year,21,hull-city,Hull City,championship,Championship,42,2,domestic_league,False,professional_or_unknown,True,,Wikipedia,https://en.wikipedia.org/wiki/Andy_Robertson,2026-08-02,1366996962
andy-robertson,Q15915040,Andy Robertson,1994-03-11,United Kingdom,full-back,FB,DEF,active,2016–17,2016–17,2016,2017,split_year,22,hull-city,Hull City,premier-league,Premier League,33,1,domestic_league,False,professional_or_unknown,True,,Wikipedia,https://en.wikipedia.org/wiki/Andy_Robertson,2026-08-02,1366996962
andy-robertson,Q15915040,Andy Robertson,1994-03-11,United Kingdom,full-back,FB,DEF,active,2017–18,2017–18,2017,2018,split_year,23,liverpool,Liverpool,premier-league,Premier League,22,1,domestic_league,False,professional_or_unknown,True,,Wikipedia,https://en.wikipedia.org/wiki/Andy_Robertson,2026-08-02,1366996962
andy-robertson,Q15915040,Andy Robertson,1994-03-11,United Kingdom,full-back,FB,DEF,active,2018–19,2018–19,2018,2019,split_year,24,liverpool,Liverpool,premier-league,Premier League,36,0,domestic_league,False,professional_or_unknown,True,,Wikipedia,https://en.wikipedia.org/wiki/Andy_Robertson,2026-08-02,1366996962
andy-robertson,Q15915040,Andy Robertson,1994-03-11,United Kingdom,full-back,FB,DEF,active,2019–20,2019–20,2019,2020,split_year,25,liverpool,Liverpool,premier-league,Premier League,36,2,domestic_league,False,professional_or_unknown,True,,Wikipedia,https://en.wikipedia.org/wiki/Andy_Robertson,2026-08-02,1366996962
andy-robertson,Q15915040,Andy Robertson,1994-03-11,United Kingdom,full-back,FB,DEF,active,2020–21,2020–21,2020,2021,split_year,26,liverpool,Liverpool,premier-league,Premier League,38,1,domestic_league,False,professional_or_unknown,True,,Wikipedia,https://en.wikipedia.org/wiki/Andy_Robertson,2026-08-02,1366996962
andy-robertson,Q15915040,Andy Robertson,1994-03-11,United Kingdom,full-back,FB,DEF,active,2021–22,2021–22,2021,2022,split_year,27,liverpool,Liverpool,premier-league,Premier League,29,3,domestic_league,False,professional_or_unknown,True,,Wikipedia,https://en.wikipedia.org/wiki/Andy_Robertson,2026-08-02,1366996962
andy-robertson,Q15915040,Andy Robertson,1994-03-11,United Kingdom,full-back,FB,DEF,active,2022–23,2022–23,2022,2023,split_year,28,liverpool,Liverpool,premier-league,Premier League,34,0,domestic_league,False,professional_or_unknown,True,,Wikipedia,https://en.wikipedia.org/wiki/Andy_Robertson,2026-08-02,1366996962
andy-robertson,Q15915040,Andy Robertson,1994-03-11,United Kingdom,full-back,FB,DEF,active,2023–24,2023–24,2023,2024,split_year,29,liverpool,Liverpool,premier-league,Premier League,23,3,domestic_league,False,professional_or_unknown,True,,Wikipedia,https://en.wikipedia.org/wiki/Andy_Robertson,2026-08-02,1366996962
andy-robertson,Q15915040,Andy Robertson,1994-03-11,United Kingdom,full-back,FB,DEF,active,2024–25,2024–25,2024,2025,split_year,30,liverpool,Liverpool,premier-league,Premier League,33,0,domestic_league,False,professional_or_unknown,True,,Wikipedia,https://en.wikipedia.org/wiki/Andy_Robertson,2026-08-02,1366996962
andy-robertson,Q15915040,Andy Robertson,1994-03-11,United Kingdom,full-back,FB,DEF,active,2025–26,2025–26,2025,2026,split_year,31,liverpool,Liverpool,premier-league,Premier League,24,1,domestic_league,False,professional_or_unknown,True,,Wikipedia,https://en.wikipedia.org/wiki/Andy_Robertson,2026-08-02,1366996962
andy-robertson,Q15915040,Andy Robertson,1994-03-11,United Kingdom,full-back,FB,DEF,active,2026–27,2026–27,2026,2027,split_year,32,tottenham-hotspur,Tottenham Hotspur,premier-league,Premier League,0,0,domestic_league,True,professional_or_unknown,True,,Wikipedia,https://en.wikipedia.org/wiki/Andy_Robertson,2026-08-02,1366996962
angel-di-maria,Q251683,Ángel Di María,1988-02-14,Argentina,wing half,WNG,WIDE,active,2005–06,2005–06,2005,2006,split_year,17,rosario-central,Rosario Central,argentine-primera-division,Argentine Primera División,10,0,domestic_league,False,professional_or_unknown,True,,Wikipedia,https://en.wikipedia.org/wiki/Ángel_Di_María,2026-08-02,1367101660
angel-di-maria,Q251683,Ángel Di María,1988-02-14,Argentina,wing half,WNG,WIDE,active,2006–07,2006–07,2006,2007,split_year,18,rosario-central,Rosario Central,argentine-primera-division,Argentine Primera División,25,6,domestic_league,False,professional_or_unknown,True,,Wikipedia,https://en.wikipedia.org/wiki/Ángel_Di_María,2026-08-02,1367101660
angel-di-maria,Q251683,Ángel Di María,1988-02-14,Argentina,wing half,WNG,WIDE,active,2007–08,2007–08,2007,2008,split_year,19,benfica,Benfica,primeira-liga,Primeira Liga,26,0,domestic_league,False,professional_or_unknown,True,,Wikipedia,https://en.wikipedia.org/wiki/Ángel_Di_María,2026-08-02,1367101660
angel-di-maria,Q251683,Ángel Di María,1988-02-14,Argentina,wing half,WNG,WIDE,active,2008–09,2008–09,2008,2009,split_year,20,benfica,Benfica,primeira-liga,Primeira Liga,24,2,domestic_league,False,professional_or_unknown,True,,Wikipedia,https://en.wikipedia.org/wiki/Ángel_Di_María,2026-08-02,1367101660
angel-di-maria,Q251683,Ángel Di María,1988-02-14,Argentina,wing half,WNG,WIDE,active,2009–10,2009–10,2009,2010,split_year,21,benfica,Benfica,primeira-liga,Primeira Liga,26,5,domestic_league,False,professional_or_unknown,True,,Wikipedia,https://en.wikipedia.org/wiki/Ángel_Di_María,2026-08-02,1367101660
angel-di-maria,Q251683,Ángel Di María,1988-02-14,Argentina,wing half,WNG,WIDE,active,2010–11,2010–11,2010,2011,split_year,22,real-madrid,Real Madrid,la-liga,La Liga,35,6,domestic_league,False,professional_or_unknown,True,,Wikipedia,https://en.wikipedia.org/wiki/Ángel_Di_María,2026-08-02,1367101660
angel-di-maria,Q251683,Ángel Di María,1988-02-14,Argentina,wing half,WNG,WIDE,active,2011–12,2011–12,2011,2012,split_year,23,real-madrid,Real Madrid,la-liga,La Liga,23,5,domestic_league,False,professional_or_unknown,True,,Wikipedia,https://en.wikipedia.org/wiki/Ángel_Di_María,2026-08-02,1367101660
angel-di-maria,Q251683,Ángel Di María,1988-02-14,Argentina,wing half,WNG,WIDE,active,2012–13,2012–13,2012,2013,split_year,24,real-madrid,Real Madrid,la-liga,La Liga,32,7,domestic_league,False,professional_or_unknown,True,,Wikipedia,https://en.wikipedia.org/wiki/Ángel_Di_María,2026-08-02,1367101660
angel-di-maria,Q251683,Ángel Di María,1988-02-14,Argentina,wing half,WNG,WIDE,active,2013–14,2013–14,2013,2014,split_year,25,real-madrid,Real Madrid,la-liga,La Liga,34,4,domestic_league,False,professional_or_unknown,True,,Wikipedia,https://en.wikipedia.org/wiki/Ángel_Di_María,2026-08-02,1367101660
angel-di-maria,Q251683,Ángel Di María,1988-02-14,Argentina,wing half,WNG,WIDE,active,2014–15,2014–15,2014,2015,split_year,26,manchester-united,Manchester United,premier-league,Premier League,27,3,domestic_league,False,professional_or_unknown,True,,Wikipedia,https://en.wikipedia.org/wiki/Ángel_Di_María,2026-08-02,1367101660
angel-di-maria,Q251683,Ángel Di María,1988-02-14,Argentina,wing half,WNG,WIDE,active,2014–15,2014–15,2014,2015,split_year,26,real-madrid,Real Madrid,la-liga,La Liga,0,0,domestic_league,False,professional_or_unknown,True,,Wikipedia,https://en.wikipedia.org/wiki/Ángel_Di_María,2026-08-02,1367101660
angel-di-maria,Q251683,Ángel Di María,1988-02-14,Argentina,wing half,WNG,WIDE,active,2015–16,2015–16,2015,2016,split_year,27,paris-saint-germain,Paris Saint-Germain,ligue-1,Ligue 1,29,10,domestic_league,False,professional_or_unknown,True,,Wikipedia,https://en.wikipedia.org/wiki/Ángel_Di_María,2026-08-02,1367101660
angel-di-maria,Q251683,Ángel Di María,1988-02-14,Argentina,wing half,WNG,WIDE,active,2016–17,2016–17,2016,2017,split_year,28,paris-saint-germain,Paris Saint-Germain,ligue-1,Ligue 1,29,6,domestic_league,False,professional_or_unknown,True,,Wikipedia,https://en.wikipedia.org/wiki/Ángel_Di_María,2026-08-02,1367101660
angel-di-maria,Q251683,Ángel Di María,1988-02-14,Argentina,wing half,WNG,WIDE,active,2017–18,2017–18,2017,2018,split_year,29,paris-saint-germain,Paris Saint-Germain,ligue-1,Ligue 1,30,11,domestic_league,False,professional_or_unknown,True,,Wikipedia,https://en.wikipedia.org/wiki/Ángel_Di_María,2026-08-02,1367101660
angel-di-maria,Q251683,Ángel Di María,1988-02-14,Argentina,wing half,WNG,WIDE,active,2018–19,2018–19,2018,2019,split_year,30,paris-saint-germain,Paris Saint-Germain,ligue-1,Ligue 1,30,12,domestic_league,False,professional_or_unknown,True,,Wikipedia,https://en.wikipedia.org/wiki/Ángel_Di_María,2026-08-02,1367101660
angel-di-maria,Q251683,Ángel Di María,1988-02-14,Argentina,wing half,WNG,WIDE,active,2019–20,2019–20,2019,2020,split_year,31,paris-saint-germain,Paris Saint-Germain,ligue-1,Ligue 1,26,8,domestic_league,False,professional_or_unknown,True,,Wikipedia,https://en.wikipedia.org/wiki/Ángel_Di_María,2026-08-02,1367101660
angel-di-maria,Q251683,Ángel Di María,1988-02-14,Argentina,wing half,WNG,WIDE,active,2020–21,2020–21,2020,2021,split_year,32,paris-saint-germain,Paris Saint-Germain,ligue-1,Ligue 1,27,4,domestic_league,False,professional_or_unknown,True,,Wikipedia,https://en.wikipedia.org/wiki/Ángel_Di_María,2026-08-02,1367101660
angel-di-maria,Q251683,Ángel Di María,1988-02-14,Argentina,wing half,WNG,WIDE,active,2021–22,2021–22,2021,2022,split_year,33,paris-saint-germain,Paris Saint-Germain,ligue-1,Ligue 1,26,5,domestic_league,False,professional_or_unknown,True,,Wikipedia,https://en.wikipedia.org/wiki/Ángel_Di_María,2026-08-02,1367101660
angel-di-maria,Q251683,Ángel Di María,1988-02-14,Argentina,wing half,WNG,WIDE,active,2022–23,2022–23,2022,2023,split_year,34,juventus,Juventus,serie-a,Serie A,26,4,domestic_league,False,professional_or_unknown,True,,Wikipedia,https://en.wikipedia.org/wiki/Ángel_Di_María,2026-08-02,1367101660
angel-di-maria,Q251683,Ángel Di María,1988-02-14,Argentina,wing half,WNG,WIDE,active,2023–24,2023–24,2023,2024,split_year,35,benfica,Benfica,primeira-liga,Primeira Liga,28,9,domestic_league,False,professional_or_unknown,True,,Wikipedia,https://en.wikipedia.org/wiki/Ángel_Di_María,2026-08-02,1367101660
angel-di-maria,Q251683,Ángel Di María,1988-02-14,Argentina,wing half,WNG,WIDE,active,2024–25,2024–25,2024,2025,split_year,36,benfica,Benfica,primeira-liga,Primeira Liga,25,8,domestic_league,False,professional_or_unknown,True,,Wikipedia,https://en.wikipedia.org/wiki/Ángel_Di_María,2026-08-02,1367101660
angel-di-maria,Q251683,Ángel Di María,1988-02-14,Argentina,wing half,WNG,WIDE,active,2025,2025,2025,2025,calendar_year,37,rosario-central,Rosario Central,argentine-primera-division,Argentine Primera División,16,7,domestic_league,False,professional_or_unknown,True,,Wikipedia,https://en.wikipedia.org/wiki/Ángel_Di_María,2026-08-02,1367101660
angel-di-maria,Q251683,Ángel Di María,1988-02-14,Argentina,wing half,WNG,WIDE,active,2026,2026,2026,2026,calendar_year,38,rosario-central,Rosario Central,argentine-primera-division,Argentine Primera División,15,5,domestic_league,True,professional_or_unknown,True,,Wikipedia,https://en.wikipedia.org/wiki/Ángel_Di_María,2026-08-02,1367101660
antoine-griezmann,Q455462,Antoine Griezmann,1991-03-21,France,forward,AM,MID,active,2009–10,2009–10,2009,2010,split_year,18,real-sociedad,Real Sociedad,segunda-division,Segunda División,39,6,domestic_league,False,professional_or_unknown,True,,Wikipedia,https://en.wikipedia.org/wiki/Antoine_Griezmann,2026-08-02,1367265922
antoine-griezmann,Q455462,Antoine Griezmann,1991-03-21,France,forward,AM,MID,active,2010–11,2010–11,2010,2011,split_year,19,real-sociedad,Real Sociedad,la-liga,La Liga,37,7,domestic_league,False,professional_or_unknown,True,,Wikipedia,https://en.wikipedia.org/wiki/Antoine_Griezmann,2026-08-02,1367265922
antoine-griezmann,Q455462,Antoine Griezmann,1991-03-21,France,forward,AM,MID,active,2011–12,2011–12,2011,2012,split_year,20,real-sociedad,Real Sociedad,la-liga,La Liga,35,7,domestic_league,False,professional_or_unknown,True,,Wikipedia,https://en.wikipedia.org/wiki/Antoine_Griezmann,2026-08-02,1367265922
antoine-griezmann,Q455462,Antoine Griezmann,1991-03-21,France,forward,AM,MID,active,2012–13,2012–13,2012,2013,split_year,21,real-sociedad,Real Sociedad,la-liga,La Liga,34,10,domestic_league,False,professional_or_unknown,True,,Wikipedia,https://en.wikipedia.org/wiki/Antoine_Griezmann,2026-08-02,1367265922
antoine-griezmann,Q455462,Antoine Griezmann,1991-03-21,France,forward,AM,MID,active,2013–14,2013–14,2013,2014,split_year,22,real-sociedad,Real Sociedad,la-liga,La Liga,35,16,domestic_league,False,professional_or_unknown,True,,Wikipedia,https://en.wikipedia.org/wiki/Antoine_Griezmann,2026-08-02,1367265922
antoine-griezmann,Q455462,Antoine Griezmann,1991-03-21,France,forward,AM,MID,active,2014–15,2014–15,2014,2015,split_year,23,atletico-madrid,Atlético Madrid,la-liga,La Liga,37,22,domestic_league,False,professional_or_unknown,True,,Wikipedia,https://en.wikipedia.org/wiki/Antoine_Griezmann,2026-08-02,1367265922
antoine-griezmann,Q455462,Antoine Griezmann,1991-03-21,France,forward,AM,MID,active,2015–16,2015–16,2015,2016,split_year,24,atletico-madrid,Atlético Madrid,la-liga,La Liga,38,22,domestic_league,False,professional_or_unknown,True,,Wikipedia,https://en.wikipedia.org/wiki/Antoine_Griezmann,2026-08-02,1367265922
antoine-griezmann,Q455462,Antoine Griezmann,1991-03-21,France,forward,AM,MID,active,2016–17,2016–17,2016,2017,split_year,25,atletico-madrid,Atlético Madrid,la-liga,La Liga,36,16,domestic_league,False,professional_or_unknown,True,,Wikipedia,https://en.wikipedia.org/wiki/Antoine_Griezmann,2026-08-02,1367265922
antoine-griezmann,Q455462,Antoine Griezmann,1991-03-21,France,forward,AM,MID,active,2017–18,2017–18,2017,2018,split_year,26,atletico-madrid,Atlético Madrid,la-liga,La Liga,32,19,domestic_league,False,professional_or_unknown,True,,Wikipedia,https://en.wikipedia.org/wiki/Antoine_Griezmann,2026-08-02,1367265922
antoine-griezmann,Q455462,Antoine Griezmann,1991-03-21,France,forward,AM,MID,active,2018–19,2018–19,2018,2019,split_year,27,atletico-madrid,Atlético Madrid,la-liga,La Liga,37,15,domestic_league,False,professional_or_unknown,True,,Wikipedia,https://en.wikipedia.org/wiki/Antoine_Griezmann,2026-08-02,1367265922
antoine-griezmann,Q455462,Antoine Griezmann,1991-03-21,France,forward,AM,MID,active,2019–20,2019–20,2019,2020,split_year,28,barcelona,Barcelona,la-liga,La Liga,35,9,domestic_league,False,professional_or_unknown,True,,Wikipedia,https://en.wikipedia.org/wiki/Antoine_Griezmann,2026-08-02,1367265922
antoine-griezmann,Q455462,Antoine Griezmann,1991-03-21,France,forward,AM,MID,active,2020–21,2020–21,2020,2021,split_year,29,barcelona,Barcelona,la-liga,La Liga,36,13,domestic_league,False,professional_or_unknown,True,,Wikipedia,https://en.wikipedia.org/wiki/Antoine_Griezmann,2026-08-02,1367265922
antoine-griezmann,Q455462,Antoine Griezmann,1991-03-21,France,forward,AM,MID,active,2021–22,2021–22,2021,2022,split_year,30,atletico-madrid-loan,Atlético Madrid (loan),la-liga,La Liga,26,3,domestic_league,False,professional_or_unknown,True,,Wikipedia,https://en.wikipedia.org/wiki/Antoine_Griezmann,2026-08-02,1367265922
antoine-griezmann,Q455462,Antoine Griezmann,1991-03-21,France,forward,AM,MID,active,2021–22,2021–22,2021,2022,split_year,30,barcelona,Barcelona,la-liga,La Liga,3,0,domestic_league,False,professional_or_unknown,True,,Wikipedia,https://en.wikipedia.org/wiki/Antoine_Griezmann,2026-08-02,1367265922
antoine-griezmann,Q455462,Antoine Griezmann,1991-03-21,France,forward,AM,MID,active,2022–23,2022–23,2022,2023,split_year,31,atletico-madrid,Atlético Madrid,la-liga,La Liga,38,15,domestic_league,False,professional_or_unknown,True,,Wikipedia,https://en.wikipedia.org/wiki/Antoine_Griezmann,2026-08-02,1367265922
antoine-griezmann,Q455462,Antoine Griezmann,1991-03-21,France,forward,AM,MID,active,2023–24,2023–24,2023,2024,split_year,32,atletico-madrid,Atlético Madrid,la-liga,La Liga,33,16,domestic_league,False,professional_or_unknown,True,,Wikipedia,https://en.wikipedia.org/wiki/Antoine_Griezmann,2026-08-02,1367265922
antoine-griezmann,Q455462,Antoine Griezmann,1991-03-21,France,forward,AM,MID,active,2024–25,2024–25,2024,2025,split_year,33,atletico-madrid,Atlético Madrid,la-liga,La Liga,38,8,domestic_league,False,professional_or_unknown,True,,Wikipedia,https://en.wikipedia.org/wiki/Antoine_Griezmann,2026-08-02,1367265922
antoine-griezmann,Q455462,Antoine Griezmann,1991-03-21,France,forward,AM,MID,active,2025–26,2025–26,2025,2026,split_year,34,atletico-madrid,Atlético Madrid,la-liga,La Liga,34,7,domestic_league,False,professional_or_unknown,True,,Wikipedia,https://en.wikipedia.org/wiki/Antoine_Griezmann,2026-08-02,1367265922
antoine-griezmann,Q455462,Antoine Griezmann,1991-03-21,France,forward,AM,MID,active,2026,2026,2026,2026,calendar_year,35,orlando-city,Orlando City,major-league-soccer,Major League Soccer,3,1,domestic_league,True,professional_or_unknown,True,,Wikipedia,https://en.wikipedia.org/wiki/Antoine_Griezmann,2026-08-02,1367265922
antonio-rudiger,Q96755,Antonio Rüdiger,1993-03-03,Germany,centre-back,CB,DEF,active,2011–12,2011–12,2011,2012,split_year,18,vfb-stuttgart,VfB Stuttgart,bundesliga,Bundesliga,1,0,domestic_league,False,professional_or_unknown,True,,Wikipedia,https://en.wikipedia.org/wiki/Antonio_Rüdiger,2026-08-02,1367101765
antonio-rudiger,Q96755,Antonio Rüdiger,1993-03-03,Germany,centre-back,CB,DEF,active,2012–13,2012–13,2012,2013,split_year,19,vfb-stuttgart,VfB Stuttgart,bundesliga,Bundesliga,16,0,domestic_league,False,professional_or_unknown,True,,Wikipedia,https://en.wikipedia.org/wiki/Antonio_Rüdiger,2026-08-02,1367101765
antonio-rudiger,Q96755,Antonio Rüdiger,1993-03-03,Germany,centre-back,CB,DEF,active,2013–14,2013–14,2013,2014,split_year,20,vfb-stuttgart,VfB Stuttgart,bundesliga,Bundesliga,30,2,domestic_league,False,professional_or_unknown,True,,Wikipedia,https://en.wikipedia.org/wiki/Antonio_Rüdiger,2026-08-02,1367101765
antonio-rudiger,Q96755,Antonio Rüdiger,1993-03-03,Germany,centre-back,CB,DEF,active,2014–15,2014–15,2014,2015,split_year,21,vfb-stuttgart,VfB Stuttgart,bundesliga,Bundesliga,19,0,domestic_league,False,professional_or_unknown,True,,Wikipedia,https://en.wikipedia.org/wiki/Antonio_Rüdiger,2026-08-02,1367101765
antonio-rudiger,Q96755,Antonio Rüdiger,1993-03-03,Germany,centre-back,CB,DEF,active,2015–16,2015–16,2015,2016,split_year,22,roma-loan,Roma (loan),serie-a,Serie A,30,2,domestic_league,False,professional_or_unknown,True,,Wikipedia,https://en.wikipedia.org/wiki/Antonio_Rüdiger,2026-08-02,1367101765
antonio-rudiger,Q96755,Antonio Rüdiger,1993-03-03,Germany,centre-back,CB,DEF,active,2016–17,2016–17,2016,2017,split_year,23,roma,Roma,serie-a,Serie A,26,0,domestic_league,False,professional_or_unknown,True,,Wikipedia,https://en.wikipedia.org/wiki/Antonio_Rüdiger,2026-08-02,1367101765
antonio-rudiger,Q96755,Antonio Rüdiger,1993-03-03,Germany,centre-back,CB,DEF,active,2017–18,2017–18,2017,2018,split_year,24,chelsea,Chelsea,premier-league,Premier League,27,2,domestic_league,False,professional_or_unknown,True,,Wikipedia,https://en.wikipedia.org/wiki/Antonio_Rüdiger,2026-08-02,1367101765
antonio-rudiger,Q96755,Antonio Rüdiger,1993-03-03,Germany,centre-back,CB,DEF,active,2018–19,2018–19,2018,2019,split_year,25,chelsea,Chelsea,premier-league,Premier League,33,1,domestic_league,False,professional_or_unknown,True,,Wikipedia,https://en.wikipedia.org/wiki/Antonio_Rüdiger,2026-08-02,1367101765
antonio-rudiger,Q96755,Antonio Rüdiger,1993-03-03,Germany,centre-back,CB,DEF,active,2019–20,2019–20,2019,2020,split_year,26,chelsea,Chelsea,premier-league,Premier League,20,2,domestic_league,False,professional_or_unknown,True,,Wikipedia,https://en.wikipedia.org/wiki/Antonio_Rüdiger,2026-08-02,1367101765
antonio-rudiger,Q96755,Antonio Rüdiger,1993-03-03,Germany,centre-back,CB,DEF,active,2020–21,2020–21,2020,2021,split_year,27,chelsea,Chelsea,premier-league,Premier League,19,1,domestic_league,False,professional_or_unknown,True,,Wikipedia,https://en.wikipedia.org/wiki/Antonio_Rüdiger,2026-08-02,1367101765
antonio-rudiger,Q96755,Antonio Rüdiger,1993-03-03,Germany,centre-back,CB,DEF,active,2021–22,2021–22,2021,2022,split_year,28,chelsea,Chelsea,premier-league,Premier League,34,3,domestic_league,False,professional_or_unknown,True,,Wikipedia,https://en.wikipedia.org/wiki/Antonio_Rüdiger,2026-08-02,1367101765
antonio-rudiger,Q96755,Antonio Rüdiger,1993-03-03,Germany,centre-back,CB,DEF,active,2022–23,2022–23,2022,2023,split_year,29,real-madrid,Real Madrid,la-liga,La Liga,33,1,domestic_league,False,professional_or_unknown,True,,Wikipedia,https://en.wikipedia.org/wiki/Antonio_Rüdiger,2026-08-02,1367101765
antonio-rudiger,Q96755,Antonio Rüdiger,1993-03-03,Germany,centre-back,CB,DEF,active,2023–24,2023–24,2023,2024,split_year,30,real-madrid,Real Madrid,la-liga,La Liga,33,1,domestic_league,False,professional_or_unknown,True,,Wikipedia,https://en.wikipedia.org/wiki/Antonio_Rüdiger,2026-08-02,1367101765
antonio-rudiger,Q96755,Antonio Rüdiger,1993-03-03,Germany,centre-back,CB,DEF,active,2024–25,2024–25,2024,2025,split_year,31,real-madrid,Real Madrid,la-liga,La Liga,29,0,domestic_league,False,professional_or_unknown,True,,Wikipedia,https://en.wikipedia.org/wiki/Antonio_Rüdiger,2026-08-02,1367101765
antonio-rudiger,Q96755,Antonio Rüdiger,1993-03-03,Germany,centre-back,CB,DEF,active,2025–26,2025–26,2025,2026,split_year,32,real-madrid,Real Madrid,la-liga,La Liga,18,1,domestic_league,False,professional_or_unknown,True,,Wikipedia,https://en.wikipedia.org/wiki/Antonio_Rüdiger,2026-08-02,1367101765
antonio-rudiger,Q96755,Antonio Rüdiger,1993-03-03,Germany,centre-back,CB,DEF,active,2026–27,2026–27,2026,2027,split_year,33,real-madrid,Real Madrid,la-liga,La Liga,0,0,domestic_league,True,professional_or_unknown,True,,Wikipedia,https://en.wikipedia.org/wiki/Antonio_Rüdiger,2026-08-02,1367101765
arda-turan,Q487459,Arda Turan,1987-01-30,Turkey,midfielder,WNG,WIDE,retired,2004–05,2004–05,2004,2005,split_year,17,galatasaray,Galatasaray,super-lig,Süper Lig,1,0,domestic_league,False,professional_or_unknown,True,,Wikipedia,https://en.wikipedia.org/wiki/Arda_Turan,2026-08-02,1366029161
arda-turan,Q487459,Arda Turan,1987-01-30,Turkey,midfielder,WNG,WIDE,retired,2005–06,2005–06,2005,2006,split_year,18,manisaspor-loan,Manisaspor (loan),super-lig,Süper Lig,15,2,domestic_league,False,professional_or_unknown,True,,Wikipedia,https://en.wikipedia.org/wiki/Arda_Turan,2026-08-02,1366029161
arda-turan,Q487459,Arda Turan,1987-01-30,Turkey,midfielder,WNG,WIDE,retired,2006–07,2006–07,2006,2007,split_year,19,galatasaray,Galatasaray,super-lig,Süper Lig,29,5,domestic_league,False,professional_or_unknown,True,,Wikipedia,https://en.wikipedia.org/wiki/Arda_Turan,2026-08-02,1366029161
arda-turan,Q487459,Arda Turan,1987-01-30,Turkey,midfielder,WNG,WIDE,retired,2007–08,2007–08,2007,2008,split_year,20,galatasaray,Galatasaray,super-lig,Süper Lig,30,7,domestic_league,False,professional_or_unknown,True,,Wikipedia,https://en.wikipedia.org/wiki/Arda_Turan,2026-08-02,1366029161
arda-turan,Q487459,Arda Turan,1987-01-30,Turkey,midfielder,WNG,WIDE,retired,2008–09,2008–09,2008,2009,split_year,21,galatasaray,Galatasaray,super-lig,Süper Lig,29,8,domestic_league,False,professional_or_unknown,True,,Wikipedia,https://en.wikipedia.org/wiki/Arda_Turan,2026-08-02,1366029161
arda-turan,Q487459,Arda Turan,1987-01-30,Turkey,midfielder,WNG,WIDE,retired,2009–10,2009–10,2009,2010,split_year,22,galatasaray,Galatasaray,super-lig,Süper Lig,29,7,domestic_league,False,professional_or_unknown,True,,Wikipedia,https://en.wikipedia.org/wiki/Arda_Turan,2026-08-02,1366029161
arda-turan,Q487459,Arda Turan,1987-01-30,Turkey,midfielder,WNG,WIDE,retired,2010–11,2010–11,2010,2011,split_year,23,galatasaray,Galatasaray,super-lig,Süper Lig,12,2,domestic_league,False,professional_or_unknown,True,,Wikipedia,https://en.wikipedia.org/wiki/Arda_Turan,2026-08-02,1366029161
arda-turan,Q487459,Arda Turan,1987-01-30,Turkey,midfielder,WNG,WIDE,retired,2011–12,2011–12,2011,2012,split_year,24,atletico-madrid,Atlético Madrid,la-liga,La Liga,33,3,domestic_league,False,professional_or_unknown,True,,Wikipedia,https://en.wikipedia.org/wiki/Arda_Turan,2026-08-02,1366029161
arda-turan,Q487459,Arda Turan,1987-01-30,Turkey,midfielder,WNG,WIDE,retired,2012–13,2012–13,2012,2013,split_year,25,atletico-madrid,Atlético Madrid,la-liga,La Liga,32,5,domestic_league,False,professional_or_unknown,True,,Wikipedia,https://en.wikipedia.org/wiki/Arda_Turan,2026-08-02,1366029161
arda-turan,Q487459,Arda Turan,1987-01-30,Turkey,midfielder,WNG,WIDE,retired,2013–14,2013–14,2013,2014,split_year,26,atletico-madrid,Atlético Madrid,la-liga,La Liga,30,3,domestic_league,False,professional_or_unknown,True,,Wikipedia,https://en.wikipedia.org/wiki/Arda_Turan,2026-08-02,1366029161
arda-turan,Q487459,Arda Turan,1987-01-30,Turkey,midfielder,WNG,WIDE,retired,2014–15,2014–15,2014,2015,split_year,27,atletico-madrid,Atlético Madrid,la-liga,La Liga,32,2,domestic_league,False,professional_or_unknown,True,,Wikipedia,https://en.wikipedia.org/wiki/Arda_Turan,2026-08-02,1366029161
arda-turan,Q487459,Arda Turan,1987-01-30,Turkey,midfielder,WNG,WIDE,retired,2015–16,2015–16,2015,2016,split_year,28,barcelona,Barcelona,la-liga,La Liga,18,2,domestic_league,False,professional_or_unknown,True,,Wikipedia,https://en.wikipedia.org/wiki/Arda_Turan,2026-08-02,1366029161
arda-turan,Q487459,Arda Turan,1987-01-30,Turkey,midfielder,WNG,WIDE,retired,2016–17,2016–17,2016,2017,split_year,29,barcelona,Barcelona,la-liga,La Liga,18,3,domestic_league,False,professional_or_unknown,True,,Wikipedia,https://en.wikipedia.org/wiki/Arda_Turan,2026-08-02,1366029161
arda-turan,Q487459,Arda Turan,1987-01-30,Turkey,midfielder,WNG,WIDE,retired,2017–18,2017–18,2017,2018,split_year,30,barcelona,Barcelona,la-liga,La Liga,0,0,domestic_league,False,professional_or_unknown,True,,Wikipedia,https://en.wikipedia.org/wiki/Arda_Turan,2026-08-02,1366029161
arda-turan,Q487459,Arda Turan,1987-01-30,Turkey,midfielder,WNG,WIDE,retired,2017–18,2017–18,2017,2018,split_year,30,istanbul-basaksehir-loan,İstanbul Başakşehir (loan),super-lig,Süper Lig,11,2,domestic_league,False,professional_or_unknown,True,,Wikipedia,https://en.wikipedia.org/wiki/Arda_Turan,2026-08-02,1366029161
arda-turan,Q487459,Arda Turan,1987-01-30,Turkey,midfielder,WNG,WIDE,retired,2018–19,2018–19,2018,2019,split_year,31,istanbul-basaksehir-loan,İstanbul Başakşehir (loan),super-lig,Süper Lig,17,0,domestic_league,False,professional_or_unknown,True,,Wikipedia,https://en.wikipedia.org/wiki/Arda_Turan,2026-08-02,1366029161
arda-turan,Q487459,Arda Turan,1987-01-30,Turkey,midfielder,WNG,WIDE,retired,2019–20,2019–20,2019,2020,split_year,32,istanbul-basaksehir-loan,İstanbul Başakşehir (loan),super-lig,Süper Lig,9,0,domestic_league,False,professional_or_unknown,True,,Wikipedia,https://en.wikipedia.org/wiki/Arda_Turan,2026-08-02,1366029161
arda-turan,Q487459,Arda Turan,1987-01-30,Turkey,midfielder,WNG,WIDE,retired,2020–21,2020–21,2020,2021,split_year,33,galatasaray,Galatasaray,super-lig,Süper Lig,32,4,domestic_league,False,professional_or_unknown,True,,Wikipedia,https://en.wikipedia.org/wiki/Arda_Turan,2026-08-02,1366029161
arda-turan,Q487459,Arda Turan,1987-01-30,Turkey,midfielder,WNG,WIDE,retired,2021–22,2021–22,2021,2022,split_year,34,galatasaray,Galatasaray,super-lig,Süper Lig,7,0,domestic_league,False,professional_or_unknown,True,,Wikipedia,https://en.wikipedia.org/wiki/Arda_Turan,2026-08-02,1366029161
arjen-robben,Q43913,Arjen Robben,1984-01-23,Kingdom of the Netherlands,attacking midfielder,WNG,WIDE,retired,2000–01,2000–01,2000,2001,split_year,16,groningen,Groningen,eredivisie,Eredivisie,18,2,domestic_league,False,professional_or_unknown,True,,Wikipedia,https://en.wikipedia.org/wiki/Arjen_Robben,2026-08-02,1366146766
arjen-robben,Q43913,Arjen Robben,1984-01-23,Kingdom of the Netherlands,attacking midfielder,WNG,WIDE,retired,2001–02,2001–02,2001,2002,split_year,17,groningen,Groningen,eredivisie,Eredivisie,28,6,domestic_league,False,professional_or_unknown,True,,Wikipedia,https://en.wikipedia.org/wiki/Arjen_Robben,2026-08-02,1366146766
arjen-robben,Q43913,Arjen Robben,1984-01-23,Kingdom of the Netherlands,attacking midfielder,WNG,WIDE,retired,2002–03,2002–03,2002,2003,split_year,18,psv,PSV,eredivisie,Eredivisie,33,12,domestic_league,False,professional_or_unknown,True,,Wikipedia,https://en.wikipedia.org/wiki/Arjen_Robben,2026-08-02,1366146766
arjen-robben,Q43913,Arjen Robben,1984-01-23,Kingdom of the Netherlands,attacking midfielder,WNG,WIDE,retired,2003–04,2003–04,2003,2004,split_year,19,psv,PSV,eredivisie,Eredivisie,23,5,domestic_league,False,professional_or_unknown,True,,Wikipedia,https://en.wikipedia.org/wiki/Arjen_Robben,2026-08-02,1366146766
arjen-robben,Q43913,Arjen Robben,1984-01-23,Kingdom of the Netherlands,attacking midfielder,WNG,WIDE,retired,2004–05,2004–05,2004,2005,split_year,20,chelsea,Chelsea,premier-league,Premier League,18,7,domestic_league,False,professional_or_unknown,True,,Wikipedia,https://en.wikipedia.org/wiki/Arjen_Robben,2026-08-02,1366146766
arjen-robben,Q43913,Arjen Robben,1984-01-23,Kingdom of the Netherlands,attacking midfielder,WNG,WIDE,retired,2005–06,2005–06,2005,2006,split_year,21,chelsea,Chelsea,premier-league,Premier League,28,6,domestic_league,False,professional_or_unknown,True,,Wikipedia,https://en.wikipedia.org/wiki/Arjen_Robben,2026-08-02,1366146766
arjen-robben,Q43913,Arjen Robben,1984-01-23,Kingdom of the Netherlands,attacking midfielder,WNG,WIDE,retired,2006–07,2006–07,2006,2007,split_year,22,chelsea,Chelsea,premier-league,Premier League,21,2,domestic_league,False,professional_or_unknown,True,,Wikipedia,https://en.wikipedia.org/wiki/Arjen_Robben,2026-08-02,1366146766
arjen-robben,Q43913,Arjen Robben,1984-01-23,Kingdom of the Netherlands,attacking midfielder,WNG,WIDE,retired,2007–08,2007–08,2007,2008,split_year,23,real-madrid,Real Madrid,la-liga,La Liga,21,4,domestic_league,False,professional_or_unknown,True,,Wikipedia,https://en.wikipedia.org/wiki/Arjen_Robben,2026-08-02,1366146766
arjen-robben,Q43913,Arjen Robben,1984-01-23,Kingdom of the Netherlands,attacking midfielder,WNG,WIDE,retired,2008–09,2008–09,2008,2009,split_year,24,real-madrid,Real Madrid,la-liga,La Liga,29,7,domestic_league,False,professional_or_unknown,True,,Wikipedia,https://en.wikipedia.org/wiki/Arjen_Robben,2026-08-02,1366146766
arjen-robben,Q43913,Arjen Robben,1984-01-23,Kingdom of the Netherlands,attacking midfielder,WNG,WIDE,retired,2009–10,2009–10,2009,2010,split_year,25,bayern-munich,Bayern Munich,bundesliga,Bundesliga,24,16,domestic_league,False,professional_or_unknown,True,,Wikipedia,https://en.wikipedia.org/wiki/Arjen_Robben,2026-08-02,1366146766
arjen-robben,Q43913,Arjen Robben,1984-01-23,Kingdom of the Netherlands,attacking midfielder,WNG,WIDE,retired,2010–11,2010–11,2010,2011,split_year,26,bayern-munich,Bayern Munich,bundesliga,Bundesliga,14,12,domestic_league,False,professional_or_unknown,True,,Wikipedia,https://en.wikipedia.org/wiki/Arjen_Robben,2026-08-02,1366146766
arjen-robben,Q43913,Arjen Robben,1984-01-23,Kingdom of the Netherlands,attacking midfielder,WNG,WIDE,retired,2011–12,2011–12,2011,2012,split_year,27,bayern-munich,Bayern Munich,bundesliga,Bundesliga,24,12,domestic_league,False,professional_or_unknown,True,,Wikipedia,https://en.wikipedia.org/wiki/Arjen_Robben,2026-08-02,1366146766
arjen-robben,Q43913,Arjen Robben,1984-01-23,Kingdom of the Netherlands,attacking midfielder,WNG,WIDE,retired,2012–13,2012–13,2012,2013,split_year,28,bayern-munich,Bayern Munich,bundesliga,Bundesliga,16,5,domestic_league,False,professional_or_unknown,True,,Wikipedia,https://en.wikipedia.org/wiki/Arjen_Robben,2026-08-02,1366146766
arjen-robben,Q43913,Arjen Robben,1984-01-23,Kingdom of the Netherlands,attacking midfielder,WNG,WIDE,retired,2013–14,2013–14,2013,2014,split_year,29,bayern-munich,Bayern Munich,bundesliga,Bundesliga,28,11,domestic_league,False,professional_or_unknown,True,,Wikipedia,https://en.wikipedia.org/wiki/Arjen_Robben,2026-08-02,1366146766
arjen-robben,Q43913,Arjen Robben,1984-01-23,Kingdom of the Netherlands,attacking midfielder,WNG,WIDE,retired,2014–15,2014–15,2014,2015,split_year,30,bayern-munich,Bayern Munich,bundesliga,Bundesliga,21,17,domestic_league,False,professional_or_unknown,True,,Wikipedia,https://en.wikipedia.org/wiki/Arjen_Robben,2026-08-02,1366146766
arjen-robben,Q43913,Arjen Robben,1984-01-23,Kingdom of the Netherlands,attacking midfielder,WNG,WIDE,retired,2015–16,2015–16,2015,2016,split_year,31,bayern-munich,Bayern Munich,bundesliga,Bundesliga,15,4,domestic_league,False,professional_or_unknown,True,,Wikipedia,https://en.wikipedia.org/wiki/Arjen_Robben,2026-08-02,1366146766
arjen-robben,Q43913,Arjen Robben,1984-01-23,Kingdom of the Netherlands,attacking midfielder,WNG,WIDE,retired,2016–17,2016–17,2016,2017,split_year,32,bayern-munich,Bayern Munich,bundesliga,Bundesliga,26,13,domestic_league,False,professional_or_unknown,True,,Wikipedia,https://en.wikipedia.org/wiki/Arjen_Robben,2026-08-02,1366146766
arjen-robben,Q43913,Arjen Robben,1984-01-23,Kingdom of the Netherlands,attacking midfielder,WNG,WIDE,retired,2017–18,2017–18,2017,2018,split_year,33,bayern-munich,Bayern Munich,bundesliga,Bundesliga,21,5,domestic_league,False,professional_or_unknown,True,,Wikipedia,https://en.wikipedia.org/wiki/Arjen_Robben,2026-08-02,1366146766
arjen-robben,Q43913,Arjen Robben,1984-01-23,Kingdom of the Netherlands,attacking midfielder,WNG,WIDE,retired,2018–19,2018–19,2018,2019,split_year,34,bayern-munich,Bayern Munich,bundesliga,Bundesliga,12,4,domestic_league,False,professional_or_unknown,True,,Wikipedia,https://en.wikipedia.org/wiki/Arjen_Robben,2026-08-02,1366146766
arjen-robben,Q43913,Arjen Robben,1984-01-23,Kingdom of the Netherlands,attacking midfielder,WNG,WIDE,retired,2020–21,2020–21,2020,2021,split_year,36,groningen,Groningen,eredivisie,Eredivisie,6,0,domestic_league,False,professional_or_unknown,True,,Wikipedia,https://en.wikipedia.org/wiki/Arjen_Robben,2026-08-02,1366146766
ashley-cole,Q133556,Ashley Cole,1980-12-20,United Kingdom,full-back,FB,DEF,retired,1999–2000,1999–2000,1999,2000,split_year,19,arsenal,Arsenal,premier-league,Premier League,1,0,domestic_league,False,professional_or_unknown,True,,Wikipedia,https://en.wikipedia.org/wiki/Ashley_Cole,2026-08-02,1362165993
ashley-cole,Q133556,Ashley Cole,1980-12-20,United Kingdom,full-back,FB,DEF,retired,1999–2000,1999–2000,1999,2000,split_year,19,crystal-palace-loan,Crystal Palace (loan),first-division,First Division,14,1,domestic_league,False,professional_or_unknown,True,,Wikipedia,https://en.wikipedia.org/wiki/Ashley_Cole,2026-08-02,1362165993
ashley-cole,Q133556,Ashley Cole,1980-12-20,United Kingdom,full-back,FB,DEF,retired,2000–01,2000–01,2000,2001,split_year,20,arsenal,Arsenal,premier-league,Premier League,17,3,domestic_league,False,professional_or_unknown,True,,Wikipedia,https://en.wikipedia.org/wiki/Ashley_Cole,2026-08-02,1362165993
ashley-cole,Q133556,Ashley Cole,1980-12-20,United Kingdom,full-back,FB,DEF,retired,2001–02,2001–02,2001,2002,split_year,21,arsenal,Arsenal,premier-league,Premier League,29,2,domestic_league,False,professional_or_unknown,True,,Wikipedia,https://en.wikipedia.org/wiki/Ashley_Cole,2026-08-02,1362165993
ashley-cole,Q133556,Ashley Cole,1980-12-20,United Kingdom,full-back,FB,DEF,retired,2002–03,2002–03,2002,2003,split_year,22,arsenal,Arsenal,premier-league,Premier League,31,1,domestic_league,False,professional_or_unknown,True,,Wikipedia,https://en.wikipedia.org/wiki/Ashley_Cole,2026-08-02,1362165993
ashley-cole,Q133556,Ashley Cole,1980-12-20,United Kingdom,full-back,FB,DEF,retired,2003–04,2003–04,2003,2004,split_year,23,arsenal,Arsenal,premier-league,Premier League,32,0,domestic_league,False,professional_or_unknown,True,,Wikipedia,https://en.wikipedia.org/wiki/Ashley_Cole,2026-08-02,1362165993
ashley-cole,Q133556,Ashley Cole,1980-12-20,United Kingdom,full-back,FB,DEF,retired,2004–05,2004–05,2004,2005,split_year,24,arsenal,Arsenal,premier-league,Premier League,35,2,domestic_league,False,professional_or_unknown,True,,Wikipedia,https://en.wikipedia.org/wiki/Ashley_Cole,2026-08-02,1362165993
ashley-cole,Q133556,Ashley Cole,1980-12-20,United Kingdom,full-back,FB,DEF,retired,2005–06,2005–06,2005,2006,split_year,25,arsenal,Arsenal,premier-league,Premier League,11,0,domestic_league,False,professional_or_unknown,True,,Wikipedia,https://en.wikipedia.org/wiki/Ashley_Cole,2026-08-02,1362165993
ashley-cole,Q133556,Ashley Cole,1980-12-20,United Kingdom,full-back,FB,DEF,retired,2006–07,2006–07,2006,2007,split_year,26,chelsea,Chelsea,premier-league,Premier League,23,0,domestic_league,False,professional_or_unknown,True,,Wikipedia,https://en.wikipedia.org/wiki/Ashley_Cole,2026-08-02,1362165993
ashley-cole,Q133556,Ashley Cole,1980-12-20,United Kingdom,full-back,FB,DEF,retired,2007–08,2007–08,2007,2008,split_year,27,chelsea,Chelsea,premier-league,Premier League,27,1,domestic_league,False,professional_or_unknown,True,,Wikipedia,https://en.wikipedia.org/wiki/Ashley_Cole,2026-08-02,1362165993
ashley-cole,Q133556,Ashley Cole,1980-12-20,United Kingdom,full-back,FB,DEF,retired,2008–09,2008–09,2008,2009,split_year,28,chelsea,Chelsea,premier-league,Premier League,34,1,domestic_league,False,professional_or_unknown,True,,Wikipedia,https://en.wikipedia.org/wiki/Ashley_Cole,2026-08-02,1362165993
ashley-cole,Q133556,Ashley Cole,1980-12-20,United Kingdom,full-back,FB,DEF,retired,2009–10,2009–10,2009,2010,split_year,29,chelsea,Chelsea,premier-league,Premier League,27,4,domestic_league,False,professional_or_unknown,True,,Wikipedia,https://en.wikipedia.org/wiki/Ashley_Cole,2026-08-02,1362165993
ashley-cole,Q133556,Ashley Cole,1980-12-20,United Kingdom,full-back,FB,DEF,retired,2010–11,2010–11,2010,2011,split_year,30,chelsea,Chelsea,premier-league,Premier League,38,0,domestic_league,False,professional_or_unknown,True,,Wikipedia,https://en.wikipedia.org/wiki/Ashley_Cole,2026-08-02,1362165993
ashley-cole,Q133556,Ashley Cole,1980-12-20,United Kingdom,full-back,FB,DEF,retired,2011–12,2011–12,2011,2012,split_year,31,chelsea,Chelsea,premier-league,Premier League,32,0,domestic_league,False,professional_or_unknown,True,,Wikipedia,https://en.wikipedia.org/wiki/Ashley_Cole,2026-08-02,1362165993
ashley-cole,Q133556,Ashley Cole,1980-12-20,United Kingdom,full-back,FB,DEF,retired,2012–13,2012–13,2012,2013,split_year,32,chelsea,Chelsea,premier-league,Premier League,31,1,domestic_league,False,professional_or_unknown,True,,Wikipedia,https://en.wikipedia.org/wiki/Ashley_Cole,2026-08-02,1362165993
ashley-cole,Q133556,Ashley Cole,1980-12-20,United Kingdom,full-back,FB,DEF,retired,2013–14,2013–14,2013,2014,split_year,33,chelsea,Chelsea,premier-league,Premier League,17,0,domestic_league,False,professional_or_unknown,True,,Wikipedia,https://en.wikipedia.org/wiki/Ashley_Cole,2026-08-02,1362165993
ashley-cole,Q133556,Ashley Cole,1980-12-20,United Kingdom,full-back,FB,DEF,retired,2014–15,2014–15,2014,2015,split_year,34,roma,Roma,serie-a,Serie A,11,0,domestic_league,False,professional_or_unknown,True,,Wikipedia,https://en.wikipedia.org/wiki/Ashley_Cole,2026-08-02,1362165993
ashley-cole,Q133556,Ashley Cole,1980-12-20,United Kingdom,full-back,FB,DEF,retired,2015–16,2015–16,2015,2016,split_year,35,roma,Roma,serie-a,Serie A,0,0,domestic_league,False,professional_or_unknown,True,,Wikipedia,https://en.wikipedia.org/wiki/Ashley_Cole,2026-08-02,1362165993
ashley-cole,Q133556,Ashley Cole,1980-12-20,United Kingdom,full-back,FB,DEF,retired,2016,2016,2016,2016,calendar_year,36,la-galaxy,LA Galaxy,major-league-soccer,Major League Soccer,29,1,domestic_league,False,professional_or_unknown,True,,Wikipedia,https://en.wikipedia.org/wiki/Ashley_Cole,2026-08-02,1362165993
ashley-cole,Q133556,Ashley Cole,1980-12-20,United Kingdom,full-back,FB,DEF,retired,2017,2017,2017,2017,calendar_year,37,la-galaxy,LA Galaxy,major-league-soccer,Major League Soccer,29,1,domestic_league,False,professional_or_unknown,True,,Wikipedia,https://en.wikipedia.org/wiki/Ashley_Cole,2026-08-02,1362165993
ashley-cole,Q133556,Ashley Cole,1980-12-20,United Kingdom,full-back,FB,DEF,retired,2018,2018,2018,2018,calendar_year,38,la-galaxy,LA Galaxy,major-league-soccer,Major League Soccer,31,1,domestic_league,False,professional_or_unknown,True,,Wikipedia,https://en.wikipedia.org/wiki/Ashley_Cole,2026-08-02,1362165993
ashley-cole,Q133556,Ashley Cole,1980-12-20,United Kingdom,full-back,FB,DEF,retired,2018–19,2018–19,2018,2019,split_year,38,derby-county,Derby County,championship,Championship,9,0,domestic_league,False,professional_or_unknown,True,,Wikipedia,https://en.wikipedia.org/wiki/Ashley_Cole,2026-08-02,1362165993
aurelien-tchouameni,Q46951844,Aurélien Tchouaméni,2000-01-27,France,midfielder,DM,MID,active,2018–19,2018–19,2018,2019,split_year,18,bordeaux,Bordeaux,ligue-1,Ligue 1,10,0,domestic_league,False,professional_or_unknown,True,,Wikipedia,https://en.wikipedia.org/wiki/Aurélien_Tchouaméni,2026-08-02,1366788808
aurelien-tchouameni,Q46951844,Aurélien Tchouaméni,2000-01-27,France,midfielder,DM,MID,active,2019–20,2019–20,2019,2020,split_year,19,bordeaux,Bordeaux,ligue-1,Ligue 1,15,0,domestic_league,False,professional_or_unknown,True,,Wikipedia,https://en.wikipedia.org/wiki/Aurélien_Tchouaméni,2026-08-02,1366788808
aurelien-tchouameni,Q46951844,Aurélien Tchouaméni,2000-01-27,France,midfielder,DM,MID,active,2019–20,2019–20,2019,2020,split_year,19,monaco,Monaco,ligue-1,Ligue 1,3,0,domestic_league,False,professional_or_unknown,True,,Wikipedia,https://en.wikipedia.org/wiki/Aurélien_Tchouaméni,2026-08-02,1366788808
aurelien-tchouameni,Q46951844,Aurélien Tchouaméni,2000-01-27,France,midfielder,DM,MID,active,2020–21,2020–21,2020,2021,split_year,20,monaco,Monaco,ligue-1,Ligue 1,36,2,domestic_league,False,professional_or_unknown,True,,Wikipedia,https://en.wikipedia.org/wiki/Aurélien_Tchouaméni,2026-08-02,1366788808
aurelien-tchouameni,Q46951844,Aurélien Tchouaméni,2000-01-27,France,midfielder,DM,MID,active,2021–22,2021–22,2021,2022,split_year,21,monaco,Monaco,ligue-1,Ligue 1,35,3,domestic_league,False,professional_or_unknown,True,,Wikipedia,https://en.wikipedia.org/wiki/Aurélien_Tchouaméni,2026-08-02,1366788808
aurelien-tchouameni,Q46951844,Aurélien Tchouaméni,2000-01-27,France,midfielder,DM,MID,active,2022–23,2022–23,2022,2023,split_year,22,real-madrid,Real Madrid,la-liga,La Liga,33,0,domestic_league,False,professional_or_unknown,True,,Wikipedia,https://en.wikipedia.org/wiki/Aurélien_Tchouaméni,2026-08-02,1366788808
aurelien-tchouameni,Q46951844,Aurélien Tchouaméni,2000-01-27,France,midfielder,DM,MID,active,2023–24,2023–24,2023,2024,split_year,23,real-madrid,Real Madrid,la-liga,La Liga,27,3,domestic_league,False,professional_or_unknown,True,,Wikipedia,https://en.wikipedia.org/wiki/Aurélien_Tchouaméni,2026-08-02,1366788808
aurelien-tchouameni,Q46951844,Aurélien Tchouaméni,2000-01-27,France,midfielder,DM,MID,active,2024–25,2024–25,2024,2025,split_year,24,real-madrid,Real Madrid,la-liga,La Liga,32,0,domestic_league,False,professional_or_unknown,True,,Wikipedia,https://en.wikipedia.org/wiki/Aurélien_Tchouaméni,2026-08-02,1366788808
aurelien-tchouameni,Q46951844,Aurélien Tchouaméni,2000-01-27,France,midfielder,DM,MID,active,2025–26,2025–26,2025,2026,split_year,25,real-madrid,Real Madrid,la-liga,La Liga,33,1,domestic_league,False,professional_or_unknown,True,,Wikipedia,https://en.wikipedia.org/wiki/Aurélien_Tchouaméni,2026-08-02,1366788808
aurelien-tchouameni,Q46951844,Aurélien Tchouaméni,2000-01-27,France,midfielder,DM,MID,active,2026–27,2026–27,2026,2027,split_year,26,real-madrid,Real Madrid,la-liga,La Liga,0,0,domestic_league,True,professional_or_unknown,True,,Wikipedia,https://en.wikipedia.org/wiki/Aurélien_Tchouaméni,2026-08-02,1366788808
aymeric-laporte,Q3855340,Aymeric Laporte,1994-05-27,France,centre-back,CB,DEF,active,2012–13,2012–13,2012,2013,split_year,18,athletic-bilbao,Athletic Bilbao,la-liga,La Liga,15,0,domestic_league,False,professional_or_unknown,True,,Wikipedia,https://en.wikipedia.org/wiki/Aymeric_Laporte,2026-08-02,1366808180
aymeric-laporte,Q3855340,Aymeric Laporte,1994-05-27,France,centre-back,CB,DEF,active,2013–14,2013–14,2013,2014,split_year,19,athletic-bilbao,Athletic Bilbao,la-liga,La Liga,35,2,domestic_league,False,professional_or_unknown,True,,Wikipedia,https://en.wikipedia.org/wiki/Aymeric_Laporte,2026-08-02,1366808180
aymeric-laporte,Q3855340,Aymeric Laporte,1994-05-27,France,centre-back,CB,DEF,active,2014–15,2014–15,2014,2015,split_year,20,athletic-bilbao,Athletic Bilbao,la-liga,La Liga,33,0,domestic_league,False,professional_or_unknown,True,,Wikipedia,https://en.wikipedia.org/wiki/Aymeric_Laporte,2026-08-02,1366808180
aymeric-laporte,Q3855340,Aymeric Laporte,1994-05-27,France,centre-back,CB,DEF,active,2015–16,2015–16,2015,2016,split_year,21,athletic-bilbao,Athletic Bilbao,la-liga,La Liga,26,3,domestic_league,False,professional_or_unknown,True,,Wikipedia,https://en.wikipedia.org/wiki/Aymeric_Laporte,2026-08-02,1366808180
aymeric-laporte,Q3855340,Aymeric Laporte,1994-05-27,France,centre-back,CB,DEF,active,2016–17,2016–17,2016,2017,split_year,22,athletic-bilbao,Athletic Bilbao,la-liga,La Liga,33,2,domestic_league,False,professional_or_unknown,True,,Wikipedia,https://en.wikipedia.org/wiki/Aymeric_Laporte,2026-08-02,1366808180
aymeric-laporte,Q3855340,Aymeric Laporte,1994-05-27,France,centre-back,CB,DEF,active,2017–18,2017–18,2017,2018,split_year,23,athletic-bilbao,Athletic Bilbao,la-liga,La Liga,19,0,domestic_league,False,professional_or_unknown,True,,Wikipedia,https://en.wikipedia.org/wiki/Aymeric_Laporte,2026-08-02,1366808180
aymeric-laporte,Q3855340,Aymeric Laporte,1994-05-27,France,centre-back,CB,DEF,active,2017–18,2017–18,2017,2018,split_year,23,manchester-city,Manchester City,premier-league,Premier League,9,0,domestic_league,False,professional_or_unknown,True,,Wikipedia,https://en.wikipedia.org/wiki/Aymeric_Laporte,2026-08-02,1366808180
aymeric-laporte,Q3855340,Aymeric Laporte,1994-05-27,France,centre-back,CB,DEF,active,2018–19,2018–19,2018,2019,split_year,24,manchester-city,Manchester City,premier-league,Premier League,35,3,domestic_league,False,professional_or_unknown,True,,Wikipedia,https://en.wikipedia.org/wiki/Aymeric_Laporte,2026-08-02,1366808180
aymeric-laporte,Q3855340,Aymeric Laporte,1994-05-27,France,centre-back,CB,DEF,active,2019–20,2019–20,2019,2020,split_year,25,manchester-city,Manchester City,premier-league,Premier League,15,1,domestic_league,False,professional_or_unknown,True,,Wikipedia,https://en.wikipedia.org/wiki/Aymeric_Laporte,2026-08-02,1366808180
aymeric-laporte,Q3855340,Aymeric Laporte,1994-05-27,France,centre-back,CB,DEF,active,2020–21,2020–21,2020,2021,split_year,26,manchester-city,Manchester City,premier-league,Premier League,16,0,domestic_league,False,professional_or_unknown,True,,Wikipedia,https://en.wikipedia.org/wiki/Aymeric_Laporte,2026-08-02,1366808180
aymeric-laporte,Q3855340,Aymeric Laporte,1994-05-27,France,centre-back,CB,DEF,active,2021–22,2021–22,2021,2022,split_year,27,manchester-city,Manchester City,premier-league,Premier League,33,4,domestic_league,False,professional_or_unknown,True,,Wikipedia,https://en.wikipedia.org/wiki/Aymeric_Laporte,2026-08-02,1366808180
aymeric-laporte,Q3855340,Aymeric Laporte,1994-05-27,France,centre-back,CB,DEF,active,2022–23,2022–23,2022,2023,split_year,28,manchester-city,Manchester City,premier-league,Premier League,12,0,domestic_league,False,professional_or_unknown,True,,Wikipedia,https://en.wikipedia.org/wiki/Aymeric_Laporte,2026-08-02,1366808180
aymeric-laporte,Q3855340,Aymeric Laporte,1994-05-27,France,centre-back,CB,DEF,active,2023–24,2023–24,2023,2024,split_year,29,al-nassr,Al-Nassr,saudi-pro-league,Saudi Pro League,27,4,domestic_league,False,professional_or_unknown,True,,Wikipedia,https://en.wikipedia.org/wiki/Aymeric_Laporte,2026-08-02,1366808180
aymeric-laporte,Q3855340,Aymeric Laporte,1994-05-27,France,centre-back,CB,DEF,active,2023–24,2023–24,2023,2024,split_year,29,manchester-city,Manchester City,premier-league,Premier League,1,0,domestic_league,False,professional_or_unknown,True,,Wikipedia,https://en.wikipedia.org/wiki/Aymeric_Laporte,2026-08-02,1366808180
aymeric-laporte,Q3855340,Aymeric Laporte,1994-05-27,France,centre-back,CB,DEF,active,2024–25,2024–25,2024,2025,split_year,30,al-nassr,Al-Nassr,saudi-pro-league,Saudi Pro League,20,4,domestic_league,False,professional_or_unknown,True,,Wikipedia,https://en.wikipedia.org/wiki/Aymeric_Laporte,2026-08-02,1366808180
aymeric-laporte,Q3855340,Aymeric Laporte,1994-05-27,France,centre-back,CB,DEF,active,2025–26,2025–26,2025,2026,split_year,31,athletic-bilbao,Athletic Bilbao,la-liga,La Liga,25,0,domestic_league,False,professional_or_unknown,True,,Wikipedia,https://en.wikipedia.org/wiki/Aymeric_Laporte,2026-08-02,1366808180
bastian-schweinsteiger,Q44298,Bastian Schweinsteiger,1984-08-01,Germany,midfielder,CM,MID,retired,2002–03,2002–03,2002,2003,split_year,18,bayern-munich,Bayern Munich,bundesliga,Bundesliga,14,0,domestic_league,False,professional_or_unknown,True,,Wikipedia,https://en.wikipedia.org/wiki/Bastian_Schweinsteiger,2026-08-02,1367066040
bastian-schweinsteiger,Q44298,Bastian Schweinsteiger,1984-08-01,Germany,midfielder,CM,MID,retired,2003–04,2003–04,2003,2004,split_year,19,bayern-munich,Bayern Munich,bundesliga,Bundesliga,26,4,domestic_league,False,professional_or_unknown,True,,Wikipedia,https://en.wikipedia.org/wiki/Bastian_Schweinsteiger,2026-08-02,1367066040
bastian-schweinsteiger,Q44298,Bastian Schweinsteiger,1984-08-01,Germany,midfielder,CM,MID,retired,2004–05,2004–05,2004,2005,split_year,20,bayern-munich,Bayern Munich,bundesliga,Bundesliga,26,3,domestic_league,False,professional_or_unknown,True,,Wikipedia,https://en.wikipedia.org/wiki/Bastian_Schweinsteiger,2026-08-02,1367066040
bastian-schweinsteiger,Q44298,Bastian Schweinsteiger,1984-08-01,Germany,midfielder,CM,MID,retired,2005–06,2005–06,2005,2006,split_year,21,bayern-munich,Bayern Munich,bundesliga,Bundesliga,30,3,domestic_league,False,professional_or_unknown,True,,Wikipedia,https://en.wikipedia.org/wiki/Bastian_Schweinsteiger,2026-08-02,1367066040
bastian-schweinsteiger,Q44298,Bastian Schweinsteiger,1984-08-01,Germany,midfielder,CM,MID,retired,2006–07,2006–07,2006,2007,split_year,22,bayern-munich,Bayern Munich,bundesliga,Bundesliga,27,4,domestic_league,False,professional_or_unknown,True,,Wikipedia,https://en.wikipedia.org/wiki/Bastian_Schweinsteiger,2026-08-02,1367066040
bastian-schweinsteiger,Q44298,Bastian Schweinsteiger,1984-08-01,Germany,midfielder,CM,MID,retired,2007–08,2007–08,2007,2008,split_year,23,bayern-munich,Bayern Munich,bundesliga,Bundesliga,30,1,domestic_league,False,professional_or_unknown,True,,Wikipedia,https://en.wikipedia.org/wiki/Bastian_Schweinsteiger,2026-08-02,1367066040
bastian-schweinsteiger,Q44298,Bastian Schweinsteiger,1984-08-01,Germany,midfielder,CM,MID,retired,2008–09,2008–09,2008,2009,split_year,24,bayern-munich,Bayern Munich,bundesliga,Bundesliga,31,5,domestic_league,False,professional_or_unknown,True,,Wikipedia,https://en.wikipedia.org/wiki/Bastian_Schweinsteiger,2026-08-02,1367066040
bastian-schweinsteiger,Q44298,Bastian Schweinsteiger,1984-08-01,Germany,midfielder,CM,MID,retired,2009–10,2009–10,2009,2010,split_year,25,bayern-munich,Bayern Munich,bundesliga,Bundesliga,33,2,domestic_league,False,professional_or_unknown,True,,Wikipedia,https://en.wikipedia.org/wiki/Bastian_Schweinsteiger,2026-08-02,1367066040
bastian-schweinsteiger,Q44298,Bastian Schweinsteiger,1984-08-01,Germany,midfielder,CM,MID,retired,2010–11,2010–11,2010,2011,split_year,26,bayern-munich,Bayern Munich,bundesliga,Bundesliga,32,4,domestic_league,False,professional_or_unknown,True,,Wikipedia,https://en.wikipedia.org/wiki/Bastian_Schweinsteiger,2026-08-02,1367066040
bastian-schweinsteiger,Q44298,Bastian Schweinsteiger,1984-08-01,Germany,midfielder,CM,MID,retired,2011–12,2011–12,2011,2012,split_year,27,bayern-munich,Bayern Munich,bundesliga,Bundesliga,22,3,domestic_league,False,professional_or_unknown,True,,Wikipedia,https://en.wikipedia.org/wiki/Bastian_Schweinsteiger,2026-08-02,1367066040
bastian-schweinsteiger,Q44298,Bastian Schweinsteiger,1984-08-01,Germany,midfielder,CM,MID,retired,2012–13,2012–13,2012,2013,split_year,28,bayern-munich,Bayern Munich,bundesliga,Bundesliga,28,7,domestic_league,False,professional_or_unknown,True,,Wikipedia,https://en.wikipedia.org/wiki/Bastian_Schweinsteiger,2026-08-02,1367066040
bastian-schweinsteiger,Q44298,Bastian Schweinsteiger,1984-08-01,Germany,midfielder,CM,MID,retired,2013–14,2013–14,2013,2014,split_year,29,bayern-munich,Bayern Munich,bundesliga,Bundesliga,23,4,domestic_league,False,professional_or_unknown,True,,Wikipedia,https://en.wikipedia.org/wiki/Bastian_Schweinsteiger,2026-08-02,1367066040
bastian-schweinsteiger,Q44298,Bastian Schweinsteiger,1984-08-01,Germany,midfielder,CM,MID,retired,2014–15,2014–15,2014,2015,split_year,30,bayern-munich,Bayern Munich,bundesliga,Bundesliga,20,5,domestic_league,False,professional_or_unknown,True,,Wikipedia,https://en.wikipedia.org/wiki/Bastian_Schweinsteiger,2026-08-02,1367066040
bastian-schweinsteiger,Q44298,Bastian Schweinsteiger,1984-08-01,Germany,midfielder,CM,MID,retired,2015–16,2015–16,2015,2016,split_year,31,manchester-united,Manchester United,premier-league,Premier League,18,1,domestic_league,False,professional_or_unknown,True,,Wikipedia,https://en.wikipedia.org/wiki/Bastian_Schweinsteiger,2026-08-02,1367066040
bastian-schweinsteiger,Q44298,Bastian Schweinsteiger,1984-08-01,Germany,midfielder,CM,MID,retired,2016–17,2016–17,2016,2017,split_year,32,manchester-united,Manchester United,premier-league,Premier League,0,0,domestic_league,False,professional_or_unknown,True,,Wikipedia,https://en.wikipedia.org/wiki/Bastian_Schweinsteiger,2026-08-02,1367066040
bastian-schweinsteiger,Q44298,Bastian Schweinsteiger,1984-08-01,Germany,midfielder,CM,MID,retired,2017,2017,2017,2017,calendar_year,33,chicago-fire,Chicago Fire,mls,MLS,24,3,domestic_league,False,professional_or_unknown,True,,Wikipedia,https://en.wikipedia.org/wiki/Bastian_Schweinsteiger,2026-08-02,1367066040
bastian-schweinsteiger,Q44298,Bastian Schweinsteiger,1984-08-01,Germany,midfielder,CM,MID,retired,2018,2018,2018,2018,calendar_year,34,chicago-fire,Chicago Fire,mls,MLS,31,4,domestic_league,False,professional_or_unknown,True,,Wikipedia,https://en.wikipedia.org/wiki/Bastian_Schweinsteiger,2026-08-02,1367066040
bastian-schweinsteiger,Q44298,Bastian Schweinsteiger,1984-08-01,Germany,midfielder,CM,MID,retired,2019,2019,2019,2019,calendar_year,35,chicago-fire,Chicago Fire,mls,MLS,30,1,domestic_league,False,professional_or_unknown,True,,Wikipedia,https://en.wikipedia.org/wiki/Bastian_Schweinsteiger,2026-08-02,1367066040
bernardo-silva,Q15521306,Bernardo Silva,1994-08-10,Portugal,midfielder,CM,MID,active,2013–14,2013–14,2013,2014,split_year,19,benfica,Benfica,primeira-liga,Primeira Liga,1,0,domestic_league,False,professional_or_unknown,True,,Wikipedia,https://en.wikipedia.org/wiki/Bernardo_Silva,2026-08-02,1366984641
bernardo-silva,Q15521306,Bernardo Silva,1994-08-10,Portugal,midfielder,CM,MID,active,2014–15,2014–15,2014,2015,split_year,20,monaco,Monaco,ligue-1,Ligue 1,17,7,domestic_league,False,professional_or_unknown,True,,Wikipedia,https://en.wikipedia.org/wiki/Bernardo_Silva,2026-08-02,1366984641
bernardo-silva,Q15521306,Bernardo Silva,1994-08-10,Portugal,midfielder,CM,MID,active,2014–15,2014–15,2014,2015,split_year,20,monaco-loan,Monaco (loan),ligue-1,Ligue 1,15,2,domestic_league,False,professional_or_unknown,True,,Wikipedia,https://en.wikipedia.org/wiki/Bernardo_Silva,2026-08-02,1366984641
bernardo-silva,Q15521306,Bernardo Silva,1994-08-10,Portugal,midfielder,CM,MID,active,2015–16,2015–16,2015,2016,split_year,21,monaco,Monaco,ligue-1,Ligue 1,32,7,domestic_league,False,professional_or_unknown,True,,Wikipedia,https://en.wikipedia.org/wiki/Bernardo_Silva,2026-08-02,1366984641
bernardo-silva,Q15521306,Bernardo Silva,1994-08-10,Portugal,midfielder,CM,MID,active,2016–17,2016–17,2016,2017,split_year,22,monaco,Monaco,ligue-1,Ligue 1,37,8,domestic_league,False,professional_or_unknown,True,,Wikipedia,https://en.wikipedia.org/wiki/Bernardo_Silva,2026-08-02,1366984641
bernardo-silva,Q15521306,Bernardo Silva,1994-08-10,Portugal,midfielder,CM,MID,active,2017–18,2017–18,2017,2018,split_year,23,manchester-city,Manchester City,premier-league,Premier League,35,6,domestic_league,False,professional_or_unknown,True,,Wikipedia,https://en.wikipedia.org/wiki/Bernardo_Silva,2026-08-02,1366984641
bernardo-silva,Q15521306,Bernardo Silva,1994-08-10,Portugal,midfielder,CM,MID,active,2018–19,2018–19,2018,2019,split_year,24,manchester-city,Manchester City,premier-league,Premier League,36,7,domestic_league,False,professional_or_unknown,True,,Wikipedia,https://en.wikipedia.org/wiki/Bernardo_Silva,2026-08-02,1366984641
bernardo-silva,Q15521306,Bernardo Silva,1994-08-10,Portugal,midfielder,CM,MID,active,2019–20,2019–20,2019,2020,split_year,25,manchester-city,Manchester City,premier-league,Premier League,34,6,domestic_league,False,professional_or_unknown,True,,Wikipedia,https://en.wikipedia.org/wiki/Bernardo_Silva,2026-08-02,1366984641
bernardo-silva,Q15521306,Bernardo Silva,1994-08-10,Portugal,midfielder,CM,MID,active,2020–21,2020–21,2020,2021,split_year,26,manchester-city,Manchester City,premier-league,Premier League,26,2,domestic_league,False,professional_or_unknown,True,,Wikipedia,https://en.wikipedia.org/wiki/Bernardo_Silva,2026-08-02,1366984641
bernardo-silva,Q15521306,Bernardo Silva,1994-08-10,Portugal,midfielder,CM,MID,active,2021–22,2021–22,2021,2022,split_year,27,manchester-city,Manchester City,premier-league,Premier League,35,8,domestic_league,False,professional_or_unknown,True,,Wikipedia,https://en.wikipedia.org/wiki/Bernardo_Silva,2026-08-02,1366984641
bernardo-silva,Q15521306,Bernardo Silva,1994-08-10,Portugal,midfielder,CM,MID,active,2022–23,2022–23,2022,2023,split_year,28,manchester-city,Manchester City,premier-league,Premier League,34,4,domestic_league,False,professional_or_unknown,True,,Wikipedia,https://en.wikipedia.org/wiki/Bernardo_Silva,2026-08-02,1366984641
bernardo-silva,Q15521306,Bernardo Silva,1994-08-10,Portugal,midfielder,CM,MID,active,2023–24,2023–24,2023,2024,split_year,29,manchester-city,Manchester City,premier-league,Premier League,33,6,domestic_league,False,professional_or_unknown,True,,Wikipedia,https://en.wikipedia.org/wiki/Bernardo_Silva,2026-08-02,1366984641
bernardo-silva,Q15521306,Bernardo Silva,1994-08-10,Portugal,midfielder,CM,MID,active,2024–25,2024–25,2024,2025,split_year,30,manchester-city,Manchester City,premier-league,Premier League,33,4,domestic_league,False,professional_or_unknown,True,,Wikipedia,https://en.wikipedia.org/wiki/Bernardo_Silva,2026-08-02,1366984641
bernardo-silva,Q15521306,Bernardo Silva,1994-08-10,Portugal,midfielder,CM,MID,active,2025–26,2025–26,2025,2026,split_year,31,manchester-city,Manchester City,premier-league,Premier League,38,2,domestic_league,False,professional_or_unknown,True,,Wikipedia,https://en.wikipedia.org/wiki/Bernardo_Silva,2026-08-02,1366984641
bernardo-silva,Q15521306,Bernardo Silva,1994-08-10,Portugal,midfielder,CM,MID,active,2026–27,2026–27,2026,2027,split_year,32,real-madrid,Real Madrid,la-liga,La Liga,0,0,domestic_league,True,professional_or_unknown,True,,Wikipedia,https://en.wikipedia.org/wiki/Bernardo_Silva,2026-08-02,1366984641
bruno-fernandes,Q4979316,Bruno Fernandes,1994-09-08,Portugal,attacking midfielder,CM,MID,active,2012–13,2012–13,2012,2013,split_year,18,novara,Novara,serie-b,Serie B,21,4,domestic_league,False,professional_or_unknown,True,,Wikipedia,https://en.wikipedia.org/wiki/Bruno_Fernandes,2026-08-02,1367193257
bruno-fernandes,Q4979316,Bruno Fernandes,1994-09-08,Portugal,attacking midfielder,CM,MID,active,2013–14,2013–14,2013,2014,split_year,19,udinese,Udinese,serie-a,Serie A,24,4,domestic_league,False,professional_or_unknown,True,,Wikipedia,https://en.wikipedia.org/wiki/Bruno_Fernandes,2026-08-02,1367193257
bruno-fernandes,Q4979316,Bruno Fernandes,1994-09-08,Portugal,attacking midfielder,CM,MID,active,2014–15,2014–15,2014,2015,split_year,20,udinese,Udinese,serie-a,Serie A,31,3,domestic_league,False,professional_or_unknown,True,,Wikipedia,https://en.wikipedia.org/wiki/Bruno_Fernandes,2026-08-02,1367193257
bruno-fernandes,Q4979316,Bruno Fernandes,1994-09-08,Portugal,attacking midfielder,CM,MID,active,2015–16,2015–16,2015,2016,split_year,21,udinese,Udinese,serie-a,Serie A,31,3,domestic_league,False,professional_or_unknown,True,,Wikipedia,https://en.wikipedia.org/wiki/Bruno_Fernandes,2026-08-02,1367193257
bruno-fernandes,Q4979316,Bruno Fernandes,1994-09-08,Portugal,attacking midfielder,CM,MID,active,2016–17,2016–17,2016,2017,split_year,22,sampdoria,Sampdoria,serie-a,Serie A,33,5,domestic_league,False,professional_or_unknown,True,,Wikipedia,https://en.wikipedia.org/wiki/Bruno_Fernandes,2026-08-02,1367193257
bruno-fernandes,Q4979316,Bruno Fernandes,1994-09-08,Portugal,attacking midfielder,CM,MID,active,2017–18,2017–18,2017,2018,split_year,23,sporting-cp,Sporting CP,primeira-liga,Primeira Liga,33,11,domestic_league,False,professional_or_unknown,True,,Wikipedia,https://en.wikipedia.org/wiki/Bruno_Fernandes,2026-08-02,1367193257
bruno-fernandes,Q4979316,Bruno Fernandes,1994-09-08,Portugal,attacking midfielder,CM,MID,active,2018–19,2018–19,2018,2019,split_year,24,sporting-cp,Sporting CP,primeira-liga,Primeira Liga,33,20,domestic_league,False,professional_or_unknown,True,,Wikipedia,https://en.wikipedia.org/wiki/Bruno_Fernandes,2026-08-02,1367193257
bruno-fernandes,Q4979316,Bruno Fernandes,1994-09-08,Portugal,attacking midfielder,CM,MID,active,2019–20,2019–20,2019,2020,split_year,25,manchester-united,Manchester United,premier-league,Premier League,14,8,domestic_league,False,professional_or_unknown,True,,Wikipedia,https://en.wikipedia.org/wiki/Bruno_Fernandes,2026-08-02,1367193257
bruno-fernandes,Q4979316,Bruno Fernandes,1994-09-08,Portugal,attacking midfielder,CM,MID,active,2019–20,2019–20,2019,2020,split_year,25,sporting-cp,Sporting CP,primeira-liga,Primeira Liga,17,8,domestic_league,False,professional_or_unknown,True,,Wikipedia,https://en.wikipedia.org/wiki/Bruno_Fernandes,2026-08-02,1367193257
bruno-fernandes,Q4979316,Bruno Fernandes,1994-09-08,Portugal,attacking midfielder,CM,MID,active,2020–21,2020–21,2020,2021,split_year,26,manchester-united,Manchester United,premier-league,Premier League,37,18,domestic_league,False,professional_or_unknown,True,,Wikipedia,https://en.wikipedia.org/wiki/Bruno_Fernandes,2026-08-02,1367193257
bruno-fernandes,Q4979316,Bruno Fernandes,1994-09-08,Portugal,attacking midfielder,CM,MID,active,2021–22,2021–22,2021,2022,split_year,27,manchester-united,Manchester United,premier-league,Premier League,36,10,domestic_league,False,professional_or_unknown,True,,Wikipedia,https://en.wikipedia.org/wiki/Bruno_Fernandes,2026-08-02,1367193257
bruno-fernandes,Q4979316,Bruno Fernandes,1994-09-08,Portugal,attacking midfielder,CM,MID,active,2022–23,2022–23,2022,2023,split_year,28,manchester-united,Manchester United,premier-league,Premier League,37,8,domestic_league,False,professional_or_unknown,True,,Wikipedia,https://en.wikipedia.org/wiki/Bruno_Fernandes,2026-08-02,1367193257
bruno-fernandes,Q4979316,Bruno Fernandes,1994-09-08,Portugal,attacking midfielder,CM,MID,active,2023–24,2023–24,2023,2024,split_year,29,manchester-united,Manchester United,premier-league,Premier League,35,10,domestic_league,False,professional_or_unknown,True,,Wikipedia,https://en.wikipedia.org/wiki/Bruno_Fernandes,2026-08-02,1367193257
bruno-fernandes,Q4979316,Bruno Fernandes,1994-09-08,Portugal,attacking midfielder,CM,MID,active,2024–25,2024–25,2024,2025,split_year,30,manchester-united,Manchester United,premier-league,Premier League,36,8,domestic_league,False,professional_or_unknown,True,,Wikipedia,https://en.wikipedia.org/wiki/Bruno_Fernandes,2026-08-02,1367193257
bruno-fernandes,Q4979316,Bruno Fernandes,1994-09-08,Portugal,attacking midfielder,CM,MID,active,2025–26,2025–26,2025,2026,split_year,31,manchester-united,Manchester United,premier-league,Premier League,35,9,domestic_league,False,professional_or_unknown,True,,Wikipedia,https://en.wikipedia.org/wiki/Bruno_Fernandes,2026-08-02,1367193257
bruno-guimaraes,Q58323172,Bruno Guimarães,1997-11-16,Brazil,midfielder,DM,MID,active,2016,2016,2016,2016,calendar_year,19,audax,Audax,serie-d,Série D,0,0,domestic_league,False,professional_or_unknown,True,,Wikipedia,https://en.wikipedia.org/wiki/Bruno_Guimarães,2026-08-02,1367257681
bruno-guimaraes,Q58323172,Bruno Guimarães,1997-11-16,Brazil,midfielder,DM,MID,active,2017,2017,2017,2017,calendar_year,20,athletico-paranaense,Athletico Paranaense,serie-a,Série A,4,0,domestic_league,False,professional_or_unknown,True,,Wikipedia,https://en.wikipedia.org/wiki/Bruno_Guimarães,2026-08-02,1367257681
bruno-guimaraes,Q58323172,Bruno Guimarães,1997-11-16,Brazil,midfielder,DM,MID,active,2017,2017,2017,2017,calendar_year,20,audax,Audax,serie-d,Série D,0,0,domestic_league,False,professional_or_unknown,True,,Wikipedia,https://en.wikipedia.org/wiki/Bruno_Guimarães,2026-08-02,1367257681
bruno-guimaraes,Q58323172,Bruno Guimarães,1997-11-16,Brazil,midfielder,DM,MID,active,2018,2018,2018,2018,calendar_year,21,athletico-paranaense,Athletico Paranaense,serie-a,Série A,32,1,domestic_league,False,professional_or_unknown,True,,Wikipedia,https://en.wikipedia.org/wiki/Bruno_Guimarães,2026-08-02,1367257681
bruno-guimaraes,Q58323172,Bruno Guimarães,1997-11-16,Brazil,midfielder,DM,MID,active,2019,2019,2019,2019,calendar_year,22,athletico-paranaense,Athletico Paranaense,serie-a,Série A,25,2,domestic_league,False,professional_or_unknown,True,,Wikipedia,https://en.wikipedia.org/wiki/Bruno_Guimarães,2026-08-02,1367257681
bruno-guimaraes,Q58323172,Bruno Guimarães,1997-11-16,Brazil,midfielder,DM,MID,active,2019–20,2019–20,2019,2020,split_year,22,lyon,Lyon,ligue-1,Ligue 1,3,0,domestic_league,False,professional_or_unknown,True,,Wikipedia,https://en.wikipedia.org/wiki/Bruno_Guimarães,2026-08-02,1367257681
bruno-guimaraes,Q58323172,Bruno Guimarães,1997-11-16,Brazil,midfielder,DM,MID,active,2020–21,2020–21,2020,2021,split_year,23,lyon,Lyon,ligue-1,Ligue 1,33,3,domestic_league,False,professional_or_unknown,True,,Wikipedia,https://en.wikipedia.org/wiki/Bruno_Guimarães,2026-08-02,1367257681
bruno-guimaraes,Q58323172,Bruno Guimarães,1997-11-16,Brazil,midfielder,DM,MID,active,2021–22,2021–22,2021,2022,split_year,24,lyon,Lyon,ligue-1,Ligue 1,20,0,domestic_league,False,professional_or_unknown,True,,Wikipedia,https://en.wikipedia.org/wiki/Bruno_Guimarães,2026-08-02,1367257681
bruno-guimaraes,Q58323172,Bruno Guimarães,1997-11-16,Brazil,midfielder,DM,MID,active,2021–22,2021–22,2021,2022,split_year,24,newcastle-united,Newcastle United,premier-league,Premier League,17,5,domestic_league,False,professional_or_unknown,True,,Wikipedia,https://en.wikipedia.org/wiki/Bruno_Guimarães,2026-08-02,1367257681
bruno-guimaraes,Q58323172,Bruno Guimarães,1997-11-16,Brazil,midfielder,DM,MID,active,2022–23,2022–23,2022,2023,split_year,25,newcastle-united,Newcastle United,premier-league,Premier League,32,4,domestic_league,False,professional_or_unknown,True,,Wikipedia,https://en.wikipedia.org/wiki/Bruno_Guimarães,2026-08-02,1367257681
bruno-guimaraes,Q58323172,Bruno Guimarães,1997-11-16,Brazil,midfielder,DM,MID,active,2023–24,2023–24,2023,2024,split_year,26,newcastle-united,Newcastle United,premier-league,Premier League,37,7,domestic_league,False,professional_or_unknown,True,,Wikipedia,https://en.wikipedia.org/wiki/Bruno_Guimarães,2026-08-02,1367257681
bruno-guimaraes,Q58323172,Bruno Guimarães,1997-11-16,Brazil,midfielder,DM,MID,active,2024–25,2024–25,2024,2025,split_year,27,newcastle-united,Newcastle United,premier-league,Premier League,38,5,domestic_league,False,professional_or_unknown,True,,Wikipedia,https://en.wikipedia.org/wiki/Bruno_Guimarães,2026-08-02,1367257681
bruno-guimaraes,Q58323172,Bruno Guimarães,1997-11-16,Brazil,midfielder,DM,MID,active,2025–26,2025–26,2025,2026,split_year,28,newcastle-united,Newcastle United,premier-league,Premier League,29,9,domestic_league,False,professional_or_unknown,True,,Wikipedia,https://en.wikipedia.org/wiki/Bruno_Guimarães,2026-08-02,1367257681
bukayo-saka,Q59306386,Bukayo Saka,2001-09-05,United Kingdom,winger,WNG,WIDE,active,2018–19,2018–19,2018,2019,split_year,17,arsenal,Arsenal,premier-league,Premier League,1,0,domestic_league,False,professional_or_unknown,True,,Wikipedia,https://en.wikipedia.org/wiki/Bukayo_Saka,2026-08-02,1367102308
bukayo-saka,Q59306386,Bukayo Saka,2001-09-05,United Kingdom,winger,WNG,WIDE,active,2019–20,2019–20,2019,2020,split_year,18,arsenal,Arsenal,premier-league,Premier League,26,1,domestic_league,False,professional_or_unknown,True,,Wikipedia,https://en.wikipedia.org/wiki/Bukayo_Saka,2026-08-02,1367102308
bukayo-saka,Q59306386,Bukayo Saka,2001-09-05,United Kingdom,winger,WNG,WIDE,active,2020–21,2020–21,2020,2021,split_year,19,arsenal,Arsenal,premier-league,Premier League,32,5,domestic_league,False,professional_or_unknown,True,,Wikipedia,https://en.wikipedia.org/wiki/Bukayo_Saka,2026-08-02,1367102308
bukayo-saka,Q59306386,Bukayo Saka,2001-09-05,United Kingdom,winger,WNG,WIDE,active,2021–22,2021–22,2021,2022,split_year,20,arsenal,Arsenal,premier-league,Premier League,38,11,domestic_league,False,professional_or_unknown,True,,Wikipedia,https://en.wikipedia.org/wiki/Bukayo_Saka,2026-08-02,1367102308
bukayo-saka,Q59306386,Bukayo Saka,2001-09-05,United Kingdom,winger,WNG,WIDE,active,2022–23,2022–23,2022,2023,split_year,21,arsenal,Arsenal,premier-league,Premier League,38,14,domestic_league,False,professional_or_unknown,True,,Wikipedia,https://en.wikipedia.org/wiki/Bukayo_Saka,2026-08-02,1367102308
bukayo-saka,Q59306386,Bukayo Saka,2001-09-05,United Kingdom,winger,WNG,WIDE,active,2023–24,2023–24,2023,2024,split_year,22,arsenal,Arsenal,premier-league,Premier League,35,16,domestic_league,False,professional_or_unknown,True,,Wikipedia,https://en.wikipedia.org/wiki/Bukayo_Saka,2026-08-02,1367102308
bukayo-saka,Q59306386,Bukayo Saka,2001-09-05,United Kingdom,winger,WNG,WIDE,active,2024–25,2024–25,2024,2025,split_year,23,arsenal,Arsenal,premier-league,Premier League,25,6,domestic_league,False,professional_or_unknown,True,,Wikipedia,https://en.wikipedia.org/wiki/Bukayo_Saka,2026-08-02,1367102308
bukayo-saka,Q59306386,Bukayo Saka,2001-09-05,United Kingdom,winger,WNG,WIDE,active,2025–26,2025–26,2025,2026,split_year,24,arsenal,Arsenal,premier-league,Premier League,31,7,domestic_league,False,professional_or_unknown,True,,Wikipedia,https://en.wikipedia.org/wiki/Bukayo_Saka,2026-08-02,1367102308
cafu,Q178683,Cafu,1970-06-07,Brazil,full-back,FB,DEF,retired,1989,1989,1989,1989,calendar_year,19,sao-paulo,São Paulo,serie-a,Série A,3,0,domestic_league,False,professional_or_unknown,True,,Wikipedia,https://en.wikipedia.org/wiki/Cafu,2026-08-02,1367102341
cafu,Q178683,Cafu,1970-06-07,Brazil,full-back,FB,DEF,retired,1990,1990,1990,1990,calendar_year,20,sao-paulo,São Paulo,serie-a,Série A,20,1,domestic_league,False,professional_or_unknown,True,,Wikipedia,https://en.wikipedia.org/wiki/Cafu,2026-08-02,1367102341
cafu,Q178683,Cafu,1970-06-07,Brazil,full-back,FB,DEF,retired,1991,1991,1991,1991,calendar_year,21,sao-paulo,São Paulo,serie-a,Série A,20,1,domestic_league,False,professional_or_unknown,True,,Wikipedia,https://en.wikipedia.org/wiki/Cafu,2026-08-02,1367102341
cafu,Q178683,Cafu,1970-06-07,Brazil,full-back,FB,DEF,retired,1992,1992,1992,1992,calendar_year,22,sao-paulo,São Paulo,serie-a,Série A,21,1,domestic_league,False,professional_or_unknown,True,,Wikipedia,https://en.wikipedia.org/wiki/Cafu,2026-08-02,1367102341
cafu,Q178683,Cafu,1970-06-07,Brazil,full-back,FB,DEF,retired,1993,1993,1993,1993,calendar_year,23,sao-paulo,São Paulo,serie-a,Série A,18,1,domestic_league,False,professional_or_unknown,True,,Wikipedia,https://en.wikipedia.org/wiki/Cafu,2026-08-02,1367102341
cafu,Q178683,Cafu,1970-06-07,Brazil,full-back,FB,DEF,retired,1994,1994,1994,1994,calendar_year,24,sao-paulo,São Paulo,serie-a,Série A,16,3,domestic_league,False,professional_or_unknown,True,,Wikipedia,https://en.wikipedia.org/wiki/Cafu,2026-08-02,1367102341
cafu,Q178683,Cafu,1970-06-07,Brazil,full-back,FB,DEF,retired,1994–95,1994–95,1994,1995,split_year,24,zaragoza,Zaragoza,la-liga,La Liga,16,0,domestic_league,False,professional_or_unknown,True,,Wikipedia,https://en.wikipedia.org/wiki/Cafu,2026-08-02,1367102341
cafu,Q178683,Cafu,1970-06-07,Brazil,full-back,FB,DEF,retired,1995,1995,1995,1995,calendar_year,25,juventude,Juventude,serie-a,Série A,0,0,domestic_league,False,professional_or_unknown,True,,Wikipedia,https://en.wikipedia.org/wiki/Cafu,2026-08-02,1367102341
cafu,Q178683,Cafu,1970-06-07,Brazil,full-back,FB,DEF,retired,1995,1995,1995,1995,calendar_year,25,palmeiras,Palmeiras,serie-a,Série A,19,0,domestic_league,False,professional_or_unknown,True,,Wikipedia,https://en.wikipedia.org/wiki/Cafu,2026-08-02,1367102341
cafu,Q178683,Cafu,1970-06-07,Brazil,full-back,FB,DEF,retired,1996,1996,1996,1996,calendar_year,26,palmeiras,Palmeiras,serie-a,Série A,22,2,domestic_league,False,professional_or_unknown,True,,Wikipedia,https://en.wikipedia.org/wiki/Cafu,2026-08-02,1367102341
cafu,Q178683,Cafu,1970-06-07,Brazil,full-back,FB,DEF,retired,1997,1997,1997,1997,calendar_year,27,palmeiras,Palmeiras,serie-a,Série A,0,0,domestic_league,False,professional_or_unknown,True,,Wikipedia,https://en.wikipedia.org/wiki/Cafu,2026-08-02,1367102341
cafu,Q178683,Cafu,1970-06-07,Brazil,full-back,FB,DEF,retired,1997–98,1997–98,1997,1998,split_year,27,roma,Roma,serie-a,Serie A,31,1,domestic_league,False,professional_or_unknown,True,,Wikipedia,https://en.wikipedia.org/wiki/Cafu,2026-08-02,1367102341
cafu,Q178683,Cafu,1970-06-07,Brazil,full-back,FB,DEF,retired,1998–99,1998–99,1998,1999,split_year,28,roma,Roma,serie-a,Serie A,20,1,domestic_league,False,professional_or_unknown,True,,Wikipedia,https://en.wikipedia.org/wiki/Cafu,2026-08-02,1367102341
cafu,Q178683,Cafu,1970-06-07,Brazil,full-back,FB,DEF,retired,1999–2000,1999–2000,1999,2000,split_year,29,roma,Roma,serie-a,Serie A,28,2,domestic_league,False,professional_or_unknown,True,,Wikipedia,https://en.wikipedia.org/wiki/Cafu,2026-08-02,1367102341
cafu,Q178683,Cafu,1970-06-07,Brazil,full-back,FB,DEF,retired,2000–01,2000–01,2000,2001,split_year,30,roma,Roma,serie-a,Serie A,31,1,domestic_league,False,professional_or_unknown,True,,Wikipedia,https://en.wikipedia.org/wiki/Cafu,2026-08-02,1367102341
cafu,Q178683,Cafu,1970-06-07,Brazil,full-back,FB,DEF,retired,2001–02,2001–02,2001,2002,split_year,31,roma,Roma,serie-a,Serie A,27,0,domestic_league,False,professional_or_unknown,True,,Wikipedia,https://en.wikipedia.org/wiki/Cafu,2026-08-02,1367102341
cafu,Q178683,Cafu,1970-06-07,Brazil,full-back,FB,DEF,retired,2002–03,2002–03,2002,2003,split_year,32,roma,Roma,serie-a,Serie A,26,0,domestic_league,False,professional_or_unknown,True,,Wikipedia,https://en.wikipedia.org/wiki/Cafu,2026-08-02,1367102341
cafu,Q178683,Cafu,1970-06-07,Brazil,full-back,FB,DEF,retired,2003–04,2003–04,2003,2004,split_year,33,ac-milan,AC Milan,serie-a,Serie A,28,1,domestic_league,False,professional_or_unknown,True,,Wikipedia,https://en.wikipedia.org/wiki/Cafu,2026-08-02,1367102341
cafu,Q178683,Cafu,1970-06-07,Brazil,full-back,FB,DEF,retired,2004–05,2004–05,2004,2005,split_year,34,ac-milan,AC Milan,serie-a,Serie A,33,1,domestic_league,False,professional_or_unknown,True,,Wikipedia,https://en.wikipedia.org/wiki/Cafu,2026-08-02,1367102341
cafu,Q178683,Cafu,1970-06-07,Brazil,full-back,FB,DEF,retired,2005–06,2005–06,2005,2006,split_year,35,ac-milan,AC Milan,serie-a,Serie A,19,1,domestic_league,False,professional_or_unknown,True,,Wikipedia,https://en.wikipedia.org/wiki/Cafu,2026-08-02,1367102341
cafu,Q178683,Cafu,1970-06-07,Brazil,full-back,FB,DEF,retired,2006–07,2006–07,2006,2007,split_year,36,ac-milan,AC Milan,serie-a,Serie A,24,0,domestic_league,False,professional_or_unknown,True,,Wikipedia,https://en.wikipedia.org/wiki/Cafu,2026-08-02,1367102341
cafu,Q178683,Cafu,1970-06-07,Brazil,full-back,FB,DEF,retired,2007–08,2007–08,2007,2008,split_year,37,ac-milan,AC Milan,serie-a,Serie A,15,1,domestic_league,False,professional_or_unknown,True,,Wikipedia,https://en.wikipedia.org/wiki/Cafu,2026-08-02,1367102341
carles-puyol,Q17158,Carles Puyol,1978-04-13,Spain,centre-back,CB,DEF,retired,1999–2000,1999–2000,1999,2000,split_year,21,barcelona,Barcelona,la-liga,La Liga,24,0,domestic_league,False,professional_or_unknown,True,,Wikipedia,https://en.wikipedia.org/wiki/Carles_Puyol,2026-08-02,1351219777
carles-puyol,Q17158,Carles Puyol,1978-04-13,Spain,centre-back,CB,DEF,retired,2000–01,2000–01,2000,2001,split_year,22,barcelona,Barcelona,la-liga,La Liga,17,0,domestic_league,False,professional_or_unknown,True,,Wikipedia,https://en.wikipedia.org/wiki/Carles_Puyol,2026-08-02,1351219777
carles-puyol,Q17158,Carles Puyol,1978-04-13,Spain,centre-back,CB,DEF,retired,2001–02,2001–02,2001,2002,split_year,23,barcelona,Barcelona,la-liga,La Liga,35,2,domestic_league,False,professional_or_unknown,True,,Wikipedia,https://en.wikipedia.org/wiki/Carles_Puyol,2026-08-02,1351219777
carles-puyol,Q17158,Carles Puyol,1978-04-13,Spain,centre-back,CB,DEF,retired,2002–03,2002–03,2002,2003,split_year,24,barcelona,Barcelona,la-liga,La Liga,32,0,domestic_league,False,professional_or_unknown,True,,Wikipedia,https://en.wikipedia.org/wiki/Carles_Puyol,2026-08-02,1351219777
carles-puyol,Q17158,Carles Puyol,1978-04-13,Spain,centre-back,CB,DEF,retired,2003–04,2003–04,2003,2004,split_year,25,barcelona,Barcelona,la-liga,La Liga,27,0,domestic_league,False,professional_or_unknown,True,,Wikipedia,https://en.wikipedia.org/wiki/Carles_Puyol,2026-08-02,1351219777
carles-puyol,Q17158,Carles Puyol,1978-04-13,Spain,centre-back,CB,DEF,retired,2004–05,2004–05,2004,2005,split_year,26,barcelona,Barcelona,la-liga,La Liga,36,0,domestic_league,False,professional_or_unknown,True,,Wikipedia,https://en.wikipedia.org/wiki/Carles_Puyol,2026-08-02,1351219777
carles-puyol,Q17158,Carles Puyol,1978-04-13,Spain,centre-back,CB,DEF,retired,2005–06,2005–06,2005,2006,split_year,27,barcelona,Barcelona,la-liga,La Liga,35,1,domestic_league,False,professional_or_unknown,True,,Wikipedia,https://en.wikipedia.org/wiki/Carles_Puyol,2026-08-02,1351219777
carles-puyol,Q17158,Carles Puyol,1978-04-13,Spain,centre-back,CB,DEF,retired,2006–07,2006–07,2006,2007,split_year,28,barcelona,Barcelona,la-liga,La Liga,35,2,domestic_league,False,professional_or_unknown,True,,Wikipedia,https://en.wikipedia.org/wiki/Carles_Puyol,2026-08-02,1351219777
carles-puyol,Q17158,Carles Puyol,1978-04-13,Spain,centre-back,CB,DEF,retired,2007–08,2007–08,2007,2008,split_year,29,barcelona,Barcelona,la-liga,La Liga,30,0,domestic_league,False,professional_or_unknown,True,,Wikipedia,https://en.wikipedia.org/wiki/Carles_Puyol,2026-08-02,1351219777
carles-puyol,Q17158,Carles Puyol,1978-04-13,Spain,centre-back,CB,DEF,retired,2008–09,2008–09,2008,2009,split_year,30,barcelona,Barcelona,la-liga,La Liga,28,1,domestic_league,False,professional_or_unknown,True,,Wikipedia,https://en.wikipedia.org/wiki/Carles_Puyol,2026-08-02,1351219777
carles-puyol,Q17158,Carles Puyol,1978-04-13,Spain,centre-back,CB,DEF,retired,2009–10,2009–10,2009,2010,split_year,31,barcelona,Barcelona,la-liga,La Liga,32,1,domestic_league,False,professional_or_unknown,True,,Wikipedia,https://en.wikipedia.org/wiki/Carles_Puyol,2026-08-02,1351219777
carles-puyol,Q17158,Carles Puyol,1978-04-13,Spain,centre-back,CB,DEF,retired,2010–11,2010–11,2010,2011,split_year,32,barcelona,Barcelona,la-liga,La Liga,17,1,domestic_league,False,professional_or_unknown,True,,Wikipedia,https://en.wikipedia.org/wiki/Carles_Puyol,2026-08-02,1351219777
carles-puyol,Q17158,Carles Puyol,1978-04-13,Spain,centre-back,CB,DEF,retired,2011–12,2011–12,2011,2012,split_year,33,barcelona,Barcelona,la-liga,La Liga,26,3,domestic_league,False,professional_or_unknown,True,,Wikipedia,https://en.wikipedia.org/wiki/Carles_Puyol,2026-08-02,1351219777
carles-puyol,Q17158,Carles Puyol,1978-04-13,Spain,centre-back,CB,DEF,retired,2012–13,2012–13,2012,2013,split_year,34,barcelona,Barcelona,la-liga,La Liga,13,1,domestic_league,False,professional_or_unknown,True,,Wikipedia,https://en.wikipedia.org/wiki/Carles_Puyol,2026-08-02,1351219777
carles-puyol,Q17158,Carles Puyol,1978-04-13,Spain,centre-back,CB,DEF,retired,2013–14,2013–14,2013,2014,split_year,35,barcelona,Barcelona,la-liga,La Liga,5,1,domestic_league,False,professional_or_unknown,True,,Wikipedia,https://en.wikipedia.org/wiki/Carles_Puyol,2026-08-02,1351219777
carlos-tevez,Q50600,Carlos Tevez,1984-02-05,Argentina,forward,FW,FWD,retired,2005,2005,2005,2005,calendar_year,21,corinthians,Corinthians,serie-a,Série A,29,20,domestic_league,False,professional_or_unknown,True,,Wikipedia,https://en.wikipedia.org/wiki/Carlos_Tevez,2026-08-02,1363219691
carlos-tevez,Q50600,Carlos Tevez,1984-02-05,Argentina,forward,FW,FWD,retired,2006,2006,2006,2006,calendar_year,22,corinthians,Corinthians,serie-a,Série A,9,5,domestic_league,False,professional_or_unknown,True,,Wikipedia,https://en.wikipedia.org/wiki/Carlos_Tevez,2026-08-02,1363219691
carlos-tevez,Q50600,Carlos Tevez,1984-02-05,Argentina,forward,FW,FWD,retired,2006–07,2006–07,2006,2007,split_year,22,west-ham-united,West Ham United,premier-league,Premier League,26,7,domestic_league,False,professional_or_unknown,True,,Wikipedia,https://en.wikipedia.org/wiki/Carlos_Tevez,2026-08-02,1363219691
carlos-tevez,Q50600,Carlos Tevez,1984-02-05,Argentina,forward,FW,FWD,retired,2007–08,2007–08,2007,2008,split_year,23,manchester-united-loan,Manchester United (loan),premier-league,Premier League,34,14,domestic_league,False,professional_or_unknown,True,,Wikipedia,https://en.wikipedia.org/wiki/Carlos_Tevez,2026-08-02,1363219691
carlos-tevez,Q50600,Carlos Tevez,1984-02-05,Argentina,forward,FW,FWD,retired,2008–09,2008–09,2008,2009,split_year,24,manchester-united-loan,Manchester United (loan),premier-league,Premier League,29,5,domestic_league,False,professional_or_unknown,True,,Wikipedia,https://en.wikipedia.org/wiki/Carlos_Tevez,2026-08-02,1363219691
carlos-tevez,Q50600,Carlos Tevez,1984-02-05,Argentina,forward,FW,FWD,retired,2009–10,2009–10,2009,2010,split_year,25,manchester-city,Manchester City,premier-league,Premier League,35,23,domestic_league,False,professional_or_unknown,True,,Wikipedia,https://en.wikipedia.org/wiki/Carlos_Tevez,2026-08-02,1363219691
carlos-tevez,Q50600,Carlos Tevez,1984-02-05,Argentina,forward,FW,FWD,retired,2010–11,2010–11,2010,2011,split_year,26,manchester-city,Manchester City,premier-league,Premier League,31,20,domestic_league,False,professional_or_unknown,True,,Wikipedia,https://en.wikipedia.org/wiki/Carlos_Tevez,2026-08-02,1363219691
carlos-tevez,Q50600,Carlos Tevez,1984-02-05,Argentina,forward,FW,FWD,retired,2011–12,2011–12,2011,2012,split_year,27,manchester-city,Manchester City,premier-league,Premier League,13,4,domestic_league,False,professional_or_unknown,True,,Wikipedia,https://en.wikipedia.org/wiki/Carlos_Tevez,2026-08-02,1363219691
carlos-tevez,Q50600,Carlos Tevez,1984-02-05,Argentina,forward,FW,FWD,retired,2012–13,2012–13,2012,2013,split_year,28,manchester-city,Manchester City,premier-league,Premier League,34,11,domestic_league,False,professional_or_unknown,True,,Wikipedia,https://en.wikipedia.org/wiki/Carlos_Tevez,2026-08-02,1363219691
carlos-tevez,Q50600,Carlos Tevez,1984-02-05,Argentina,forward,FW,FWD,retired,2013–14,2013–14,2013,2014,split_year,29,juventus,Juventus,serie-a,Serie A,34,19,domestic_league,False,professional_or_unknown,True,,Wikipedia,https://en.wikipedia.org/wiki/Carlos_Tevez,2026-08-02,1363219691
carlos-tevez,Q50600,Carlos Tevez,1984-02-05,Argentina,forward,FW,FWD,retired,2014–15,2014–15,2014,2015,split_year,30,juventus,Juventus,serie-a,Serie A,32,20,domestic_league,False,professional_or_unknown,True,,Wikipedia,https://en.wikipedia.org/wiki/Carlos_Tevez,2026-08-02,1363219691
carlos-tevez,Q50600,Carlos Tevez,1984-02-05,Argentina,forward,FW,FWD,retired,2017,2017,2017,2017,calendar_year,33,shanghai-shenhua,Shanghai Shenhua,chinese-super-league,Chinese Super League,16,4,domestic_league,False,professional_or_unknown,True,,Wikipedia,https://en.wikipedia.org/wiki/Carlos_Tevez,2026-08-02,1363219691
casemiro,Q616664,Casemiro,1992-02-23,Brazil,midfielder,DM,MID,active,2010,2010,2010,2010,calendar_year,18,sao-paulo,São Paulo,serie-a,Série A,18,2,domestic_league,False,professional_or_unknown,True,,Wikipedia,https://en.wikipedia.org/wiki/Casemiro,2026-08-02,1367309853
casemiro,Q616664,Casemiro,1992-02-23,Brazil,midfielder,DM,MID,active,2011,2011,2011,2011,calendar_year,19,sao-paulo,São Paulo,serie-a,Série A,21,4,domestic_league,False,professional_or_unknown,True,,Wikipedia,https://en.wikipedia.org/wiki/Casemiro,2026-08-02,1367309853
casemiro,Q616664,Casemiro,1992-02-23,Brazil,midfielder,DM,MID,active,2012,2012,2012,2012,calendar_year,20,sao-paulo,São Paulo,serie-a,Série A,22,0,domestic_league,False,professional_or_unknown,True,,Wikipedia,https://en.wikipedia.org/wiki/Casemiro,2026-08-02,1367309853
casemiro,Q616664,Casemiro,1992-02-23,Brazil,midfielder,DM,MID,active,2012–13,2012–13,2012,2013,split_year,20,real-madrid-loan,Real Madrid (loan),la-liga,La Liga,1,0,domestic_league,False,professional_or_unknown,True,,Wikipedia,https://en.wikipedia.org/wiki/Casemiro,2026-08-02,1367309853
casemiro,Q616664,Casemiro,1992-02-23,Brazil,midfielder,DM,MID,active,2013–14,2013–14,2013,2014,split_year,21,real-madrid,Real Madrid,la-liga,La Liga,12,0,domestic_league,False,professional_or_unknown,True,,Wikipedia,https://en.wikipedia.org/wiki/Casemiro,2026-08-02,1367309853
casemiro,Q616664,Casemiro,1992-02-23,Brazil,midfielder,DM,MID,active,2014–15,2014–15,2014,2015,split_year,22,porto-loan,Porto (loan),primeira-liga,Primeira Liga,28,3,domestic_league,False,professional_or_unknown,True,,Wikipedia,https://en.wikipedia.org/wiki/Casemiro,2026-08-02,1367309853
casemiro,Q616664,Casemiro,1992-02-23,Brazil,midfielder,DM,MID,active,2015–16,2015–16,2015,2016,split_year,23,real-madrid,Real Madrid,la-liga,La Liga,23,1,domestic_league,False,professional_or_unknown,True,,Wikipedia,https://en.wikipedia.org/wiki/Casemiro,2026-08-02,1367309853
casemiro,Q616664,Casemiro,1992-02-23,Brazil,midfielder,DM,MID,active,2016–17,2016–17,2016,2017,split_year,24,real-madrid,Real Madrid,la-liga,La Liga,25,4,domestic_league,False,professional_or_unknown,True,,Wikipedia,https://en.wikipedia.org/wiki/Casemiro,2026-08-02,1367309853
casemiro,Q616664,Casemiro,1992-02-23,Brazil,midfielder,DM,MID,active,2017–18,2017–18,2017,2018,split_year,25,real-madrid,Real Madrid,la-liga,La Liga,30,5,domestic_league,False,professional_or_unknown,True,,Wikipedia,https://en.wikipedia.org/wiki/Casemiro,2026-08-02,1367309853
casemiro,Q616664,Casemiro,1992-02-23,Brazil,midfielder,DM,MID,active,2018–19,2018–19,2018,2019,split_year,26,real-madrid,Real Madrid,la-liga,La Liga,29,3,domestic_league,False,professional_or_unknown,True,,Wikipedia,https://en.wikipedia.org/wiki/Casemiro,2026-08-02,1367309853
casemiro,Q616664,Casemiro,1992-02-23,Brazil,midfielder,DM,MID,active,2019–20,2019–20,2019,2020,split_year,27,real-madrid,Real Madrid,la-liga,La Liga,35,4,domestic_league,False,professional_or_unknown,True,,Wikipedia,https://en.wikipedia.org/wiki/Casemiro,2026-08-02,1367309853
casemiro,Q616664,Casemiro,1992-02-23,Brazil,midfielder,DM,MID,active,2020–21,2020–21,2020,2021,split_year,28,real-madrid,Real Madrid,la-liga,La Liga,34,6,domestic_league,False,professional_or_unknown,True,,Wikipedia,https://en.wikipedia.org/wiki/Casemiro,2026-08-02,1367309853
casemiro,Q616664,Casemiro,1992-02-23,Brazil,midfielder,DM,MID,active,2021–22,2021–22,2021,2022,split_year,29,real-madrid,Real Madrid,la-liga,La Liga,32,1,domestic_league,False,professional_or_unknown,True,,Wikipedia,https://en.wikipedia.org/wiki/Casemiro,2026-08-02,1367309853
casemiro,Q616664,Casemiro,1992-02-23,Brazil,midfielder,DM,MID,active,2022–23,2022–23,2022,2023,split_year,30,manchester-united,Manchester United,premier-league,Premier League,28,4,domestic_league,False,professional_or_unknown,True,,Wikipedia,https://en.wikipedia.org/wiki/Casemiro,2026-08-02,1367309853
casemiro,Q616664,Casemiro,1992-02-23,Brazil,midfielder,DM,MID,active,2022–23,2022–23,2022,2023,split_year,30,real-madrid,Real Madrid,la-liga,La Liga,1,0,domestic_league,False,professional_or_unknown,True,,Wikipedia,https://en.wikipedia.org/wiki/Casemiro,2026-08-02,1367309853
casemiro,Q616664,Casemiro,1992-02-23,Brazil,midfielder,DM,MID,active,2023–24,2023–24,2023,2024,split_year,31,manchester-united,Manchester United,premier-league,Premier League,25,1,domestic_league,False,professional_or_unknown,True,,Wikipedia,https://en.wikipedia.org/wiki/Casemiro,2026-08-02,1367309853
casemiro,Q616664,Casemiro,1992-02-23,Brazil,midfielder,DM,MID,active,2024–25,2024–25,2024,2025,split_year,32,manchester-united,Manchester United,premier-league,Premier League,24,1,domestic_league,False,professional_or_unknown,True,,Wikipedia,https://en.wikipedia.org/wiki/Casemiro,2026-08-02,1367309853
casemiro,Q616664,Casemiro,1992-02-23,Brazil,midfielder,DM,MID,active,2025–26,2025–26,2025,2026,split_year,33,manchester-united,Manchester United,premier-league,Premier League,34,9,domestic_league,False,professional_or_unknown,True,,Wikipedia,https://en.wikipedia.org/wiki/Casemiro,2026-08-02,1367309853
casemiro,Q616664,Casemiro,1992-02-23,Brazil,midfielder,DM,MID,active,2026,2026,2026,2026,calendar_year,34,inter-miami,Inter Miami,mls,MLS,2,0,domestic_league,True,professional_or_unknown,True,,Wikipedia,https://en.wikipedia.org/wiki/Casemiro,2026-08-02,1367309853
cesar-azpilicueta,Q294806,César Azpilicueta,1989-08-28,Spain,centre-back,FB,DEF,active,2006–07,2006–07,2006,2007,split_year,17,osasuna,Osasuna,la-liga,La Liga,1,0,domestic_league,False,professional_or_unknown,True,,Wikipedia,https://en.wikipedia.org/wiki/César_Azpilicueta,2026-08-02,1365728861
cesar-azpilicueta,Q294806,César Azpilicueta,1989-08-28,Spain,centre-back,FB,DEF,active,2007–08,2007–08,2007,2008,split_year,18,osasuna,Osasuna,la-liga,La Liga,29,0,domestic_league,False,professional_or_unknown,True,,Wikipedia,https://en.wikipedia.org/wiki/César_Azpilicueta,2026-08-02,1365728861
cesar-azpilicueta,Q294806,César Azpilicueta,1989-08-28,Spain,centre-back,FB,DEF,active,2008–09,2008–09,2008,2009,split_year,19,osasuna,Osasuna,la-liga,La Liga,36,0,domestic_league,False,professional_or_unknown,True,,Wikipedia,https://en.wikipedia.org/wiki/César_Azpilicueta,2026-08-02,1365728861
cesar-azpilicueta,Q294806,César Azpilicueta,1989-08-28,Spain,centre-back,FB,DEF,active,2009–10,2009–10,2009,2010,split_year,20,osasuna,Osasuna,la-liga,La Liga,33,0,domestic_league,False,professional_or_unknown,True,,Wikipedia,https://en.wikipedia.org/wiki/César_Azpilicueta,2026-08-02,1365728861
cesar-azpilicueta,Q294806,César Azpilicueta,1989-08-28,Spain,centre-back,FB,DEF,active,2010–11,2010–11,2010,2011,split_year,21,marseille,Marseille,ligue-1,Ligue 1,15,0,domestic_league,False,professional_or_unknown,True,,Wikipedia,https://en.wikipedia.org/wiki/César_Azpilicueta,2026-08-02,1365728861
cesar-azpilicueta,Q294806,César Azpilicueta,1989-08-28,Spain,centre-back,FB,DEF,active,2011–12,2011–12,2011,2012,split_year,22,marseille,Marseille,ligue-1,Ligue 1,30,1,domestic_league,False,professional_or_unknown,True,,Wikipedia,https://en.wikipedia.org/wiki/César_Azpilicueta,2026-08-02,1365728861
cesar-azpilicueta,Q294806,César Azpilicueta,1989-08-28,Spain,centre-back,FB,DEF,active,2012–13,2012–13,2012,2013,split_year,23,chelsea,Chelsea,premier-league,Premier League,27,0,domestic_league,False,professional_or_unknown,True,,Wikipedia,https://en.wikipedia.org/wiki/César_Azpilicueta,2026-08-02,1365728861
cesar-azpilicueta,Q294806,César Azpilicueta,1989-08-28,Spain,centre-back,FB,DEF,active,2012–13,2012–13,2012,2013,split_year,23,marseille,Marseille,ligue-1,Ligue 1,2,0,domestic_league,False,professional_or_unknown,True,,Wikipedia,https://en.wikipedia.org/wiki/César_Azpilicueta,2026-08-02,1365728861
cesar-azpilicueta,Q294806,César Azpilicueta,1989-08-28,Spain,centre-back,FB,DEF,active,2013–14,2013–14,2013,2014,split_year,24,chelsea,Chelsea,premier-league,Premier League,29,0,domestic_league,False,professional_or_unknown,True,,Wikipedia,https://en.wikipedia.org/wiki/César_Azpilicueta,2026-08-02,1365728861
cesar-azpilicueta,Q294806,César Azpilicueta,1989-08-28,Spain,centre-back,FB,DEF,active,2014–15,2014–15,2014,2015,split_year,25,chelsea,Chelsea,premier-league,Premier League,29,0,domestic_league,False,professional_or_unknown,True,,Wikipedia,https://en.wikipedia.org/wiki/César_Azpilicueta,2026-08-02,1365728861
cesar-azpilicueta,Q294806,César Azpilicueta,1989-08-28,Spain,centre-back,FB,DEF,active,2015–16,2015–16,2015,2016,split_year,26,chelsea,Chelsea,premier-league,Premier League,37,2,domestic_league,False,professional_or_unknown,True,,Wikipedia,https://en.wikipedia.org/wiki/César_Azpilicueta,2026-08-02,1365728861
cesar-azpilicueta,Q294806,César Azpilicueta,1989-08-28,Spain,centre-back,FB,DEF,active,2016–17,2016–17,2016,2017,split_year,27,chelsea,Chelsea,premier-league,Premier League,38,1,domestic_league,False,professional_or_unknown,True,,Wikipedia,https://en.wikipedia.org/wiki/César_Azpilicueta,2026-08-02,1365728861
cesar-azpilicueta,Q294806,César Azpilicueta,1989-08-28,Spain,centre-back,FB,DEF,active,2017–18,2017–18,2017,2018,split_year,28,chelsea,Chelsea,premier-league,Premier League,37,2,domestic_league,False,professional_or_unknown,True,,Wikipedia,https://en.wikipedia.org/wiki/César_Azpilicueta,2026-08-02,1365728861
cesar-azpilicueta,Q294806,César Azpilicueta,1989-08-28,Spain,centre-back,FB,DEF,active,2018–19,2018–19,2018,2019,split_year,29,chelsea,Chelsea,premier-league,Premier League,38,1,domestic_league,False,professional_or_unknown,True,,Wikipedia,https://en.wikipedia.org/wiki/César_Azpilicueta,2026-08-02,1365728861
cesar-azpilicueta,Q294806,César Azpilicueta,1989-08-28,Spain,centre-back,FB,DEF,active,2019–20,2019–20,2019,2020,split_year,30,chelsea,Chelsea,premier-league,Premier League,36,2,domestic_league,False,professional_or_unknown,True,,Wikipedia,https://en.wikipedia.org/wiki/César_Azpilicueta,2026-08-02,1365728861
cesar-azpilicueta,Q294806,César Azpilicueta,1989-08-28,Spain,centre-back,FB,DEF,active,2020–21,2020–21,2020,2021,split_year,31,chelsea,Chelsea,premier-league,Premier League,26,1,domestic_league,False,professional_or_unknown,True,,Wikipedia,https://en.wikipedia.org/wiki/César_Azpilicueta,2026-08-02,1365728861
cesar-azpilicueta,Q294806,César Azpilicueta,1989-08-28,Spain,centre-back,FB,DEF,active,2021–22,2021–22,2021,2022,split_year,32,chelsea,Chelsea,premier-league,Premier League,27,1,domestic_league,False,professional_or_unknown,True,,Wikipedia,https://en.wikipedia.org/wiki/César_Azpilicueta,2026-08-02,1365728861
cesar-azpilicueta,Q294806,César Azpilicueta,1989-08-28,Spain,centre-back,FB,DEF,active,2022–23,2022–23,2022,2023,split_year,33,chelsea,Chelsea,premier-league,Premier League,25,0,domestic_league,False,professional_or_unknown,True,,Wikipedia,https://en.wikipedia.org/wiki/César_Azpilicueta,2026-08-02,1365728861
cesar-azpilicueta,Q294806,César Azpilicueta,1989-08-28,Spain,centre-back,FB,DEF,active,2023–24,2023–24,2023,2024,split_year,34,atletico-madrid,Atlético Madrid,la-liga,La Liga,25,0,domestic_league,False,professional_or_unknown,True,,Wikipedia,https://en.wikipedia.org/wiki/César_Azpilicueta,2026-08-02,1365728861
cesar-azpilicueta,Q294806,César Azpilicueta,1989-08-28,Spain,centre-back,FB,DEF,active,2024–25,2024–25,2024,2025,split_year,35,atletico-madrid,Atlético Madrid,la-liga,La Liga,14,1,domestic_league,False,professional_or_unknown,True,,Wikipedia,https://en.wikipedia.org/wiki/César_Azpilicueta,2026-08-02,1365728861
cesar-azpilicueta,Q294806,César Azpilicueta,1989-08-28,Spain,centre-back,FB,DEF,active,2025–26,2025–26,2025,2026,split_year,36,sevilla,Sevilla,la-liga,La Liga,17,0,domestic_league,False,professional_or_unknown,True,,Wikipedia,https://en.wikipedia.org/wiki/César_Azpilicueta,2026-08-02,1365728861
cesc-fabregas,Q17499,Cesc Fàbregas,1987-05-04,Spain,midfielder,CM,MID,retired,2003–04,2003–04,2003,2004,split_year,16,arsenal,Arsenal,premier-league,Premier League,0,0,domestic_league,False,professional_or_unknown,True,,Wikipedia,https://en.wikipedia.org/wiki/Cesc_Fàbregas,2026-08-02,1365945329
cesc-fabregas,Q17499,Cesc Fàbregas,1987-05-04,Spain,midfielder,CM,MID,retired,2004–05,2004–05,2004,2005,split_year,17,arsenal,Arsenal,premier-league,Premier League,33,2,domestic_league,False,professional_or_unknown,True,,Wikipedia,https://en.wikipedia.org/wiki/Cesc_Fàbregas,2026-08-02,1365945329
cesc-fabregas,Q17499,Cesc Fàbregas,1987-05-04,Spain,midfielder,CM,MID,retired,2005–06,2005–06,2005,2006,split_year,18,arsenal,Arsenal,premier-league,Premier League,35,3,domestic_league,False,professional_or_unknown,True,,Wikipedia,https://en.wikipedia.org/wiki/Cesc_Fàbregas,2026-08-02,1365945329
cesc-fabregas,Q17499,Cesc Fàbregas,1987-05-04,Spain,midfielder,CM,MID,retired,2006–07,2006–07,2006,2007,split_year,19,arsenal,Arsenal,premier-league,Premier League,38,2,domestic_league,False,professional_or_unknown,True,,Wikipedia,https://en.wikipedia.org/wiki/Cesc_Fàbregas,2026-08-02,1365945329
cesc-fabregas,Q17499,Cesc Fàbregas,1987-05-04,Spain,midfielder,CM,MID,retired,2007–08,2007–08,2007,2008,split_year,20,arsenal,Arsenal,premier-league,Premier League,32,7,domestic_league,False,professional_or_unknown,True,,Wikipedia,https://en.wikipedia.org/wiki/Cesc_Fàbregas,2026-08-02,1365945329
cesc-fabregas,Q17499,Cesc Fàbregas,1987-05-04,Spain,midfielder,CM,MID,retired,2008–09,2008–09,2008,2009,split_year,21,arsenal,Arsenal,premier-league,Premier League,22,3,domestic_league,False,professional_or_unknown,True,,Wikipedia,https://en.wikipedia.org/wiki/Cesc_Fàbregas,2026-08-02,1365945329
cesc-fabregas,Q17499,Cesc Fàbregas,1987-05-04,Spain,midfielder,CM,MID,retired,2009–10,2009–10,2009,2010,split_year,22,arsenal,Arsenal,premier-league,Premier League,27,15,domestic_league,False,professional_or_unknown,True,,Wikipedia,https://en.wikipedia.org/wiki/Cesc_Fàbregas,2026-08-02,1365945329
cesc-fabregas,Q17499,Cesc Fàbregas,1987-05-04,Spain,midfielder,CM,MID,retired,2010–11,2010–11,2010,2011,split_year,23,arsenal,Arsenal,premier-league,Premier League,25,3,domestic_league,False,professional_or_unknown,True,,Wikipedia,https://en.wikipedia.org/wiki/Cesc_Fàbregas,2026-08-02,1365945329
cesc-fabregas,Q17499,Cesc Fàbregas,1987-05-04,Spain,midfielder,CM,MID,retired,2011–12,2011–12,2011,2012,split_year,24,barcelona,Barcelona,la-liga,La Liga,28,9,domestic_league,False,professional_or_unknown,True,,Wikipedia,https://en.wikipedia.org/wiki/Cesc_Fàbregas,2026-08-02,1365945329
cesc-fabregas,Q17499,Cesc Fàbregas,1987-05-04,Spain,midfielder,CM,MID,retired,2012–13,2012–13,2012,2013,split_year,25,barcelona,Barcelona,la-liga,La Liga,32,11,domestic_league,False,professional_or_unknown,True,,Wikipedia,https://en.wikipedia.org/wiki/Cesc_Fàbregas,2026-08-02,1365945329
cesc-fabregas,Q17499,Cesc Fàbregas,1987-05-04,Spain,midfielder,CM,MID,retired,2013–14,2013–14,2013,2014,split_year,26,barcelona,Barcelona,la-liga,La Liga,36,8,domestic_league,False,professional_or_unknown,True,,Wikipedia,https://en.wikipedia.org/wiki/Cesc_Fàbregas,2026-08-02,1365945329
cesc-fabregas,Q17499,Cesc Fàbregas,1987-05-04,Spain,midfielder,CM,MID,retired,2014–15,2014–15,2014,2015,split_year,27,chelsea,Chelsea,premier-league,Premier League,34,3,domestic_league,False,professional_or_unknown,True,,Wikipedia,https://en.wikipedia.org/wiki/Cesc_Fàbregas,2026-08-02,1365945329
cesc-fabregas,Q17499,Cesc Fàbregas,1987-05-04,Spain,midfielder,CM,MID,retired,2015–16,2015–16,2015,2016,split_year,28,chelsea,Chelsea,premier-league,Premier League,37,5,domestic_league,False,professional_or_unknown,True,,Wikipedia,https://en.wikipedia.org/wiki/Cesc_Fàbregas,2026-08-02,1365945329
cesc-fabregas,Q17499,Cesc Fàbregas,1987-05-04,Spain,midfielder,CM,MID,retired,2016–17,2016–17,2016,2017,split_year,29,chelsea,Chelsea,premier-league,Premier League,29,5,domestic_league,False,professional_or_unknown,True,,Wikipedia,https://en.wikipedia.org/wiki/Cesc_Fàbregas,2026-08-02,1365945329
cesc-fabregas,Q17499,Cesc Fàbregas,1987-05-04,Spain,midfielder,CM,MID,retired,2017–18,2017–18,2017,2018,split_year,30,chelsea,Chelsea,premier-league,Premier League,32,2,domestic_league,False,professional_or_unknown,True,,Wikipedia,https://en.wikipedia.org/wiki/Cesc_Fàbregas,2026-08-02,1365945329
cesc-fabregas,Q17499,Cesc Fàbregas,1987-05-04,Spain,midfielder,CM,MID,retired,2018–19,2018–19,2018,2019,split_year,31,chelsea,Chelsea,premier-league,Premier League,6,0,domestic_league,False,professional_or_unknown,True,,Wikipedia,https://en.wikipedia.org/wiki/Cesc_Fàbregas,2026-08-02,1365945329
cesc-fabregas,Q17499,Cesc Fàbregas,1987-05-04,Spain,midfielder,CM,MID,retired,2018–19,2018–19,2018,2019,split_year,31,monaco,Monaco,ligue-1,Ligue 1,13,1,domestic_league,False,professional_or_unknown,True,,Wikipedia,https://en.wikipedia.org/wiki/Cesc_Fàbregas,2026-08-02,1365945329
cesc-fabregas,Q17499,Cesc Fàbregas,1987-05-04,Spain,midfielder,CM,MID,retired,2019–20,2019–20,2019,2020,split_year,32,monaco,Monaco,ligue-1,Ligue 1,18,0,domestic_league,False,professional_or_unknown,True,,Wikipedia,https://en.wikipedia.org/wiki/Cesc_Fàbregas,2026-08-02,1365945329
cesc-fabregas,Q17499,Cesc Fàbregas,1987-05-04,Spain,midfielder,CM,MID,retired,2020–21,2020–21,2020,2021,split_year,33,monaco,Monaco,ligue-1,Ligue 1,21,2,domestic_league,False,professional_or_unknown,True,,Wikipedia,https://en.wikipedia.org/wiki/Cesc_Fàbregas,2026-08-02,1365945329
cesc-fabregas,Q17499,Cesc Fàbregas,1987-05-04,Spain,midfielder,CM,MID,retired,2021–22,2021–22,2021,2022,split_year,34,monaco,Monaco,ligue-1,Ligue 1,2,0,domestic_league,False,professional_or_unknown,True,,Wikipedia,https://en.wikipedia.org/wiki/Cesc_Fàbregas,2026-08-02,1365945329
cesc-fabregas,Q17499,Cesc Fàbregas,1987-05-04,Spain,midfielder,CM,MID,retired,2022–23,2022–23,2022,2023,split_year,35,como,Como,serie-b,Serie B,17,0,domestic_league,False,professional_or_unknown,True,,Wikipedia,https://en.wikipedia.org/wiki/Cesc_Fàbregas,2026-08-02,1365945329
clarence-seedorf,Q484909,Clarence Seedorf,1976-04-01,Kingdom of the Netherlands,wing half,CM,MID,retired,1992–93,1992–93,1992,1993,split_year,16,ajax,Ajax,eredivisie,Eredivisie,12,1,domestic_league,False,professional_or_unknown,True,,Wikipedia,https://en.wikipedia.org/wiki/Clarence_Seedorf,2026-08-02,1365928140
clarence-seedorf,Q484909,Clarence Seedorf,1976-04-01,Kingdom of the Netherlands,wing half,CM,MID,retired,1993–94,1993–94,1993,1994,split_year,17,ajax,Ajax,eredivisie,Eredivisie,19,4,domestic_league,False,professional_or_unknown,True,,Wikipedia,https://en.wikipedia.org/wiki/Clarence_Seedorf,2026-08-02,1365928140
clarence-seedorf,Q484909,Clarence Seedorf,1976-04-01,Kingdom of the Netherlands,wing half,CM,MID,retired,1994–95,1994–95,1994,1995,split_year,18,ajax,Ajax,eredivisie,Eredivisie,34,6,domestic_league,False,professional_or_unknown,True,,Wikipedia,https://en.wikipedia.org/wiki/Clarence_Seedorf,2026-08-02,1365928140
clarence-seedorf,Q484909,Clarence Seedorf,1976-04-01,Kingdom of the Netherlands,wing half,CM,MID,retired,1995–96,1995–96,1995,1996,split_year,19,sampdoria,Sampdoria,serie-a,Serie A,32,3,domestic_league,False,professional_or_unknown,True,,Wikipedia,https://en.wikipedia.org/wiki/Clarence_Seedorf,2026-08-02,1365928140
clarence-seedorf,Q484909,Clarence Seedorf,1976-04-01,Kingdom of the Netherlands,wing half,CM,MID,retired,1996–97,1996–97,1996,1997,split_year,20,real-madrid,Real Madrid,la-liga,La Liga,38,6,domestic_league,False,professional_or_unknown,True,,Wikipedia,https://en.wikipedia.org/wiki/Clarence_Seedorf,2026-08-02,1365928140
clarence-seedorf,Q484909,Clarence Seedorf,1976-04-01,Kingdom of the Netherlands,wing half,CM,MID,retired,1997–98,1997–98,1997,1998,split_year,21,real-madrid,Real Madrid,la-liga,La Liga,36,6,domestic_league,False,professional_or_unknown,True,,Wikipedia,https://en.wikipedia.org/wiki/Clarence_Seedorf,2026-08-02,1365928140
clarence-seedorf,Q484909,Clarence Seedorf,1976-04-01,Kingdom of the Netherlands,wing half,CM,MID,retired,1998–99,1998–99,1998,1999,split_year,22,real-madrid,Real Madrid,la-liga,La Liga,37,3,domestic_league,False,professional_or_unknown,True,,Wikipedia,https://en.wikipedia.org/wiki/Clarence_Seedorf,2026-08-02,1365928140
clarence-seedorf,Q484909,Clarence Seedorf,1976-04-01,Kingdom of the Netherlands,wing half,CM,MID,retired,1999–2000,1999–2000,1999,2000,split_year,23,inter-milan,Inter Milan,serie-a,Série A,20,3,domestic_league,False,professional_or_unknown,True,,Wikipedia,https://en.wikipedia.org/wiki/Clarence_Seedorf,2026-08-02,1365928140
clarence-seedorf,Q484909,Clarence Seedorf,1976-04-01,Kingdom of the Netherlands,wing half,CM,MID,retired,1999–2000,1999–2000,1999,2000,split_year,23,real-madrid,Real Madrid,la-liga,La Liga,10,0,domestic_league,False,professional_or_unknown,True,,Wikipedia,https://en.wikipedia.org/wiki/Clarence_Seedorf,2026-08-02,1365928140
clarence-seedorf,Q484909,Clarence Seedorf,1976-04-01,Kingdom of the Netherlands,wing half,CM,MID,retired,2000–01,2000–01,2000,2001,split_year,24,inter-milan,Inter Milan,serie-a,Série A,24,2,domestic_league,False,professional_or_unknown,True,,Wikipedia,https://en.wikipedia.org/wiki/Clarence_Seedorf,2026-08-02,1365928140
clarence-seedorf,Q484909,Clarence Seedorf,1976-04-01,Kingdom of the Netherlands,wing half,CM,MID,retired,2001–02,2001–02,2001,2002,split_year,25,inter-milan,Inter Milan,serie-a,Série A,20,3,domestic_league,False,professional_or_unknown,True,,Wikipedia,https://en.wikipedia.org/wiki/Clarence_Seedorf,2026-08-02,1365928140
clarence-seedorf,Q484909,Clarence Seedorf,1976-04-01,Kingdom of the Netherlands,wing half,CM,MID,retired,2002–03,2002–03,2002,2003,split_year,26,ac-milan,AC Milan,serie-a,Série A,29,4,domestic_league,False,professional_or_unknown,True,,Wikipedia,https://en.wikipedia.org/wiki/Clarence_Seedorf,2026-08-02,1365928140
clarence-seedorf,Q484909,Clarence Seedorf,1976-04-01,Kingdom of the Netherlands,wing half,CM,MID,retired,2003–04,2003–04,2003,2004,split_year,27,ac-milan,AC Milan,serie-a,Série A,29,3,domestic_league,False,professional_or_unknown,True,,Wikipedia,https://en.wikipedia.org/wiki/Clarence_Seedorf,2026-08-02,1365928140
clarence-seedorf,Q484909,Clarence Seedorf,1976-04-01,Kingdom of the Netherlands,wing half,CM,MID,retired,2004–05,2004–05,2004,2005,split_year,28,ac-milan,AC Milan,serie-a,Série A,32,5,domestic_league,False,professional_or_unknown,True,,Wikipedia,https://en.wikipedia.org/wiki/Clarence_Seedorf,2026-08-02,1365928140
clarence-seedorf,Q484909,Clarence Seedorf,1976-04-01,Kingdom of the Netherlands,wing half,CM,MID,retired,2005–06,2005–06,2005,2006,split_year,29,ac-milan,AC Milan,serie-a,Série A,36,4,domestic_league,False,professional_or_unknown,True,,Wikipedia,https://en.wikipedia.org/wiki/Clarence_Seedorf,2026-08-02,1365928140
clarence-seedorf,Q484909,Clarence Seedorf,1976-04-01,Kingdom of the Netherlands,wing half,CM,MID,retired,2006–07,2006–07,2006,2007,split_year,30,ac-milan,AC Milan,serie-a,Série A,32,7,domestic_league,False,professional_or_unknown,True,,Wikipedia,https://en.wikipedia.org/wiki/Clarence_Seedorf,2026-08-02,1365928140
clarence-seedorf,Q484909,Clarence Seedorf,1976-04-01,Kingdom of the Netherlands,wing half,CM,MID,retired,2007–08,2007–08,2007,2008,split_year,31,ac-milan,AC Milan,serie-a,Série A,32,7,domestic_league,False,professional_or_unknown,True,,Wikipedia,https://en.wikipedia.org/wiki/Clarence_Seedorf,2026-08-02,1365928140
clarence-seedorf,Q484909,Clarence Seedorf,1976-04-01,Kingdom of the Netherlands,wing half,CM,MID,retired,2008–09,2008–09,2008,2009,split_year,32,ac-milan,AC Milan,serie-a,Série A,33,6,domestic_league,False,professional_or_unknown,True,,Wikipedia,https://en.wikipedia.org/wiki/Clarence_Seedorf,2026-08-02,1365928140
clarence-seedorf,Q484909,Clarence Seedorf,1976-04-01,Kingdom of the Netherlands,wing half,CM,MID,retired,2009–10,2009–10,2009,2010,split_year,33,ac-milan,AC Milan,serie-a,Série A,29,5,domestic_league,False,professional_or_unknown,True,,Wikipedia,https://en.wikipedia.org/wiki/Clarence_Seedorf,2026-08-02,1365928140
clarence-seedorf,Q484909,Clarence Seedorf,1976-04-01,Kingdom of the Netherlands,wing half,CM,MID,retired,2010–11,2010–11,2010,2011,split_year,34,ac-milan,AC Milan,serie-a,Série A,30,4,domestic_league,False,professional_or_unknown,True,,Wikipedia,https://en.wikipedia.org/wiki/Clarence_Seedorf,2026-08-02,1365928140
clarence-seedorf,Q484909,Clarence Seedorf,1976-04-01,Kingdom of the Netherlands,wing half,CM,MID,retired,2011–12,2011–12,2011,2012,split_year,35,ac-milan,AC Milan,serie-a,Série A,18,2,domestic_league,False,professional_or_unknown,True,,Wikipedia,https://en.wikipedia.org/wiki/Clarence_Seedorf,2026-08-02,1365928140
clarence-seedorf,Q484909,Clarence Seedorf,1976-04-01,Kingdom of the Netherlands,wing half,CM,MID,retired,2012,2012,2012,2012,calendar_year,36,botafogo,Botafogo,serie-a,Série A,24,8,domestic_league,False,professional_or_unknown,True,,Wikipedia,https://en.wikipedia.org/wiki/Clarence_Seedorf,2026-08-02,1365928140
clarence-seedorf,Q484909,Clarence Seedorf,1976-04-01,Kingdom of the Netherlands,wing half,CM,MID,retired,2013,2013,2013,2013,calendar_year,37,botafogo,Botafogo,serie-a,Série A,34,8,domestic_league,False,professional_or_unknown,True,,Wikipedia,https://en.wikipedia.org/wiki/Clarence_Seedorf,2026-08-02,1365928140
claude-makelele,Q184362,Claude Makélélé,1973-02-18,France,defensive midfielder,DM,MID,retired,1992–93,1992–93,1992,1993,split_year,19,nantes,Nantes,division-1,Division 1,34,1,domestic_league,False,professional_or_unknown,True,,Wikipedia,https://en.wikipedia.org/wiki/Claude_Makélélé,2026-08-02,1366801434
claude-makelele,Q184362,Claude Makélélé,1973-02-18,France,defensive midfielder,DM,MID,retired,1993–94,1993–94,1993,1994,split_year,20,nantes,Nantes,division-1,Division 1,30,0,domestic_league,False,professional_or_unknown,True,,Wikipedia,https://en.wikipedia.org/wiki/Claude_Makélélé,2026-08-02,1366801434
claude-makelele,Q184362,Claude Makélélé,1973-02-18,France,defensive midfielder,DM,MID,retired,1994–95,1994–95,1994,1995,split_year,21,nantes,Nantes,division-1,Division 1,36,3,domestic_league,False,professional_or_unknown,True,,Wikipedia,https://en.wikipedia.org/wiki/Claude_Makélélé,2026-08-02,1366801434
claude-makelele,Q184362,Claude Makélélé,1973-02-18,France,defensive midfielder,DM,MID,retired,1995–96,1995–96,1995,1996,split_year,22,nantes,Nantes,division-1,Division 1,33,0,domestic_league,False,professional_or_unknown,True,,Wikipedia,https://en.wikipedia.org/wiki/Claude_Makélélé,2026-08-02,1366801434
claude-makelele,Q184362,Claude Makélélé,1973-02-18,France,defensive midfielder,DM,MID,retired,1996–97,1996–97,1996,1997,split_year,23,nantes,Nantes,division-1,Division 1,36,5,domestic_league,False,professional_or_unknown,True,,Wikipedia,https://en.wikipedia.org/wiki/Claude_Makélélé,2026-08-02,1366801434
claude-makelele,Q184362,Claude Makélélé,1973-02-18,France,defensive midfielder,DM,MID,retired,1997–98,1997–98,1997,1998,split_year,24,marseille,Marseille,division-1,Division 1,32,2,domestic_league,False,professional_or_unknown,True,,Wikipedia,https://en.wikipedia.org/wiki/Claude_Makélélé,2026-08-02,1366801434
claude-makelele,Q184362,Claude Makélélé,1973-02-18,France,defensive midfielder,DM,MID,retired,1998–99,1998–99,1998,1999,split_year,25,celta-vigo,Celta Vigo,la-liga,La Liga,36,2,domestic_league,False,professional_or_unknown,True,,Wikipedia,https://en.wikipedia.org/wiki/Claude_Makélélé,2026-08-02,1366801434
claude-makelele,Q184362,Claude Makélélé,1973-02-18,France,defensive midfielder,DM,MID,retired,1999–2000,1999–2000,1999,2000,split_year,26,celta-vigo,Celta Vigo,la-liga,La Liga,34,1,domestic_league,False,professional_or_unknown,True,,Wikipedia,https://en.wikipedia.org/wiki/Claude_Makélélé,2026-08-02,1366801434
claude-makelele,Q184362,Claude Makélélé,1973-02-18,France,defensive midfielder,DM,MID,retired,2000–01,2000–01,2000,2001,split_year,27,real-madrid,Real Madrid,la-liga,La Liga,33,0,domestic_league,False,professional_or_unknown,True,,Wikipedia,https://en.wikipedia.org/wiki/Claude_Makélélé,2026-08-02,1366801434
claude-makelele,Q184362,Claude Makélélé,1973-02-18,France,defensive midfielder,DM,MID,retired,2001–02,2001–02,2001,2002,split_year,28,real-madrid,Real Madrid,la-liga,La Liga,32,1,domestic_league,False,professional_or_unknown,True,,Wikipedia,https://en.wikipedia.org/wiki/Claude_Makélélé,2026-08-02,1366801434
claude-makelele,Q184362,Claude Makélélé,1973-02-18,France,defensive midfielder,DM,MID,retired,2002–03,2002–03,2002,2003,split_year,29,real-madrid,Real Madrid,la-liga,La Liga,29,0,domestic_league,False,professional_or_unknown,True,,Wikipedia,https://en.wikipedia.org/wiki/Claude_Makélélé,2026-08-02,1366801434
claude-makelele,Q184362,Claude Makélélé,1973-02-18,France,defensive midfielder,DM,MID,retired,2003–04,2003–04,2003,2004,split_year,30,chelsea,Chelsea,premier-league,Premier League,30,0,domestic_league,False,professional_or_unknown,True,,Wikipedia,https://en.wikipedia.org/wiki/Claude_Makélélé,2026-08-02,1366801434
claude-makelele,Q184362,Claude Makélélé,1973-02-18,France,defensive midfielder,DM,MID,retired,2004–05,2004–05,2004,2005,split_year,31,chelsea,Chelsea,premier-league,Premier League,36,1,domestic_league,False,professional_or_unknown,True,,Wikipedia,https://en.wikipedia.org/wiki/Claude_Makélélé,2026-08-02,1366801434
claude-makelele,Q184362,Claude Makélélé,1973-02-18,France,defensive midfielder,DM,MID,retired,2005–06,2005–06,2005,2006,split_year,32,chelsea,Chelsea,premier-league,Premier League,31,0,domestic_league,False,professional_or_unknown,True,,Wikipedia,https://en.wikipedia.org/wiki/Claude_Makélélé,2026-08-02,1366801434
claude-makelele,Q184362,Claude Makélélé,1973-02-18,France,defensive midfielder,DM,MID,retired,2006–07,2006–07,2006,2007,split_year,33,chelsea,Chelsea,premier-league,Premier League,29,1,domestic_league,False,professional_or_unknown,True,,Wikipedia,https://en.wikipedia.org/wiki/Claude_Makélélé,2026-08-02,1366801434
claude-makelele,Q184362,Claude Makélélé,1973-02-18,France,defensive midfielder,DM,MID,retired,2007–08,2007–08,2007,2008,split_year,34,chelsea,Chelsea,premier-league,Premier League,18,0,domestic_league,False,professional_or_unknown,True,,Wikipedia,https://en.wikipedia.org/wiki/Claude_Makélélé,2026-08-02,1366801434
claude-makelele,Q184362,Claude Makélélé,1973-02-18,France,defensive midfielder,DM,MID,retired,2008–09,2008–09,2008,2009,split_year,35,paris-saint-germain,Paris Saint-Germain,ligue-1,Ligue 1,34,0,domestic_league,False,professional_or_unknown,True,,Wikipedia,https://en.wikipedia.org/wiki/Claude_Makélélé,2026-08-02,1366801434
claude-makelele,Q184362,Claude Makélélé,1973-02-18,France,defensive midfielder,DM,MID,retired,2009–10,2009–10,2009,2010,split_year,36,paris-saint-germain,Paris Saint-Germain,ligue-1,Ligue 1,31,1,domestic_league,False,professional_or_unknown,True,,Wikipedia,https://en.wikipedia.org/wiki/Claude_Makélélé,2026-08-02,1366801434
claude-makelele,Q184362,Claude Makélélé,1973-02-18,France,defensive midfielder,DM,MID,retired,2010–11,2010–11,2010,2011,split_year,37,paris-saint-germain,Paris Saint-Germain,ligue-1,Ligue 1,33,0,domestic_league,False,professional_or_unknown,True,,Wikipedia,https://en.wikipedia.org/wiki/Claude_Makélélé,2026-08-02,1366801434
cristiano-ronaldo,Q11571,Cristiano Ronaldo,1985-02-05,Portugal,wing half,WNG,WIDE,active,2002–03,2002–03,2002,2003,split_year,17,sporting-cp,Sporting CP,primeira-liga,Primeira Liga,25,3,domestic_league,False,professional_or_unknown,True,,Wikipedia,https://en.wikipedia.org/wiki/Cristiano_Ronaldo,2026-08-02,1367102888
cristiano-ronaldo,Q11571,Cristiano Ronaldo,1985-02-05,Portugal,wing half,WNG,WIDE,active,2003–04,2003–04,2003,2004,split_year,18,manchester-united,Manchester United,premier-league,Premier League,29,4,domestic_league,False,professional_or_unknown,True,,Wikipedia,https://en.wikipedia.org/wiki/Cristiano_Ronaldo,2026-08-02,1367102888
cristiano-ronaldo,Q11571,Cristiano Ronaldo,1985-02-05,Portugal,wing half,WNG,WIDE,active,2004–05,2004–05,2004,2005,split_year,19,manchester-united,Manchester United,premier-league,Premier League,33,5,domestic_league,False,professional_or_unknown,True,,Wikipedia,https://en.wikipedia.org/wiki/Cristiano_Ronaldo,2026-08-02,1367102888
cristiano-ronaldo,Q11571,Cristiano Ronaldo,1985-02-05,Portugal,wing half,WNG,WIDE,active,2005–06,2005–06,2005,2006,split_year,20,manchester-united,Manchester United,premier-league,Premier League,33,9,domestic_league,False,professional_or_unknown,True,,Wikipedia,https://en.wikipedia.org/wiki/Cristiano_Ronaldo,2026-08-02,1367102888
cristiano-ronaldo,Q11571,Cristiano Ronaldo,1985-02-05,Portugal,wing half,WNG,WIDE,active,2006–07,2006–07,2006,2007,split_year,21,manchester-united,Manchester United,premier-league,Premier League,34,17,domestic_league,False,professional_or_unknown,True,,Wikipedia,https://en.wikipedia.org/wiki/Cristiano_Ronaldo,2026-08-02,1367102888
cristiano-ronaldo,Q11571,Cristiano Ronaldo,1985-02-05,Portugal,wing half,WNG,WIDE,active,2007–08,2007–08,2007,2008,split_year,22,manchester-united,Manchester United,premier-league,Premier League,34,31,domestic_league,False,professional_or_unknown,True,,Wikipedia,https://en.wikipedia.org/wiki/Cristiano_Ronaldo,2026-08-02,1367102888
cristiano-ronaldo,Q11571,Cristiano Ronaldo,1985-02-05,Portugal,wing half,WNG,WIDE,active,2008–09,2008–09,2008,2009,split_year,23,manchester-united,Manchester United,premier-league,Premier League,33,18,domestic_league,False,professional_or_unknown,True,,Wikipedia,https://en.wikipedia.org/wiki/Cristiano_Ronaldo,2026-08-02,1367102888
cristiano-ronaldo,Q11571,Cristiano Ronaldo,1985-02-05,Portugal,wing half,WNG,WIDE,active,2009–10,2009–10,2009,2010,split_year,24,real-madrid,Real Madrid,la-liga,La Liga,29,26,domestic_league,False,professional_or_unknown,True,,Wikipedia,https://en.wikipedia.org/wiki/Cristiano_Ronaldo,2026-08-02,1367102888
cristiano-ronaldo,Q11571,Cristiano Ronaldo,1985-02-05,Portugal,wing half,WNG,WIDE,active,2010–11,2010–11,2010,2011,split_year,25,real-madrid,Real Madrid,la-liga,La Liga,34,40,domestic_league,False,professional_or_unknown,True,,Wikipedia,https://en.wikipedia.org/wiki/Cristiano_Ronaldo,2026-08-02,1367102888
cristiano-ronaldo,Q11571,Cristiano Ronaldo,1985-02-05,Portugal,wing half,WNG,WIDE,active,2011–12,2011–12,2011,2012,split_year,26,real-madrid,Real Madrid,la-liga,La Liga,38,46,domestic_league,False,professional_or_unknown,True,,Wikipedia,https://en.wikipedia.org/wiki/Cristiano_Ronaldo,2026-08-02,1367102888
cristiano-ronaldo,Q11571,Cristiano Ronaldo,1985-02-05,Portugal,wing half,WNG,WIDE,active,2012–13,2012–13,2012,2013,split_year,27,real-madrid,Real Madrid,la-liga,La Liga,34,34,domestic_league,False,professional_or_unknown,True,,Wikipedia,https://en.wikipedia.org/wiki/Cristiano_Ronaldo,2026-08-02,1367102888
cristiano-ronaldo,Q11571,Cristiano Ronaldo,1985-02-05,Portugal,wing half,WNG,WIDE,active,2013–14,2013–14,2013,2014,split_year,28,real-madrid,Real Madrid,la-liga,La Liga,30,31,domestic_league,False,professional_or_unknown,True,,Wikipedia,https://en.wikipedia.org/wiki/Cristiano_Ronaldo,2026-08-02,1367102888
cristiano-ronaldo,Q11571,Cristiano Ronaldo,1985-02-05,Portugal,wing half,WNG,WIDE,active,2014–15,2014–15,2014,2015,split_year,29,real-madrid,Real Madrid,la-liga,La Liga,35,48,domestic_league,False,professional_or_unknown,True,,Wikipedia,https://en.wikipedia.org/wiki/Cristiano_Ronaldo,2026-08-02,1367102888
cristiano-ronaldo,Q11571,Cristiano Ronaldo,1985-02-05,Portugal,wing half,WNG,WIDE,active,2015–16,2015–16,2015,2016,split_year,30,real-madrid,Real Madrid,la-liga,La Liga,36,35,domestic_league,False,professional_or_unknown,True,,Wikipedia,https://en.wikipedia.org/wiki/Cristiano_Ronaldo,2026-08-02,1367102888
cristiano-ronaldo,Q11571,Cristiano Ronaldo,1985-02-05,Portugal,wing half,WNG,WIDE,active,2016–17,2016–17,2016,2017,split_year,31,real-madrid,Real Madrid,la-liga,La Liga,29,25,domestic_league,False,professional_or_unknown,True,,Wikipedia,https://en.wikipedia.org/wiki/Cristiano_Ronaldo,2026-08-02,1367102888
cristiano-ronaldo,Q11571,Cristiano Ronaldo,1985-02-05,Portugal,wing half,WNG,WIDE,active,2017–18,2017–18,2017,2018,split_year,32,real-madrid,Real Madrid,la-liga,La Liga,27,26,domestic_league,False,professional_or_unknown,True,,Wikipedia,https://en.wikipedia.org/wiki/Cristiano_Ronaldo,2026-08-02,1367102888
cristiano-ronaldo,Q11571,Cristiano Ronaldo,1985-02-05,Portugal,wing half,WNG,WIDE,active,2018–19,2018–19,2018,2019,split_year,33,juventus,Juventus,serie-a,Serie A,31,21,domestic_league,False,professional_or_unknown,True,,Wikipedia,https://en.wikipedia.org/wiki/Cristiano_Ronaldo,2026-08-02,1367102888
cristiano-ronaldo,Q11571,Cristiano Ronaldo,1985-02-05,Portugal,wing half,WNG,WIDE,active,2019–20,2019–20,2019,2020,split_year,34,juventus,Juventus,serie-a,Serie A,33,31,domestic_league,False,professional_or_unknown,True,,Wikipedia,https://en.wikipedia.org/wiki/Cristiano_Ronaldo,2026-08-02,1367102888
cristiano-ronaldo,Q11571,Cristiano Ronaldo,1985-02-05,Portugal,wing half,WNG,WIDE,active,2020–21,2020–21,2020,2021,split_year,35,juventus,Juventus,serie-a,Serie A,33,29,domestic_league,False,professional_or_unknown,True,,Wikipedia,https://en.wikipedia.org/wiki/Cristiano_Ronaldo,2026-08-02,1367102888
cristiano-ronaldo,Q11571,Cristiano Ronaldo,1985-02-05,Portugal,wing half,WNG,WIDE,active,2021–22,2021–22,2021,2022,split_year,36,juventus,Juventus,serie-a,Serie A,1,0,domestic_league,False,professional_or_unknown,True,,Wikipedia,https://en.wikipedia.org/wiki/Cristiano_Ronaldo,2026-08-02,1367102888
cristiano-ronaldo,Q11571,Cristiano Ronaldo,1985-02-05,Portugal,wing half,WNG,WIDE,active,2021–22,2021–22,2021,2022,split_year,36,manchester-united,Manchester United,premier-league,Premier League,30,18,domestic_league,False,professional_or_unknown,True,,Wikipedia,https://en.wikipedia.org/wiki/Cristiano_Ronaldo,2026-08-02,1367102888
cristiano-ronaldo,Q11571,Cristiano Ronaldo,1985-02-05,Portugal,wing half,WNG,WIDE,active,2022–23,2022–23,2022,2023,split_year,37,al-nassr,Al-Nassr,saudi-pro-league,Saudi Pro League,16,14,domestic_league,False,professional_or_unknown,True,,Wikipedia,https://en.wikipedia.org/wiki/Cristiano_Ronaldo,2026-08-02,1367102888
cristiano-ronaldo,Q11571,Cristiano Ronaldo,1985-02-05,Portugal,wing half,WNG,WIDE,active,2022–23,2022–23,2022,2023,split_year,37,manchester-united,Manchester United,premier-league,Premier League,10,1,domestic_league,False,professional_or_unknown,True,,Wikipedia,https://en.wikipedia.org/wiki/Cristiano_Ronaldo,2026-08-02,1367102888
cristiano-ronaldo,Q11571,Cristiano Ronaldo,1985-02-05,Portugal,wing half,WNG,WIDE,active,2023–24,2023–24,2023,2024,split_year,38,al-nassr,Al-Nassr,saudi-pro-league,Saudi Pro League,31,35,domestic_league,False,professional_or_unknown,True,,Wikipedia,https://en.wikipedia.org/wiki/Cristiano_Ronaldo,2026-08-02,1367102888
cristiano-ronaldo,Q11571,Cristiano Ronaldo,1985-02-05,Portugal,wing half,WNG,WIDE,active,2024–25,2024–25,2024,2025,split_year,39,al-nassr,Al-Nassr,saudi-pro-league,Saudi Pro League,30,25,domestic_league,False,professional_or_unknown,True,,Wikipedia,https://en.wikipedia.org/wiki/Cristiano_Ronaldo,2026-08-02,1367102888
cristiano-ronaldo,Q11571,Cristiano Ronaldo,1985-02-05,Portugal,wing half,WNG,WIDE,active,2025–26,2025–26,2025,2026,split_year,40,al-nassr,Al-Nassr,saudi-pro-league,Saudi Pro League,30,28,domestic_league,False,professional_or_unknown,True,,Wikipedia,https://en.wikipedia.org/wiki/Cristiano_Ronaldo,2026-08-02,1367102888
dani-alves,Q172720,Dani Alves,1983-05-06,Brazil,full-back,FB,DEF,retired,2001,2001,2001,2001,calendar_year,18,bahia,Bahia,serie-a,Série A,6,0,domestic_league,False,professional_or_unknown,True,,Wikipedia,https://en.wikipedia.org/wiki/Dani_Alves,2026-08-02,1367102967
dani-alves,Q172720,Dani Alves,1983-05-06,Brazil,full-back,FB,DEF,retired,2002,2002,2002,2002,calendar_year,19,bahia,Bahia,serie-a,Série A,19,2,domestic_league,False,professional_or_unknown,True,,Wikipedia,https://en.wikipedia.org/wiki/Dani_Alves,2026-08-02,1367102967
dani-alves,Q172720,Dani Alves,1983-05-06,Brazil,full-back,FB,DEF,retired,2002–03,2002–03,2002,2003,split_year,19,sevilla,Sevilla,la-liga,La Liga,10,0,domestic_league,False,professional_or_unknown,True,,Wikipedia,https://en.wikipedia.org/wiki/Dani_Alves,2026-08-02,1367102967
dani-alves,Q172720,Dani Alves,1983-05-06,Brazil,full-back,FB,DEF,retired,2003–04,2003–04,2003,2004,split_year,20,sevilla,Sevilla,la-liga,La Liga,29,1,domestic_league,False,professional_or_unknown,True,,Wikipedia,https://en.wikipedia.org/wiki/Dani_Alves,2026-08-02,1367102967
dani-alves,Q172720,Dani Alves,1983-05-06,Brazil,full-back,FB,DEF,retired,2004–05,2004–05,2004,2005,split_year,21,sevilla,Sevilla,la-liga,La Liga,33,2,domestic_league,False,professional_or_unknown,True,,Wikipedia,https://en.wikipedia.org/wiki/Dani_Alves,2026-08-02,1367102967
dani-alves,Q172720,Dani Alves,1983-05-06,Brazil,full-back,FB,DEF,retired,2005–06,2005–06,2005,2006,split_year,22,sevilla,Sevilla,la-liga,La Liga,36,3,domestic_league,False,professional_or_unknown,True,,Wikipedia,https://en.wikipedia.org/wiki/Dani_Alves,2026-08-02,1367102967
dani-alves,Q172720,Dani Alves,1983-05-06,Brazil,full-back,FB,DEF,retired,2006–07,2006–07,2006,2007,split_year,23,sevilla,Sevilla,la-liga,La Liga,34,3,domestic_league,False,professional_or_unknown,True,,Wikipedia,https://en.wikipedia.org/wiki/Dani_Alves,2026-08-02,1367102967
dani-alves,Q172720,Dani Alves,1983-05-06,Brazil,full-back,FB,DEF,retired,2007–08,2007–08,2007,2008,split_year,24,sevilla,Sevilla,la-liga,La Liga,33,2,domestic_league,False,professional_or_unknown,True,,Wikipedia,https://en.wikipedia.org/wiki/Dani_Alves,2026-08-02,1367102967
dani-alves,Q172720,Dani Alves,1983-05-06,Brazil,full-back,FB,DEF,retired,2008–09,2008–09,2008,2009,split_year,25,barcelona,Barcelona,la-liga,La Liga,34,5,domestic_league,False,professional_or_unknown,True,,Wikipedia,https://en.wikipedia.org/wiki/Dani_Alves,2026-08-02,1367102967
dani-alves,Q172720,Dani Alves,1983-05-06,Brazil,full-back,FB,DEF,retired,2009–10,2009–10,2009,2010,split_year,26,barcelona,Barcelona,la-liga,La Liga,29,3,domestic_league,False,professional_or_unknown,True,,Wikipedia,https://en.wikipedia.org/wiki/Dani_Alves,2026-08-02,1367102967
dani-alves,Q172720,Dani Alves,1983-05-06,Brazil,full-back,FB,DEF,retired,2010–11,2010–11,2010,2011,split_year,27,barcelona,Barcelona,la-liga,La Liga,35,2,domestic_league,False,professional_or_unknown,True,,Wikipedia,https://en.wikipedia.org/wiki/Dani_Alves,2026-08-02,1367102967
dani-alves,Q172720,Dani Alves,1983-05-06,Brazil,full-back,FB,DEF,retired,2011–12,2011–12,2011,2012,split_year,28,barcelona,Barcelona,la-liga,La Liga,33,2,domestic_league,False,professional_or_unknown,True,,Wikipedia,https://en.wikipedia.org/wiki/Dani_Alves,2026-08-02,1367102967
dani-alves,Q172720,Dani Alves,1983-05-06,Brazil,full-back,FB,DEF,retired,2012–13,2012–13,2012,2013,split_year,29,barcelona,Barcelona,la-liga,La Liga,30,0,domestic_league,False,professional_or_unknown,True,,Wikipedia,https://en.wikipedia.org/wiki/Dani_Alves,2026-08-02,1367102967
dani-alves,Q172720,Dani Alves,1983-05-06,Brazil,full-back,FB,DEF,retired,2013–14,2013–14,2013,2014,split_year,30,barcelona,Barcelona,la-liga,La Liga,27,2,domestic_league,False,professional_or_unknown,True,,Wikipedia,https://en.wikipedia.org/wiki/Dani_Alves,2026-08-02,1367102967
dani-alves,Q172720,Dani Alves,1983-05-06,Brazil,full-back,FB,DEF,retired,2014–15,2014–15,2014,2015,split_year,31,barcelona,Barcelona,la-liga,La Liga,30,0,domestic_league,False,professional_or_unknown,True,,Wikipedia,https://en.wikipedia.org/wiki/Dani_Alves,2026-08-02,1367102967
dani-alves,Q172720,Dani Alves,1983-05-06,Brazil,full-back,FB,DEF,retired,2015–16,2015–16,2015,2016,split_year,32,barcelona,Barcelona,la-liga,La Liga,29,0,domestic_league,False,professional_or_unknown,True,,Wikipedia,https://en.wikipedia.org/wiki/Dani_Alves,2026-08-02,1367102967
dani-alves,Q172720,Dani Alves,1983-05-06,Brazil,full-back,FB,DEF,retired,2016–17,2016–17,2016,2017,split_year,33,juventus,Juventus,serie-a,Serie A,19,2,domestic_league,False,professional_or_unknown,True,,Wikipedia,https://en.wikipedia.org/wiki/Dani_Alves,2026-08-02,1367102967
dani-alves,Q172720,Dani Alves,1983-05-06,Brazil,full-back,FB,DEF,retired,2017–18,2017–18,2017,2018,split_year,34,paris-saint-germain,Paris Saint-Germain,ligue-1,Ligue 1,25,1,domestic_league,False,professional_or_unknown,True,,Wikipedia,https://en.wikipedia.org/wiki/Dani_Alves,2026-08-02,1367102967
dani-alves,Q172720,Dani Alves,1983-05-06,Brazil,full-back,FB,DEF,retired,2018–19,2018–19,2018,2019,split_year,35,paris-saint-germain,Paris Saint-Germain,ligue-1,Ligue 1,23,1,domestic_league,False,professional_or_unknown,True,,Wikipedia,https://en.wikipedia.org/wiki/Dani_Alves,2026-08-02,1367102967
dani-alves,Q172720,Dani Alves,1983-05-06,Brazil,full-back,FB,DEF,retired,2019,2019,2019,2019,calendar_year,36,sao-paulo,São Paulo,serie-a,Série A,20,2,domestic_league,False,professional_or_unknown,True,,Wikipedia,https://en.wikipedia.org/wiki/Dani_Alves,2026-08-02,1367102967
dani-alves,Q172720,Dani Alves,1983-05-06,Brazil,full-back,FB,DEF,retired,2020,2020,2020,2020,calendar_year,37,sao-paulo,São Paulo,serie-a,Série A,30,1,domestic_league,False,professional_or_unknown,True,,Wikipedia,https://en.wikipedia.org/wiki/Dani_Alves,2026-08-02,1367102967
dani-alves,Q172720,Dani Alves,1983-05-06,Brazil,full-back,FB,DEF,retired,2021,2021,2021,2021,calendar_year,38,sao-paulo,São Paulo,serie-a,Série A,6,0,domestic_league,False,professional_or_unknown,True,,Wikipedia,https://en.wikipedia.org/wiki/Dani_Alves,2026-08-02,1367102967
dani-alves,Q172720,Dani Alves,1983-05-06,Brazil,full-back,FB,DEF,retired,2021–22,2021–22,2021,2022,split_year,38,barcelona,Barcelona,la-liga,La Liga,14,1,domestic_league,False,professional_or_unknown,True,,Wikipedia,https://en.wikipedia.org/wiki/Dani_Alves,2026-08-02,1367102967
dani-alves,Q172720,Dani Alves,1983-05-06,Brazil,full-back,FB,DEF,retired,2022–23,2022–23,2022,2023,split_year,39,unam,UNAM,liga-mx,Liga MX,13,0,domestic_league,False,professional_or_unknown,True,,Wikipedia,https://en.wikipedia.org/wiki/Dani_Alves,2026-08-02,1367102967
dani-carvajal,Q127452,Dani Carvajal,1992-01-11,Spain,FB,FB,DEF,active,2012–13,2012–13,2012,2013,split_year,20,bayer-leverkusen,Bayer Leverkusen,bundesliga,Bundesliga,32,1,domestic_league,False,professional_or_unknown,True,,Wikipedia,https://en.wikipedia.org/wiki/Dani_Carvajal,2026-08-02,1367102976
dani-carvajal,Q127452,Dani Carvajal,1992-01-11,Spain,FB,FB,DEF,active,2013–14,2013–14,2013,2014,split_year,21,real-madrid,Real Madrid,la-liga,La Liga,31,2,domestic_league,False,professional_or_unknown,True,,Wikipedia,https://en.wikipedia.org/wiki/Dani_Carvajal,2026-08-02,1367102976
dani-carvajal,Q127452,Dani Carvajal,1992-01-11,Spain,FB,FB,DEF,active,2014–15,2014–15,2014,2015,split_year,22,real-madrid,Real Madrid,la-liga,La Liga,30,0,domestic_league,False,professional_or_unknown,True,,Wikipedia,https://en.wikipedia.org/wiki/Dani_Carvajal,2026-08-02,1367102976
dani-carvajal,Q127452,Dani Carvajal,1992-01-11,Spain,FB,FB,DEF,active,2015–16,2015–16,2015,2016,split_year,23,real-madrid,Real Madrid,la-liga,La Liga,22,0,domestic_league,False,professional_or_unknown,True,,Wikipedia,https://en.wikipedia.org/wiki/Dani_Carvajal,2026-08-02,1367102976
dani-carvajal,Q127452,Dani Carvajal,1992-01-11,Spain,FB,FB,DEF,active,2016–17,2016–17,2016,2017,split_year,24,real-madrid,Real Madrid,la-liga,La Liga,23,0,domestic_league,False,professional_or_unknown,True,,Wikipedia,https://en.wikipedia.org/wiki/Dani_Carvajal,2026-08-02,1367102976
dani-carvajal,Q127452,Dani Carvajal,1992-01-11,Spain,FB,FB,DEF,active,2017–18,2017–18,2017,2018,split_year,25,real-madrid,Real Madrid,la-liga,La Liga,25,0,domestic_league,False,professional_or_unknown,True,,Wikipedia,https://en.wikipedia.org/wiki/Dani_Carvajal,2026-08-02,1367102976
dani-carvajal,Q127452,Dani Carvajal,1992-01-11,Spain,FB,FB,DEF,active,2018–19,2018–19,2018,2019,split_year,26,real-madrid,Real Madrid,la-liga,La Liga,24,1,domestic_league,False,professional_or_unknown,True,,Wikipedia,https://en.wikipedia.org/wiki/Dani_Carvajal,2026-08-02,1367102976
dani-carvajal,Q127452,Dani Carvajal,1992-01-11,Spain,FB,FB,DEF,active,2019–20,2019–20,2019,2020,split_year,27,real-madrid,Real Madrid,la-liga,La Liga,31,1,domestic_league,False,professional_or_unknown,True,,Wikipedia,https://en.wikipedia.org/wiki/Dani_Carvajal,2026-08-02,1367102976
dani-carvajal,Q127452,Dani Carvajal,1992-01-11,Spain,FB,FB,DEF,active,2020–21,2020–21,2020,2021,split_year,28,real-madrid,Real Madrid,la-liga,La Liga,13,0,domestic_league,False,professional_or_unknown,True,,Wikipedia,https://en.wikipedia.org/wiki/Dani_Carvajal,2026-08-02,1367102976
dani-carvajal,Q127452,Dani Carvajal,1992-01-11,Spain,FB,FB,DEF,active,2021–22,2021–22,2021,2022,split_year,29,real-madrid,Real Madrid,la-liga,La Liga,24,1,domestic_league,False,professional_or_unknown,True,,Wikipedia,https://en.wikipedia.org/wiki/Dani_Carvajal,2026-08-02,1367102976
dani-carvajal,Q127452,Dani Carvajal,1992-01-11,Spain,FB,FB,DEF,active,2022–23,2022–23,2022,2023,split_year,30,real-madrid,Real Madrid,la-liga,La Liga,27,0,domestic_league,False,professional_or_unknown,True,,Wikipedia,https://en.wikipedia.org/wiki/Dani_Carvajal,2026-08-02,1367102976
dani-carvajal,Q127452,Dani Carvajal,1992-01-11,Spain,FB,FB,DEF,active,2023–24,2023–24,2023,2024,split_year,31,real-madrid,Real Madrid,la-liga,La Liga,28,4,domestic_league,False,professional_or_unknown,True,,Wikipedia,https://en.wikipedia.org/wiki/Dani_Carvajal,2026-08-02,1367102976
dani-carvajal,Q127452,Dani Carvajal,1992-01-11,Spain,FB,FB,DEF,active,2024–25,2024–25,2024,2025,split_year,32,real-madrid,Real Madrid,la-liga,La Liga,8,1,domestic_league,False,professional_or_unknown,True,,Wikipedia,https://en.wikipedia.org/wiki/Dani_Carvajal,2026-08-02,1367102976
dani-carvajal,Q127452,Dani Carvajal,1992-01-11,Spain,FB,FB,DEF,active,2025–26,2025–26,2025,2026,split_year,33,real-madrid,Real Madrid,la-liga,La Liga,17,0,domestic_league,False,professional_or_unknown,True,,Wikipedia,https://en.wikipedia.org/wiki/Dani_Carvajal,2026-08-02,1367102976
daniele-de-rossi,Q168497,Daniele De Rossi,1983-07-24,Italy,midfielder,DM,MID,retired,2001–02,2001–02,2001,2002,split_year,18,roma,Roma,serie-a,Serie A,0,0,domestic_league,False,professional_or_unknown,True,,Wikipedia,https://en.wikipedia.org/wiki/Daniele_De_Rossi,2026-08-02,1367102991
daniele-de-rossi,Q168497,Daniele De Rossi,1983-07-24,Italy,midfielder,DM,MID,retired,2002–03,2002–03,2002,2003,split_year,19,roma,Roma,serie-a,Serie A,4,2,domestic_league,False,professional_or_unknown,True,,Wikipedia,https://en.wikipedia.org/wiki/Daniele_De_Rossi,2026-08-02,1367102991
daniele-de-rossi,Q168497,Daniele De Rossi,1983-07-24,Italy,midfielder,DM,MID,retired,2003–04,2003–04,2003,2004,split_year,20,roma,Roma,serie-a,Serie A,17,0,domestic_league,False,professional_or_unknown,True,,Wikipedia,https://en.wikipedia.org/wiki/Daniele_De_Rossi,2026-08-02,1367102991
daniele-de-rossi,Q168497,Daniele De Rossi,1983-07-24,Italy,midfielder,DM,MID,retired,2004–05,2004–05,2004,2005,split_year,21,roma,Roma,serie-a,Serie A,30,2,domestic_league,False,professional_or_unknown,True,,Wikipedia,https://en.wikipedia.org/wiki/Daniele_De_Rossi,2026-08-02,1367102991
daniele-de-rossi,Q168497,Daniele De Rossi,1983-07-24,Italy,midfielder,DM,MID,retired,2005–06,2005–06,2005,2006,split_year,22,roma,Roma,serie-a,Serie A,34,6,domestic_league,False,professional_or_unknown,True,,Wikipedia,https://en.wikipedia.org/wiki/Daniele_De_Rossi,2026-08-02,1367102991
daniele-de-rossi,Q168497,Daniele De Rossi,1983-07-24,Italy,midfielder,DM,MID,retired,2006–07,2006–07,2006,2007,split_year,23,roma,Roma,serie-a,Serie A,36,2,domestic_league,False,professional_or_unknown,True,,Wikipedia,https://en.wikipedia.org/wiki/Daniele_De_Rossi,2026-08-02,1367102991
daniele-de-rossi,Q168497,Daniele De Rossi,1983-07-24,Italy,midfielder,DM,MID,retired,2007–08,2007–08,2007,2008,split_year,24,roma,Roma,serie-a,Serie A,34,5,domestic_league,False,professional_or_unknown,True,,Wikipedia,https://en.wikipedia.org/wiki/Daniele_De_Rossi,2026-08-02,1367102991
daniele-de-rossi,Q168497,Daniele De Rossi,1983-07-24,Italy,midfielder,DM,MID,retired,2008–09,2008–09,2008,2009,split_year,25,roma,Roma,serie-a,Serie A,33,3,domestic_league,False,professional_or_unknown,True,,Wikipedia,https://en.wikipedia.org/wiki/Daniele_De_Rossi,2026-08-02,1367102991
daniele-de-rossi,Q168497,Daniele De Rossi,1983-07-24,Italy,midfielder,DM,MID,retired,2009–10,2009–10,2009,2010,split_year,26,roma,Roma,serie-a,Serie A,33,7,domestic_league,False,professional_or_unknown,True,,Wikipedia,https://en.wikipedia.org/wiki/Daniele_De_Rossi,2026-08-02,1367102991
daniele-de-rossi,Q168497,Daniele De Rossi,1983-07-24,Italy,midfielder,DM,MID,retired,2010–11,2010–11,2010,2011,split_year,27,roma,Roma,serie-a,Serie A,28,2,domestic_league,False,professional_or_unknown,True,,Wikipedia,https://en.wikipedia.org/wiki/Daniele_De_Rossi,2026-08-02,1367102991
daniele-de-rossi,Q168497,Daniele De Rossi,1983-07-24,Italy,midfielder,DM,MID,retired,2011–12,2011–12,2011,2012,split_year,28,roma,Roma,serie-a,Serie A,32,4,domestic_league,False,professional_or_unknown,True,,Wikipedia,https://en.wikipedia.org/wiki/Daniele_De_Rossi,2026-08-02,1367102991
daniele-de-rossi,Q168497,Daniele De Rossi,1983-07-24,Italy,midfielder,DM,MID,retired,2012–13,2012–13,2012,2013,split_year,29,roma,Roma,serie-a,Serie A,25,0,domestic_league,False,professional_or_unknown,True,,Wikipedia,https://en.wikipedia.org/wiki/Daniele_De_Rossi,2026-08-02,1367102991
daniele-de-rossi,Q168497,Daniele De Rossi,1983-07-24,Italy,midfielder,DM,MID,retired,2013–14,2013–14,2013,2014,split_year,30,roma,Roma,serie-a,Serie A,32,1,domestic_league,False,professional_or_unknown,True,,Wikipedia,https://en.wikipedia.org/wiki/Daniele_De_Rossi,2026-08-02,1367102991
daniele-de-rossi,Q168497,Daniele De Rossi,1983-07-24,Italy,midfielder,DM,MID,retired,2014–15,2014–15,2014,2015,split_year,31,roma,Roma,serie-a,Serie A,26,2,domestic_league,False,professional_or_unknown,True,,Wikipedia,https://en.wikipedia.org/wiki/Daniele_De_Rossi,2026-08-02,1367102991
daniele-de-rossi,Q168497,Daniele De Rossi,1983-07-24,Italy,midfielder,DM,MID,retired,2015–16,2015–16,2015,2016,split_year,32,roma,Roma,serie-a,Serie A,24,1,domestic_league,False,professional_or_unknown,True,,Wikipedia,https://en.wikipedia.org/wiki/Daniele_De_Rossi,2026-08-02,1367102991
daniele-de-rossi,Q168497,Daniele De Rossi,1983-07-24,Italy,midfielder,DM,MID,retired,2016–17,2016–17,2016,2017,split_year,33,roma,Roma,serie-a,Serie A,31,4,domestic_league,False,professional_or_unknown,True,,Wikipedia,https://en.wikipedia.org/wiki/Daniele_De_Rossi,2026-08-02,1367102991
daniele-de-rossi,Q168497,Daniele De Rossi,1983-07-24,Italy,midfielder,DM,MID,retired,2017–18,2017–18,2017,2018,split_year,34,roma,Roma,serie-a,Serie A,22,1,domestic_league,False,professional_or_unknown,True,,Wikipedia,https://en.wikipedia.org/wiki/Daniele_De_Rossi,2026-08-02,1367102991
daniele-de-rossi,Q168497,Daniele De Rossi,1983-07-24,Italy,midfielder,DM,MID,retired,2018–19,2018–19,2018,2019,split_year,35,roma,Roma,serie-a,Serie A,18,1,domestic_league,False,professional_or_unknown,True,,Wikipedia,https://en.wikipedia.org/wiki/Daniele_De_Rossi,2026-08-02,1367102991
david-alaba,Q31981,David Alaba,1992-06-24,Austria,centre-back,CB,DEF,active,2009–10,2009–10,2009,2010,split_year,17,bayern-munich,Bayern Munich,bundesliga,Bundesliga,3,0,domestic_league,False,professional_or_unknown,True,,Wikipedia,https://en.wikipedia.org/wiki/David_Alaba,2026-08-02,1362837729
david-alaba,Q31981,David Alaba,1992-06-24,Austria,centre-back,CB,DEF,active,2010–11,2010–11,2010,2011,split_year,18,bayern-munich,Bayern Munich,bundesliga,Bundesliga,2,0,domestic_league,False,professional_or_unknown,True,,Wikipedia,https://en.wikipedia.org/wiki/David_Alaba,2026-08-02,1362837729
david-alaba,Q31981,David Alaba,1992-06-24,Austria,centre-back,CB,DEF,active,2010–11,2010–11,2010,2011,split_year,18,tsg-hoffenheim-loan,TSG Hoffenheim (loan),bundesliga,Bundesliga,17,2,domestic_league,False,professional_or_unknown,True,,Wikipedia,https://en.wikipedia.org/wiki/David_Alaba,2026-08-02,1362837729
david-alaba,Q31981,David Alaba,1992-06-24,Austria,centre-back,CB,DEF,active,2011–12,2011–12,2011,2012,split_year,19,bayern-munich,Bayern Munich,bundesliga,Bundesliga,30,2,domestic_league,False,professional_or_unknown,True,,Wikipedia,https://en.wikipedia.org/wiki/David_Alaba,2026-08-02,1362837729
david-alaba,Q31981,David Alaba,1992-06-24,Austria,centre-back,CB,DEF,active,2012–13,2012–13,2012,2013,split_year,20,bayern-munich,Bayern Munich,bundesliga,Bundesliga,23,3,domestic_league,False,professional_or_unknown,True,,Wikipedia,https://en.wikipedia.org/wiki/David_Alaba,2026-08-02,1362837729
david-alaba,Q31981,David Alaba,1992-06-24,Austria,centre-back,CB,DEF,active,2013–14,2013–14,2013,2014,split_year,21,bayern-munich,Bayern Munich,bundesliga,Bundesliga,28,2,domestic_league,False,professional_or_unknown,True,,Wikipedia,https://en.wikipedia.org/wiki/David_Alaba,2026-08-02,1362837729
david-alaba,Q31981,David Alaba,1992-06-24,Austria,centre-back,CB,DEF,active,2014–15,2014–15,2014,2015,split_year,22,bayern-munich,Bayern Munich,bundesliga,Bundesliga,19,2,domestic_league,False,professional_or_unknown,True,,Wikipedia,https://en.wikipedia.org/wiki/David_Alaba,2026-08-02,1362837729
david-alaba,Q31981,David Alaba,1992-06-24,Austria,centre-back,CB,DEF,active,2015–16,2015–16,2015,2016,split_year,23,bayern-munich,Bayern Munich,bundesliga,Bundesliga,30,1,domestic_league,False,professional_or_unknown,True,,Wikipedia,https://en.wikipedia.org/wiki/David_Alaba,2026-08-02,1362837729
david-alaba,Q31981,David Alaba,1992-06-24,Austria,centre-back,CB,DEF,active,2016–17,2016–17,2016,2017,split_year,24,bayern-munich,Bayern Munich,bundesliga,Bundesliga,32,4,domestic_league,False,professional_or_unknown,True,,Wikipedia,https://en.wikipedia.org/wiki/David_Alaba,2026-08-02,1362837729
david-alaba,Q31981,David Alaba,1992-06-24,Austria,centre-back,CB,DEF,active,2017–18,2017–18,2017,2018,split_year,25,bayern-munich,Bayern Munich,bundesliga,Bundesliga,23,2,domestic_league,False,professional_or_unknown,True,,Wikipedia,https://en.wikipedia.org/wiki/David_Alaba,2026-08-02,1362837729
david-alaba,Q31981,David Alaba,1992-06-24,Austria,centre-back,CB,DEF,active,2018–19,2018–19,2018,2019,split_year,26,bayern-munich,Bayern Munich,bundesliga,Bundesliga,31,3,domestic_league,False,professional_or_unknown,True,,Wikipedia,https://en.wikipedia.org/wiki/David_Alaba,2026-08-02,1362837729
david-alaba,Q31981,David Alaba,1992-06-24,Austria,centre-back,CB,DEF,active,2019–20,2019–20,2019,2020,split_year,27,bayern-munich,Bayern Munich,bundesliga,Bundesliga,28,1,domestic_league,False,professional_or_unknown,True,,Wikipedia,https://en.wikipedia.org/wiki/David_Alaba,2026-08-02,1362837729
david-alaba,Q31981,David Alaba,1992-06-24,Austria,centre-back,CB,DEF,active,2020–21,2020–21,2020,2021,split_year,28,bayern-munich,Bayern Munich,bundesliga,Bundesliga,33,2,domestic_league,False,professional_or_unknown,True,,Wikipedia,https://en.wikipedia.org/wiki/David_Alaba,2026-08-02,1362837729
david-alaba,Q31981,David Alaba,1992-06-24,Austria,centre-back,CB,DEF,active,2021–22,2021–22,2021,2022,split_year,29,real-madrid,Real Madrid,la-liga,La Liga,30,2,domestic_league,False,professional_or_unknown,True,,Wikipedia,https://en.wikipedia.org/wiki/David_Alaba,2026-08-02,1362837729
david-alaba,Q31981,David Alaba,1992-06-24,Austria,centre-back,CB,DEF,active,2022–23,2022–23,2022,2023,split_year,30,real-madrid,Real Madrid,la-liga,La Liga,23,1,domestic_league,False,professional_or_unknown,True,,Wikipedia,https://en.wikipedia.org/wiki/David_Alaba,2026-08-02,1362837729
david-alaba,Q31981,David Alaba,1992-06-24,Austria,centre-back,CB,DEF,active,2023–24,2023–24,2023,2024,split_year,31,real-madrid,Real Madrid,la-liga,La Liga,14,0,domestic_league,False,professional_or_unknown,True,,Wikipedia,https://en.wikipedia.org/wiki/David_Alaba,2026-08-02,1362837729
david-alaba,Q31981,David Alaba,1992-06-24,Austria,centre-back,CB,DEF,active,2024–25,2024–25,2024,2025,split_year,32,real-madrid,Real Madrid,la-liga,La Liga,7,0,domestic_league,False,professional_or_unknown,True,,Wikipedia,https://en.wikipedia.org/wiki/David_Alaba,2026-08-02,1362837729
david-alaba,Q31981,David Alaba,1992-06-24,Austria,centre-back,CB,DEF,active,2025–26,2025–26,2025,2026,split_year,33,real-madrid,Real Madrid,la-liga,La Liga,11,0,domestic_league,False,professional_or_unknown,True,,Wikipedia,https://en.wikipedia.org/wiki/David_Alaba,2026-08-02,1362837729
david-beckham,Q10520,David Beckham,1975-05-02,United Kingdom,midfielder,WNG,WIDE,retired,1992–93,1992–93,1992,1993,split_year,17,manchester-united,Manchester United,premier-league,Premier League,0,0,domestic_league,False,professional_or_unknown,True,,Wikipedia,https://en.wikipedia.org/wiki/David_Beckham,2026-08-02,1367077098
david-beckham,Q10520,David Beckham,1975-05-02,United Kingdom,midfielder,WNG,WIDE,retired,1993–94,1993–94,1993,1994,split_year,18,manchester-united,Manchester United,premier-league,Premier League,0,0,domestic_league,False,professional_or_unknown,True,,Wikipedia,https://en.wikipedia.org/wiki/David_Beckham,2026-08-02,1367077098
david-beckham,Q10520,David Beckham,1975-05-02,United Kingdom,midfielder,WNG,WIDE,retired,1994–95,1994–95,1994,1995,split_year,19,manchester-united,Manchester United,premier-league,Premier League,4,0,domestic_league,False,professional_or_unknown,True,,Wikipedia,https://en.wikipedia.org/wiki/David_Beckham,2026-08-02,1367077098
david-beckham,Q10520,David Beckham,1975-05-02,United Kingdom,midfielder,WNG,WIDE,retired,1994–95,1994–95,1994,1995,split_year,19,preston-north-end-loan,Preston North End (loan),third-division,Third Division,5,2,domestic_league,False,professional_or_unknown,True,,Wikipedia,https://en.wikipedia.org/wiki/David_Beckham,2026-08-02,1367077098
david-beckham,Q10520,David Beckham,1975-05-02,United Kingdom,midfielder,WNG,WIDE,retired,1995–96,1995–96,1995,1996,split_year,20,manchester-united,Manchester United,premier-league,Premier League,33,7,domestic_league,False,professional_or_unknown,True,,Wikipedia,https://en.wikipedia.org/wiki/David_Beckham,2026-08-02,1367077098
david-beckham,Q10520,David Beckham,1975-05-02,United Kingdom,midfielder,WNG,WIDE,retired,1996–97,1996–97,1996,1997,split_year,21,manchester-united,Manchester United,premier-league,Premier League,36,8,domestic_league,False,professional_or_unknown,True,,Wikipedia,https://en.wikipedia.org/wiki/David_Beckham,2026-08-02,1367077098
david-beckham,Q10520,David Beckham,1975-05-02,United Kingdom,midfielder,WNG,WIDE,retired,1997–98,1997–98,1997,1998,split_year,22,manchester-united,Manchester United,premier-league,Premier League,37,9,domestic_league,False,professional_or_unknown,True,,Wikipedia,https://en.wikipedia.org/wiki/David_Beckham,2026-08-02,1367077098
david-beckham,Q10520,David Beckham,1975-05-02,United Kingdom,midfielder,WNG,WIDE,retired,1998–99,1998–99,1998,1999,split_year,23,manchester-united,Manchester United,premier-league,Premier League,34,6,domestic_league,False,professional_or_unknown,True,,Wikipedia,https://en.wikipedia.org/wiki/David_Beckham,2026-08-02,1367077098
david-beckham,Q10520,David Beckham,1975-05-02,United Kingdom,midfielder,WNG,WIDE,retired,1999–2000,1999–2000,1999,2000,split_year,24,manchester-united,Manchester United,premier-league,Premier League,31,6,domestic_league,False,professional_or_unknown,True,,Wikipedia,https://en.wikipedia.org/wiki/David_Beckham,2026-08-02,1367077098
david-beckham,Q10520,David Beckham,1975-05-02,United Kingdom,midfielder,WNG,WIDE,retired,2000–01,2000–01,2000,2001,split_year,25,manchester-united,Manchester United,premier-league,Premier League,31,9,domestic_league,False,professional_or_unknown,True,,Wikipedia,https://en.wikipedia.org/wiki/David_Beckham,2026-08-02,1367077098
david-beckham,Q10520,David Beckham,1975-05-02,United Kingdom,midfielder,WNG,WIDE,retired,2001–02,2001–02,2001,2002,split_year,26,manchester-united,Manchester United,premier-league,Premier League,28,11,domestic_league,False,professional_or_unknown,True,,Wikipedia,https://en.wikipedia.org/wiki/David_Beckham,2026-08-02,1367077098
david-beckham,Q10520,David Beckham,1975-05-02,United Kingdom,midfielder,WNG,WIDE,retired,2002–03,2002–03,2002,2003,split_year,27,manchester-united,Manchester United,premier-league,Premier League,31,6,domestic_league,False,professional_or_unknown,True,,Wikipedia,https://en.wikipedia.org/wiki/David_Beckham,2026-08-02,1367077098
david-beckham,Q10520,David Beckham,1975-05-02,United Kingdom,midfielder,WNG,WIDE,retired,2003–04,2003–04,2003,2004,split_year,28,real-madrid,Real Madrid,la-liga,La Liga,32,3,domestic_league,False,professional_or_unknown,True,,Wikipedia,https://en.wikipedia.org/wiki/David_Beckham,2026-08-02,1367077098
david-beckham,Q10520,David Beckham,1975-05-02,United Kingdom,midfielder,WNG,WIDE,retired,2004–05,2004–05,2004,2005,split_year,29,real-madrid,Real Madrid,la-liga,La Liga,30,4,domestic_league,False,professional_or_unknown,True,,Wikipedia,https://en.wikipedia.org/wiki/David_Beckham,2026-08-02,1367077098
david-beckham,Q10520,David Beckham,1975-05-02,United Kingdom,midfielder,WNG,WIDE,retired,2005–06,2005–06,2005,2006,split_year,30,real-madrid,Real Madrid,la-liga,La Liga,31,3,domestic_league,False,professional_or_unknown,True,,Wikipedia,https://en.wikipedia.org/wiki/David_Beckham,2026-08-02,1367077098
david-beckham,Q10520,David Beckham,1975-05-02,United Kingdom,midfielder,WNG,WIDE,retired,2006–07,2006–07,2006,2007,split_year,31,real-madrid,Real Madrid,la-liga,La Liga,23,3,domestic_league,False,professional_or_unknown,True,,Wikipedia,https://en.wikipedia.org/wiki/David_Beckham,2026-08-02,1367077098
david-beckham,Q10520,David Beckham,1975-05-02,United Kingdom,midfielder,WNG,WIDE,retired,2007,2007,2007,2007,calendar_year,32,la-galaxy,LA Galaxy,major-league-soccer,Major League Soccer,5,0,domestic_league,False,professional_or_unknown,True,,Wikipedia,https://en.wikipedia.org/wiki/David_Beckham,2026-08-02,1367077098
david-beckham,Q10520,David Beckham,1975-05-02,United Kingdom,midfielder,WNG,WIDE,retired,2008,2008,2008,2008,calendar_year,33,la-galaxy,LA Galaxy,major-league-soccer,Major League Soccer,25,5,domestic_league,False,professional_or_unknown,True,,Wikipedia,https://en.wikipedia.org/wiki/David_Beckham,2026-08-02,1367077098
david-beckham,Q10520,David Beckham,1975-05-02,United Kingdom,midfielder,WNG,WIDE,retired,2008–09,2008–09,2008,2009,split_year,33,ac-milan-loan,AC Milan (loan),serie-a,Serie A,18,2,domestic_league,False,professional_or_unknown,True,,Wikipedia,https://en.wikipedia.org/wiki/David_Beckham,2026-08-02,1367077098
david-beckham,Q10520,David Beckham,1975-05-02,United Kingdom,midfielder,WNG,WIDE,retired,2009,2009,2009,2009,calendar_year,34,la-galaxy,LA Galaxy,major-league-soccer,Major League Soccer,11,2,domestic_league,False,professional_or_unknown,True,,Wikipedia,https://en.wikipedia.org/wiki/David_Beckham,2026-08-02,1367077098
david-beckham,Q10520,David Beckham,1975-05-02,United Kingdom,midfielder,WNG,WIDE,retired,2009–10,2009–10,2009,2010,split_year,34,ac-milan-loan,AC Milan (loan),serie-a,Serie A,11,0,domestic_league,False,professional_or_unknown,True,,Wikipedia,https://en.wikipedia.org/wiki/David_Beckham,2026-08-02,1367077098
david-beckham,Q10520,David Beckham,1975-05-02,United Kingdom,midfielder,WNG,WIDE,retired,2010,2010,2010,2010,calendar_year,35,la-galaxy,LA Galaxy,major-league-soccer,Major League Soccer,7,2,domestic_league,False,professional_or_unknown,True,,Wikipedia,https://en.wikipedia.org/wiki/David_Beckham,2026-08-02,1367077098
david-beckham,Q10520,David Beckham,1975-05-02,United Kingdom,midfielder,WNG,WIDE,retired,2011,2011,2011,2011,calendar_year,36,la-galaxy,LA Galaxy,major-league-soccer,Major League Soccer,26,2,domestic_league,False,professional_or_unknown,True,,Wikipedia,https://en.wikipedia.org/wiki/David_Beckham,2026-08-02,1367077098
david-beckham,Q10520,David Beckham,1975-05-02,United Kingdom,midfielder,WNG,WIDE,retired,2012,2012,2012,2012,calendar_year,37,la-galaxy,LA Galaxy,major-league-soccer,Major League Soccer,24,7,domestic_league,False,professional_or_unknown,True,,Wikipedia,https://en.wikipedia.org/wiki/David_Beckham,2026-08-02,1367077098
david-beckham,Q10520,David Beckham,1975-05-02,United Kingdom,midfielder,WNG,WIDE,retired,2012–13,2012–13,2012,2013,split_year,37,paris-saint-germain,Paris Saint-Germain,ligue-1,Ligue 1,10,0,domestic_league,False,professional_or_unknown,True,,Wikipedia,https://en.wikipedia.org/wiki/David_Beckham,2026-08-02,1367077098
david-silva,Q161069,David Silva,1986-01-08,Spain,wing half,CM,MID,retired,2004–05,2004–05,2004,2005,split_year,18,eibar-loan,Eibar (loan),segunda-division,Segunda División,35,4,domestic_league,False,professional_or_unknown,True,,Wikipedia,https://en.wikipedia.org/wiki/David_Silva,2026-08-02,1365681422
david-silva,Q161069,David Silva,1986-01-08,Spain,wing half,CM,MID,retired,2005–06,2005–06,2005,2006,split_year,19,celta-vigo-loan,Celta Vigo (loan),la-liga,La Liga,34,4,domestic_league,False,professional_or_unknown,True,,Wikipedia,https://en.wikipedia.org/wiki/David_Silva,2026-08-02,1365681422
david-silva,Q161069,David Silva,1986-01-08,Spain,wing half,CM,MID,retired,2006–07,2006–07,2006,2007,split_year,20,valencia,Valencia,la-liga,La Liga,36,4,domestic_league,False,professional_or_unknown,True,,Wikipedia,https://en.wikipedia.org/wiki/David_Silva,2026-08-02,1365681422
david-silva,Q161069,David Silva,1986-01-08,Spain,wing half,CM,MID,retired,2007–08,2007–08,2007,2008,split_year,21,valencia,Valencia,la-liga,La Liga,34,5,domestic_league,False,professional_or_unknown,True,,Wikipedia,https://en.wikipedia.org/wiki/David_Silva,2026-08-02,1365681422
david-silva,Q161069,David Silva,1986-01-08,Spain,wing half,CM,MID,retired,2008–09,2008–09,2008,2009,split_year,22,valencia,Valencia,la-liga,La Liga,19,4,domestic_league,False,professional_or_unknown,True,,Wikipedia,https://en.wikipedia.org/wiki/David_Silva,2026-08-02,1365681422
david-silva,Q161069,David Silva,1986-01-08,Spain,wing half,CM,MID,retired,2009–10,2009–10,2009,2010,split_year,23,valencia,Valencia,la-liga,La Liga,30,8,domestic_league,False,professional_or_unknown,True,,Wikipedia,https://en.wikipedia.org/wiki/David_Silva,2026-08-02,1365681422
david-silva,Q161069,David Silva,1986-01-08,Spain,wing half,CM,MID,retired,2010–11,2010–11,2010,2011,split_year,24,manchester-city,Manchester City,premier-league,Premier League,35,4,domestic_league,False,professional_or_unknown,True,,Wikipedia,https://en.wikipedia.org/wiki/David_Silva,2026-08-02,1365681422
david-silva,Q161069,David Silva,1986-01-08,Spain,wing half,CM,MID,retired,2011–12,2011–12,2011,2012,split_year,25,manchester-city,Manchester City,premier-league,Premier League,36,6,domestic_league,False,professional_or_unknown,True,,Wikipedia,https://en.wikipedia.org/wiki/David_Silva,2026-08-02,1365681422
david-silva,Q161069,David Silva,1986-01-08,Spain,wing half,CM,MID,retired,2012–13,2012–13,2012,2013,split_year,26,manchester-city,Manchester City,premier-league,Premier League,32,4,domestic_league,False,professional_or_unknown,True,,Wikipedia,https://en.wikipedia.org/wiki/David_Silva,2026-08-02,1365681422
david-silva,Q161069,David Silva,1986-01-08,Spain,wing half,CM,MID,retired,2013–14,2013–14,2013,2014,split_year,27,manchester-city,Manchester City,premier-league,Premier League,27,7,domestic_league,False,professional_or_unknown,True,,Wikipedia,https://en.wikipedia.org/wiki/David_Silva,2026-08-02,1365681422
david-silva,Q161069,David Silva,1986-01-08,Spain,wing half,CM,MID,retired,2014–15,2014–15,2014,2015,split_year,28,manchester-city,Manchester City,premier-league,Premier League,32,12,domestic_league,False,professional_or_unknown,True,,Wikipedia,https://en.wikipedia.org/wiki/David_Silva,2026-08-02,1365681422
david-silva,Q161069,David Silva,1986-01-08,Spain,wing half,CM,MID,retired,2015–16,2015–16,2015,2016,split_year,29,manchester-city,Manchester City,premier-league,Premier League,24,2,domestic_league,False,professional_or_unknown,True,,Wikipedia,https://en.wikipedia.org/wiki/David_Silva,2026-08-02,1365681422
david-silva,Q161069,David Silva,1986-01-08,Spain,wing half,CM,MID,retired,2016–17,2016–17,2016,2017,split_year,30,manchester-city,Manchester City,premier-league,Premier League,34,4,domestic_league,False,professional_or_unknown,True,,Wikipedia,https://en.wikipedia.org/wiki/David_Silva,2026-08-02,1365681422
david-silva,Q161069,David Silva,1986-01-08,Spain,wing half,CM,MID,retired,2017–18,2017–18,2017,2018,split_year,31,manchester-city,Manchester City,premier-league,Premier League,29,9,domestic_league,False,professional_or_unknown,True,,Wikipedia,https://en.wikipedia.org/wiki/David_Silva,2026-08-02,1365681422
david-silva,Q161069,David Silva,1986-01-08,Spain,wing half,CM,MID,retired,2018–19,2018–19,2018,2019,split_year,32,manchester-city,Manchester City,premier-league,Premier League,33,6,domestic_league,False,professional_or_unknown,True,,Wikipedia,https://en.wikipedia.org/wiki/David_Silva,2026-08-02,1365681422
david-silva,Q161069,David Silva,1986-01-08,Spain,wing half,CM,MID,retired,2019–20,2019–20,2019,2020,split_year,33,manchester-city,Manchester City,premier-league,Premier League,27,6,domestic_league,False,professional_or_unknown,True,,Wikipedia,https://en.wikipedia.org/wiki/David_Silva,2026-08-02,1365681422
david-silva,Q161069,David Silva,1986-01-08,Spain,wing half,CM,MID,retired,2020–21,2020–21,2020,2021,split_year,34,real-sociedad,Real Sociedad,la-liga,La Liga,21,2,domestic_league,False,professional_or_unknown,True,,Wikipedia,https://en.wikipedia.org/wiki/David_Silva,2026-08-02,1365681422
david-silva,Q161069,David Silva,1986-01-08,Spain,wing half,CM,MID,retired,2021–22,2021–22,2021,2022,split_year,35,real-sociedad,Real Sociedad,la-liga,La Liga,25,2,domestic_league,False,professional_or_unknown,True,,Wikipedia,https://en.wikipedia.org/wiki/David_Silva,2026-08-02,1365681422
david-silva,Q161069,David Silva,1986-01-08,Spain,wing half,CM,MID,retired,2022–23,2022–23,2022,2023,split_year,36,real-sociedad,Real Sociedad,la-liga,La Liga,28,2,domestic_league,False,professional_or_unknown,True,,Wikipedia,https://en.wikipedia.org/wiki/David_Silva,2026-08-02,1365681422
david-villa,Q83006,David Villa,1981-12-03,Spain,forward,FW,FWD,retired,2000–01,2000–01,2000,2001,split_year,19,sporting-gijon,Sporting Gijón,segunda-division,Segunda División,1,0,domestic_league,False,professional_or_unknown,True,,Wikipedia,https://en.wikipedia.org/wiki/David_Villa,2026-08-02,1366134919
david-villa,Q83006,David Villa,1981-12-03,Spain,forward,FW,FWD,retired,2001–02,2001–02,2001,2002,split_year,20,sporting-gijon,Sporting Gijón,segunda-division,Segunda División,40,18,domestic_league,False,professional_or_unknown,True,,Wikipedia,https://en.wikipedia.org/wiki/David_Villa,2026-08-02,1366134919
david-villa,Q83006,David Villa,1981-12-03,Spain,forward,FW,FWD,retired,2002–03,2002–03,2002,2003,split_year,21,sporting-gijon,Sporting Gijón,segunda-division,Segunda División,39,20,domestic_league,False,professional_or_unknown,True,,Wikipedia,https://en.wikipedia.org/wiki/David_Villa,2026-08-02,1366134919
david-villa,Q83006,David Villa,1981-12-03,Spain,forward,FW,FWD,retired,2003–04,2003–04,2003,2004,split_year,22,zaragoza,Zaragoza,la-liga,La Liga,38,17,domestic_league,False,professional_or_unknown,True,,Wikipedia,https://en.wikipedia.org/wiki/David_Villa,2026-08-02,1366134919
david-villa,Q83006,David Villa,1981-12-03,Spain,forward,FW,FWD,retired,2004–05,2004–05,2004,2005,split_year,23,zaragoza,Zaragoza,la-liga,La Liga,35,15,domestic_league,False,professional_or_unknown,True,,Wikipedia,https://en.wikipedia.org/wiki/David_Villa,2026-08-02,1366134919
david-villa,Q83006,David Villa,1981-12-03,Spain,forward,FW,FWD,retired,2005–06,2005–06,2005,2006,split_year,24,valencia,Valencia,la-liga,La Liga,37,25,domestic_league,False,professional_or_unknown,True,,Wikipedia,https://en.wikipedia.org/wiki/David_Villa,2026-08-02,1366134919
david-villa,Q83006,David Villa,1981-12-03,Spain,forward,FW,FWD,retired,2006–07,2006–07,2006,2007,split_year,25,valencia,Valencia,la-liga,La Liga,36,16,domestic_league,False,professional_or_unknown,True,,Wikipedia,https://en.wikipedia.org/wiki/David_Villa,2026-08-02,1366134919
david-villa,Q83006,David Villa,1981-12-03,Spain,forward,FW,FWD,retired,2007–08,2007–08,2007,2008,split_year,26,valencia,Valencia,la-liga,La Liga,28,18,domestic_league,False,professional_or_unknown,True,,Wikipedia,https://en.wikipedia.org/wiki/David_Villa,2026-08-02,1366134919
david-villa,Q83006,David Villa,1981-12-03,Spain,forward,FW,FWD,retired,2008–09,2008–09,2008,2009,split_year,27,valencia,Valencia,la-liga,La Liga,33,28,domestic_league,False,professional_or_unknown,True,,Wikipedia,https://en.wikipedia.org/wiki/David_Villa,2026-08-02,1366134919
david-villa,Q83006,David Villa,1981-12-03,Spain,forward,FW,FWD,retired,2009–10,2009–10,2009,2010,split_year,28,valencia,Valencia,la-liga,La Liga,32,21,domestic_league,False,professional_or_unknown,True,,Wikipedia,https://en.wikipedia.org/wiki/David_Villa,2026-08-02,1366134919
david-villa,Q83006,David Villa,1981-12-03,Spain,forward,FW,FWD,retired,2010–11,2010–11,2010,2011,split_year,29,barcelona,Barcelona,la-liga,La Liga,34,18,domestic_league,False,professional_or_unknown,True,,Wikipedia,https://en.wikipedia.org/wiki/David_Villa,2026-08-02,1366134919
david-villa,Q83006,David Villa,1981-12-03,Spain,forward,FW,FWD,retired,2011–12,2011–12,2011,2012,split_year,30,barcelona,Barcelona,la-liga,La Liga,15,5,domestic_league,False,professional_or_unknown,True,,Wikipedia,https://en.wikipedia.org/wiki/David_Villa,2026-08-02,1366134919
david-villa,Q83006,David Villa,1981-12-03,Spain,forward,FW,FWD,retired,2012–13,2012–13,2012,2013,split_year,31,barcelona,Barcelona,la-liga,La Liga,28,10,domestic_league,False,professional_or_unknown,True,,Wikipedia,https://en.wikipedia.org/wiki/David_Villa,2026-08-02,1366134919
david-villa,Q83006,David Villa,1981-12-03,Spain,forward,FW,FWD,retired,2013–14,2013–14,2013,2014,split_year,32,atletico-madrid,Atlético Madrid,la-liga,La Liga,36,13,domestic_league,False,professional_or_unknown,True,,Wikipedia,https://en.wikipedia.org/wiki/David_Villa,2026-08-02,1366134919
david-villa,Q83006,David Villa,1981-12-03,Spain,forward,FW,FWD,retired,2014–15,2014–15,2014,2015,split_year,33,melbourne-city-loan,Melbourne City (loan),a-league,A-League,4,2,domestic_league,False,professional_or_unknown,True,,Wikipedia,https://en.wikipedia.org/wiki/David_Villa,2026-08-02,1366134919
david-villa,Q83006,David Villa,1981-12-03,Spain,forward,FW,FWD,retired,2015,2015,2015,2015,calendar_year,34,new-york-city-fc,New York City FC,mls,MLS,30,18,domestic_league,False,professional_or_unknown,True,,Wikipedia,https://en.wikipedia.org/wiki/David_Villa,2026-08-02,1366134919
david-villa,Q83006,David Villa,1981-12-03,Spain,forward,FW,FWD,retired,2016,2016,2016,2016,calendar_year,35,new-york-city-fc,New York City FC,mls,MLS,33,24,domestic_league,False,professional_or_unknown,True,,Wikipedia,https://en.wikipedia.org/wiki/David_Villa,2026-08-02,1366134919
david-villa,Q83006,David Villa,1981-12-03,Spain,forward,FW,FWD,retired,2017,2017,2017,2017,calendar_year,36,new-york-city-fc,New York City FC,mls,MLS,31,24,domestic_league,False,professional_or_unknown,True,,Wikipedia,https://en.wikipedia.org/wiki/David_Villa,2026-08-02,1366134919
david-villa,Q83006,David Villa,1981-12-03,Spain,forward,FW,FWD,retired,2018,2018,2018,2018,calendar_year,37,new-york-city-fc,New York City FC,mls,MLS,23,14,domestic_league,False,professional_or_unknown,True,,Wikipedia,https://en.wikipedia.org/wiki/David_Villa,2026-08-02,1366134919
david-villa,Q83006,David Villa,1981-12-03,Spain,forward,FW,FWD,retired,2019,2019,2019,2019,calendar_year,38,vissel-kobe,Vissel Kobe,j1-league,J1 League,28,13,domestic_league,False,professional_or_unknown,True,,Wikipedia,https://en.wikipedia.org/wiki/David_Villa,2026-08-02,1366134919
declan-rice,Q30007142,Declan Rice,1999-01-14,United Kingdom,defensive midfielder,DM,MID,active,2016–17,2016–17,2016,2017,split_year,17,west-ham-united,West Ham United,premier-league,Premier League,1,0,domestic_league,False,professional_or_unknown,True,,Wikipedia,https://en.wikipedia.org/wiki/Declan_Rice,2026-08-02,1367332317
declan-rice,Q30007142,Declan Rice,1999-01-14,United Kingdom,defensive midfielder,DM,MID,active,2017–18,2017–18,2017,2018,split_year,18,west-ham-united,West Ham United,premier-league,Premier League,26,0,domestic_league,False,professional_or_unknown,True,,Wikipedia,https://en.wikipedia.org/wiki/Declan_Rice,2026-08-02,1367332317
declan-rice,Q30007142,Declan Rice,1999-01-14,United Kingdom,defensive midfielder,DM,MID,active,2018–19,2018–19,2018,2019,split_year,19,west-ham-united,West Ham United,premier-league,Premier League,34,2,domestic_league,False,professional_or_unknown,True,,Wikipedia,https://en.wikipedia.org/wiki/Declan_Rice,2026-08-02,1367332317
declan-rice,Q30007142,Declan Rice,1999-01-14,United Kingdom,defensive midfielder,DM,MID,active,2019–20,2019–20,2019,2020,split_year,20,west-ham-united,West Ham United,premier-league,Premier League,38,1,domestic_league,False,professional_or_unknown,True,,Wikipedia,https://en.wikipedia.org/wiki/Declan_Rice,2026-08-02,1367332317
declan-rice,Q30007142,Declan Rice,1999-01-14,United Kingdom,defensive midfielder,DM,MID,active,2020–21,2020–21,2020,2021,split_year,21,west-ham-united,West Ham United,premier-league,Premier League,32,2,domestic_league,False,professional_or_unknown,True,,Wikipedia,https://en.wikipedia.org/wiki/Declan_Rice,2026-08-02,1367332317
declan-rice,Q30007142,Declan Rice,1999-01-14,United Kingdom,defensive midfielder,DM,MID,active,2021–22,2021–22,2021,2022,split_year,22,west-ham-united,West Ham United,premier-league,Premier League,36,1,domestic_league,False,professional_or_unknown,True,,Wikipedia,https://en.wikipedia.org/wiki/Declan_Rice,2026-08-02,1367332317
declan-rice,Q30007142,Declan Rice,1999-01-14,United Kingdom,defensive midfielder,DM,MID,active,2022–23,2022–23,2022,2023,split_year,23,west-ham-united,West Ham United,premier-league,Premier League,37,4,domestic_league,False,professional_or_unknown,True,,Wikipedia,https://en.wikipedia.org/wiki/Declan_Rice,2026-08-02,1367332317
declan-rice,Q30007142,Declan Rice,1999-01-14,United Kingdom,defensive midfielder,DM,MID,active,2023–24,2023–24,2023,2024,split_year,24,arsenal,Arsenal,premier-league,Premier League,38,7,domestic_league,False,professional_or_unknown,True,,Wikipedia,https://en.wikipedia.org/wiki/Declan_Rice,2026-08-02,1367332317
declan-rice,Q30007142,Declan Rice,1999-01-14,United Kingdom,defensive midfielder,DM,MID,active,2024–25,2024–25,2024,2025,split_year,25,arsenal,Arsenal,premier-league,Premier League,35,4,domestic_league,False,professional_or_unknown,True,,Wikipedia,https://en.wikipedia.org/wiki/Declan_Rice,2026-08-02,1367332317
declan-rice,Q30007142,Declan Rice,1999-01-14,United Kingdom,defensive midfielder,DM,MID,active,2025–26,2025–26,2025,2026,split_year,26,arsenal,Arsenal,premier-league,Premier League,36,4,domestic_league,False,professional_or_unknown,True,,Wikipedia,https://en.wikipedia.org/wiki/Declan_Rice,2026-08-02,1367332317
dennis-bergkamp,Q185389,Dennis Bergkamp,1969-05-10,Kingdom of the Netherlands,forward,AM,MID,retired,1986–87,1986–87,1986,1987,split_year,17,ajax,Ajax,eredivisie,Eredivisie,14,2,domestic_league,False,professional_or_unknown,True,,Wikipedia,https://en.wikipedia.org/wiki/Dennis_Bergkamp,2026-08-02,1362280497
dennis-bergkamp,Q185389,Dennis Bergkamp,1969-05-10,Kingdom of the Netherlands,forward,AM,MID,retired,1987–88,1987–88,1987,1988,split_year,18,ajax,Ajax,eredivisie,Eredivisie,25,5,domestic_league,False,professional_or_unknown,True,,Wikipedia,https://en.wikipedia.org/wiki/Dennis_Bergkamp,2026-08-02,1362280497
dennis-bergkamp,Q185389,Dennis Bergkamp,1969-05-10,Kingdom of the Netherlands,forward,AM,MID,retired,1988–89,1988–89,1988,1989,split_year,19,ajax,Ajax,eredivisie,Eredivisie,30,13,domestic_league,False,professional_or_unknown,True,,Wikipedia,https://en.wikipedia.org/wiki/Dennis_Bergkamp,2026-08-02,1362280497
dennis-bergkamp,Q185389,Dennis Bergkamp,1969-05-10,Kingdom of the Netherlands,forward,AM,MID,retired,1989–90,1989–90,1989,1990,split_year,20,ajax,Ajax,eredivisie,Eredivisie,25,8,domestic_league,False,professional_or_unknown,True,,Wikipedia,https://en.wikipedia.org/wiki/Dennis_Bergkamp,2026-08-02,1362280497
dennis-bergkamp,Q185389,Dennis Bergkamp,1969-05-10,Kingdom of the Netherlands,forward,AM,MID,retired,1990–91,1990–91,1990,1991,split_year,21,ajax,Ajax,eredivisie,Eredivisie,33,25,domestic_league,False,professional_or_unknown,True,,Wikipedia,https://en.wikipedia.org/wiki/Dennis_Bergkamp,2026-08-02,1362280497
dennis-bergkamp,Q185389,Dennis Bergkamp,1969-05-10,Kingdom of the Netherlands,forward,AM,MID,retired,1991–92,1991–92,1991,1992,split_year,22,ajax,Ajax,eredivisie,Eredivisie,30,24,domestic_league,False,professional_or_unknown,True,,Wikipedia,https://en.wikipedia.org/wiki/Dennis_Bergkamp,2026-08-02,1362280497
dennis-bergkamp,Q185389,Dennis Bergkamp,1969-05-10,Kingdom of the Netherlands,forward,AM,MID,retired,1992–93,1992–93,1992,1993,split_year,23,ajax,Ajax,eredivisie,Eredivisie,28,26,domestic_league,False,professional_or_unknown,True,,Wikipedia,https://en.wikipedia.org/wiki/Dennis_Bergkamp,2026-08-02,1362280497
dennis-bergkamp,Q185389,Dennis Bergkamp,1969-05-10,Kingdom of the Netherlands,forward,AM,MID,retired,1993–94,1993–94,1993,1994,split_year,24,inter-milan,Inter Milan,serie-a,Serie A,31,8,domestic_league,False,professional_or_unknown,True,,Wikipedia,https://en.wikipedia.org/wiki/Dennis_Bergkamp,2026-08-02,1362280497
dennis-bergkamp,Q185389,Dennis Bergkamp,1969-05-10,Kingdom of the Netherlands,forward,AM,MID,retired,1994–95,1994–95,1994,1995,split_year,25,inter-milan,Inter Milan,serie-a,Serie A,21,3,domestic_league,False,professional_or_unknown,True,,Wikipedia,https://en.wikipedia.org/wiki/Dennis_Bergkamp,2026-08-02,1362280497
dennis-bergkamp,Q185389,Dennis Bergkamp,1969-05-10,Kingdom of the Netherlands,forward,AM,MID,retired,1995–96,1995–96,1995,1996,split_year,26,arsenal,Arsenal,premier-league,Premier League,33,11,domestic_league,False,professional_or_unknown,True,,Wikipedia,https://en.wikipedia.org/wiki/Dennis_Bergkamp,2026-08-02,1362280497
dennis-bergkamp,Q185389,Dennis Bergkamp,1969-05-10,Kingdom of the Netherlands,forward,AM,MID,retired,1996–97,1996–97,1996,1997,split_year,27,arsenal,Arsenal,premier-league,Premier League,29,12,domestic_league,False,professional_or_unknown,True,,Wikipedia,https://en.wikipedia.org/wiki/Dennis_Bergkamp,2026-08-02,1362280497
dennis-bergkamp,Q185389,Dennis Bergkamp,1969-05-10,Kingdom of the Netherlands,forward,AM,MID,retired,1997–98,1997–98,1997,1998,split_year,28,arsenal,Arsenal,premier-league,Premier League,28,16,domestic_league,False,professional_or_unknown,True,,Wikipedia,https://en.wikipedia.org/wiki/Dennis_Bergkamp,2026-08-02,1362280497
dennis-bergkamp,Q185389,Dennis Bergkamp,1969-05-10,Kingdom of the Netherlands,forward,AM,MID,retired,1998–99,1998–99,1998,1999,split_year,29,arsenal,Arsenal,premier-league,Premier League,29,12,domestic_league,False,professional_or_unknown,True,,Wikipedia,https://en.wikipedia.org/wiki/Dennis_Bergkamp,2026-08-02,1362280497
dennis-bergkamp,Q185389,Dennis Bergkamp,1969-05-10,Kingdom of the Netherlands,forward,AM,MID,retired,1999–2000,1999–2000,1999,2000,split_year,30,arsenal,Arsenal,premier-league,Premier League,28,6,domestic_league,False,professional_or_unknown,True,,Wikipedia,https://en.wikipedia.org/wiki/Dennis_Bergkamp,2026-08-02,1362280497
dennis-bergkamp,Q185389,Dennis Bergkamp,1969-05-10,Kingdom of the Netherlands,forward,AM,MID,retired,2000–01,2000–01,2000,2001,split_year,31,arsenal,Arsenal,premier-league,Premier League,25,3,domestic_league,False,professional_or_unknown,True,,Wikipedia,https://en.wikipedia.org/wiki/Dennis_Bergkamp,2026-08-02,1362280497
dennis-bergkamp,Q185389,Dennis Bergkamp,1969-05-10,Kingdom of the Netherlands,forward,AM,MID,retired,2001–02,2001–02,2001,2002,split_year,32,arsenal,Arsenal,premier-league,Premier League,33,9,domestic_league,False,professional_or_unknown,True,,Wikipedia,https://en.wikipedia.org/wiki/Dennis_Bergkamp,2026-08-02,1362280497
dennis-bergkamp,Q185389,Dennis Bergkamp,1969-05-10,Kingdom of the Netherlands,forward,AM,MID,retired,2002–03,2002–03,2002,2003,split_year,33,arsenal,Arsenal,premier-league,Premier League,29,4,domestic_league,False,professional_or_unknown,True,,Wikipedia,https://en.wikipedia.org/wiki/Dennis_Bergkamp,2026-08-02,1362280497
dennis-bergkamp,Q185389,Dennis Bergkamp,1969-05-10,Kingdom of the Netherlands,forward,AM,MID,retired,2003–04,2003–04,2003,2004,split_year,34,arsenal,Arsenal,premier-league,Premier League,28,4,domestic_league,False,professional_or_unknown,True,,Wikipedia,https://en.wikipedia.org/wiki/Dennis_Bergkamp,2026-08-02,1362280497
dennis-bergkamp,Q185389,Dennis Bergkamp,1969-05-10,Kingdom of the Netherlands,forward,AM,MID,retired,2004–05,2004–05,2004,2005,split_year,35,arsenal,Arsenal,premier-league,Premier League,29,8,domestic_league,False,professional_or_unknown,True,,Wikipedia,https://en.wikipedia.org/wiki/Dennis_Bergkamp,2026-08-02,1362280497
dennis-bergkamp,Q185389,Dennis Bergkamp,1969-05-10,Kingdom of the Netherlands,forward,AM,MID,retired,2005–06,2005–06,2005,2006,split_year,36,arsenal,Arsenal,premier-league,Premier League,24,2,domestic_league,False,professional_or_unknown,True,,Wikipedia,https://en.wikipedia.org/wiki/Dennis_Bergkamp,2026-08-02,1362280497
didier-drogba,Q48892,Didier Drogba,1978-03-11,Ivory Coast,forward,FW,FWD,retired,1998–99,1998–99,1998,1999,split_year,20,le-mans,Le Mans,french-division-2,French Division 2,2,0,domestic_league,False,professional_or_unknown,True,,Wikipedia,https://en.wikipedia.org/wiki/Didier_Drogba,2026-08-02,1367103130
didier-drogba,Q48892,Didier Drogba,1978-03-11,Ivory Coast,forward,FW,FWD,retired,1999–2000,1999–2000,1999,2000,split_year,21,le-mans,Le Mans,french-division-2,French Division 2,30,7,domestic_league,False,professional_or_unknown,True,,Wikipedia,https://en.wikipedia.org/wiki/Didier_Drogba,2026-08-02,1367103130
didier-drogba,Q48892,Didier Drogba,1978-03-11,Ivory Coast,forward,FW,FWD,retired,2000–01,2000–01,2000,2001,split_year,22,le-mans,Le Mans,french-division-2,French Division 2,11,0,domestic_league,False,professional_or_unknown,True,,Wikipedia,https://en.wikipedia.org/wiki/Didier_Drogba,2026-08-02,1367103130
didier-drogba,Q48892,Didier Drogba,1978-03-11,Ivory Coast,forward,FW,FWD,retired,2001–02,2001–02,2001,2002,split_year,23,guingamp,Guingamp,french-division-1,French Division 1,11,3,domestic_league,False,professional_or_unknown,True,,Wikipedia,https://en.wikipedia.org/wiki/Didier_Drogba,2026-08-02,1367103130
didier-drogba,Q48892,Didier Drogba,1978-03-11,Ivory Coast,forward,FW,FWD,retired,2001–02,2001–02,2001,2002,split_year,23,le-mans,Le Mans,french-division-2,French Division 2,21,5,domestic_league,False,professional_or_unknown,True,,Wikipedia,https://en.wikipedia.org/wiki/Didier_Drogba,2026-08-02,1367103130
didier-drogba,Q48892,Didier Drogba,1978-03-11,Ivory Coast,forward,FW,FWD,retired,2002–03,2002–03,2002,2003,split_year,24,guingamp,Guingamp,ligue-1,Ligue 1,34,17,domestic_league,False,professional_or_unknown,True,,Wikipedia,https://en.wikipedia.org/wiki/Didier_Drogba,2026-08-02,1367103130
didier-drogba,Q48892,Didier Drogba,1978-03-11,Ivory Coast,forward,FW,FWD,retired,2003–04,2003–04,2003,2004,split_year,25,marseille,Marseille,ligue-1,Ligue 1,35,19,domestic_league,False,professional_or_unknown,True,,Wikipedia,https://en.wikipedia.org/wiki/Didier_Drogba,2026-08-02,1367103130
didier-drogba,Q48892,Didier Drogba,1978-03-11,Ivory Coast,forward,FW,FWD,retired,2004–05,2004–05,2004,2005,split_year,26,chelsea,Chelsea,premier-league,Premier League,26,10,domestic_league,False,professional_or_unknown,True,,Wikipedia,https://en.wikipedia.org/wiki/Didier_Drogba,2026-08-02,1367103130
didier-drogba,Q48892,Didier Drogba,1978-03-11,Ivory Coast,forward,FW,FWD,retired,2005–06,2005–06,2005,2006,split_year,27,chelsea,Chelsea,premier-league,Premier League,29,12,domestic_league,False,professional_or_unknown,True,,Wikipedia,https://en.wikipedia.org/wiki/Didier_Drogba,2026-08-02,1367103130
didier-drogba,Q48892,Didier Drogba,1978-03-11,Ivory Coast,forward,FW,FWD,retired,2006–07,2006–07,2006,2007,split_year,28,chelsea,Chelsea,premier-league,Premier League,36,20,domestic_league,False,professional_or_unknown,True,,Wikipedia,https://en.wikipedia.org/wiki/Didier_Drogba,2026-08-02,1367103130
didier-drogba,Q48892,Didier Drogba,1978-03-11,Ivory Coast,forward,FW,FWD,retired,2007–08,2007–08,2007,2008,split_year,29,chelsea,Chelsea,premier-league,Premier League,19,8,domestic_league,False,professional_or_unknown,True,,Wikipedia,https://en.wikipedia.org/wiki/Didier_Drogba,2026-08-02,1367103130
didier-drogba,Q48892,Didier Drogba,1978-03-11,Ivory Coast,forward,FW,FWD,retired,2008–09,2008–09,2008,2009,split_year,30,chelsea,Chelsea,premier-league,Premier League,24,5,domestic_league,False,professional_or_unknown,True,,Wikipedia,https://en.wikipedia.org/wiki/Didier_Drogba,2026-08-02,1367103130
didier-drogba,Q48892,Didier Drogba,1978-03-11,Ivory Coast,forward,FW,FWD,retired,2009–10,2009–10,2009,2010,split_year,31,chelsea,Chelsea,premier-league,Premier League,32,29,domestic_league,False,professional_or_unknown,True,,Wikipedia,https://en.wikipedia.org/wiki/Didier_Drogba,2026-08-02,1367103130
didier-drogba,Q48892,Didier Drogba,1978-03-11,Ivory Coast,forward,FW,FWD,retired,2010–11,2010–11,2010,2011,split_year,32,chelsea,Chelsea,premier-league,Premier League,36,11,domestic_league,False,professional_or_unknown,True,,Wikipedia,https://en.wikipedia.org/wiki/Didier_Drogba,2026-08-02,1367103130
didier-drogba,Q48892,Didier Drogba,1978-03-11,Ivory Coast,forward,FW,FWD,retired,2011–12,2011–12,2011,2012,split_year,33,chelsea,Chelsea,premier-league,Premier League,24,5,domestic_league,False,professional_or_unknown,True,,Wikipedia,https://en.wikipedia.org/wiki/Didier_Drogba,2026-08-02,1367103130
didier-drogba,Q48892,Didier Drogba,1978-03-11,Ivory Coast,forward,FW,FWD,retired,2012,2012,2012,2012,calendar_year,34,shanghai-shenhua,Shanghai Shenhua,chinese-super-league,Chinese Super League,11,8,domestic_league,False,professional_or_unknown,True,,Wikipedia,https://en.wikipedia.org/wiki/Didier_Drogba,2026-08-02,1367103130
didier-drogba,Q48892,Didier Drogba,1978-03-11,Ivory Coast,forward,FW,FWD,retired,2012–13,2012–13,2012,2013,split_year,34,galatasaray,Galatasaray,super-lig,Süper Lig,13,5,domestic_league,False,professional_or_unknown,True,,Wikipedia,https://en.wikipedia.org/wiki/Didier_Drogba,2026-08-02,1367103130
didier-drogba,Q48892,Didier Drogba,1978-03-11,Ivory Coast,forward,FW,FWD,retired,2013–14,2013–14,2013,2014,split_year,35,galatasaray,Galatasaray,super-lig,Süper Lig,24,10,domestic_league,False,professional_or_unknown,True,,Wikipedia,https://en.wikipedia.org/wiki/Didier_Drogba,2026-08-02,1367103130
didier-drogba,Q48892,Didier Drogba,1978-03-11,Ivory Coast,forward,FW,FWD,retired,2014–15,2014–15,2014,2015,split_year,36,chelsea,Chelsea,premier-league,Premier League,28,4,domestic_league,False,professional_or_unknown,True,,Wikipedia,https://en.wikipedia.org/wiki/Didier_Drogba,2026-08-02,1367103130
didier-drogba,Q48892,Didier Drogba,1978-03-11,Ivory Coast,forward,FW,FWD,retired,2015,2015,2015,2015,calendar_year,37,montreal-impact,Montreal Impact,mls,MLS,11,11,domestic_league,False,professional_or_unknown,True,,Wikipedia,https://en.wikipedia.org/wiki/Didier_Drogba,2026-08-02,1367103130
didier-drogba,Q48892,Didier Drogba,1978-03-11,Ivory Coast,forward,FW,FWD,retired,2016,2016,2016,2016,calendar_year,38,montreal-impact,Montreal Impact,mls,MLS,22,10,domestic_league,False,professional_or_unknown,True,,Wikipedia,https://en.wikipedia.org/wiki/Didier_Drogba,2026-08-02,1367103130
didier-drogba,Q48892,Didier Drogba,1978-03-11,Ivory Coast,forward,FW,FWD,retired,2017,2017,2017,2017,calendar_year,39,phoenix-rising,Phoenix Rising,usl,USL,13,9,domestic_league,False,professional_or_unknown,True,,Wikipedia,https://en.wikipedia.org/wiki/Didier_Drogba,2026-08-02,1367103130
didier-drogba,Q48892,Didier Drogba,1978-03-11,Ivory Coast,forward,FW,FWD,retired,2018,2018,2018,2018,calendar_year,40,phoenix-rising,Phoenix Rising,usl,USL,8,4,domestic_league,False,professional_or_unknown,True,,Wikipedia,https://en.wikipedia.org/wiki/Didier_Drogba,2026-08-02,1367103130
diego-costa,Q459707,Diego Costa,1988-10-07,Brazil,forward,FW,FWD,inactive,2006–07,2006–07,2006,2007,split_year,18,braga-loan,Braga (loan),primeira-liga,Primeira Liga,6,0,domestic_league,False,professional_or_unknown,True,,Wikipedia,https://en.wikipedia.org/wiki/Diego_Costa,2026-08-02,1364762445
diego-costa,Q459707,Diego Costa,1988-10-07,Brazil,forward,FW,FWD,inactive,2006–07,2006–07,2006,2007,split_year,18,penafiel-loan,Penafiel (loan),liga-de-honra,Liga de Honra,13,5,domestic_league,False,professional_or_unknown,True,,Wikipedia,https://en.wikipedia.org/wiki/Diego_Costa,2026-08-02,1364762445
diego-costa,Q459707,Diego Costa,1988-10-07,Brazil,forward,FW,FWD,inactive,2007–08,2007–08,2007,2008,split_year,19,celta-vigo-loan,Celta Vigo (loan),segunda-division,Segunda División,30,6,domestic_league,False,professional_or_unknown,True,,Wikipedia,https://en.wikipedia.org/wiki/Diego_Costa,2026-08-02,1364762445
diego-costa,Q459707,Diego Costa,1988-10-07,Brazil,forward,FW,FWD,inactive,2008–09,2008–09,2008,2009,split_year,20,albacete-loan,Albacete (loan),segunda-division,Segunda División,35,10,domestic_league,False,professional_or_unknown,True,,Wikipedia,https://en.wikipedia.org/wiki/Diego_Costa,2026-08-02,1364762445
diego-costa,Q459707,Diego Costa,1988-10-07,Brazil,forward,FW,FWD,inactive,2009–10,2009–10,2009,2010,split_year,21,valladolid,Valladolid,la-liga,La Liga,34,8,domestic_league,False,professional_or_unknown,True,,Wikipedia,https://en.wikipedia.org/wiki/Diego_Costa,2026-08-02,1364762445
diego-costa,Q459707,Diego Costa,1988-10-07,Brazil,forward,FW,FWD,inactive,2010–11,2010–11,2010,2011,split_year,22,atletico-madrid,Atlético Madrid,la-liga,La Liga,28,6,domestic_league,False,professional_or_unknown,True,,Wikipedia,https://en.wikipedia.org/wiki/Diego_Costa,2026-08-02,1364762445
diego-costa,Q459707,Diego Costa,1988-10-07,Brazil,forward,FW,FWD,inactive,2011–12,2011–12,2011,2012,split_year,23,rayo-vallecano-loan,Rayo Vallecano (loan),la-liga,La Liga,16,10,domestic_league,False,professional_or_unknown,True,,Wikipedia,https://en.wikipedia.org/wiki/Diego_Costa,2026-08-02,1364762445
diego-costa,Q459707,Diego Costa,1988-10-07,Brazil,forward,FW,FWD,inactive,2012–13,2012–13,2012,2013,split_year,24,atletico-madrid,Atlético Madrid,la-liga,La Liga,31,10,domestic_league,False,professional_or_unknown,True,,Wikipedia,https://en.wikipedia.org/wiki/Diego_Costa,2026-08-02,1364762445
diego-costa,Q459707,Diego Costa,1988-10-07,Brazil,forward,FW,FWD,inactive,2013–14,2013–14,2013,2014,split_year,25,atletico-madrid,Atlético Madrid,la-liga,La Liga,35,27,domestic_league,False,professional_or_unknown,True,,Wikipedia,https://en.wikipedia.org/wiki/Diego_Costa,2026-08-02,1364762445
diego-costa,Q459707,Diego Costa,1988-10-07,Brazil,forward,FW,FWD,inactive,2014–15,2014–15,2014,2015,split_year,26,chelsea,Chelsea,premier-league,Premier League,26,20,domestic_league,False,professional_or_unknown,True,,Wikipedia,https://en.wikipedia.org/wiki/Diego_Costa,2026-08-02,1364762445
diego-costa,Q459707,Diego Costa,1988-10-07,Brazil,forward,FW,FWD,inactive,2015–16,2015–16,2015,2016,split_year,27,chelsea,Chelsea,premier-league,Premier League,28,12,domestic_league,False,professional_or_unknown,True,,Wikipedia,https://en.wikipedia.org/wiki/Diego_Costa,2026-08-02,1364762445
diego-costa,Q459707,Diego Costa,1988-10-07,Brazil,forward,FW,FWD,inactive,2016–17,2016–17,2016,2017,split_year,28,chelsea,Chelsea,premier-league,Premier League,35,20,domestic_league,False,professional_or_unknown,True,,Wikipedia,https://en.wikipedia.org/wiki/Diego_Costa,2026-08-02,1364762445
diego-costa,Q459707,Diego Costa,1988-10-07,Brazil,forward,FW,FWD,inactive,2017–18,2017–18,2017,2018,split_year,29,atletico-madrid,Atlético Madrid,la-liga,La Liga,15,3,domestic_league,False,professional_or_unknown,True,,Wikipedia,https://en.wikipedia.org/wiki/Diego_Costa,2026-08-02,1364762445
diego-costa,Q459707,Diego Costa,1988-10-07,Brazil,forward,FW,FWD,inactive,2017–18,2017–18,2017,2018,split_year,29,chelsea,Chelsea,premier-league,Premier League,0,0,domestic_league,False,professional_or_unknown,True,,Wikipedia,https://en.wikipedia.org/wiki/Diego_Costa,2026-08-02,1364762445
diego-costa,Q459707,Diego Costa,1988-10-07,Brazil,forward,FW,FWD,inactive,2018–19,2018–19,2018,2019,split_year,30,atletico-madrid,Atlético Madrid,la-liga,La Liga,16,2,domestic_league,False,professional_or_unknown,True,,Wikipedia,https://en.wikipedia.org/wiki/Diego_Costa,2026-08-02,1364762445
diego-costa,Q459707,Diego Costa,1988-10-07,Brazil,forward,FW,FWD,inactive,2019–20,2019–20,2019,2020,split_year,31,atletico-madrid,Atlético Madrid,la-liga,La Liga,23,5,domestic_league,False,professional_or_unknown,True,,Wikipedia,https://en.wikipedia.org/wiki/Diego_Costa,2026-08-02,1364762445
diego-costa,Q459707,Diego Costa,1988-10-07,Brazil,forward,FW,FWD,inactive,2020–21,2020–21,2020,2021,split_year,32,atletico-madrid,Atlético Madrid,la-liga,La Liga,7,2,domestic_league,False,professional_or_unknown,True,,Wikipedia,https://en.wikipedia.org/wiki/Diego_Costa,2026-08-02,1364762445
diego-costa,Q459707,Diego Costa,1988-10-07,Brazil,forward,FW,FWD,inactive,2021,2021,2021,2021,calendar_year,33,atletico-mineiro,Atlético Mineiro,serie-a,Série A,15,4,domestic_league,False,professional_or_unknown,True,,Wikipedia,https://en.wikipedia.org/wiki/Diego_Costa,2026-08-02,1364762445
diego-costa,Q459707,Diego Costa,1988-10-07,Brazil,forward,FW,FWD,inactive,2022–23,2022–23,2022,2023,split_year,34,wolverhampton-wanderers,Wolverhampton Wanderers,premier-league,Premier League,23,1,domestic_league,False,professional_or_unknown,True,,Wikipedia,https://en.wikipedia.org/wiki/Diego_Costa,2026-08-02,1364762445
diego-costa,Q459707,Diego Costa,1988-10-07,Brazil,forward,FW,FWD,inactive,2023,2023,2023,2023,calendar_year,35,botafogo,Botafogo,serie-a,Série A,13,3,domestic_league,False,professional_or_unknown,True,,Wikipedia,https://en.wikipedia.org/wiki/Diego_Costa,2026-08-02,1364762445
diego-costa,Q459707,Diego Costa,1988-10-07,Brazil,forward,FW,FWD,inactive,2024,2024,2024,2024,calendar_year,36,gremio,Grêmio,serie-a,Série A,14,1,domestic_league,False,professional_or_unknown,True,,Wikipedia,https://en.wikipedia.org/wiki/Diego_Costa,2026-08-02,1364762445
diego-godin,Q214903,Diego Godín,1986-02-16,Uruguay,centre-back,CB,DEF,retired,2003,2003,2003,2003,calendar_year,17,cerro,Cerro,uruguayan-primera-division,Uruguayan Primera División,2,0,domestic_league,False,professional_or_unknown,True,,Wikipedia,https://en.wikipedia.org/wiki/Diego_Godín,2026-08-02,1367103177
diego-godin,Q214903,Diego Godín,1986-02-16,Uruguay,centre-back,CB,DEF,retired,2004,2004,2004,2004,calendar_year,18,cerro,Cerro,uruguayan-primera-division,Uruguayan Primera División,14,0,domestic_league,False,professional_or_unknown,True,,Wikipedia,https://en.wikipedia.org/wiki/Diego_Godín,2026-08-02,1367103177
diego-godin,Q214903,Diego Godín,1986-02-16,Uruguay,centre-back,CB,DEF,retired,2005,2005,2005,2005,calendar_year,19,cerro,Cerro,uruguayan-primera-division,Uruguayan Primera División,17,1,domestic_league,False,professional_or_unknown,True,,Wikipedia,https://en.wikipedia.org/wiki/Diego_Godín,2026-08-02,1367103177
diego-godin,Q214903,Diego Godín,1986-02-16,Uruguay,centre-back,CB,DEF,retired,2005–06,2005–06,2005,2006,split_year,19,cerro,Cerro,uruguayan-primera-division,Uruguayan Primera División,30,5,domestic_league,False,professional_or_unknown,True,,Wikipedia,https://en.wikipedia.org/wiki/Diego_Godín,2026-08-02,1367103177
diego-godin,Q214903,Diego Godín,1986-02-16,Uruguay,centre-back,CB,DEF,retired,2006–07,2006–07,2006,2007,split_year,20,nacional,Nacional,uruguayan-primera-division,Uruguayan Primera División,26,0,domestic_league,False,professional_or_unknown,True,,Wikipedia,https://en.wikipedia.org/wiki/Diego_Godín,2026-08-02,1367103177
diego-godin,Q214903,Diego Godín,1986-02-16,Uruguay,centre-back,CB,DEF,retired,2007–08,2007–08,2007,2008,split_year,21,villarreal,Villarreal,la-liga,La Liga,24,1,domestic_league,False,professional_or_unknown,True,,Wikipedia,https://en.wikipedia.org/wiki/Diego_Godín,2026-08-02,1367103177
diego-godin,Q214903,Diego Godín,1986-02-16,Uruguay,centre-back,CB,DEF,retired,2008–09,2008–09,2008,2009,split_year,22,villarreal,Villarreal,la-liga,La Liga,31,0,domestic_league,False,professional_or_unknown,True,,Wikipedia,https://en.wikipedia.org/wiki/Diego_Godín,2026-08-02,1367103177
diego-godin,Q214903,Diego Godín,1986-02-16,Uruguay,centre-back,CB,DEF,retired,2009–10,2009–10,2009,2010,split_year,23,villarreal,Villarreal,la-liga,La Liga,36,3,domestic_league,False,professional_or_unknown,True,,Wikipedia,https://en.wikipedia.org/wiki/Diego_Godín,2026-08-02,1367103177
diego-godin,Q214903,Diego Godín,1986-02-16,Uruguay,centre-back,CB,DEF,retired,2010–11,2010–11,2010,2011,split_year,24,atletico-madrid,Atlético Madrid,la-liga,La Liga,25,0,domestic_league,False,professional_or_unknown,True,,Wikipedia,https://en.wikipedia.org/wiki/Diego_Godín,2026-08-02,1367103177
diego-godin,Q214903,Diego Godín,1986-02-16,Uruguay,centre-back,CB,DEF,retired,2011–12,2011–12,2011,2012,split_year,25,atletico-madrid,Atlético Madrid,la-liga,La Liga,27,2,domestic_league,False,professional_or_unknown,True,,Wikipedia,https://en.wikipedia.org/wiki/Diego_Godín,2026-08-02,1367103177
diego-godin,Q214903,Diego Godín,1986-02-16,Uruguay,centre-back,CB,DEF,retired,2012–13,2012–13,2012,2013,split_year,26,atletico-madrid,Atlético Madrid,la-liga,La Liga,35,1,domestic_league,False,professional_or_unknown,True,,Wikipedia,https://en.wikipedia.org/wiki/Diego_Godín,2026-08-02,1367103177
diego-godin,Q214903,Diego Godín,1986-02-16,Uruguay,centre-back,CB,DEF,retired,2013–14,2013–14,2013,2014,split_year,27,atletico-madrid,Atlético Madrid,la-liga,La Liga,34,4,domestic_league,False,professional_or_unknown,True,,Wikipedia,https://en.wikipedia.org/wiki/Diego_Godín,2026-08-02,1367103177
diego-godin,Q214903,Diego Godín,1986-02-16,Uruguay,centre-back,CB,DEF,retired,2014–15,2014–15,2014,2015,split_year,28,atletico-madrid,Atlético Madrid,la-liga,La Liga,34,3,domestic_league,False,professional_or_unknown,True,,Wikipedia,https://en.wikipedia.org/wiki/Diego_Godín,2026-08-02,1367103177
diego-godin,Q214903,Diego Godín,1986-02-16,Uruguay,centre-back,CB,DEF,retired,2015–16,2015–16,2015,2016,split_year,29,atletico-madrid,Atlético Madrid,la-liga,La Liga,31,1,domestic_league,False,professional_or_unknown,True,,Wikipedia,https://en.wikipedia.org/wiki/Diego_Godín,2026-08-02,1367103177
diego-godin,Q214903,Diego Godín,1986-02-16,Uruguay,centre-back,CB,DEF,retired,2016–17,2016–17,2016,2017,split_year,30,atletico-madrid,Atlético Madrid,la-liga,La Liga,31,3,domestic_league,False,professional_or_unknown,True,,Wikipedia,https://en.wikipedia.org/wiki/Diego_Godín,2026-08-02,1367103177
diego-godin,Q214903,Diego Godín,1986-02-16,Uruguay,centre-back,CB,DEF,retired,2017–18,2017–18,2017,2018,split_year,31,atletico-madrid,Atlético Madrid,la-liga,La Liga,30,0,domestic_league,False,professional_or_unknown,True,,Wikipedia,https://en.wikipedia.org/wiki/Diego_Godín,2026-08-02,1367103177
diego-godin,Q214903,Diego Godín,1986-02-16,Uruguay,centre-back,CB,DEF,retired,2018–19,2018–19,2018,2019,split_year,32,atletico-madrid,Atlético Madrid,la-liga,La Liga,30,3,domestic_league,False,professional_or_unknown,True,,Wikipedia,https://en.wikipedia.org/wiki/Diego_Godín,2026-08-02,1367103177
diego-godin,Q214903,Diego Godín,1986-02-16,Uruguay,centre-back,CB,DEF,retired,2019–20,2019–20,2019,2020,split_year,33,inter-milan,Inter Milan,serie-a,Serie A,23,1,domestic_league,False,professional_or_unknown,True,,Wikipedia,https://en.wikipedia.org/wiki/Diego_Godín,2026-08-02,1367103177
diego-godin,Q214903,Diego Godín,1986-02-16,Uruguay,centre-back,CB,DEF,retired,2020–21,2020–21,2020,2021,split_year,34,cagliari,Cagliari,serie-a,Serie A,28,1,domestic_league,False,professional_or_unknown,True,,Wikipedia,https://en.wikipedia.org/wiki/Diego_Godín,2026-08-02,1367103177
diego-godin,Q214903,Diego Godín,1986-02-16,Uruguay,centre-back,CB,DEF,retired,2021–22,2021–22,2021,2022,split_year,35,cagliari,Cagliari,serie-a,Serie A,11,0,domestic_league,False,professional_or_unknown,True,,Wikipedia,https://en.wikipedia.org/wiki/Diego_Godín,2026-08-02,1367103177
diego-godin,Q214903,Diego Godín,1986-02-16,Uruguay,centre-back,CB,DEF,retired,2022,2022,2022,2022,calendar_year,36,atletico-mineiro,Atlético Mineiro,serie-a,Série A,1,0,domestic_league,False,professional_or_unknown,True,,Wikipedia,https://en.wikipedia.org/wiki/Diego_Godín,2026-08-02,1367103177
diego-godin,Q214903,Diego Godín,1986-02-16,Uruguay,centre-back,CB,DEF,retired,2022,2022,2022,2022,calendar_year,36,velez-sarsfield,Vélez Sarsfield,argentine-primera-division,Argentine Primera División,6,1,domestic_league,False,professional_or_unknown,True,,Wikipedia,https://en.wikipedia.org/wiki/Diego_Godín,2026-08-02,1367103177
diego-godin,Q214903,Diego Godín,1986-02-16,Uruguay,centre-back,CB,DEF,retired,2023,2023,2023,2023,calendar_year,37,velez-sarsfield,Vélez Sarsfield,argentine-primera-division,Argentine Primera División,13,0,domestic_league,False,professional_or_unknown,True,,Wikipedia,https://en.wikipedia.org/wiki/Diego_Godín,2026-08-02,1367103177
eden-hazard,Q214204,Eden Hazard,1991-01-07,Belgium,winger,WNG,WIDE,retired,2007–08,2007–08,2007,2008,split_year,16,lille,Lille,ligue-1,Ligue 1,4,0,domestic_league,False,professional_or_unknown,True,,Wikipedia,https://en.wikipedia.org/wiki/Eden_Hazard,2026-08-02,1367169637
eden-hazard,Q214204,Eden Hazard,1991-01-07,Belgium,winger,WNG,WIDE,retired,2008–09,2008–09,2008,2009,split_year,17,lille,Lille,ligue-1,Ligue 1,30,4,domestic_league,False,professional_or_unknown,True,,Wikipedia,https://en.wikipedia.org/wiki/Eden_Hazard,2026-08-02,1367169637
eden-hazard,Q214204,Eden Hazard,1991-01-07,Belgium,winger,WNG,WIDE,retired,2009–10,2009–10,2009,2010,split_year,18,lille,Lille,ligue-1,Ligue 1,37,5,domestic_league,False,professional_or_unknown,True,,Wikipedia,https://en.wikipedia.org/wiki/Eden_Hazard,2026-08-02,1367169637
eden-hazard,Q214204,Eden Hazard,1991-01-07,Belgium,winger,WNG,WIDE,retired,2010–11,2010–11,2010,2011,split_year,19,lille,Lille,ligue-1,Ligue 1,38,7,domestic_league,False,professional_or_unknown,True,,Wikipedia,https://en.wikipedia.org/wiki/Eden_Hazard,2026-08-02,1367169637
eden-hazard,Q214204,Eden Hazard,1991-01-07,Belgium,winger,WNG,WIDE,retired,2011–12,2011–12,2011,2012,split_year,20,lille,Lille,ligue-1,Ligue 1,38,20,domestic_league,False,professional_or_unknown,True,,Wikipedia,https://en.wikipedia.org/wiki/Eden_Hazard,2026-08-02,1367169637
eden-hazard,Q214204,Eden Hazard,1991-01-07,Belgium,winger,WNG,WIDE,retired,2012–13,2012–13,2012,2013,split_year,21,chelsea,Chelsea,premier-league,Premier League,34,9,domestic_league,False,professional_or_unknown,True,,Wikipedia,https://en.wikipedia.org/wiki/Eden_Hazard,2026-08-02,1367169637
eden-hazard,Q214204,Eden Hazard,1991-01-07,Belgium,winger,WNG,WIDE,retired,2013–14,2013–14,2013,2014,split_year,22,chelsea,Chelsea,premier-league,Premier League,35,14,domestic_league,False,professional_or_unknown,True,,Wikipedia,https://en.wikipedia.org/wiki/Eden_Hazard,2026-08-02,1367169637
eden-hazard,Q214204,Eden Hazard,1991-01-07,Belgium,winger,WNG,WIDE,retired,2014–15,2014–15,2014,2015,split_year,23,chelsea,Chelsea,premier-league,Premier League,38,14,domestic_league,False,professional_or_unknown,True,,Wikipedia,https://en.wikipedia.org/wiki/Eden_Hazard,2026-08-02,1367169637
eden-hazard,Q214204,Eden Hazard,1991-01-07,Belgium,winger,WNG,WIDE,retired,2015–16,2015–16,2015,2016,split_year,24,chelsea,Chelsea,premier-league,Premier League,31,4,domestic_league,False,professional_or_unknown,True,,Wikipedia,https://en.wikipedia.org/wiki/Eden_Hazard,2026-08-02,1367169637
eden-hazard,Q214204,Eden Hazard,1991-01-07,Belgium,winger,WNG,WIDE,retired,2016–17,2016–17,2016,2017,split_year,25,chelsea,Chelsea,premier-league,Premier League,36,16,domestic_league,False,professional_or_unknown,True,,Wikipedia,https://en.wikipedia.org/wiki/Eden_Hazard,2026-08-02,1367169637
eden-hazard,Q214204,Eden Hazard,1991-01-07,Belgium,winger,WNG,WIDE,retired,2017–18,2017–18,2017,2018,split_year,26,chelsea,Chelsea,premier-league,Premier League,34,12,domestic_league,False,professional_or_unknown,True,,Wikipedia,https://en.wikipedia.org/wiki/Eden_Hazard,2026-08-02,1367169637
eden-hazard,Q214204,Eden Hazard,1991-01-07,Belgium,winger,WNG,WIDE,retired,2018–19,2018–19,2018,2019,split_year,27,chelsea,Chelsea,premier-league,Premier League,37,16,domestic_league,False,professional_or_unknown,True,,Wikipedia,https://en.wikipedia.org/wiki/Eden_Hazard,2026-08-02,1367169637
eden-hazard,Q214204,Eden Hazard,1991-01-07,Belgium,winger,WNG,WIDE,retired,2019–20,2019–20,2019,2020,split_year,28,real-madrid,Real Madrid,la-liga,La Liga,16,1,domestic_league,False,professional_or_unknown,True,,Wikipedia,https://en.wikipedia.org/wiki/Eden_Hazard,2026-08-02,1367169637
eden-hazard,Q214204,Eden Hazard,1991-01-07,Belgium,winger,WNG,WIDE,retired,2020–21,2020–21,2020,2021,split_year,29,real-madrid,Real Madrid,la-liga,La Liga,14,3,domestic_league,False,professional_or_unknown,True,,Wikipedia,https://en.wikipedia.org/wiki/Eden_Hazard,2026-08-02,1367169637
eden-hazard,Q214204,Eden Hazard,1991-01-07,Belgium,winger,WNG,WIDE,retired,2021–22,2021–22,2021,2022,split_year,30,real-madrid,Real Madrid,la-liga,La Liga,18,0,domestic_league,False,professional_or_unknown,True,,Wikipedia,https://en.wikipedia.org/wiki/Eden_Hazard,2026-08-02,1367169637
eden-hazard,Q214204,Eden Hazard,1991-01-07,Belgium,winger,WNG,WIDE,retired,2022–23,2022–23,2022,2023,split_year,31,real-madrid,Real Madrid,la-liga,La Liga,6,0,domestic_league,False,professional_or_unknown,True,,Wikipedia,https://en.wikipedia.org/wiki/Eden_Hazard,2026-08-02,1367169637
edinson-cavani,Q167790,Edinson Cavani,1987-02-14,Uruguay,forward,FW,FWD,retired,2005–06,2005–06,2005,2006,split_year,18,danubio,Danubio,uruguayan-primera-division,Uruguayan Primera División,0,0,domestic_league,False,professional_or_unknown,True,,Wikipedia,https://en.wikipedia.org/wiki/Edinson_Cavani,2026-08-02,1367103380
edinson-cavani,Q167790,Edinson Cavani,1987-02-14,Uruguay,forward,FW,FWD,retired,2006–07,2006–07,2006,2007,split_year,19,danubio,Danubio,uruguayan-primera-division,Uruguayan Primera División,15,5,domestic_league,False,professional_or_unknown,True,,Wikipedia,https://en.wikipedia.org/wiki/Edinson_Cavani,2026-08-02,1367103380
edinson-cavani,Q167790,Edinson Cavani,1987-02-14,Uruguay,forward,FW,FWD,retired,2006–07,2006–07,2006,2007,split_year,19,palermo,Palermo,serie-a,Serie A,7,2,domestic_league,False,professional_or_unknown,True,,Wikipedia,https://en.wikipedia.org/wiki/Edinson_Cavani,2026-08-02,1367103380
edinson-cavani,Q167790,Edinson Cavani,1987-02-14,Uruguay,forward,FW,FWD,retired,2007–08,2007–08,2007,2008,split_year,20,palermo,Palermo,serie-a,Serie A,33,5,domestic_league,False,professional_or_unknown,True,,Wikipedia,https://en.wikipedia.org/wiki/Edinson_Cavani,2026-08-02,1367103380
edinson-cavani,Q167790,Edinson Cavani,1987-02-14,Uruguay,forward,FW,FWD,retired,2008–09,2008–09,2008,2009,split_year,21,palermo,Palermo,serie-a,Serie A,35,14,domestic_league,False,professional_or_unknown,True,,Wikipedia,https://en.wikipedia.org/wiki/Edinson_Cavani,2026-08-02,1367103380
edinson-cavani,Q167790,Edinson Cavani,1987-02-14,Uruguay,forward,FW,FWD,retired,2009–10,2009–10,2009,2010,split_year,22,palermo,Palermo,serie-a,Serie A,34,13,domestic_league,False,professional_or_unknown,True,,Wikipedia,https://en.wikipedia.org/wiki/Edinson_Cavani,2026-08-02,1367103380
edinson-cavani,Q167790,Edinson Cavani,1987-02-14,Uruguay,forward,FW,FWD,retired,2010–11,2010–11,2010,2011,split_year,23,napoli,Napoli,serie-a,Serie A,35,26,domestic_league,False,professional_or_unknown,True,,Wikipedia,https://en.wikipedia.org/wiki/Edinson_Cavani,2026-08-02,1367103380
edinson-cavani,Q167790,Edinson Cavani,1987-02-14,Uruguay,forward,FW,FWD,retired,2011–12,2011–12,2011,2012,split_year,24,napoli,Napoli,serie-a,Serie A,35,23,domestic_league,False,professional_or_unknown,True,,Wikipedia,https://en.wikipedia.org/wiki/Edinson_Cavani,2026-08-02,1367103380
edinson-cavani,Q167790,Edinson Cavani,1987-02-14,Uruguay,forward,FW,FWD,retired,2012–13,2012–13,2012,2013,split_year,25,napoli,Napoli,serie-a,Serie A,34,29,domestic_league,False,professional_or_unknown,True,,Wikipedia,https://en.wikipedia.org/wiki/Edinson_Cavani,2026-08-02,1367103380
edinson-cavani,Q167790,Edinson Cavani,1987-02-14,Uruguay,forward,FW,FWD,retired,2013–14,2013–14,2013,2014,split_year,26,paris-saint-germain,Paris Saint-Germain,ligue-1,Ligue 1,30,16,domestic_league,False,professional_or_unknown,True,,Wikipedia,https://en.wikipedia.org/wiki/Edinson_Cavani,2026-08-02,1367103380
edinson-cavani,Q167790,Edinson Cavani,1987-02-14,Uruguay,forward,FW,FWD,retired,2014–15,2014–15,2014,2015,split_year,27,paris-saint-germain,Paris Saint-Germain,ligue-1,Ligue 1,35,18,domestic_league,False,professional_or_unknown,True,,Wikipedia,https://en.wikipedia.org/wiki/Edinson_Cavani,2026-08-02,1367103380
edinson-cavani,Q167790,Edinson Cavani,1987-02-14,Uruguay,forward,FW,FWD,retired,2015–16,2015–16,2015,2016,split_year,28,paris-saint-germain,Paris Saint-Germain,ligue-1,Ligue 1,32,19,domestic_league,False,professional_or_unknown,True,,Wikipedia,https://en.wikipedia.org/wiki/Edinson_Cavani,2026-08-02,1367103380
edinson-cavani,Q167790,Edinson Cavani,1987-02-14,Uruguay,forward,FW,FWD,retired,2016–17,2016–17,2016,2017,split_year,29,paris-saint-germain,Paris Saint-Germain,ligue-1,Ligue 1,36,35,domestic_league,False,professional_or_unknown,True,,Wikipedia,https://en.wikipedia.org/wiki/Edinson_Cavani,2026-08-02,1367103380
edinson-cavani,Q167790,Edinson Cavani,1987-02-14,Uruguay,forward,FW,FWD,retired,2017–18,2017–18,2017,2018,split_year,30,paris-saint-germain,Paris Saint-Germain,ligue-1,Ligue 1,32,28,domestic_league,False,professional_or_unknown,True,,Wikipedia,https://en.wikipedia.org/wiki/Edinson_Cavani,2026-08-02,1367103380
edinson-cavani,Q167790,Edinson Cavani,1987-02-14,Uruguay,forward,FW,FWD,retired,2018–19,2018–19,2018,2019,split_year,31,paris-saint-germain,Paris Saint-Germain,ligue-1,Ligue 1,21,18,domestic_league,False,professional_or_unknown,True,,Wikipedia,https://en.wikipedia.org/wiki/Edinson_Cavani,2026-08-02,1367103380
edinson-cavani,Q167790,Edinson Cavani,1987-02-14,Uruguay,forward,FW,FWD,retired,2019–20,2019–20,2019,2020,split_year,32,paris-saint-germain,Paris Saint-Germain,ligue-1,Ligue 1,14,4,domestic_league,False,professional_or_unknown,True,,Wikipedia,https://en.wikipedia.org/wiki/Edinson_Cavani,2026-08-02,1367103380
edinson-cavani,Q167790,Edinson Cavani,1987-02-14,Uruguay,forward,FW,FWD,retired,2020–21,2020–21,2020,2021,split_year,33,manchester-united,Manchester United,premier-league,Premier League,26,10,domestic_league,False,professional_or_unknown,True,,Wikipedia,https://en.wikipedia.org/wiki/Edinson_Cavani,2026-08-02,1367103380
edinson-cavani,Q167790,Edinson Cavani,1987-02-14,Uruguay,forward,FW,FWD,retired,2021–22,2021–22,2021,2022,split_year,34,manchester-united,Manchester United,premier-league,Premier League,15,2,domestic_league,False,professional_or_unknown,True,,Wikipedia,https://en.wikipedia.org/wiki/Edinson_Cavani,2026-08-02,1367103380
edinson-cavani,Q167790,Edinson Cavani,1987-02-14,Uruguay,forward,FW,FWD,retired,2022–23,2022–23,2022,2023,split_year,35,valencia,Valencia,la-liga,La Liga,25,5,domestic_league,False,professional_or_unknown,True,,Wikipedia,https://en.wikipedia.org/wiki/Edinson_Cavani,2026-08-02,1367103380
erling-haaland,Q28967995,Erling Haaland,2000-07-21,Norway,forward,FW,FWD,active,2016,2016,2016,2016,calendar_year,16,bryne,Bryne,1-divisjon,1. divisjon,16,0,domestic_league,False,professional_or_unknown,True,,Wikipedia,https://en.wikipedia.org/wiki/Erling_Haaland,2026-07-27,1366239238
erling-haaland,Q28967995,Erling Haaland,2000-07-21,Norway,forward,FW,FWD,active,2017,2017,2017,2017,calendar_year,17,molde,Molde,eliteserien,Eliteserien,14,2,domestic_league,False,professional_or_unknown,True,,Wikipedia,https://en.wikipedia.org/wiki/Erling_Haaland,2026-07-27,1366239238
erling-haaland,Q28967995,Erling Haaland,2000-07-21,Norway,forward,FW,FWD,active,2018,2018,2018,2018,calendar_year,18,molde,Molde,eliteserien,Eliteserien,25,12,domestic_league,False,professional_or_unknown,True,,Wikipedia,https://en.wikipedia.org/wiki/Erling_Haaland,2026-07-27,1366239238
erling-haaland,Q28967995,Erling Haaland,2000-07-21,Norway,forward,FW,FWD,active,2018–19,2018–19,2018,2019,split_year,18,red-bull-salzburg,Red Bull Salzburg,austrian-bundesliga,Austrian Bundesliga,2,1,domestic_league,False,professional_or_unknown,True,,Wikipedia,https://en.wikipedia.org/wiki/Erling_Haaland,2026-07-27,1366239238
erling-haaland,Q28967995,Erling Haaland,2000-07-21,Norway,forward,FW,FWD,active,2019–20,2019–20,2019,2020,split_year,19,borussia-dortmund,Borussia Dortmund,bundesliga,Bundesliga,15,13,domestic_league,False,professional_or_unknown,True,,Wikipedia,https://en.wikipedia.org/wiki/Erling_Haaland,2026-07-27,1366239238
erling-haaland,Q28967995,Erling Haaland,2000-07-21,Norway,forward,FW,FWD,active,2019–20,2019–20,2019,2020,split_year,19,red-bull-salzburg,Red Bull Salzburg,austrian-bundesliga,Austrian Bundesliga,14,16,domestic_league,False,professional_or_unknown,True,,Wikipedia,https://en.wikipedia.org/wiki/Erling_Haaland,2026-07-27,1366239238
erling-haaland,Q28967995,Erling Haaland,2000-07-21,Norway,forward,FW,FWD,active,2020–21,2020–21,2020,2021,split_year,20,borussia-dortmund,Borussia Dortmund,bundesliga,Bundesliga,28,27,domestic_league,False,professional_or_unknown,True,,Wikipedia,https://en.wikipedia.org/wiki/Erling_Haaland,2026-07-27,1366239238
erling-haaland,Q28967995,Erling Haaland,2000-07-21,Norway,forward,FW,FWD,active,2021–22,2021–22,2021,2022,split_year,21,borussia-dortmund,Borussia Dortmund,bundesliga,Bundesliga,24,22,domestic_league,False,professional_or_unknown,True,,Wikipedia,https://en.wikipedia.org/wiki/Erling_Haaland,2026-07-27,1366239238
erling-haaland,Q28967995,Erling Haaland,2000-07-21,Norway,forward,FW,FWD,active,2022–23,2022–23,2022,2023,split_year,22,manchester-city,Manchester City,premier-league,Premier League,35,36,domestic_league,False,professional_or_unknown,True,,Wikipedia,https://en.wikipedia.org/wiki/Erling_Haaland,2026-07-27,1366239238
erling-haaland,Q28967995,Erling Haaland,2000-07-21,Norway,forward,FW,FWD,active,2023–24,2023–24,2023,2024,split_year,23,manchester-city,Manchester City,premier-league,Premier League,31,27,domestic_league,False,professional_or_unknown,True,,Wikipedia,https://en.wikipedia.org/wiki/Erling_Haaland,2026-07-27,1366239238
erling-haaland,Q28967995,Erling Haaland,2000-07-21,Norway,forward,FW,FWD,active,2024–25,2024–25,2024,2025,split_year,24,manchester-city,Manchester City,premier-league,Premier League,31,22,domestic_league,False,professional_or_unknown,True,,Wikipedia,https://en.wikipedia.org/wiki/Erling_Haaland,2026-07-27,1366239238
erling-haaland,Q28967995,Erling Haaland,2000-07-21,Norway,forward,FW,FWD,active,2025–26,2025–26,2025,2026,split_year,25,manchester-city,Manchester City,premier-league,Premier League,35,27,domestic_league,False,professional_or_unknown,True,,Wikipedia,https://en.wikipedia.org/wiki/Erling_Haaland,2026-07-27,1366239238
fabio-cannavaro,Q102027,Fabio Cannavaro,1973-09-13,Italy,defender,CB,DEF,retired,1992–93,1992–93,1992,1993,split_year,19,napoli,Napoli,serie-a,Serie A,2,0,domestic_league,False,professional_or_unknown,True,,Wikipedia,https://en.wikipedia.org/wiki/Fabio_Cannavaro,2026-08-02,1367155817
fabio-cannavaro,Q102027,Fabio Cannavaro,1973-09-13,Italy,defender,CB,DEF,retired,1993–94,1993–94,1993,1994,split_year,20,napoli,Napoli,serie-a,Serie A,27,0,domestic_league,False,professional_or_unknown,True,,Wikipedia,https://en.wikipedia.org/wiki/Fabio_Cannavaro,2026-08-02,1367155817
fabio-cannavaro,Q102027,Fabio Cannavaro,1973-09-13,Italy,defender,CB,DEF,retired,1994–95,1994–95,1994,1995,split_year,21,napoli,Napoli,serie-a,Serie A,29,1,domestic_league,False,professional_or_unknown,True,,Wikipedia,https://en.wikipedia.org/wiki/Fabio_Cannavaro,2026-08-02,1367155817
fabio-cannavaro,Q102027,Fabio Cannavaro,1973-09-13,Italy,defender,CB,DEF,retired,1995–96,1995–96,1995,1996,split_year,22,parma,Parma,serie-a,Serie A,29,1,domestic_league,False,professional_or_unknown,True,,Wikipedia,https://en.wikipedia.org/wiki/Fabio_Cannavaro,2026-08-02,1367155817
fabio-cannavaro,Q102027,Fabio Cannavaro,1973-09-13,Italy,defender,CB,DEF,retired,1996–97,1996–97,1996,1997,split_year,23,parma,Parma,serie-a,Serie A,27,0,domestic_league,False,professional_or_unknown,True,,Wikipedia,https://en.wikipedia.org/wiki/Fabio_Cannavaro,2026-08-02,1367155817
fabio-cannavaro,Q102027,Fabio Cannavaro,1973-09-13,Italy,defender,CB,DEF,retired,1997–98,1997–98,1997,1998,split_year,24,parma,Parma,serie-a,Serie A,31,0,domestic_league,False,professional_or_unknown,True,,Wikipedia,https://en.wikipedia.org/wiki/Fabio_Cannavaro,2026-08-02,1367155817
fabio-cannavaro,Q102027,Fabio Cannavaro,1973-09-13,Italy,defender,CB,DEF,retired,1998–99,1998–99,1998,1999,split_year,25,parma,Parma,serie-a,Serie A,30,1,domestic_league,False,professional_or_unknown,True,,Wikipedia,https://en.wikipedia.org/wiki/Fabio_Cannavaro,2026-08-02,1367155817
fabio-cannavaro,Q102027,Fabio Cannavaro,1973-09-13,Italy,defender,CB,DEF,retired,1999–2000,1999–2000,1999,2000,split_year,26,parma,Parma,serie-a,Serie A,31,2,domestic_league,False,professional_or_unknown,True,,Wikipedia,https://en.wikipedia.org/wiki/Fabio_Cannavaro,2026-08-02,1367155817
fabio-cannavaro,Q102027,Fabio Cannavaro,1973-09-13,Italy,defender,CB,DEF,retired,2000–01,2000–01,2000,2001,split_year,27,parma,Parma,serie-a,Serie A,33,0,domestic_league,False,professional_or_unknown,True,,Wikipedia,https://en.wikipedia.org/wiki/Fabio_Cannavaro,2026-08-02,1367155817
fabio-cannavaro,Q102027,Fabio Cannavaro,1973-09-13,Italy,defender,CB,DEF,retired,2001–02,2001–02,2001,2002,split_year,28,parma,Parma,serie-a,Serie A,31,1,domestic_league,False,professional_or_unknown,True,,Wikipedia,https://en.wikipedia.org/wiki/Fabio_Cannavaro,2026-08-02,1367155817
fabio-cannavaro,Q102027,Fabio Cannavaro,1973-09-13,Italy,defender,CB,DEF,retired,2002–03,2002–03,2002,2003,split_year,29,inter-milan,Inter Milan,serie-a,Serie A,28,0,domestic_league,False,professional_or_unknown,True,,Wikipedia,https://en.wikipedia.org/wiki/Fabio_Cannavaro,2026-08-02,1367155817
fabio-cannavaro,Q102027,Fabio Cannavaro,1973-09-13,Italy,defender,CB,DEF,retired,2003–04,2003–04,2003,2004,split_year,30,inter-milan,Inter Milan,serie-a,Serie A,22,2,domestic_league,False,professional_or_unknown,True,,Wikipedia,https://en.wikipedia.org/wiki/Fabio_Cannavaro,2026-08-02,1367155817
fabio-cannavaro,Q102027,Fabio Cannavaro,1973-09-13,Italy,defender,CB,DEF,retired,2004–05,2004–05,2004,2005,split_year,31,juventus,Juventus,serie-a,Serie A,38,2,domestic_league,False,professional_or_unknown,True,,Wikipedia,https://en.wikipedia.org/wiki/Fabio_Cannavaro,2026-08-02,1367155817
fabio-cannavaro,Q102027,Fabio Cannavaro,1973-09-13,Italy,defender,CB,DEF,retired,2005–06,2005–06,2005,2006,split_year,32,juventus,Juventus,serie-a,Serie A,36,4,domestic_league,False,professional_or_unknown,True,,Wikipedia,https://en.wikipedia.org/wiki/Fabio_Cannavaro,2026-08-02,1367155817
fabio-cannavaro,Q102027,Fabio Cannavaro,1973-09-13,Italy,defender,CB,DEF,retired,2006–07,2006–07,2006,2007,split_year,33,real-madrid,Real Madrid,la-liga,La Liga,32,0,domestic_league,False,professional_or_unknown,True,,Wikipedia,https://en.wikipedia.org/wiki/Fabio_Cannavaro,2026-08-02,1367155817
fabio-cannavaro,Q102027,Fabio Cannavaro,1973-09-13,Italy,defender,CB,DEF,retired,2007–08,2007–08,2007,2008,split_year,34,real-madrid,Real Madrid,la-liga,La Liga,33,0,domestic_league,False,professional_or_unknown,True,,Wikipedia,https://en.wikipedia.org/wiki/Fabio_Cannavaro,2026-08-02,1367155817
fabio-cannavaro,Q102027,Fabio Cannavaro,1973-09-13,Italy,defender,CB,DEF,retired,2008–09,2008–09,2008,2009,split_year,35,real-madrid,Real Madrid,la-liga,La Liga,29,0,domestic_league,False,professional_or_unknown,True,,Wikipedia,https://en.wikipedia.org/wiki/Fabio_Cannavaro,2026-08-02,1367155817
fabio-cannavaro,Q102027,Fabio Cannavaro,1973-09-13,Italy,defender,CB,DEF,retired,2009–10,2009–10,2009,2010,split_year,36,juventus,Juventus,serie-a,Serie A,27,0,domestic_league,False,professional_or_unknown,True,,Wikipedia,https://en.wikipedia.org/wiki/Fabio_Cannavaro,2026-08-02,1367155817
fabio-cannavaro,Q102027,Fabio Cannavaro,1973-09-13,Italy,defender,CB,DEF,retired,2010–11,2010–11,2010,2011,split_year,37,al-ahli-dubai,Al-Ahli Dubai,uae-pro-league,UAE Pro League,16,2,domestic_league,False,professional_or_unknown,True,,Wikipedia,https://en.wikipedia.org/wiki/Fabio_Cannavaro,2026-08-02,1367155817
federico-dimarco,Q20204829,Federico Dimarco,1997-11-10,Italy,defender,FB,DEF,active,2014–15,2014–15,2014,2015,split_year,17,inter-milan,Inter Milan,serie-a,Serie A,1,0,domestic_league,False,professional_or_unknown,True,,Wikipedia,https://en.wikipedia.org/wiki/Federico_Dimarco,2026-08-02,1365736403
federico-dimarco,Q20204829,Federico Dimarco,1997-11-10,Italy,defender,FB,DEF,active,2015–16,2015–16,2015,2016,split_year,18,ascoli-loan,Ascoli (loan),serie-b,Serie B,12,0,domestic_league,False,professional_or_unknown,True,,Wikipedia,https://en.wikipedia.org/wiki/Federico_Dimarco,2026-08-02,1365736403
federico-dimarco,Q20204829,Federico Dimarco,1997-11-10,Italy,defender,FB,DEF,active,2016–17,2016–17,2016,2017,split_year,19,empoli-loan,Empoli (loan),serie-a,Serie A,15,0,domestic_league,False,professional_or_unknown,True,,Wikipedia,https://en.wikipedia.org/wiki/Federico_Dimarco,2026-08-02,1365736403
federico-dimarco,Q20204829,Federico Dimarco,1997-11-10,Italy,defender,FB,DEF,active,2017–18,2017–18,2017,2018,split_year,20,sion,Sion,swiss-super-league,Swiss Super League,9,0,domestic_league,False,professional_or_unknown,True,,Wikipedia,https://en.wikipedia.org/wiki/Federico_Dimarco,2026-08-02,1365736403
federico-dimarco,Q20204829,Federico Dimarco,1997-11-10,Italy,defender,FB,DEF,active,2018–19,2018–19,2018,2019,split_year,21,parma-loan,Parma (loan),serie-a,Serie A,13,1,domestic_league,False,professional_or_unknown,True,,Wikipedia,https://en.wikipedia.org/wiki/Federico_Dimarco,2026-08-02,1365736403
federico-dimarco,Q20204829,Federico Dimarco,1997-11-10,Italy,defender,FB,DEF,active,2019–20,2019–20,2019,2020,split_year,22,hellas-verona-loan,Hellas Verona (loan),serie-a,Serie A,13,0,domestic_league,False,professional_or_unknown,True,,Wikipedia,https://en.wikipedia.org/wiki/Federico_Dimarco,2026-08-02,1365736403
federico-dimarco,Q20204829,Federico Dimarco,1997-11-10,Italy,defender,FB,DEF,active,2019–20,2019–20,2019,2020,split_year,22,inter-milan,Inter Milan,serie-a,Serie A,3,0,domestic_league,False,professional_or_unknown,True,,Wikipedia,https://en.wikipedia.org/wiki/Federico_Dimarco,2026-08-02,1365736403
federico-dimarco,Q20204829,Federico Dimarco,1997-11-10,Italy,defender,FB,DEF,active,2020–21,2020–21,2020,2021,split_year,23,hellas-verona-loan,Hellas Verona (loan),serie-a,Serie A,35,5,domestic_league,False,professional_or_unknown,True,,Wikipedia,https://en.wikipedia.org/wiki/Federico_Dimarco,2026-08-02,1365736403
federico-dimarco,Q20204829,Federico Dimarco,1997-11-10,Italy,defender,FB,DEF,active,2021–22,2021–22,2021,2022,split_year,24,inter-milan,Inter Milan,serie-a,Serie A,32,2,domestic_league,False,professional_or_unknown,True,,Wikipedia,https://en.wikipedia.org/wiki/Federico_Dimarco,2026-08-02,1365736403
federico-dimarco,Q20204829,Federico Dimarco,1997-11-10,Italy,defender,FB,DEF,active,2022–23,2022–23,2022,2023,split_year,25,inter-milan,Inter Milan,serie-a,Serie A,33,4,domestic_league,False,professional_or_unknown,True,,Wikipedia,https://en.wikipedia.org/wiki/Federico_Dimarco,2026-08-02,1365736403
federico-dimarco,Q20204829,Federico Dimarco,1997-11-10,Italy,defender,FB,DEF,active,2023–24,2023–24,2023,2024,split_year,26,inter-milan,Inter Milan,serie-a,Serie A,30,5,domestic_league,False,professional_or_unknown,True,,Wikipedia,https://en.wikipedia.org/wiki/Federico_Dimarco,2026-08-02,1365736403
federico-dimarco,Q20204829,Federico Dimarco,1997-11-10,Italy,defender,FB,DEF,active,2024–25,2024–25,2024,2025,split_year,27,inter-milan,Inter Milan,serie-a,Serie A,33,4,domestic_league,False,professional_or_unknown,True,,Wikipedia,https://en.wikipedia.org/wiki/Federico_Dimarco,2026-08-02,1365736403
federico-dimarco,Q20204829,Federico Dimarco,1997-11-10,Italy,defender,FB,DEF,active,2025–26,2025–26,2025,2026,split_year,28,inter-milan,Inter Milan,serie-a,Serie A,35,7,domestic_league,False,professional_or_unknown,True,,Wikipedia,https://en.wikipedia.org/wiki/Federico_Dimarco,2026-08-02,1365736403
federico-valverde,Q19509544,Federico Valverde,1998-07-22,Uruguay,midfielder,CM,MID,active,2016,2016,2016,2016,calendar_year,18,penarol,Peñarol,uruguayan-primera-division,Uruguayan Primera División,12,0,domestic_league,False,professional_or_unknown,True,,Wikipedia,https://en.wikipedia.org/wiki/Federico_Valverde,2026-08-02,1367049940
federico-valverde,Q19509544,Federico Valverde,1998-07-22,Uruguay,midfielder,CM,MID,active,2017–18,2017–18,2017,2018,split_year,19,deportivo-la-coruna-loan,Deportivo La Coruña (loan),la-liga,La Liga,24,0,domestic_league,False,professional_or_unknown,True,,Wikipedia,https://en.wikipedia.org/wiki/Federico_Valverde,2026-08-02,1367049940
federico-valverde,Q19509544,Federico Valverde,1998-07-22,Uruguay,midfielder,CM,MID,active,2018–19,2018–19,2018,2019,split_year,20,real-madrid,Real Madrid,la-liga,La Liga,16,0,domestic_league,False,professional_or_unknown,True,,Wikipedia,https://en.wikipedia.org/wiki/Federico_Valverde,2026-08-02,1367049940
federico-valverde,Q19509544,Federico Valverde,1998-07-22,Uruguay,midfielder,CM,MID,active,2019–20,2019–20,2019,2020,split_year,21,real-madrid,Real Madrid,la-liga,La Liga,33,2,domestic_league,False,professional_or_unknown,True,,Wikipedia,https://en.wikipedia.org/wiki/Federico_Valverde,2026-08-02,1367049940
federico-valverde,Q19509544,Federico Valverde,1998-07-22,Uruguay,midfielder,CM,MID,active,2020–21,2020–21,2020,2021,split_year,22,real-madrid,Real Madrid,la-liga,La Liga,24,3,domestic_league,False,professional_or_unknown,True,,Wikipedia,https://en.wikipedia.org/wiki/Federico_Valverde,2026-08-02,1367049940
federico-valverde,Q19509544,Federico Valverde,1998-07-22,Uruguay,midfielder,CM,MID,active,2021–22,2021–22,2021,2022,split_year,23,real-madrid,Real Madrid,la-liga,La Liga,31,0,domestic_league,False,professional_or_unknown,True,,Wikipedia,https://en.wikipedia.org/wiki/Federico_Valverde,2026-08-02,1367049940
federico-valverde,Q19509544,Federico Valverde,1998-07-22,Uruguay,midfielder,CM,MID,active,2022–23,2022–23,2022,2023,split_year,24,real-madrid,Real Madrid,la-liga,La Liga,34,7,domestic_league,False,professional_or_unknown,True,,Wikipedia,https://en.wikipedia.org/wiki/Federico_Valverde,2026-08-02,1367049940
federico-valverde,Q19509544,Federico Valverde,1998-07-22,Uruguay,midfielder,CM,MID,active,2023–24,2023–24,2023,2024,split_year,25,real-madrid,Real Madrid,la-liga,La Liga,37,2,domestic_league,False,professional_or_unknown,True,,Wikipedia,https://en.wikipedia.org/wiki/Federico_Valverde,2026-08-02,1367049940
federico-valverde,Q19509544,Federico Valverde,1998-07-22,Uruguay,midfielder,CM,MID,active,2024–25,2024–25,2024,2025,split_year,26,real-madrid,Real Madrid,la-liga,La Liga,36,6,domestic_league,False,professional_or_unknown,True,,Wikipedia,https://en.wikipedia.org/wiki/Federico_Valverde,2026-08-02,1367049940
federico-valverde,Q19509544,Federico Valverde,1998-07-22,Uruguay,midfielder,CM,MID,active,2025–26,2025–26,2025,2026,split_year,27,real-madrid,Real Madrid,la-liga,La Liga,33,5,domestic_league,False,professional_or_unknown,True,,Wikipedia,https://en.wikipedia.org/wiki/Federico_Valverde,2026-08-02,1367049940
federico-valverde,Q19509544,Federico Valverde,1998-07-22,Uruguay,midfielder,CM,MID,active,2026–27,2026–27,2026,2027,split_year,28,real-madrid,Real Madrid,la-liga,La Liga,0,0,domestic_league,True,professional_or_unknown,True,,Wikipedia,https://en.wikipedia.org/wiki/Federico_Valverde,2026-08-02,1367049940
fernandinho-footballer-born-may-1985,Q459356,"Fernandinho (footballer, born May 1985)",1985-05-04,Brazil,midfielder,DM,MID,inactive,2003,2003,2003,2003,calendar_year,18,atletico-paranaense,Atlético Paranaense,serie-a,Série A,29,5,domestic_league,False,professional_or_unknown,True,,Wikipedia,"https://en.wikipedia.org/wiki/Fernandinho_(footballer,_born_May_1985)",2026-08-02,1365394296
fernandinho-footballer-born-may-1985,Q459356,"Fernandinho (footballer, born May 1985)",1985-05-04,Brazil,midfielder,DM,MID,inactive,2004,2004,2004,2004,calendar_year,19,atletico-paranaense,Atlético Paranaense,serie-a,Série A,41,9,domestic_league,False,professional_or_unknown,True,,Wikipedia,"https://en.wikipedia.org/wiki/Fernandinho_(footballer,_born_May_1985)",2026-08-02,1365394296
fernandinho-footballer-born-may-1985,Q459356,"Fernandinho (footballer, born May 1985)",1985-05-04,Brazil,midfielder,DM,MID,inactive,2005,2005,2005,2005,calendar_year,20,atletico-paranaense,Atlético Paranaense,serie-a,Série A,2,0,domestic_league,False,professional_or_unknown,True,,Wikipedia,"https://en.wikipedia.org/wiki/Fernandinho_(footballer,_born_May_1985)",2026-08-02,1365394296
fernandinho-footballer-born-may-1985,Q459356,"Fernandinho (footballer, born May 1985)",1985-05-04,Brazil,midfielder,DM,MID,inactive,2005–06,2005–06,2005,2006,split_year,20,shakhtar-donetsk,Shakhtar Donetsk,vyshcha-liha,Vyshcha Liha,23,1,domestic_league,False,professional_or_unknown,True,,Wikipedia,"https://en.wikipedia.org/wiki/Fernandinho_(footballer,_born_May_1985)",2026-08-02,1365394296
fernandinho-footballer-born-may-1985,Q459356,"Fernandinho (footballer, born May 1985)",1985-05-04,Brazil,midfielder,DM,MID,inactive,2006–07,2006–07,2006,2007,split_year,21,shakhtar-donetsk,Shakhtar Donetsk,vyshcha-liha,Vyshcha Liha,25,1,domestic_league,False,professional_or_unknown,True,,Wikipedia,"https://en.wikipedia.org/wiki/Fernandinho_(footballer,_born_May_1985)",2026-08-02,1365394296
fernandinho-footballer-born-may-1985,Q459356,"Fernandinho (footballer, born May 1985)",1985-05-04,Brazil,midfielder,DM,MID,inactive,2007–08,2007–08,2007,2008,split_year,22,shakhtar-donetsk,Shakhtar Donetsk,vyshcha-liha,Vyshcha Liha,29,11,domestic_league,False,professional_or_unknown,True,,Wikipedia,"https://en.wikipedia.org/wiki/Fernandinho_(footballer,_born_May_1985)",2026-08-02,1365394296
fernandinho-footballer-born-may-1985,Q459356,"Fernandinho (footballer, born May 1985)",1985-05-04,Brazil,midfielder,DM,MID,inactive,2008–09,2008–09,2008,2009,split_year,23,shakhtar-donetsk,Shakhtar Donetsk,ukrainian-premier-league,Ukrainian Premier League,21,5,domestic_league,False,professional_or_unknown,True,,Wikipedia,"https://en.wikipedia.org/wiki/Fernandinho_(footballer,_born_May_1985)",2026-08-02,1365394296
fernandinho-footballer-born-may-1985,Q459356,"Fernandinho (footballer, born May 1985)",1985-05-04,Brazil,midfielder,DM,MID,inactive,2009–10,2009–10,2009,2010,split_year,24,shakhtar-donetsk,Shakhtar Donetsk,ukrainian-premier-league,Ukrainian Premier League,24,4,domestic_league,False,professional_or_unknown,True,,Wikipedia,"https://en.wikipedia.org/wiki/Fernandinho_(footballer,_born_May_1985)",2026-08-02,1365394296
fernandinho-footballer-born-may-1985,Q459356,"Fernandinho (footballer, born May 1985)",1985-05-04,Brazil,midfielder,DM,MID,inactive,2010–11,2010–11,2010,2011,split_year,25,shakhtar-donetsk,Shakhtar Donetsk,ukrainian-premier-league,Ukrainian Premier League,15,3,domestic_league,False,professional_or_unknown,True,,Wikipedia,"https://en.wikipedia.org/wiki/Fernandinho_(footballer,_born_May_1985)",2026-08-02,1365394296
fernandinho-footballer-born-may-1985,Q459356,"Fernandinho (footballer, born May 1985)",1985-05-04,Brazil,midfielder,DM,MID,inactive,2011–12,2011–12,2011,2012,split_year,26,shakhtar-donetsk,Shakhtar Donetsk,ukrainian-premier-league,Ukrainian Premier League,24,4,domestic_league,False,professional_or_unknown,True,,Wikipedia,"https://en.wikipedia.org/wiki/Fernandinho_(footballer,_born_May_1985)",2026-08-02,1365394296
fernandinho-footballer-born-may-1985,Q459356,"Fernandinho (footballer, born May 1985)",1985-05-04,Brazil,midfielder,DM,MID,inactive,2012–13,2012–13,2012,2013,split_year,27,shakhtar-donetsk,Shakhtar Donetsk,ukrainian-premier-league,Ukrainian Premier League,23,2,domestic_league,False,professional_or_unknown,True,,Wikipedia,"https://en.wikipedia.org/wiki/Fernandinho_(footballer,_born_May_1985)",2026-08-02,1365394296
fernandinho-footballer-born-may-1985,Q459356,"Fernandinho (footballer, born May 1985)",1985-05-04,Brazil,midfielder,DM,MID,inactive,2013–14,2013–14,2013,2014,split_year,28,manchester-city,Manchester City,premier-league,Premier League,33,5,domestic_league,False,professional_or_unknown,True,,Wikipedia,"https://en.wikipedia.org/wiki/Fernandinho_(footballer,_born_May_1985)",2026-08-02,1365394296
fernandinho-footballer-born-may-1985,Q459356,"Fernandinho (footballer, born May 1985)",1985-05-04,Brazil,midfielder,DM,MID,inactive,2014–15,2014–15,2014,2015,split_year,29,manchester-city,Manchester City,premier-league,Premier League,33,3,domestic_league,False,professional_or_unknown,True,,Wikipedia,"https://en.wikipedia.org/wiki/Fernandinho_(footballer,_born_May_1985)",2026-08-02,1365394296
fernandinho-footballer-born-may-1985,Q459356,"Fernandinho (footballer, born May 1985)",1985-05-04,Brazil,midfielder,DM,MID,inactive,2015–16,2015–16,2015,2016,split_year,30,manchester-city,Manchester City,premier-league,Premier League,33,2,domestic_league,False,professional_or_unknown,True,,Wikipedia,"https://en.wikipedia.org/wiki/Fernandinho_(footballer,_born_May_1985)",2026-08-02,1365394296
fernandinho-footballer-born-may-1985,Q459356,"Fernandinho (footballer, born May 1985)",1985-05-04,Brazil,midfielder,DM,MID,inactive,2016–17,2016–17,2016,2017,split_year,31,manchester-city,Manchester City,premier-league,Premier League,32,2,domestic_league,False,professional_or_unknown,True,,Wikipedia,"https://en.wikipedia.org/wiki/Fernandinho_(footballer,_born_May_1985)",2026-08-02,1365394296
fernandinho-footballer-born-may-1985,Q459356,"Fernandinho (footballer, born May 1985)",1985-05-04,Brazil,midfielder,DM,MID,inactive,2017–18,2017–18,2017,2018,split_year,32,manchester-city,Manchester City,premier-league,Premier League,34,5,domestic_league,False,professional_or_unknown,True,,Wikipedia,"https://en.wikipedia.org/wiki/Fernandinho_(footballer,_born_May_1985)",2026-08-02,1365394296
fernandinho-footballer-born-may-1985,Q459356,"Fernandinho (footballer, born May 1985)",1985-05-04,Brazil,midfielder,DM,MID,inactive,2018–19,2018–19,2018,2019,split_year,33,manchester-city,Manchester City,premier-league,Premier League,29,1,domestic_league,False,professional_or_unknown,True,,Wikipedia,"https://en.wikipedia.org/wiki/Fernandinho_(footballer,_born_May_1985)",2026-08-02,1365394296
fernandinho-footballer-born-may-1985,Q459356,"Fernandinho (footballer, born May 1985)",1985-05-04,Brazil,midfielder,DM,MID,inactive,2019–20,2019–20,2019,2020,split_year,34,manchester-city,Manchester City,premier-league,Premier League,30,0,domestic_league,False,professional_or_unknown,True,,Wikipedia,"https://en.wikipedia.org/wiki/Fernandinho_(footballer,_born_May_1985)",2026-08-02,1365394296
fernandinho-footballer-born-may-1985,Q459356,"Fernandinho (footballer, born May 1985)",1985-05-04,Brazil,midfielder,DM,MID,inactive,2020–21,2020–21,2020,2021,split_year,35,manchester-city,Manchester City,premier-league,Premier League,21,0,domestic_league,False,professional_or_unknown,True,,Wikipedia,"https://en.wikipedia.org/wiki/Fernandinho_(footballer,_born_May_1985)",2026-08-02,1365394296
fernandinho-footballer-born-may-1985,Q459356,"Fernandinho (footballer, born May 1985)",1985-05-04,Brazil,midfielder,DM,MID,inactive,2021–22,2021–22,2021,2022,split_year,36,manchester-city,Manchester City,premier-league,Premier League,19,2,domestic_league,False,professional_or_unknown,True,,Wikipedia,"https://en.wikipedia.org/wiki/Fernandinho_(footballer,_born_May_1985)",2026-08-02,1365394296
fernandinho-footballer-born-may-1985,Q459356,"Fernandinho (footballer, born May 1985)",1985-05-04,Brazil,midfielder,DM,MID,inactive,2022,2022,2022,2022,calendar_year,37,athletico-paranaense,Athletico Paranaense,serie-a,Série A,13,1,domestic_league,False,professional_or_unknown,True,,Wikipedia,"https://en.wikipedia.org/wiki/Fernandinho_(footballer,_born_May_1985)",2026-08-02,1365394296
fernandinho-footballer-born-may-1985,Q459356,"Fernandinho (footballer, born May 1985)",1985-05-04,Brazil,midfielder,DM,MID,inactive,2023,2023,2023,2023,calendar_year,38,athletico-paranaense,Athletico Paranaense,serie-a,Série A,25,1,domestic_league,False,professional_or_unknown,True,,Wikipedia,"https://en.wikipedia.org/wiki/Fernandinho_(footballer,_born_May_1985)",2026-08-02,1365394296
fernandinho-footballer-born-may-1985,Q459356,"Fernandinho (footballer, born May 1985)",1985-05-04,Brazil,midfielder,DM,MID,inactive,2024,2024,2024,2024,calendar_year,39,athletico-paranaense,Athletico Paranaense,serie-a,Série A,25,2,domestic_league,False,professional_or_unknown,True,,Wikipedia,"https://en.wikipedia.org/wiki/Fernandinho_(footballer,_born_May_1985)",2026-08-02,1365394296
fernando-torres,Q42731,Fernando Torres,1984-03-20,Spain,forward,FW,FWD,retired,2000–01,2000–01,2000,2001,split_year,16,atletico-madrid,Atlético Madrid,segunda-division,Segunda División,4,1,domestic_league,False,professional_or_unknown,True,,Wikipedia,https://en.wikipedia.org/wiki/Fernando_Torres,2026-08-02,1365867642
fernando-torres,Q42731,Fernando Torres,1984-03-20,Spain,forward,FW,FWD,retired,2001–02,2001–02,2001,2002,split_year,17,atletico-madrid,Atlético Madrid,segunda-division,Segunda División,36,6,domestic_league,False,professional_or_unknown,True,,Wikipedia,https://en.wikipedia.org/wiki/Fernando_Torres,2026-08-02,1365867642
fernando-torres,Q42731,Fernando Torres,1984-03-20,Spain,forward,FW,FWD,retired,2002–03,2002–03,2002,2003,split_year,18,atletico-madrid,Atlético Madrid,la-liga,La Liga,29,13,domestic_league,False,professional_or_unknown,True,,Wikipedia,https://en.wikipedia.org/wiki/Fernando_Torres,2026-08-02,1365867642
fernando-torres,Q42731,Fernando Torres,1984-03-20,Spain,forward,FW,FWD,retired,2003–04,2003–04,2003,2004,split_year,19,atletico-madrid,Atlético Madrid,la-liga,La Liga,35,19,domestic_league,False,professional_or_unknown,True,,Wikipedia,https://en.wikipedia.org/wiki/Fernando_Torres,2026-08-02,1365867642
fernando-torres,Q42731,Fernando Torres,1984-03-20,Spain,forward,FW,FWD,retired,2004–05,2004–05,2004,2005,split_year,20,atletico-madrid,Atlético Madrid,la-liga,La Liga,38,16,domestic_league,False,professional_or_unknown,True,,Wikipedia,https://en.wikipedia.org/wiki/Fernando_Torres,2026-08-02,1365867642
fernando-torres,Q42731,Fernando Torres,1984-03-20,Spain,forward,FW,FWD,retired,2005–06,2005–06,2005,2006,split_year,21,atletico-madrid,Atlético Madrid,la-liga,La Liga,36,13,domestic_league,False,professional_or_unknown,True,,Wikipedia,https://en.wikipedia.org/wiki/Fernando_Torres,2026-08-02,1365867642
fernando-torres,Q42731,Fernando Torres,1984-03-20,Spain,forward,FW,FWD,retired,2006–07,2006–07,2006,2007,split_year,22,atletico-madrid,Atlético Madrid,la-liga,La Liga,36,14,domestic_league,False,professional_or_unknown,True,,Wikipedia,https://en.wikipedia.org/wiki/Fernando_Torres,2026-08-02,1365867642
fernando-torres,Q42731,Fernando Torres,1984-03-20,Spain,forward,FW,FWD,retired,2007–08,2007–08,2007,2008,split_year,23,liverpool,Liverpool,premier-league,Premier League,33,24,domestic_league,False,professional_or_unknown,True,,Wikipedia,https://en.wikipedia.org/wiki/Fernando_Torres,2026-08-02,1365867642
fernando-torres,Q42731,Fernando Torres,1984-03-20,Spain,forward,FW,FWD,retired,2008–09,2008–09,2008,2009,split_year,24,liverpool,Liverpool,premier-league,Premier League,24,14,domestic_league,False,professional_or_unknown,True,,Wikipedia,https://en.wikipedia.org/wiki/Fernando_Torres,2026-08-02,1365867642
fernando-torres,Q42731,Fernando Torres,1984-03-20,Spain,forward,FW,FWD,retired,2009–10,2009–10,2009,2010,split_year,25,liverpool,Liverpool,premier-league,Premier League,22,18,domestic_league,False,professional_or_unknown,True,,Wikipedia,https://en.wikipedia.org/wiki/Fernando_Torres,2026-08-02,1365867642
fernando-torres,Q42731,Fernando Torres,1984-03-20,Spain,forward,FW,FWD,retired,2010–11,2010–11,2010,2011,split_year,26,chelsea,Chelsea,premier-league,Premier League,14,1,domestic_league,False,professional_or_unknown,True,,Wikipedia,https://en.wikipedia.org/wiki/Fernando_Torres,2026-08-02,1365867642
fernando-torres,Q42731,Fernando Torres,1984-03-20,Spain,forward,FW,FWD,retired,2010–11,2010–11,2010,2011,split_year,26,liverpool,Liverpool,premier-league,Premier League,23,9,domestic_league,False,professional_or_unknown,True,,Wikipedia,https://en.wikipedia.org/wiki/Fernando_Torres,2026-08-02,1365867642
fernando-torres,Q42731,Fernando Torres,1984-03-20,Spain,forward,FW,FWD,retired,2011–12,2011–12,2011,2012,split_year,27,chelsea,Chelsea,premier-league,Premier League,32,6,domestic_league,False,professional_or_unknown,True,,Wikipedia,https://en.wikipedia.org/wiki/Fernando_Torres,2026-08-02,1365867642
fernando-torres,Q42731,Fernando Torres,1984-03-20,Spain,forward,FW,FWD,retired,2012–13,2012–13,2012,2013,split_year,28,chelsea,Chelsea,premier-league,Premier League,36,8,domestic_league,False,professional_or_unknown,True,,Wikipedia,https://en.wikipedia.org/wiki/Fernando_Torres,2026-08-02,1365867642
fernando-torres,Q42731,Fernando Torres,1984-03-20,Spain,forward,FW,FWD,retired,2013–14,2013–14,2013,2014,split_year,29,chelsea,Chelsea,premier-league,Premier League,28,5,domestic_league,False,professional_or_unknown,True,,Wikipedia,https://en.wikipedia.org/wiki/Fernando_Torres,2026-08-02,1365867642
fernando-torres,Q42731,Fernando Torres,1984-03-20,Spain,forward,FW,FWD,retired,2014–15,2014–15,2014,2015,split_year,30,ac-milan-loan,AC Milan (loan),serie-a,Serie A,10,1,domestic_league,False,professional_or_unknown,True,,Wikipedia,https://en.wikipedia.org/wiki/Fernando_Torres,2026-08-02,1365867642
fernando-torres,Q42731,Fernando Torres,1984-03-20,Spain,forward,FW,FWD,retired,2014–15,2014–15,2014,2015,split_year,30,atletico-madrid-loan,Atlético Madrid (loan),la-liga,La Liga,19,3,domestic_league,False,professional_or_unknown,True,,Wikipedia,https://en.wikipedia.org/wiki/Fernando_Torres,2026-08-02,1365867642
fernando-torres,Q42731,Fernando Torres,1984-03-20,Spain,forward,FW,FWD,retired,2015–16,2015–16,2015,2016,split_year,31,atletico-madrid-loan,Atlético Madrid (loan),la-liga,La Liga,30,11,domestic_league,False,professional_or_unknown,True,,Wikipedia,https://en.wikipedia.org/wiki/Fernando_Torres,2026-08-02,1365867642
fernando-torres,Q42731,Fernando Torres,1984-03-20,Spain,forward,FW,FWD,retired,2016–17,2016–17,2016,2017,split_year,32,atletico-madrid,Atlético Madrid,la-liga,La Liga,31,8,domestic_league,False,professional_or_unknown,True,,Wikipedia,https://en.wikipedia.org/wiki/Fernando_Torres,2026-08-02,1365867642
fernando-torres,Q42731,Fernando Torres,1984-03-20,Spain,forward,FW,FWD,retired,2017–18,2017–18,2017,2018,split_year,33,atletico-madrid,Atlético Madrid,la-liga,La Liga,27,5,domestic_league,False,professional_or_unknown,True,,Wikipedia,https://en.wikipedia.org/wiki/Fernando_Torres,2026-08-02,1365867642
fernando-torres,Q42731,Fernando Torres,1984-03-20,Spain,forward,FW,FWD,retired,2018,2018,2018,2018,calendar_year,34,sagan-tosu,Sagan Tosu,j1-league,J1 League,17,3,domestic_league,False,professional_or_unknown,True,,Wikipedia,https://en.wikipedia.org/wiki/Fernando_Torres,2026-08-02,1365867642
fernando-torres,Q42731,Fernando Torres,1984-03-20,Spain,forward,FW,FWD,retired,2019,2019,2019,2019,calendar_year,35,sagan-tosu,Sagan Tosu,j1-league,J1 League,18,2,domestic_league,False,professional_or_unknown,True,,Wikipedia,https://en.wikipedia.org/wiki/Fernando_Torres,2026-08-02,1365867642
florian-wirtz,Q94699949,Florian Wirtz,2003-05-03,Germany,midfielder,CM,MID,active,2019–20,2019–20,2019,2020,split_year,16,bayer-leverkusen,Bayer Leverkusen,bundesliga,Bundesliga,7,1,domestic_league,False,professional_or_unknown,True,,Wikipedia,https://en.wikipedia.org/wiki/Florian_Wirtz,2026-08-02,1365574344
florian-wirtz,Q94699949,Florian Wirtz,2003-05-03,Germany,midfielder,CM,MID,active,2020–21,2020–21,2020,2021,split_year,17,bayer-leverkusen,Bayer Leverkusen,bundesliga,Bundesliga,29,5,domestic_league,False,professional_or_unknown,True,,Wikipedia,https://en.wikipedia.org/wiki/Florian_Wirtz,2026-08-02,1365574344
florian-wirtz,Q94699949,Florian Wirtz,2003-05-03,Germany,midfielder,CM,MID,active,2021–22,2021–22,2021,2022,split_year,18,bayer-leverkusen,Bayer Leverkusen,bundesliga,Bundesliga,24,7,domestic_league,False,professional_or_unknown,True,,Wikipedia,https://en.wikipedia.org/wiki/Florian_Wirtz,2026-08-02,1365574344
florian-wirtz,Q94699949,Florian Wirtz,2003-05-03,Germany,midfielder,CM,MID,active,2022–23,2022–23,2022,2023,split_year,19,bayer-leverkusen,Bayer Leverkusen,bundesliga,Bundesliga,17,1,domestic_league,False,professional_or_unknown,True,,Wikipedia,https://en.wikipedia.org/wiki/Florian_Wirtz,2026-08-02,1365574344
florian-wirtz,Q94699949,Florian Wirtz,2003-05-03,Germany,midfielder,CM,MID,active,2023–24,2023–24,2023,2024,split_year,20,bayer-leverkusen,Bayer Leverkusen,bundesliga,Bundesliga,32,11,domestic_league,False,professional_or_unknown,True,,Wikipedia,https://en.wikipedia.org/wiki/Florian_Wirtz,2026-08-02,1365574344
florian-wirtz,Q94699949,Florian Wirtz,2003-05-03,Germany,midfielder,CM,MID,active,2024–25,2024–25,2024,2025,split_year,21,bayer-leverkusen,Bayer Leverkusen,bundesliga,Bundesliga,31,10,domestic_league,False,professional_or_unknown,True,,Wikipedia,https://en.wikipedia.org/wiki/Florian_Wirtz,2026-08-02,1365574344
florian-wirtz,Q94699949,Florian Wirtz,2003-05-03,Germany,midfielder,CM,MID,active,2025–26,2025–26,2025,2026,split_year,22,liverpool,Liverpool,premier-league,Premier League,33,5,domestic_league,False,professional_or_unknown,True,,Wikipedia,https://en.wikipedia.org/wiki/Florian_Wirtz,2026-08-02,1365574344
francesco-totti,Q20110,Francesco Totti,1976-09-27,Italy,midfielder,AM,MID,retired,1992–93,1992–93,1992,1993,split_year,16,roma,Roma,serie-a,Serie A,2,0,domestic_league,False,professional_or_unknown,True,,Wikipedia,https://en.wikipedia.org/wiki/Francesco_Totti,2026-08-02,1367104188
francesco-totti,Q20110,Francesco Totti,1976-09-27,Italy,midfielder,AM,MID,retired,1993–94,1993–94,1993,1994,split_year,17,roma,Roma,serie-a,Serie A,8,0,domestic_league,False,professional_or_unknown,True,,Wikipedia,https://en.wikipedia.org/wiki/Francesco_Totti,2026-08-02,1367104188
francesco-totti,Q20110,Francesco Totti,1976-09-27,Italy,midfielder,AM,MID,retired,1994–95,1994–95,1994,1995,split_year,18,roma,Roma,serie-a,Serie A,21,4,domestic_league,False,professional_or_unknown,True,,Wikipedia,https://en.wikipedia.org/wiki/Francesco_Totti,2026-08-02,1367104188
francesco-totti,Q20110,Francesco Totti,1976-09-27,Italy,midfielder,AM,MID,retired,1995–96,1995–96,1995,1996,split_year,19,roma,Roma,serie-a,Serie A,28,2,domestic_league,False,professional_or_unknown,True,,Wikipedia,https://en.wikipedia.org/wiki/Francesco_Totti,2026-08-02,1367104188
francesco-totti,Q20110,Francesco Totti,1976-09-27,Italy,midfielder,AM,MID,retired,1996–97,1996–97,1996,1997,split_year,20,roma,Roma,serie-a,Serie A,26,5,domestic_league,False,professional_or_unknown,True,,Wikipedia,https://en.wikipedia.org/wiki/Francesco_Totti,2026-08-02,1367104188
francesco-totti,Q20110,Francesco Totti,1976-09-27,Italy,midfielder,AM,MID,retired,1997–98,1997–98,1997,1998,split_year,21,roma,Roma,serie-a,Serie A,30,13,domestic_league,False,professional_or_unknown,True,,Wikipedia,https://en.wikipedia.org/wiki/Francesco_Totti,2026-08-02,1367104188
francesco-totti,Q20110,Francesco Totti,1976-09-27,Italy,midfielder,AM,MID,retired,1998–99,1998–99,1998,1999,split_year,22,roma,Roma,serie-a,Serie A,31,12,domestic_league,False,professional_or_unknown,True,,Wikipedia,https://en.wikipedia.org/wiki/Francesco_Totti,2026-08-02,1367104188
francesco-totti,Q20110,Francesco Totti,1976-09-27,Italy,midfielder,AM,MID,retired,1999–2000,1999–2000,1999,2000,split_year,23,roma,Roma,serie-a,Serie A,27,7,domestic_league,False,professional_or_unknown,True,,Wikipedia,https://en.wikipedia.org/wiki/Francesco_Totti,2026-08-02,1367104188
francesco-totti,Q20110,Francesco Totti,1976-09-27,Italy,midfielder,AM,MID,retired,2000–01,2000–01,2000,2001,split_year,24,roma,Roma,serie-a,Serie A,30,13,domestic_league,False,professional_or_unknown,True,,Wikipedia,https://en.wikipedia.org/wiki/Francesco_Totti,2026-08-02,1367104188
francesco-totti,Q20110,Francesco Totti,1976-09-27,Italy,midfielder,AM,MID,retired,2001–02,2001–02,2001,2002,split_year,25,roma,Roma,serie-a,Serie A,24,8,domestic_league,False,professional_or_unknown,True,,Wikipedia,https://en.wikipedia.org/wiki/Francesco_Totti,2026-08-02,1367104188
francesco-totti,Q20110,Francesco Totti,1976-09-27,Italy,midfielder,AM,MID,retired,2002–03,2002–03,2002,2003,split_year,26,roma,Roma,serie-a,Serie A,24,14,domestic_league,False,professional_or_unknown,True,,Wikipedia,https://en.wikipedia.org/wiki/Francesco_Totti,2026-08-02,1367104188
francesco-totti,Q20110,Francesco Totti,1976-09-27,Italy,midfielder,AM,MID,retired,2003–04,2003–04,2003,2004,split_year,27,roma,Roma,serie-a,Serie A,31,20,domestic_league,False,professional_or_unknown,True,,Wikipedia,https://en.wikipedia.org/wiki/Francesco_Totti,2026-08-02,1367104188
francesco-totti,Q20110,Francesco Totti,1976-09-27,Italy,midfielder,AM,MID,retired,2004–05,2004–05,2004,2005,split_year,28,roma,Roma,serie-a,Serie A,29,12,domestic_league,False,professional_or_unknown,True,,Wikipedia,https://en.wikipedia.org/wiki/Francesco_Totti,2026-08-02,1367104188
francesco-totti,Q20110,Francesco Totti,1976-09-27,Italy,midfielder,AM,MID,retired,2005–06,2005–06,2005,2006,split_year,29,roma,Roma,serie-a,Serie A,24,15,domestic_league,False,professional_or_unknown,True,,Wikipedia,https://en.wikipedia.org/wiki/Francesco_Totti,2026-08-02,1367104188
francesco-totti,Q20110,Francesco Totti,1976-09-27,Italy,midfielder,AM,MID,retired,2006–07,2006–07,2006,2007,split_year,30,roma,Roma,serie-a,Serie A,35,26,domestic_league,False,professional_or_unknown,True,,Wikipedia,https://en.wikipedia.org/wiki/Francesco_Totti,2026-08-02,1367104188
francesco-totti,Q20110,Francesco Totti,1976-09-27,Italy,midfielder,AM,MID,retired,2007–08,2007–08,2007,2008,split_year,31,roma,Roma,serie-a,Serie A,25,14,domestic_league,False,professional_or_unknown,True,,Wikipedia,https://en.wikipedia.org/wiki/Francesco_Totti,2026-08-02,1367104188
francesco-totti,Q20110,Francesco Totti,1976-09-27,Italy,midfielder,AM,MID,retired,2008–09,2008–09,2008,2009,split_year,32,roma,Roma,serie-a,Serie A,24,13,domestic_league,False,professional_or_unknown,True,,Wikipedia,https://en.wikipedia.org/wiki/Francesco_Totti,2026-08-02,1367104188
francesco-totti,Q20110,Francesco Totti,1976-09-27,Italy,midfielder,AM,MID,retired,2009–10,2009–10,2009,2010,split_year,33,roma,Roma,serie-a,Serie A,23,14,domestic_league,False,professional_or_unknown,True,,Wikipedia,https://en.wikipedia.org/wiki/Francesco_Totti,2026-08-02,1367104188
francesco-totti,Q20110,Francesco Totti,1976-09-27,Italy,midfielder,AM,MID,retired,2010–11,2010–11,2010,2011,split_year,34,roma,Roma,serie-a,Serie A,32,15,domestic_league,False,professional_or_unknown,True,,Wikipedia,https://en.wikipedia.org/wiki/Francesco_Totti,2026-08-02,1367104188
francesco-totti,Q20110,Francesco Totti,1976-09-27,Italy,midfielder,AM,MID,retired,2011–12,2011–12,2011,2012,split_year,35,roma,Roma,serie-a,Serie A,27,8,domestic_league,False,professional_or_unknown,True,,Wikipedia,https://en.wikipedia.org/wiki/Francesco_Totti,2026-08-02,1367104188
francesco-totti,Q20110,Francesco Totti,1976-09-27,Italy,midfielder,AM,MID,retired,2012–13,2012–13,2012,2013,split_year,36,roma,Roma,serie-a,Serie A,34,12,domestic_league,False,professional_or_unknown,True,,Wikipedia,https://en.wikipedia.org/wiki/Francesco_Totti,2026-08-02,1367104188
francesco-totti,Q20110,Francesco Totti,1976-09-27,Italy,midfielder,AM,MID,retired,2013–14,2013–14,2013,2014,split_year,37,roma,Roma,serie-a,Serie A,26,8,domestic_league,False,professional_or_unknown,True,,Wikipedia,https://en.wikipedia.org/wiki/Francesco_Totti,2026-08-02,1367104188
francesco-totti,Q20110,Francesco Totti,1976-09-27,Italy,midfielder,AM,MID,retired,2014–15,2014–15,2014,2015,split_year,38,roma,Roma,serie-a,Serie A,27,8,domestic_league,False,professional_or_unknown,True,,Wikipedia,https://en.wikipedia.org/wiki/Francesco_Totti,2026-08-02,1367104188
francesco-totti,Q20110,Francesco Totti,1976-09-27,Italy,midfielder,AM,MID,retired,2015–16,2015–16,2015,2016,split_year,39,roma,Roma,serie-a,Serie A,13,5,domestic_league,False,professional_or_unknown,True,,Wikipedia,https://en.wikipedia.org/wiki/Francesco_Totti,2026-08-02,1367104188
francesco-totti,Q20110,Francesco Totti,1976-09-27,Italy,midfielder,AM,MID,retired,2016–17,2016–17,2016,2017,split_year,40,roma,Roma,serie-a,Serie A,18,2,domestic_league,False,professional_or_unknown,True,,Wikipedia,https://en.wikipedia.org/wiki/Francesco_Totti,2026-08-02,1367104188
franck-ribery,Q1918,Franck Ribéry,1983-04-07,France,wing half,WNG,WIDE,retired,2000–01,2000–01,2000,2001,split_year,17,boulogne,Boulogne,cfa,CFA,4,1,domestic_league,False,professional_or_unknown,True,,Wikipedia,https://en.wikipedia.org/wiki/Franck_Ribéry,2026-08-02,1367277038
franck-ribery,Q1918,Franck Ribéry,1983-04-07,France,wing half,WNG,WIDE,retired,2001–02,2001–02,2001,2002,split_year,18,boulogne,Boulogne,championnat-national,Championnat National,24,5,domestic_league,False,professional_or_unknown,True,,Wikipedia,https://en.wikipedia.org/wiki/Franck_Ribéry,2026-08-02,1367277038
franck-ribery,Q1918,Franck Ribéry,1983-04-07,France,wing half,WNG,WIDE,retired,2002–03,2002–03,2002,2003,split_year,19,ales,Alès,championnat-national,Championnat National,19,1,domestic_league,False,professional_or_unknown,True,,Wikipedia,https://en.wikipedia.org/wiki/Franck_Ribéry,2026-08-02,1367277038
franck-ribery,Q1918,Franck Ribéry,1983-04-07,France,wing half,WNG,WIDE,retired,2003–04,2003–04,2003,2004,split_year,20,brest,Brest,championnat-national,Championnat National,35,3,domestic_league,False,professional_or_unknown,True,,Wikipedia,https://en.wikipedia.org/wiki/Franck_Ribéry,2026-08-02,1367277038
franck-ribery,Q1918,Franck Ribéry,1983-04-07,France,wing half,WNG,WIDE,retired,2004–05,2004–05,2004,2005,split_year,21,galatasaray,Galatasaray,super-lig,Süper Lig,14,0,domestic_league,False,professional_or_unknown,True,,Wikipedia,https://en.wikipedia.org/wiki/Franck_Ribéry,2026-08-02,1367277038
franck-ribery,Q1918,Franck Ribéry,1983-04-07,France,wing half,WNG,WIDE,retired,2004–05,2004–05,2004,2005,split_year,21,metz,Metz,ligue-1,Ligue 1,20,2,domestic_league,False,professional_or_unknown,True,,Wikipedia,https://en.wikipedia.org/wiki/Franck_Ribéry,2026-08-02,1367277038
franck-ribery,Q1918,Franck Ribéry,1983-04-07,France,wing half,WNG,WIDE,retired,2005–06,2005–06,2005,2006,split_year,22,marseille,Marseille,ligue-1,Ligue 1,35,6,domestic_league,False,professional_or_unknown,True,,Wikipedia,https://en.wikipedia.org/wiki/Franck_Ribéry,2026-08-02,1367277038
franck-ribery,Q1918,Franck Ribéry,1983-04-07,France,wing half,WNG,WIDE,retired,2006–07,2006–07,2006,2007,split_year,23,marseille,Marseille,ligue-1,Ligue 1,25,5,domestic_league,False,professional_or_unknown,True,,Wikipedia,https://en.wikipedia.org/wiki/Franck_Ribéry,2026-08-02,1367277038
franck-ribery,Q1918,Franck Ribéry,1983-04-07,France,wing half,WNG,WIDE,retired,2007–08,2007–08,2007,2008,split_year,24,bayern-munich,Bayern Munich,bundesliga,Bundesliga,28,11,domestic_league,False,professional_or_unknown,True,,Wikipedia,https://en.wikipedia.org/wiki/Franck_Ribéry,2026-08-02,1367277038
franck-ribery,Q1918,Franck Ribéry,1983-04-07,France,wing half,WNG,WIDE,retired,2008–09,2008–09,2008,2009,split_year,25,bayern-munich,Bayern Munich,bundesliga,Bundesliga,25,9,domestic_league,False,professional_or_unknown,True,,Wikipedia,https://en.wikipedia.org/wiki/Franck_Ribéry,2026-08-02,1367277038
franck-ribery,Q1918,Franck Ribéry,1983-04-07,France,wing half,WNG,WIDE,retired,2009–10,2009–10,2009,2010,split_year,26,bayern-munich,Bayern Munich,bundesliga,Bundesliga,19,4,domestic_league,False,professional_or_unknown,True,,Wikipedia,https://en.wikipedia.org/wiki/Franck_Ribéry,2026-08-02,1367277038
franck-ribery,Q1918,Franck Ribéry,1983-04-07,France,wing half,WNG,WIDE,retired,2010–11,2010–11,2010,2011,split_year,27,bayern-munich,Bayern Munich,bundesliga,Bundesliga,25,7,domestic_league,False,professional_or_unknown,True,,Wikipedia,https://en.wikipedia.org/wiki/Franck_Ribéry,2026-08-02,1367277038
franck-ribery,Q1918,Franck Ribéry,1983-04-07,France,wing half,WNG,WIDE,retired,2011–12,2011–12,2011,2012,split_year,28,bayern-munich,Bayern Munich,bundesliga,Bundesliga,32,12,domestic_league,False,professional_or_unknown,True,,Wikipedia,https://en.wikipedia.org/wiki/Franck_Ribéry,2026-08-02,1367277038
franck-ribery,Q1918,Franck Ribéry,1983-04-07,France,wing half,WNG,WIDE,retired,2012–13,2012–13,2012,2013,split_year,29,bayern-munich,Bayern Munich,bundesliga,Bundesliga,27,10,domestic_league,False,professional_or_unknown,True,,Wikipedia,https://en.wikipedia.org/wiki/Franck_Ribéry,2026-08-02,1367277038
franck-ribery,Q1918,Franck Ribéry,1983-04-07,France,wing half,WNG,WIDE,retired,2013–14,2013–14,2013,2014,split_year,30,bayern-munich,Bayern Munich,bundesliga,Bundesliga,22,10,domestic_league,False,professional_or_unknown,True,,Wikipedia,https://en.wikipedia.org/wiki/Franck_Ribéry,2026-08-02,1367277038
franck-ribery,Q1918,Franck Ribéry,1983-04-07,France,wing half,WNG,WIDE,retired,2014–15,2014–15,2014,2015,split_year,31,bayern-munich,Bayern Munich,bundesliga,Bundesliga,15,5,domestic_league,False,professional_or_unknown,True,,Wikipedia,https://en.wikipedia.org/wiki/Franck_Ribéry,2026-08-02,1367277038
franck-ribery,Q1918,Franck Ribéry,1983-04-07,France,wing half,WNG,WIDE,retired,2015–16,2015–16,2015,2016,split_year,32,bayern-munich,Bayern Munich,bundesliga,Bundesliga,13,2,domestic_league,False,professional_or_unknown,True,,Wikipedia,https://en.wikipedia.org/wiki/Franck_Ribéry,2026-08-02,1367277038
franck-ribery,Q1918,Franck Ribéry,1983-04-07,France,wing half,WNG,WIDE,retired,2016–17,2016–17,2016,2017,split_year,33,bayern-munich,Bayern Munich,bundesliga,Bundesliga,22,5,domestic_league,False,professional_or_unknown,True,,Wikipedia,https://en.wikipedia.org/wiki/Franck_Ribéry,2026-08-02,1367277038
franck-ribery,Q1918,Franck Ribéry,1983-04-07,France,wing half,WNG,WIDE,retired,2017–18,2017–18,2017,2018,split_year,34,bayern-munich,Bayern Munich,bundesliga,Bundesliga,20,5,domestic_league,False,professional_or_unknown,True,,Wikipedia,https://en.wikipedia.org/wiki/Franck_Ribéry,2026-08-02,1367277038
franck-ribery,Q1918,Franck Ribéry,1983-04-07,France,wing half,WNG,WIDE,retired,2018–19,2018–19,2018,2019,split_year,35,bayern-munich,Bayern Munich,bundesliga,Bundesliga,25,6,domestic_league,False,professional_or_unknown,True,,Wikipedia,https://en.wikipedia.org/wiki/Franck_Ribéry,2026-08-02,1367277038
franck-ribery,Q1918,Franck Ribéry,1983-04-07,France,wing half,WNG,WIDE,retired,2019–20,2019–20,2019,2020,split_year,36,fiorentina,Fiorentina,serie-a,Serie A,21,3,domestic_league,False,professional_or_unknown,True,,Wikipedia,https://en.wikipedia.org/wiki/Franck_Ribéry,2026-08-02,1367277038
franck-ribery,Q1918,Franck Ribéry,1983-04-07,France,wing half,WNG,WIDE,retired,2020–21,2020–21,2020,2021,split_year,37,fiorentina,Fiorentina,serie-a,Serie A,29,2,domestic_league,False,professional_or_unknown,True,,Wikipedia,https://en.wikipedia.org/wiki/Franck_Ribéry,2026-08-02,1367277038
franck-ribery,Q1918,Franck Ribéry,1983-04-07,France,wing half,WNG,WIDE,retired,2021–22,2021–22,2021,2022,split_year,38,salernitana,Salernitana,serie-a,Serie A,23,0,domestic_league,False,professional_or_unknown,True,,Wikipedia,https://en.wikipedia.org/wiki/Franck_Ribéry,2026-08-02,1367277038
franck-ribery,Q1918,Franck Ribéry,1983-04-07,France,wing half,WNG,WIDE,retired,2022–23,2022–23,2022,2023,split_year,39,salernitana,Salernitana,serie-a,Serie A,1,0,domestic_league,False,professional_or_unknown,True,,Wikipedia,https://en.wikipedia.org/wiki/Franck_Ribéry,2026-08-02,1367277038
frank-lampard,Q41533,Frank Lampard,1978-06-20,United Kingdom,midfielder,CM,MID,retired,1995–96,1995–96,1995,1996,split_year,17,swansea-city-loan,Swansea City (loan),second-division,Second Division,9,1,domestic_league,False,professional_or_unknown,True,,Wikipedia,https://en.wikipedia.org/wiki/Frank_Lampard,2026-08-02,1366470291
frank-lampard,Q41533,Frank Lampard,1978-06-20,United Kingdom,midfielder,CM,MID,retired,1995–96,1995–96,1995,1996,split_year,17,west-ham-united,West Ham United,premier-league,Premier League,2,0,domestic_league,False,professional_or_unknown,True,,Wikipedia,https://en.wikipedia.org/wiki/Frank_Lampard,2026-08-02,1366470291
frank-lampard,Q41533,Frank Lampard,1978-06-20,United Kingdom,midfielder,CM,MID,retired,1996–97,1996–97,1996,1997,split_year,18,west-ham-united,West Ham United,premier-league,Premier League,13,0,domestic_league,False,professional_or_unknown,True,,Wikipedia,https://en.wikipedia.org/wiki/Frank_Lampard,2026-08-02,1366470291
frank-lampard,Q41533,Frank Lampard,1978-06-20,United Kingdom,midfielder,CM,MID,retired,1997–98,1997–98,1997,1998,split_year,19,west-ham-united,West Ham United,premier-league,Premier League,31,5,domestic_league,False,professional_or_unknown,True,,Wikipedia,https://en.wikipedia.org/wiki/Frank_Lampard,2026-08-02,1366470291
frank-lampard,Q41533,Frank Lampard,1978-06-20,United Kingdom,midfielder,CM,MID,retired,1998–99,1998–99,1998,1999,split_year,20,west-ham-united,West Ham United,premier-league,Premier League,38,5,domestic_league,False,professional_or_unknown,True,,Wikipedia,https://en.wikipedia.org/wiki/Frank_Lampard,2026-08-02,1366470291
frank-lampard,Q41533,Frank Lampard,1978-06-20,United Kingdom,midfielder,CM,MID,retired,1999–2000,1999–2000,1999,2000,split_year,21,west-ham-united,West Ham United,premier-league,Premier League,34,7,domestic_league,False,professional_or_unknown,True,,Wikipedia,https://en.wikipedia.org/wiki/Frank_Lampard,2026-08-02,1366470291
frank-lampard,Q41533,Frank Lampard,1978-06-20,United Kingdom,midfielder,CM,MID,retired,2000–01,2000–01,2000,2001,split_year,22,west-ham-united,West Ham United,premier-league,Premier League,30,7,domestic_league,False,professional_or_unknown,True,,Wikipedia,https://en.wikipedia.org/wiki/Frank_Lampard,2026-08-02,1366470291
frank-lampard,Q41533,Frank Lampard,1978-06-20,United Kingdom,midfielder,CM,MID,retired,2001–02,2001–02,2001,2002,split_year,23,chelsea,Chelsea,premier-league,Premier League,37,5,domestic_league,False,professional_or_unknown,True,,Wikipedia,https://en.wikipedia.org/wiki/Frank_Lampard,2026-08-02,1366470291
frank-lampard,Q41533,Frank Lampard,1978-06-20,United Kingdom,midfielder,CM,MID,retired,2002–03,2002–03,2002,2003,split_year,24,chelsea,Chelsea,premier-league,Premier League,38,6,domestic_league,False,professional_or_unknown,True,,Wikipedia,https://en.wikipedia.org/wiki/Frank_Lampard,2026-08-02,1366470291
frank-lampard,Q41533,Frank Lampard,1978-06-20,United Kingdom,midfielder,CM,MID,retired,2003–04,2003–04,2003,2004,split_year,25,chelsea,Chelsea,premier-league,Premier League,38,10,domestic_league,False,professional_or_unknown,True,,Wikipedia,https://en.wikipedia.org/wiki/Frank_Lampard,2026-08-02,1366470291
frank-lampard,Q41533,Frank Lampard,1978-06-20,United Kingdom,midfielder,CM,MID,retired,2004–05,2004–05,2004,2005,split_year,26,chelsea,Chelsea,premier-league,Premier League,38,13,domestic_league,False,professional_or_unknown,True,,Wikipedia,https://en.wikipedia.org/wiki/Frank_Lampard,2026-08-02,1366470291
frank-lampard,Q41533,Frank Lampard,1978-06-20,United Kingdom,midfielder,CM,MID,retired,2005–06,2005–06,2005,2006,split_year,27,chelsea,Chelsea,premier-league,Premier League,35,16,domestic_league,False,professional_or_unknown,True,,Wikipedia,https://en.wikipedia.org/wiki/Frank_Lampard,2026-08-02,1366470291
frank-lampard,Q41533,Frank Lampard,1978-06-20,United Kingdom,midfielder,CM,MID,retired,2006–07,2006–07,2006,2007,split_year,28,chelsea,Chelsea,premier-league,Premier League,37,11,domestic_league,False,professional_or_unknown,True,,Wikipedia,https://en.wikipedia.org/wiki/Frank_Lampard,2026-08-02,1366470291
frank-lampard,Q41533,Frank Lampard,1978-06-20,United Kingdom,midfielder,CM,MID,retired,2007–08,2007–08,2007,2008,split_year,29,chelsea,Chelsea,premier-league,Premier League,24,10,domestic_league,False,professional_or_unknown,True,,Wikipedia,https://en.wikipedia.org/wiki/Frank_Lampard,2026-08-02,1366470291
frank-lampard,Q41533,Frank Lampard,1978-06-20,United Kingdom,midfielder,CM,MID,retired,2008–09,2008–09,2008,2009,split_year,30,chelsea,Chelsea,premier-league,Premier League,37,12,domestic_league,False,professional_or_unknown,True,,Wikipedia,https://en.wikipedia.org/wiki/Frank_Lampard,2026-08-02,1366470291
frank-lampard,Q41533,Frank Lampard,1978-06-20,United Kingdom,midfielder,CM,MID,retired,2009–10,2009–10,2009,2010,split_year,31,chelsea,Chelsea,premier-league,Premier League,36,22,domestic_league,False,professional_or_unknown,True,,Wikipedia,https://en.wikipedia.org/wiki/Frank_Lampard,2026-08-02,1366470291
frank-lampard,Q41533,Frank Lampard,1978-06-20,United Kingdom,midfielder,CM,MID,retired,2010–11,2010–11,2010,2011,split_year,32,chelsea,Chelsea,premier-league,Premier League,24,10,domestic_league,False,professional_or_unknown,True,,Wikipedia,https://en.wikipedia.org/wiki/Frank_Lampard,2026-08-02,1366470291
frank-lampard,Q41533,Frank Lampard,1978-06-20,United Kingdom,midfielder,CM,MID,retired,2011–12,2011–12,2011,2012,split_year,33,chelsea,Chelsea,premier-league,Premier League,30,11,domestic_league,False,professional_or_unknown,True,,Wikipedia,https://en.wikipedia.org/wiki/Frank_Lampard,2026-08-02,1366470291
frank-lampard,Q41533,Frank Lampard,1978-06-20,United Kingdom,midfielder,CM,MID,retired,2012–13,2012–13,2012,2013,split_year,34,chelsea,Chelsea,premier-league,Premier League,29,15,domestic_league,False,professional_or_unknown,True,,Wikipedia,https://en.wikipedia.org/wiki/Frank_Lampard,2026-08-02,1366470291
frank-lampard,Q41533,Frank Lampard,1978-06-20,United Kingdom,midfielder,CM,MID,retired,2013–14,2013–14,2013,2014,split_year,35,chelsea,Chelsea,premier-league,Premier League,26,6,domestic_league,False,professional_or_unknown,True,,Wikipedia,https://en.wikipedia.org/wiki/Frank_Lampard,2026-08-02,1366470291
frank-lampard,Q41533,Frank Lampard,1978-06-20,United Kingdom,midfielder,CM,MID,retired,2014–15,2014–15,2014,2015,split_year,36,manchester-city,Manchester City,premier-league,Premier League,32,6,domestic_league,False,professional_or_unknown,True,,Wikipedia,https://en.wikipedia.org/wiki/Frank_Lampard,2026-08-02,1366470291
frank-lampard,Q41533,Frank Lampard,1978-06-20,United Kingdom,midfielder,CM,MID,retired,2015,2015,2015,2015,calendar_year,37,new-york-city-fc,New York City FC,major-league-soccer,Major League Soccer,10,3,domestic_league,False,professional_or_unknown,True,,Wikipedia,https://en.wikipedia.org/wiki/Frank_Lampard,2026-08-02,1366470291
frank-lampard,Q41533,Frank Lampard,1978-06-20,United Kingdom,midfielder,CM,MID,retired,2016,2016,2016,2016,calendar_year,38,new-york-city-fc,New York City FC,major-league-soccer,Major League Soccer,19,12,domestic_league,False,professional_or_unknown,True,,Wikipedia,https://en.wikipedia.org/wiki/Frank_Lampard,2026-08-02,1366470291
frenkie-de-jong,Q19898898,Frenkie de Jong,1997-05-12,Kingdom of the Netherlands,midfielder,CM,MID,active,2016–17,2016–17,2016,2017,split_year,19,ajax,Ajax,eredivisie,Eredivisie,4,1,domestic_league,False,professional_or_unknown,True,,Wikipedia,https://en.wikipedia.org/wiki/Frenkie_de_Jong,2026-08-02,1366119265
frenkie-de-jong,Q19898898,Frenkie de Jong,1997-05-12,Kingdom of the Netherlands,midfielder,CM,MID,active,2017–18,2017–18,2017,2018,split_year,20,ajax,Ajax,eredivisie,Eredivisie,22,0,domestic_league,False,professional_or_unknown,True,,Wikipedia,https://en.wikipedia.org/wiki/Frenkie_de_Jong,2026-08-02,1366119265
frenkie-de-jong,Q19898898,Frenkie de Jong,1997-05-12,Kingdom of the Netherlands,midfielder,CM,MID,active,2018–19,2018–19,2018,2019,split_year,21,ajax,Ajax,eredivisie,Eredivisie,31,3,domestic_league,False,professional_or_unknown,True,,Wikipedia,https://en.wikipedia.org/wiki/Frenkie_de_Jong,2026-08-02,1366119265
frenkie-de-jong,Q19898898,Frenkie de Jong,1997-05-12,Kingdom of the Netherlands,midfielder,CM,MID,active,2019–20,2019–20,2019,2020,split_year,22,barcelona,Barcelona,la-liga,La Liga,29,2,domestic_league,False,professional_or_unknown,True,,Wikipedia,https://en.wikipedia.org/wiki/Frenkie_de_Jong,2026-08-02,1366119265
frenkie-de-jong,Q19898898,Frenkie de Jong,1997-05-12,Kingdom of the Netherlands,midfielder,CM,MID,active,2020–21,2020–21,2020,2021,split_year,23,barcelona,Barcelona,la-liga,La Liga,37,3,domestic_league,False,professional_or_unknown,True,,Wikipedia,https://en.wikipedia.org/wiki/Frenkie_de_Jong,2026-08-02,1366119265
frenkie-de-jong,Q19898898,Frenkie de Jong,1997-05-12,Kingdom of the Netherlands,midfielder,CM,MID,active,2021–22,2021–22,2021,2022,split_year,24,barcelona,Barcelona,la-liga,La Liga,32,3,domestic_league,False,professional_or_unknown,True,,Wikipedia,https://en.wikipedia.org/wiki/Frenkie_de_Jong,2026-08-02,1366119265
frenkie-de-jong,Q19898898,Frenkie de Jong,1997-05-12,Kingdom of the Netherlands,midfielder,CM,MID,active,2022–23,2022–23,2022,2023,split_year,25,barcelona,Barcelona,la-liga,La Liga,33,2,domestic_league,False,professional_or_unknown,True,,Wikipedia,https://en.wikipedia.org/wiki/Frenkie_de_Jong,2026-08-02,1366119265
frenkie-de-jong,Q19898898,Frenkie de Jong,1997-05-12,Kingdom of the Netherlands,midfielder,CM,MID,active,2023–24,2023–24,2023,2024,split_year,26,barcelona,Barcelona,la-liga,La Liga,20,2,domestic_league,False,professional_or_unknown,True,,Wikipedia,https://en.wikipedia.org/wiki/Frenkie_de_Jong,2026-08-02,1366119265
frenkie-de-jong,Q19898898,Frenkie de Jong,1997-05-12,Kingdom of the Netherlands,midfielder,CM,MID,active,2024–25,2024–25,2024,2025,split_year,27,barcelona,Barcelona,la-liga,La Liga,26,2,domestic_league,False,professional_or_unknown,True,,Wikipedia,https://en.wikipedia.org/wiki/Frenkie_de_Jong,2026-08-02,1366119265
frenkie-de-jong,Q19898898,Frenkie de Jong,1997-05-12,Kingdom of the Netherlands,midfielder,CM,MID,active,2025–26,2025–26,2025,2026,split_year,28,barcelona,Barcelona,la-liga,La Liga,25,1,domestic_league,False,professional_or_unknown,True,,Wikipedia,https://en.wikipedia.org/wiki/Frenkie_de_Jong,2026-08-02,1366119265
gabriel-magalhaes,Q25175970,Gabriel Magalhães,1997-12-19,Brazil,defender,CB,DEF,active,2016,2016,2016,2016,calendar_year,19,avai,Avaí,serie-b,Série B,21,1,domestic_league,False,professional_or_unknown,True,,Wikipedia,https://en.wikipedia.org/wiki/Gabriel_Magalhães,2026-08-02,1367028098
gabriel-magalhaes,Q25175970,Gabriel Magalhães,1997-12-19,Brazil,defender,CB,DEF,active,2016–17,2016–17,2016,2017,split_year,19,lille,Lille,ligue-1,Ligue 1,1,0,domestic_league,False,professional_or_unknown,True,,Wikipedia,https://en.wikipedia.org/wiki/Gabriel_Magalhães,2026-08-02,1367028098
gabriel-magalhaes,Q25175970,Gabriel Magalhães,1997-12-19,Brazil,defender,CB,DEF,active,2017–18,2017–18,2017,2018,split_year,20,dinamo-zagreb-loan,Dinamo Zagreb (loan),prva-hnl,Prva HNL,1,0,domestic_league,False,professional_or_unknown,True,,Wikipedia,https://en.wikipedia.org/wiki/Gabriel_Magalhães,2026-08-02,1367028098
gabriel-magalhaes,Q25175970,Gabriel Magalhães,1997-12-19,Brazil,defender,CB,DEF,active,2017–18,2017–18,2017,2018,split_year,20,troyes-loan,Troyes (loan),ligue-1,Ligue 1,1,0,domestic_league,False,professional_or_unknown,True,,Wikipedia,https://en.wikipedia.org/wiki/Gabriel_Magalhães,2026-08-02,1367028098
gabriel-magalhaes,Q25175970,Gabriel Magalhães,1997-12-19,Brazil,defender,CB,DEF,active,2018–19,2018–19,2018,2019,split_year,21,lille,Lille,ligue-1,Ligue 1,14,1,domestic_league,False,professional_or_unknown,True,,Wikipedia,https://en.wikipedia.org/wiki/Gabriel_Magalhães,2026-08-02,1367028098
gabriel-magalhaes,Q25175970,Gabriel Magalhães,1997-12-19,Brazil,defender,CB,DEF,active,2019–20,2019–20,2019,2020,split_year,22,lille,Lille,ligue-1,Ligue 1,24,1,domestic_league,False,professional_or_unknown,True,,Wikipedia,https://en.wikipedia.org/wiki/Gabriel_Magalhães,2026-08-02,1367028098
gabriel-magalhaes,Q25175970,Gabriel Magalhães,1997-12-19,Brazil,defender,CB,DEF,active,2020–21,2020–21,2020,2021,split_year,23,arsenal,Arsenal,premier-league,Premier League,23,2,domestic_league,False,professional_or_unknown,True,,Wikipedia,https://en.wikipedia.org/wiki/Gabriel_Magalhães,2026-08-02,1367028098
gabriel-magalhaes,Q25175970,Gabriel Magalhães,1997-12-19,Brazil,defender,CB,DEF,active,2021–22,2021–22,2021,2022,split_year,24,arsenal,Arsenal,premier-league,Premier League,35,5,domestic_league,False,professional_or_unknown,True,,Wikipedia,https://en.wikipedia.org/wiki/Gabriel_Magalhães,2026-08-02,1367028098
gabriel-magalhaes,Q25175970,Gabriel Magalhães,1997-12-19,Brazil,defender,CB,DEF,active,2022–23,2022–23,2022,2023,split_year,25,arsenal,Arsenal,premier-league,Premier League,38,3,domestic_league,False,professional_or_unknown,True,,Wikipedia,https://en.wikipedia.org/wiki/Gabriel_Magalhães,2026-08-02,1367028098
gabriel-magalhaes,Q25175970,Gabriel Magalhães,1997-12-19,Brazil,defender,CB,DEF,active,2023–24,2023–24,2023,2024,split_year,26,arsenal,Arsenal,premier-league,Premier League,36,4,domestic_league,False,professional_or_unknown,True,,Wikipedia,https://en.wikipedia.org/wiki/Gabriel_Magalhães,2026-08-02,1367028098
gabriel-magalhaes,Q25175970,Gabriel Magalhães,1997-12-19,Brazil,defender,CB,DEF,active,2024–25,2024–25,2024,2025,split_year,27,arsenal,Arsenal,premier-league,Premier League,28,3,domestic_league,False,professional_or_unknown,True,,Wikipedia,https://en.wikipedia.org/wiki/Gabriel_Magalhães,2026-08-02,1367028098
gabriel-magalhaes,Q25175970,Gabriel Magalhães,1997-12-19,Brazil,defender,CB,DEF,active,2025–26,2025–26,2025,2026,split_year,28,arsenal,Arsenal,premier-league,Premier League,32,3,domestic_league,False,professional_or_unknown,True,,Wikipedia,https://en.wikipedia.org/wiki/Gabriel_Magalhães,2026-08-02,1367028098
gareth-bale,Q184586,Gareth Bale,1989-07-16,United Kingdom,wing half,WNG,WIDE,retired,2005–06,2005–06,2005,2006,split_year,16,southampton,Southampton,championship,Championship,2,0,domestic_league,False,professional_or_unknown,True,,Wikipedia,https://en.wikipedia.org/wiki/Gareth_Bale,2026-08-02,1366992124
gareth-bale,Q184586,Gareth Bale,1989-07-16,United Kingdom,wing half,WNG,WIDE,retired,2006–07,2006–07,2006,2007,split_year,17,southampton,Southampton,championship,Championship,38,5,domestic_league,False,professional_or_unknown,True,,Wikipedia,https://en.wikipedia.org/wiki/Gareth_Bale,2026-08-02,1366992124
gareth-bale,Q184586,Gareth Bale,1989-07-16,United Kingdom,wing half,WNG,WIDE,retired,2007–08,2007–08,2007,2008,split_year,18,tottenham-hotspur,Tottenham Hotspur,premier-league,Premier League,8,2,domestic_league,False,professional_or_unknown,True,,Wikipedia,https://en.wikipedia.org/wiki/Gareth_Bale,2026-08-02,1366992124
gareth-bale,Q184586,Gareth Bale,1989-07-16,United Kingdom,wing half,WNG,WIDE,retired,2008–09,2008–09,2008,2009,split_year,19,tottenham-hotspur,Tottenham Hotspur,premier-league,Premier League,16,0,domestic_league,False,professional_or_unknown,True,,Wikipedia,https://en.wikipedia.org/wiki/Gareth_Bale,2026-08-02,1366992124
gareth-bale,Q184586,Gareth Bale,1989-07-16,United Kingdom,wing half,WNG,WIDE,retired,2009–10,2009–10,2009,2010,split_year,20,tottenham-hotspur,Tottenham Hotspur,premier-league,Premier League,23,3,domestic_league,False,professional_or_unknown,True,,Wikipedia,https://en.wikipedia.org/wiki/Gareth_Bale,2026-08-02,1366992124
gareth-bale,Q184586,Gareth Bale,1989-07-16,United Kingdom,wing half,WNG,WIDE,retired,2010–11,2010–11,2010,2011,split_year,21,tottenham-hotspur,Tottenham Hotspur,premier-league,Premier League,30,7,domestic_league,False,professional_or_unknown,True,,Wikipedia,https://en.wikipedia.org/wiki/Gareth_Bale,2026-08-02,1366992124
gareth-bale,Q184586,Gareth Bale,1989-07-16,United Kingdom,wing half,WNG,WIDE,retired,2011–12,2011–12,2011,2012,split_year,22,tottenham-hotspur,Tottenham Hotspur,premier-league,Premier League,36,9,domestic_league,False,professional_or_unknown,True,,Wikipedia,https://en.wikipedia.org/wiki/Gareth_Bale,2026-08-02,1366992124
gareth-bale,Q184586,Gareth Bale,1989-07-16,United Kingdom,wing half,WNG,WIDE,retired,2012–13,2012–13,2012,2013,split_year,23,tottenham-hotspur,Tottenham Hotspur,premier-league,Premier League,33,21,domestic_league,False,professional_or_unknown,True,,Wikipedia,https://en.wikipedia.org/wiki/Gareth_Bale,2026-08-02,1366992124
gareth-bale,Q184586,Gareth Bale,1989-07-16,United Kingdom,wing half,WNG,WIDE,retired,2013–14,2013–14,2013,2014,split_year,24,real-madrid,Real Madrid,la-liga,La Liga,27,15,domestic_league,False,professional_or_unknown,True,,Wikipedia,https://en.wikipedia.org/wiki/Gareth_Bale,2026-08-02,1366992124
gareth-bale,Q184586,Gareth Bale,1989-07-16,United Kingdom,wing half,WNG,WIDE,retired,2014–15,2014–15,2014,2015,split_year,25,real-madrid,Real Madrid,la-liga,La Liga,31,13,domestic_league,False,professional_or_unknown,True,,Wikipedia,https://en.wikipedia.org/wiki/Gareth_Bale,2026-08-02,1366992124
gareth-bale,Q184586,Gareth Bale,1989-07-16,United Kingdom,wing half,WNG,WIDE,retired,2015–16,2015–16,2015,2016,split_year,26,real-madrid,Real Madrid,la-liga,La Liga,23,19,domestic_league,False,professional_or_unknown,True,,Wikipedia,https://en.wikipedia.org/wiki/Gareth_Bale,2026-08-02,1366992124
gareth-bale,Q184586,Gareth Bale,1989-07-16,United Kingdom,wing half,WNG,WIDE,retired,2016–17,2016–17,2016,2017,split_year,27,real-madrid,Real Madrid,la-liga,La Liga,19,7,domestic_league,False,professional_or_unknown,True,,Wikipedia,https://en.wikipedia.org/wiki/Gareth_Bale,2026-08-02,1366992124
gareth-bale,Q184586,Gareth Bale,1989-07-16,United Kingdom,wing half,WNG,WIDE,retired,2017–18,2017–18,2017,2018,split_year,28,real-madrid,Real Madrid,la-liga,La Liga,26,16,domestic_league,False,professional_or_unknown,True,,Wikipedia,https://en.wikipedia.org/wiki/Gareth_Bale,2026-08-02,1366992124
gareth-bale,Q184586,Gareth Bale,1989-07-16,United Kingdom,wing half,WNG,WIDE,retired,2018–19,2018–19,2018,2019,split_year,29,real-madrid,Real Madrid,la-liga,La Liga,29,8,domestic_league,False,professional_or_unknown,True,,Wikipedia,https://en.wikipedia.org/wiki/Gareth_Bale,2026-08-02,1366992124
gareth-bale,Q184586,Gareth Bale,1989-07-16,United Kingdom,wing half,WNG,WIDE,retired,2019–20,2019–20,2019,2020,split_year,30,real-madrid,Real Madrid,la-liga,La Liga,16,2,domestic_league,False,professional_or_unknown,True,,Wikipedia,https://en.wikipedia.org/wiki/Gareth_Bale,2026-08-02,1366992124
gareth-bale,Q184586,Gareth Bale,1989-07-16,United Kingdom,wing half,WNG,WIDE,retired,2020–21,2020–21,2020,2021,split_year,31,tottenham-hotspur-loan,Tottenham Hotspur (loan),premier-league,Premier League,20,11,domestic_league,False,professional_or_unknown,True,,Wikipedia,https://en.wikipedia.org/wiki/Gareth_Bale,2026-08-02,1366992124
gareth-bale,Q184586,Gareth Bale,1989-07-16,United Kingdom,wing half,WNG,WIDE,retired,2021–22,2021–22,2021,2022,split_year,32,real-madrid,Real Madrid,la-liga,La Liga,5,1,domestic_league,False,professional_or_unknown,True,,Wikipedia,https://en.wikipedia.org/wiki/Gareth_Bale,2026-08-02,1366992124
gareth-bale,Q184586,Gareth Bale,1989-07-16,United Kingdom,wing half,WNG,WIDE,retired,2022,2022,2022,2022,calendar_year,33,los-angeles-fc,Los Angeles FC,mls,MLS,12,2,domestic_league,False,professional_or_unknown,True,,Wikipedia,https://en.wikipedia.org/wiki/Gareth_Bale,2026-08-02,1366992124
gavi-footballer,Q108111889,Gavi (footballer),2004-08-05,Spain,midfielder,CM,MID,active,2021–22,2021–22,2021,2022,split_year,17,barcelona,Barcelona,la-liga,La Liga,34,2,domestic_league,False,professional_or_unknown,True,,Wikipedia,https://en.wikipedia.org/wiki/Gavi_(footballer),2026-08-02,1367104370
gavi-footballer,Q108111889,Gavi (footballer),2004-08-05,Spain,midfielder,CM,MID,active,2022–23,2022–23,2022,2023,split_year,18,barcelona,Barcelona,la-liga,La Liga,36,2,domestic_league,False,professional_or_unknown,True,,Wikipedia,https://en.wikipedia.org/wiki/Gavi_(footballer),2026-08-02,1367104370
gavi-footballer,Q108111889,Gavi (footballer),2004-08-05,Spain,midfielder,CM,MID,active,2023–24,2023–24,2023,2024,split_year,19,barcelona,Barcelona,la-liga,La Liga,12,1,domestic_league,False,professional_or_unknown,True,,Wikipedia,https://en.wikipedia.org/wiki/Gavi_(footballer),2026-08-02,1367104370
gavi-footballer,Q108111889,Gavi (footballer),2004-08-05,Spain,midfielder,CM,MID,active,2024–25,2024–25,2024,2025,split_year,20,barcelona,Barcelona,la-liga,La Liga,26,1,domestic_league,False,professional_or_unknown,True,,Wikipedia,https://en.wikipedia.org/wiki/Gavi_(footballer),2026-08-02,1367104370
gavi-footballer,Q108111889,Gavi (footballer),2004-08-05,Spain,midfielder,CM,MID,active,2025–26,2025–26,2025,2026,split_year,21,barcelona,Barcelona,la-liga,La Liga,11,0,domestic_league,False,professional_or_unknown,True,,Wikipedia,https://en.wikipedia.org/wiki/Gavi_(footballer),2026-08-02,1367104370
gennaro-gattuso,Q116980,Gennaro Gattuso,1978-01-09,Italy,midfielder,DM,MID,retired,1995–96,1995–96,1995,1996,split_year,17,perugia,Perugia,serie-b,Serie B,2,0,domestic_league,False,professional_or_unknown,True,,Wikipedia,https://en.wikipedia.org/wiki/Gennaro_Gattuso,2026-08-02,1366736103
gennaro-gattuso,Q116980,Gennaro Gattuso,1978-01-09,Italy,midfielder,DM,MID,retired,1996–97,1996–97,1996,1997,split_year,18,perugia,Perugia,serie-a,Serie A,8,0,domestic_league,False,professional_or_unknown,True,,Wikipedia,https://en.wikipedia.org/wiki/Gennaro_Gattuso,2026-08-02,1366736103
gennaro-gattuso,Q116980,Gennaro Gattuso,1978-01-09,Italy,midfielder,DM,MID,retired,1997–98,1997–98,1997,1998,split_year,19,rangers,Rangers,scottish-premier-division,Scottish Premier Division,29,3,domestic_league,False,professional_or_unknown,True,,Wikipedia,https://en.wikipedia.org/wiki/Gennaro_Gattuso,2026-08-02,1366736103
gennaro-gattuso,Q116980,Gennaro Gattuso,1978-01-09,Italy,midfielder,DM,MID,retired,1998–99,1998–99,1998,1999,split_year,20,rangers,Rangers,scottish-premier-league,Scottish Premier League,5,0,domestic_league,False,professional_or_unknown,True,,Wikipedia,https://en.wikipedia.org/wiki/Gennaro_Gattuso,2026-08-02,1366736103
gennaro-gattuso,Q116980,Gennaro Gattuso,1978-01-09,Italy,midfielder,DM,MID,retired,1998–99,1998–99,1998,1999,split_year,20,salernitana,Salernitana,serie-a,Serie A,25,0,domestic_league,False,professional_or_unknown,True,,Wikipedia,https://en.wikipedia.org/wiki/Gennaro_Gattuso,2026-08-02,1366736103
gennaro-gattuso,Q116980,Gennaro Gattuso,1978-01-09,Italy,midfielder,DM,MID,retired,1999–2000,1999–2000,1999,2000,split_year,21,ac-milan,AC Milan,serie-a,Serie A,22,1,domestic_league,False,professional_or_unknown,True,,Wikipedia,https://en.wikipedia.org/wiki/Gennaro_Gattuso,2026-08-02,1366736103
gennaro-gattuso,Q116980,Gennaro Gattuso,1978-01-09,Italy,midfielder,DM,MID,retired,2000–01,2000–01,2000,2001,split_year,22,ac-milan,AC Milan,serie-a,Serie A,24,0,domestic_league,False,professional_or_unknown,True,,Wikipedia,https://en.wikipedia.org/wiki/Gennaro_Gattuso,2026-08-02,1366736103
gennaro-gattuso,Q116980,Gennaro Gattuso,1978-01-09,Italy,midfielder,DM,MID,retired,2001–02,2001–02,2001,2002,split_year,23,ac-milan,AC Milan,serie-a,Serie A,32,0,domestic_league,False,professional_or_unknown,True,,Wikipedia,https://en.wikipedia.org/wiki/Gennaro_Gattuso,2026-08-02,1366736103
gennaro-gattuso,Q116980,Gennaro Gattuso,1978-01-09,Italy,midfielder,DM,MID,retired,2002–03,2002–03,2002,2003,split_year,24,ac-milan,AC Milan,serie-a,Serie A,25,0,domestic_league,False,professional_or_unknown,True,,Wikipedia,https://en.wikipedia.org/wiki/Gennaro_Gattuso,2026-08-02,1366736103
gennaro-gattuso,Q116980,Gennaro Gattuso,1978-01-09,Italy,midfielder,DM,MID,retired,2003–04,2003–04,2003,2004,split_year,25,ac-milan,AC Milan,serie-a,Serie A,33,1,domestic_league,False,professional_or_unknown,True,,Wikipedia,https://en.wikipedia.org/wiki/Gennaro_Gattuso,2026-08-02,1366736103
gennaro-gattuso,Q116980,Gennaro Gattuso,1978-01-09,Italy,midfielder,DM,MID,retired,2004–05,2004–05,2004,2005,split_year,26,ac-milan,AC Milan,serie-a,Serie A,32,0,domestic_league,False,professional_or_unknown,True,,Wikipedia,https://en.wikipedia.org/wiki/Gennaro_Gattuso,2026-08-02,1366736103
gennaro-gattuso,Q116980,Gennaro Gattuso,1978-01-09,Italy,midfielder,DM,MID,retired,2005–06,2005–06,2005,2006,split_year,27,ac-milan,AC Milan,serie-a,Serie A,35,3,domestic_league,False,professional_or_unknown,True,,Wikipedia,https://en.wikipedia.org/wiki/Gennaro_Gattuso,2026-08-02,1366736103
gennaro-gattuso,Q116980,Gennaro Gattuso,1978-01-09,Italy,midfielder,DM,MID,retired,2006–07,2006–07,2006,2007,split_year,28,ac-milan,AC Milan,serie-a,Serie A,30,1,domestic_league,False,professional_or_unknown,True,,Wikipedia,https://en.wikipedia.org/wiki/Gennaro_Gattuso,2026-08-02,1366736103
gennaro-gattuso,Q116980,Gennaro Gattuso,1978-01-09,Italy,midfielder,DM,MID,retired,2007–08,2007–08,2007,2008,split_year,29,ac-milan,AC Milan,serie-a,Serie A,31,1,domestic_league,False,professional_or_unknown,True,,Wikipedia,https://en.wikipedia.org/wiki/Gennaro_Gattuso,2026-08-02,1366736103
gennaro-gattuso,Q116980,Gennaro Gattuso,1978-01-09,Italy,midfielder,DM,MID,retired,2008–09,2008–09,2008,2009,split_year,30,ac-milan,AC Milan,serie-a,Serie A,12,0,domestic_league,False,professional_or_unknown,True,,Wikipedia,https://en.wikipedia.org/wiki/Gennaro_Gattuso,2026-08-02,1366736103
gennaro-gattuso,Q116980,Gennaro Gattuso,1978-01-09,Italy,midfielder,DM,MID,retired,2009–10,2009–10,2009,2010,split_year,31,ac-milan,AC Milan,serie-a,Serie A,22,0,domestic_league,False,professional_or_unknown,True,,Wikipedia,https://en.wikipedia.org/wiki/Gennaro_Gattuso,2026-08-02,1366736103
gennaro-gattuso,Q116980,Gennaro Gattuso,1978-01-09,Italy,midfielder,DM,MID,retired,2010–11,2010–11,2010,2011,split_year,32,ac-milan,AC Milan,serie-a,Serie A,31,2,domestic_league,False,professional_or_unknown,True,,Wikipedia,https://en.wikipedia.org/wiki/Gennaro_Gattuso,2026-08-02,1366736103
gennaro-gattuso,Q116980,Gennaro Gattuso,1978-01-09,Italy,midfielder,DM,MID,retired,2011–12,2011–12,2011,2012,split_year,33,ac-milan,AC Milan,serie-a,Serie A,6,0,domestic_league,False,professional_or_unknown,True,,Wikipedia,https://en.wikipedia.org/wiki/Gennaro_Gattuso,2026-08-02,1366736103
gennaro-gattuso,Q116980,Gennaro Gattuso,1978-01-09,Italy,midfielder,DM,MID,retired,2012–13,2012–13,2012,2013,split_year,34,sion,Sion,swiss-super-league,Swiss Super League,27,1,domestic_league,False,professional_or_unknown,True,,Wikipedia,https://en.wikipedia.org/wiki/Gennaro_Gattuso,2026-08-02,1366736103
gerard-pique,Q17507,Gerard Piqué,1987-02-02,Spain,defender,CB,DEF,retired,2004–05,2004–05,2004,2005,split_year,17,manchester-united,Manchester United,premier-league,Premier League,0,0,domestic_league,False,professional_or_unknown,True,,Wikipedia,https://en.wikipedia.org/wiki/Gerard_Piqué,2026-08-02,1365724694
gerard-pique,Q17507,Gerard Piqué,1987-02-02,Spain,defender,CB,DEF,retired,2005–06,2005–06,2005,2006,split_year,18,manchester-united,Manchester United,premier-league,Premier League,3,0,domestic_league,False,professional_or_unknown,True,,Wikipedia,https://en.wikipedia.org/wiki/Gerard_Piqué,2026-08-02,1365724694
gerard-pique,Q17507,Gerard Piqué,1987-02-02,Spain,defender,CB,DEF,retired,2006–07,2006–07,2006,2007,split_year,19,manchester-united,Manchester United,premier-league,Premier League,0,0,domestic_league,False,professional_or_unknown,True,,Wikipedia,https://en.wikipedia.org/wiki/Gerard_Piqué,2026-08-02,1365724694
gerard-pique,Q17507,Gerard Piqué,1987-02-02,Spain,defender,CB,DEF,retired,2006–07,2006–07,2006,2007,split_year,19,real-zaragoza-loan,Real Zaragoza (loan),la-liga,La Liga,22,2,domestic_league,False,professional_or_unknown,True,,Wikipedia,https://en.wikipedia.org/wiki/Gerard_Piqué,2026-08-02,1365724694
gerard-pique,Q17507,Gerard Piqué,1987-02-02,Spain,defender,CB,DEF,retired,2007–08,2007–08,2007,2008,split_year,20,manchester-united,Manchester United,premier-league,Premier League,9,0,domestic_league,False,professional_or_unknown,True,,Wikipedia,https://en.wikipedia.org/wiki/Gerard_Piqué,2026-08-02,1365724694
gerard-pique,Q17507,Gerard Piqué,1987-02-02,Spain,defender,CB,DEF,retired,2008–09,2008–09,2008,2009,split_year,21,barcelona,Barcelona,la-liga,La Liga,25,1,domestic_league,False,professional_or_unknown,True,,Wikipedia,https://en.wikipedia.org/wiki/Gerard_Piqué,2026-08-02,1365724694
gerard-pique,Q17507,Gerard Piqué,1987-02-02,Spain,defender,CB,DEF,retired,2009–10,2009–10,2009,2010,split_year,22,barcelona,Barcelona,la-liga,La Liga,32,2,domestic_league,False,professional_or_unknown,True,,Wikipedia,https://en.wikipedia.org/wiki/Gerard_Piqué,2026-08-02,1365724694
gerard-pique,Q17507,Gerard Piqué,1987-02-02,Spain,defender,CB,DEF,retired,2010–11,2010–11,2010,2011,split_year,23,barcelona,Barcelona,la-liga,La Liga,31,3,domestic_league,False,professional_or_unknown,True,,Wikipedia,https://en.wikipedia.org/wiki/Gerard_Piqué,2026-08-02,1365724694
gerard-pique,Q17507,Gerard Piqué,1987-02-02,Spain,defender,CB,DEF,retired,2011–12,2011–12,2011,2012,split_year,24,barcelona,Barcelona,la-liga,La Liga,22,2,domestic_league,False,professional_or_unknown,True,,Wikipedia,https://en.wikipedia.org/wiki/Gerard_Piqué,2026-08-02,1365724694
gerard-pique,Q17507,Gerard Piqué,1987-02-02,Spain,defender,CB,DEF,retired,2012–13,2012–13,2012,2013,split_year,25,barcelona,Barcelona,la-liga,La Liga,28,2,domestic_league,False,professional_or_unknown,True,,Wikipedia,https://en.wikipedia.org/wiki/Gerard_Piqué,2026-08-02,1365724694
gerard-pique,Q17507,Gerard Piqué,1987-02-02,Spain,defender,CB,DEF,retired,2013–14,2013–14,2013,2014,split_year,26,barcelona,Barcelona,la-liga,La Liga,26,2,domestic_league,False,professional_or_unknown,True,,Wikipedia,https://en.wikipedia.org/wiki/Gerard_Piqué,2026-08-02,1365724694
gerard-pique,Q17507,Gerard Piqué,1987-02-02,Spain,defender,CB,DEF,retired,2014–15,2014–15,2014,2015,split_year,27,barcelona,Barcelona,la-liga,La Liga,27,5,domestic_league,False,professional_or_unknown,True,,Wikipedia,https://en.wikipedia.org/wiki/Gerard_Piqué,2026-08-02,1365724694
gerard-pique,Q17507,Gerard Piqué,1987-02-02,Spain,defender,CB,DEF,retired,2015–16,2015–16,2015,2016,split_year,28,barcelona,Barcelona,la-liga,La Liga,30,2,domestic_league,False,professional_or_unknown,True,,Wikipedia,https://en.wikipedia.org/wiki/Gerard_Piqué,2026-08-02,1365724694
gerard-pique,Q17507,Gerard Piqué,1987-02-02,Spain,defender,CB,DEF,retired,2016–17,2016–17,2016,2017,split_year,29,barcelona,Barcelona,la-liga,La Liga,25,2,domestic_league,False,professional_or_unknown,True,,Wikipedia,https://en.wikipedia.org/wiki/Gerard_Piqué,2026-08-02,1365724694
gerard-pique,Q17507,Gerard Piqué,1987-02-02,Spain,defender,CB,DEF,retired,2017–18,2017–18,2017,2018,split_year,30,barcelona,Barcelona,la-liga,La Liga,30,2,domestic_league,False,professional_or_unknown,True,,Wikipedia,https://en.wikipedia.org/wiki/Gerard_Piqué,2026-08-02,1365724694
gerard-pique,Q17507,Gerard Piqué,1987-02-02,Spain,defender,CB,DEF,retired,2018–19,2018–19,2018,2019,split_year,31,barcelona,Barcelona,la-liga,La Liga,35,4,domestic_league,False,professional_or_unknown,True,,Wikipedia,https://en.wikipedia.org/wiki/Gerard_Piqué,2026-08-02,1365724694
gerard-pique,Q17507,Gerard Piqué,1987-02-02,Spain,defender,CB,DEF,retired,2019–20,2019–20,2019,2020,split_year,32,barcelona,Barcelona,la-liga,La Liga,35,1,domestic_league,False,professional_or_unknown,True,,Wikipedia,https://en.wikipedia.org/wiki/Gerard_Piqué,2026-08-02,1365724694
gerard-pique,Q17507,Gerard Piqué,1987-02-02,Spain,defender,CB,DEF,retired,2020–21,2020–21,2020,2021,split_year,33,barcelona,Barcelona,la-liga,La Liga,18,0,domestic_league,False,professional_or_unknown,True,,Wikipedia,https://en.wikipedia.org/wiki/Gerard_Piqué,2026-08-02,1365724694
gerard-pique,Q17507,Gerard Piqué,1987-02-02,Spain,defender,CB,DEF,retired,2021–22,2021–22,2021,2022,split_year,34,barcelona,Barcelona,la-liga,La Liga,27,1,domestic_league,False,professional_or_unknown,True,,Wikipedia,https://en.wikipedia.org/wiki/Gerard_Piqué,2026-08-02,1365724694
gerard-pique,Q17507,Gerard Piqué,1987-02-02,Spain,defender,CB,DEF,retired,2022–23,2022–23,2022,2023,split_year,35,barcelona,Barcelona,la-liga,La Liga,6,0,domestic_league,False,professional_or_unknown,True,,Wikipedia,https://en.wikipedia.org/wiki/Gerard_Piqué,2026-08-02,1365724694
gilberto-silva,Q190142,Gilberto Silva,1976-10-07,Brazil,midfielder,DM,MID,retired,1997,1997,1997,1997,calendar_year,21,america-mineiro,América Mineiro,serie-b,Série B,8,0,domestic_league,False,professional_or_unknown,True,,Wikipedia,https://en.wikipedia.org/wiki/Gilberto_Silva,2026-08-02,1365968766
gilberto-silva,Q190142,Gilberto Silva,1976-10-07,Brazil,midfielder,DM,MID,retired,1998,1998,1998,1998,calendar_year,22,america-mineiro,América Mineiro,serie-a,Série A,20,1,domestic_league,False,professional_or_unknown,True,,Wikipedia,https://en.wikipedia.org/wiki/Gilberto_Silva,2026-08-02,1365968766
gilberto-silva,Q190142,Gilberto Silva,1976-10-07,Brazil,midfielder,DM,MID,retired,2000,2000,2000,2000,calendar_year,24,atletico-mineiro,Atlético Mineiro,serie-a,Série A,3,0,domestic_league,False,professional_or_unknown,True,,Wikipedia,https://en.wikipedia.org/wiki/Gilberto_Silva,2026-08-02,1365968766
gilberto-silva,Q190142,Gilberto Silva,1976-10-07,Brazil,midfielder,DM,MID,retired,2001,2001,2001,2001,calendar_year,25,atletico-mineiro,Atlético Mineiro,serie-a,Série A,26,3,domestic_league,False,professional_or_unknown,True,,Wikipedia,https://en.wikipedia.org/wiki/Gilberto_Silva,2026-08-02,1365968766
gilberto-silva,Q190142,Gilberto Silva,1976-10-07,Brazil,midfielder,DM,MID,retired,2002,2002,2002,2002,calendar_year,26,atletico-mineiro,Atlético Mineiro,serie-a,Série A,0,0,domestic_league,False,professional_or_unknown,True,,Wikipedia,https://en.wikipedia.org/wiki/Gilberto_Silva,2026-08-02,1365968766
gilberto-silva,Q190142,Gilberto Silva,1976-10-07,Brazil,midfielder,DM,MID,retired,2002–03,2002–03,2002,2003,split_year,26,arsenal,Arsenal,premier-league,Premier League,35,0,domestic_league,False,professional_or_unknown,True,,Wikipedia,https://en.wikipedia.org/wiki/Gilberto_Silva,2026-08-02,1365968766
gilberto-silva,Q190142,Gilberto Silva,1976-10-07,Brazil,midfielder,DM,MID,retired,2003–04,2003–04,2003,2004,split_year,27,arsenal,Arsenal,premier-league,Premier League,32,4,domestic_league,False,professional_or_unknown,True,,Wikipedia,https://en.wikipedia.org/wiki/Gilberto_Silva,2026-08-02,1365968766
gilberto-silva,Q190142,Gilberto Silva,1976-10-07,Brazil,midfielder,DM,MID,retired,2004–05,2004–05,2004,2005,split_year,28,arsenal,Arsenal,premier-league,Premier League,13,0,domestic_league,False,professional_or_unknown,True,,Wikipedia,https://en.wikipedia.org/wiki/Gilberto_Silva,2026-08-02,1365968766
gilberto-silva,Q190142,Gilberto Silva,1976-10-07,Brazil,midfielder,DM,MID,retired,2005–06,2005–06,2005,2006,split_year,29,arsenal,Arsenal,premier-league,Premier League,33,2,domestic_league,False,professional_or_unknown,True,,Wikipedia,https://en.wikipedia.org/wiki/Gilberto_Silva,2026-08-02,1365968766
gilberto-silva,Q190142,Gilberto Silva,1976-10-07,Brazil,midfielder,DM,MID,retired,2006–07,2006–07,2006,2007,split_year,30,arsenal,Arsenal,premier-league,Premier League,34,10,domestic_league,False,professional_or_unknown,True,,Wikipedia,https://en.wikipedia.org/wiki/Gilberto_Silva,2026-08-02,1365968766
gilberto-silva,Q190142,Gilberto Silva,1976-10-07,Brazil,midfielder,DM,MID,retired,2007–08,2007–08,2007,2008,split_year,31,arsenal,Arsenal,premier-league,Premier League,23,1,domestic_league,False,professional_or_unknown,True,,Wikipedia,https://en.wikipedia.org/wiki/Gilberto_Silva,2026-08-02,1365968766
gilberto-silva,Q190142,Gilberto Silva,1976-10-07,Brazil,midfielder,DM,MID,retired,2008–09,2008–09,2008,2009,split_year,32,panathinaikos,Panathinaikos,super-league-greece,Super League Greece,29,3,domestic_league,False,professional_or_unknown,True,,Wikipedia,https://en.wikipedia.org/wiki/Gilberto_Silva,2026-08-02,1365968766
gilberto-silva,Q190142,Gilberto Silva,1976-10-07,Brazil,midfielder,DM,MID,retired,2009–10,2009–10,2009,2010,split_year,33,panathinaikos,Panathinaikos,super-league-greece,Super League Greece,24,0,domestic_league,False,professional_or_unknown,True,,Wikipedia,https://en.wikipedia.org/wiki/Gilberto_Silva,2026-08-02,1365968766
gilberto-silva,Q190142,Gilberto Silva,1976-10-07,Brazil,midfielder,DM,MID,retired,2010–11,2010–11,2010,2011,split_year,34,panathinaikos,Panathinaikos,super-league-greece,Super League Greece,30,2,domestic_league,False,professional_or_unknown,True,,Wikipedia,https://en.wikipedia.org/wiki/Gilberto_Silva,2026-08-02,1365968766
gilberto-silva,Q190142,Gilberto Silva,1976-10-07,Brazil,midfielder,DM,MID,retired,2011,2011,2011,2011,calendar_year,35,gremio,Grêmio,serie-a,Série A,21,1,domestic_league,False,professional_or_unknown,True,,Wikipedia,https://en.wikipedia.org/wiki/Gilberto_Silva,2026-08-02,1365968766
gilberto-silva,Q190142,Gilberto Silva,1976-10-07,Brazil,midfielder,DM,MID,retired,2012,2012,2012,2012,calendar_year,36,gremio,Grêmio,serie-a,Série A,26,0,domestic_league,False,professional_or_unknown,True,,Wikipedia,https://en.wikipedia.org/wiki/Gilberto_Silva,2026-08-02,1365968766
gilberto-silva,Q190142,Gilberto Silva,1976-10-07,Brazil,midfielder,DM,MID,retired,2013,2013,2013,2013,calendar_year,37,atletico-mineiro,Atlético Mineiro,serie-a,Série A,9,0,domestic_league,False,professional_or_unknown,True,,Wikipedia,https://en.wikipedia.org/wiki/Gilberto_Silva,2026-08-02,1365968766
giorgio-chiellini,Q80306,Giorgio Chiellini,1984-08-14,Italy,centre-back,CB,DEF,retired,2002–03,2002–03,2002,2003,split_year,18,livorno-loan,Livorno (loan),serie-b,Serie B,6,0,domestic_league,False,professional_or_unknown,True,,Wikipedia,https://en.wikipedia.org/wiki/Giorgio_Chiellini,2026-08-02,1367104612
giorgio-chiellini,Q80306,Giorgio Chiellini,1984-08-14,Italy,centre-back,CB,DEF,retired,2003–04,2003–04,2003,2004,split_year,19,livorno-loan,Livorno (loan),serie-b,Serie B,41,4,domestic_league,False,professional_or_unknown,True,,Wikipedia,https://en.wikipedia.org/wiki/Giorgio_Chiellini,2026-08-02,1367104612
giorgio-chiellini,Q80306,Giorgio Chiellini,1984-08-14,Italy,centre-back,CB,DEF,retired,2004–05,2004–05,2004,2005,split_year,20,fiorentina-loan,Fiorentina (loan),serie-a,Serie A,37,3,domestic_league,False,professional_or_unknown,True,,Wikipedia,https://en.wikipedia.org/wiki/Giorgio_Chiellini,2026-08-02,1367104612
giorgio-chiellini,Q80306,Giorgio Chiellini,1984-08-14,Italy,centre-back,CB,DEF,retired,2005–06,2005–06,2005,2006,split_year,21,juventus,Juventus,serie-a,Serie A,17,0,domestic_league,False,professional_or_unknown,True,,Wikipedia,https://en.wikipedia.org/wiki/Giorgio_Chiellini,2026-08-02,1367104612
giorgio-chiellini,Q80306,Giorgio Chiellini,1984-08-14,Italy,centre-back,CB,DEF,retired,2006–07,2006–07,2006,2007,split_year,22,juventus,Juventus,serie-b,Serie B,32,3,domestic_league,False,professional_or_unknown,True,,Wikipedia,https://en.wikipedia.org/wiki/Giorgio_Chiellini,2026-08-02,1367104612
giorgio-chiellini,Q80306,Giorgio Chiellini,1984-08-14,Italy,centre-back,CB,DEF,retired,2007–08,2007–08,2007,2008,split_year,23,juventus,Juventus,serie-a,Serie A,30,3,domestic_league,False,professional_or_unknown,True,,Wikipedia,https://en.wikipedia.org/wiki/Giorgio_Chiellini,2026-08-02,1367104612
giorgio-chiellini,Q80306,Giorgio Chiellini,1984-08-14,Italy,centre-back,CB,DEF,retired,2008–09,2008–09,2008,2009,split_year,24,juventus,Juventus,serie-a,Serie A,27,4,domestic_league,False,professional_or_unknown,True,,Wikipedia,https://en.wikipedia.org/wiki/Giorgio_Chiellini,2026-08-02,1367104612
giorgio-chiellini,Q80306,Giorgio Chiellini,1984-08-14,Italy,centre-back,CB,DEF,retired,2009–10,2009–10,2009,2010,split_year,25,juventus,Juventus,serie-a,Serie A,32,4,domestic_league,False,professional_or_unknown,True,,Wikipedia,https://en.wikipedia.org/wiki/Giorgio_Chiellini,2026-08-02,1367104612
giorgio-chiellini,Q80306,Giorgio Chiellini,1984-08-14,Italy,centre-back,CB,DEF,retired,2010–11,2010–11,2010,2011,split_year,26,juventus,Juventus,serie-a,Serie A,32,2,domestic_league,False,professional_or_unknown,True,,Wikipedia,https://en.wikipedia.org/wiki/Giorgio_Chiellini,2026-08-02,1367104612
giorgio-chiellini,Q80306,Giorgio Chiellini,1984-08-14,Italy,centre-back,CB,DEF,retired,2011–12,2011–12,2011,2012,split_year,27,juventus,Juventus,serie-a,Serie A,34,2,domestic_league,False,professional_or_unknown,True,,Wikipedia,https://en.wikipedia.org/wiki/Giorgio_Chiellini,2026-08-02,1367104612
giorgio-chiellini,Q80306,Giorgio Chiellini,1984-08-14,Italy,centre-back,CB,DEF,retired,2012–13,2012–13,2012,2013,split_year,28,juventus,Juventus,serie-a,Serie A,24,1,domestic_league,False,professional_or_unknown,True,,Wikipedia,https://en.wikipedia.org/wiki/Giorgio_Chiellini,2026-08-02,1367104612
giorgio-chiellini,Q80306,Giorgio Chiellini,1984-08-14,Italy,centre-back,CB,DEF,retired,2013–14,2013–14,2013,2014,split_year,29,juventus,Juventus,serie-a,Serie A,31,3,domestic_league,False,professional_or_unknown,True,,Wikipedia,https://en.wikipedia.org/wiki/Giorgio_Chiellini,2026-08-02,1367104612
giorgio-chiellini,Q80306,Giorgio Chiellini,1984-08-14,Italy,centre-back,CB,DEF,retired,2014–15,2014–15,2014,2015,split_year,30,juventus,Juventus,serie-a,Serie A,28,0,domestic_league,False,professional_or_unknown,True,,Wikipedia,https://en.wikipedia.org/wiki/Giorgio_Chiellini,2026-08-02,1367104612
giorgio-chiellini,Q80306,Giorgio Chiellini,1984-08-14,Italy,centre-back,CB,DEF,retired,2015–16,2015–16,2015,2016,split_year,31,juventus,Juventus,serie-a,Serie A,24,1,domestic_league,False,professional_or_unknown,True,,Wikipedia,https://en.wikipedia.org/wiki/Giorgio_Chiellini,2026-08-02,1367104612
giorgio-chiellini,Q80306,Giorgio Chiellini,1984-08-14,Italy,centre-back,CB,DEF,retired,2016–17,2016–17,2016,2017,split_year,32,juventus,Juventus,serie-a,Serie A,21,2,domestic_league,False,professional_or_unknown,True,,Wikipedia,https://en.wikipedia.org/wiki/Giorgio_Chiellini,2026-08-02,1367104612
giorgio-chiellini,Q80306,Giorgio Chiellini,1984-08-14,Italy,centre-back,CB,DEF,retired,2017–18,2017–18,2017,2018,split_year,33,juventus,Juventus,serie-a,Serie A,26,0,domestic_league,False,professional_or_unknown,True,,Wikipedia,https://en.wikipedia.org/wiki/Giorgio_Chiellini,2026-08-02,1367104612
giorgio-chiellini,Q80306,Giorgio Chiellini,1984-08-14,Italy,centre-back,CB,DEF,retired,2018–19,2018–19,2018,2019,split_year,34,juventus,Juventus,serie-a,Serie A,25,1,domestic_league,False,professional_or_unknown,True,,Wikipedia,https://en.wikipedia.org/wiki/Giorgio_Chiellini,2026-08-02,1367104612
giorgio-chiellini,Q80306,Giorgio Chiellini,1984-08-14,Italy,centre-back,CB,DEF,retired,2019–20,2019–20,2019,2020,split_year,35,juventus,Juventus,serie-a,Serie A,4,1,domestic_league,False,professional_or_unknown,True,,Wikipedia,https://en.wikipedia.org/wiki/Giorgio_Chiellini,2026-08-02,1367104612
giorgio-chiellini,Q80306,Giorgio Chiellini,1984-08-14,Italy,centre-back,CB,DEF,retired,2020–21,2020–21,2020,2021,split_year,36,juventus,Juventus,serie-a,Serie A,17,0,domestic_league,False,professional_or_unknown,True,,Wikipedia,https://en.wikipedia.org/wiki/Giorgio_Chiellini,2026-08-02,1367104612
giorgio-chiellini,Q80306,Giorgio Chiellini,1984-08-14,Italy,centre-back,CB,DEF,retired,2021–22,2021–22,2021,2022,split_year,37,juventus,Juventus,serie-a,Serie A,21,0,domestic_league,False,professional_or_unknown,True,,Wikipedia,https://en.wikipedia.org/wiki/Giorgio_Chiellini,2026-08-02,1367104612
giorgio-chiellini,Q80306,Giorgio Chiellini,1984-08-14,Italy,centre-back,CB,DEF,retired,2022,2022,2022,2022,calendar_year,38,los-angeles-fc,Los Angeles FC,major-league-soccer,Major League Soccer,11,0,domestic_league,False,professional_or_unknown,True,,Wikipedia,https://en.wikipedia.org/wiki/Giorgio_Chiellini,2026-08-02,1367104612
giorgio-chiellini,Q80306,Giorgio Chiellini,1984-08-14,Italy,centre-back,CB,DEF,retired,2023,2023,2023,2023,calendar_year,39,los-angeles-fc,Los Angeles FC,major-league-soccer,Major League Soccer,20,1,domestic_league,False,professional_or_unknown,True,,Wikipedia,https://en.wikipedia.org/wiki/Giorgio_Chiellini,2026-08-02,1367104612
gonzalo-higuain,Q483846,Gonzalo Higuaín,1987-12-10,Argentina,forward,FW,FWD,retired,2004–05,2004–05,2004,2005,split_year,17,river-plate,River Plate,argentine-primera-division,Argentine Primera División,4,0,domestic_league,False,professional_or_unknown,True,,Wikipedia,https://en.wikipedia.org/wiki/Gonzalo_Higuaín,2026-08-02,1363121193
gonzalo-higuain,Q483846,Gonzalo Higuaín,1987-12-10,Argentina,forward,FW,FWD,retired,2005–06,2005–06,2005,2006,split_year,18,river-plate,River Plate,argentine-primera-division,Argentine Primera División,14,5,domestic_league,False,professional_or_unknown,True,,Wikipedia,https://en.wikipedia.org/wiki/Gonzalo_Higuaín,2026-08-02,1363121193
gonzalo-higuain,Q483846,Gonzalo Higuaín,1987-12-10,Argentina,forward,FW,FWD,retired,2006–07,2006–07,2006,2007,split_year,19,real-madrid,Real Madrid,la-liga,La Liga,19,2,domestic_league,False,professional_or_unknown,True,,Wikipedia,https://en.wikipedia.org/wiki/Gonzalo_Higuaín,2026-08-02,1363121193
gonzalo-higuain,Q483846,Gonzalo Higuaín,1987-12-10,Argentina,forward,FW,FWD,retired,2006–07,2006–07,2006,2007,split_year,19,river-plate,River Plate,argentine-primera-division,Argentine Primera División,17,8,domestic_league,False,professional_or_unknown,True,,Wikipedia,https://en.wikipedia.org/wiki/Gonzalo_Higuaín,2026-08-02,1363121193
gonzalo-higuain,Q483846,Gonzalo Higuaín,1987-12-10,Argentina,forward,FW,FWD,retired,2007–08,2007–08,2007,2008,split_year,20,real-madrid,Real Madrid,la-liga,La Liga,25,8,domestic_league,False,professional_or_unknown,True,,Wikipedia,https://en.wikipedia.org/wiki/Gonzalo_Higuaín,2026-08-02,1363121193
gonzalo-higuain,Q483846,Gonzalo Higuaín,1987-12-10,Argentina,forward,FW,FWD,retired,2008–09,2008–09,2008,2009,split_year,21,real-madrid,Real Madrid,la-liga,La Liga,34,22,domestic_league,False,professional_or_unknown,True,,Wikipedia,https://en.wikipedia.org/wiki/Gonzalo_Higuaín,2026-08-02,1363121193
gonzalo-higuain,Q483846,Gonzalo Higuaín,1987-12-10,Argentina,forward,FW,FWD,retired,2009–10,2009–10,2009,2010,split_year,22,real-madrid,Real Madrid,la-liga,La Liga,32,27,domestic_league,False,professional_or_unknown,True,,Wikipedia,https://en.wikipedia.org/wiki/Gonzalo_Higuaín,2026-08-02,1363121193
gonzalo-higuain,Q483846,Gonzalo Higuaín,1987-12-10,Argentina,forward,FW,FWD,retired,2010–11,2010–11,2010,2011,split_year,23,real-madrid,Real Madrid,la-liga,La Liga,17,10,domestic_league,False,professional_or_unknown,True,,Wikipedia,https://en.wikipedia.org/wiki/Gonzalo_Higuaín,2026-08-02,1363121193
gonzalo-higuain,Q483846,Gonzalo Higuaín,1987-12-10,Argentina,forward,FW,FWD,retired,2011–12,2011–12,2011,2012,split_year,24,real-madrid,Real Madrid,la-liga,La Liga,35,22,domestic_league,False,professional_or_unknown,True,,Wikipedia,https://en.wikipedia.org/wiki/Gonzalo_Higuaín,2026-08-02,1363121193
gonzalo-higuain,Q483846,Gonzalo Higuaín,1987-12-10,Argentina,forward,FW,FWD,retired,2012–13,2012–13,2012,2013,split_year,25,real-madrid,Real Madrid,la-liga,La Liga,28,16,domestic_league,False,professional_or_unknown,True,,Wikipedia,https://en.wikipedia.org/wiki/Gonzalo_Higuaín,2026-08-02,1363121193
gonzalo-higuain,Q483846,Gonzalo Higuaín,1987-12-10,Argentina,forward,FW,FWD,retired,2013–14,2013–14,2013,2014,split_year,26,napoli,Napoli,serie-a,Serie A,32,17,domestic_league,False,professional_or_unknown,True,,Wikipedia,https://en.wikipedia.org/wiki/Gonzalo_Higuaín,2026-08-02,1363121193
gonzalo-higuain,Q483846,Gonzalo Higuaín,1987-12-10,Argentina,forward,FW,FWD,retired,2014–15,2014–15,2014,2015,split_year,27,napoli,Napoli,serie-a,Serie A,37,18,domestic_league,False,professional_or_unknown,True,,Wikipedia,https://en.wikipedia.org/wiki/Gonzalo_Higuaín,2026-08-02,1363121193
gonzalo-higuain,Q483846,Gonzalo Higuaín,1987-12-10,Argentina,forward,FW,FWD,retired,2015–16,2015–16,2015,2016,split_year,28,napoli,Napoli,serie-a,Serie A,35,36,domestic_league,False,professional_or_unknown,True,,Wikipedia,https://en.wikipedia.org/wiki/Gonzalo_Higuaín,2026-08-02,1363121193
gonzalo-higuain,Q483846,Gonzalo Higuaín,1987-12-10,Argentina,forward,FW,FWD,retired,2016–17,2016–17,2016,2017,split_year,29,juventus,Juventus,serie-a,Serie A,38,24,domestic_league,False,professional_or_unknown,True,,Wikipedia,https://en.wikipedia.org/wiki/Gonzalo_Higuaín,2026-08-02,1363121193
gonzalo-higuain,Q483846,Gonzalo Higuaín,1987-12-10,Argentina,forward,FW,FWD,retired,2017–18,2017–18,2017,2018,split_year,30,juventus,Juventus,serie-a,Serie A,35,16,domestic_league,False,professional_or_unknown,True,,Wikipedia,https://en.wikipedia.org/wiki/Gonzalo_Higuaín,2026-08-02,1363121193
gonzalo-higuain,Q483846,Gonzalo Higuaín,1987-12-10,Argentina,forward,FW,FWD,retired,2018–19,2018–19,2018,2019,split_year,31,ac-milan-loan,AC Milan (loan),serie-a,Serie A,15,6,domestic_league,False,professional_or_unknown,True,,Wikipedia,https://en.wikipedia.org/wiki/Gonzalo_Higuaín,2026-08-02,1363121193
gonzalo-higuain,Q483846,Gonzalo Higuaín,1987-12-10,Argentina,forward,FW,FWD,retired,2018–19,2018–19,2018,2019,split_year,31,chelsea-loan,Chelsea (loan),premier-league,Premier League,14,5,domestic_league,False,professional_or_unknown,True,,Wikipedia,https://en.wikipedia.org/wiki/Gonzalo_Higuaín,2026-08-02,1363121193
gonzalo-higuain,Q483846,Gonzalo Higuaín,1987-12-10,Argentina,forward,FW,FWD,retired,2019–20,2019–20,2019,2020,split_year,32,juventus,Juventus,serie-a,Serie A,32,8,domestic_league,False,professional_or_unknown,True,,Wikipedia,https://en.wikipedia.org/wiki/Gonzalo_Higuaín,2026-08-02,1363121193
gonzalo-higuain,Q483846,Gonzalo Higuaín,1987-12-10,Argentina,forward,FW,FWD,retired,2020,2020,2020,2020,calendar_year,33,inter-miami,Inter Miami,mls,MLS,9,1,domestic_league,False,professional_or_unknown,True,,Wikipedia,https://en.wikipedia.org/wiki/Gonzalo_Higuaín,2026-08-02,1363121193
gonzalo-higuain,Q483846,Gonzalo Higuaín,1987-12-10,Argentina,forward,FW,FWD,retired,2021,2021,2021,2021,calendar_year,34,inter-miami,Inter Miami,mls,MLS,30,12,domestic_league,False,professional_or_unknown,True,,Wikipedia,https://en.wikipedia.org/wiki/Gonzalo_Higuaín,2026-08-02,1363121193
gonzalo-higuain,Q483846,Gonzalo Higuaín,1987-12-10,Argentina,forward,FW,FWD,retired,2022,2022,2022,2022,calendar_year,35,inter-miami,Inter Miami,mls,MLS,28,16,domestic_league,False,professional_or_unknown,True,,Wikipedia,https://en.wikipedia.org/wiki/Gonzalo_Higuaín,2026-08-02,1363121193
hakan-calhanoglu,Q763465,Hakan Çalhanoğlu,1994-02-08,Germany,midfielder,CM,MID,active,2011–12,2011–12,2011,2012,split_year,17,karlsruher-sc,Karlsruher SC,2-bundesliga,2. Bundesliga,14,0,domestic_league,False,professional_or_unknown,True,,Wikipedia,https://en.wikipedia.org/wiki/Hakan_Çalhanoğlu,2026-08-02,1366515363
hakan-calhanoglu,Q763465,Hakan Çalhanoğlu,1994-02-08,Germany,midfielder,CM,MID,active,2012–13,2012–13,2012,2013,split_year,18,karlsruher-sc,Karlsruher SC,3-liga,3. Liga,36,17,domestic_league,False,professional_or_unknown,True,,Wikipedia,https://en.wikipedia.org/wiki/Hakan_Çalhanoğlu,2026-08-02,1366515363
hakan-calhanoglu,Q763465,Hakan Çalhanoğlu,1994-02-08,Germany,midfielder,CM,MID,active,2013–14,2013–14,2013,2014,split_year,19,hamburger-sv,Hamburger SV,bundesliga,Bundesliga,32,11,domestic_league,False,professional_or_unknown,True,,Wikipedia,https://en.wikipedia.org/wiki/Hakan_Çalhanoğlu,2026-08-02,1366515363
hakan-calhanoglu,Q763465,Hakan Çalhanoğlu,1994-02-08,Germany,midfielder,CM,MID,active,2014–15,2014–15,2014,2015,split_year,20,bayer-leverkusen,Bayer Leverkusen,bundesliga,Bundesliga,33,8,domestic_league,False,professional_or_unknown,True,,Wikipedia,https://en.wikipedia.org/wiki/Hakan_Çalhanoğlu,2026-08-02,1366515363
hakan-calhanoglu,Q763465,Hakan Çalhanoğlu,1994-02-08,Germany,midfielder,CM,MID,active,2015–16,2015–16,2015,2016,split_year,21,bayer-leverkusen,Bayer Leverkusen,bundesliga,Bundesliga,31,3,domestic_league,False,professional_or_unknown,True,,Wikipedia,https://en.wikipedia.org/wiki/Hakan_Çalhanoğlu,2026-08-02,1366515363
hakan-calhanoglu,Q763465,Hakan Çalhanoğlu,1994-02-08,Germany,midfielder,CM,MID,active,2016–17,2016–17,2016,2017,split_year,22,bayer-leverkusen,Bayer Leverkusen,bundesliga,Bundesliga,15,6,domestic_league,False,professional_or_unknown,True,,Wikipedia,https://en.wikipedia.org/wiki/Hakan_Çalhanoğlu,2026-08-02,1366515363
hakan-calhanoglu,Q763465,Hakan Çalhanoğlu,1994-02-08,Germany,midfielder,CM,MID,active,2017–18,2017–18,2017,2018,split_year,23,ac-milan,AC Milan,serie-a,Serie A,31,6,domestic_league,False,professional_or_unknown,True,,Wikipedia,https://en.wikipedia.org/wiki/Hakan_Çalhanoğlu,2026-08-02,1366515363
hakan-calhanoglu,Q763465,Hakan Çalhanoğlu,1994-02-08,Germany,midfielder,CM,MID,active,2018–19,2018–19,2018,2019,split_year,24,ac-milan,AC Milan,serie-a,Serie A,36,3,domestic_league,False,professional_or_unknown,True,,Wikipedia,https://en.wikipedia.org/wiki/Hakan_Çalhanoğlu,2026-08-02,1366515363
hakan-calhanoglu,Q763465,Hakan Çalhanoğlu,1994-02-08,Germany,midfielder,CM,MID,active,2019–20,2019–20,2019,2020,split_year,25,ac-milan,AC Milan,serie-a,Serie A,35,9,domestic_league,False,professional_or_unknown,True,,Wikipedia,https://en.wikipedia.org/wiki/Hakan_Çalhanoğlu,2026-08-02,1366515363
hakan-calhanoglu,Q763465,Hakan Çalhanoğlu,1994-02-08,Germany,midfielder,CM,MID,active,2020–21,2020–21,2020,2021,split_year,26,ac-milan,AC Milan,serie-a,Serie A,33,4,domestic_league,False,professional_or_unknown,True,,Wikipedia,https://en.wikipedia.org/wiki/Hakan_Çalhanoğlu,2026-08-02,1366515363
hakan-calhanoglu,Q763465,Hakan Çalhanoğlu,1994-02-08,Germany,midfielder,CM,MID,active,2021–22,2021–22,2021,2022,split_year,27,inter-milan,Inter Milan,serie-a,Serie A,34,7,domestic_league,False,professional_or_unknown,True,,Wikipedia,https://en.wikipedia.org/wiki/Hakan_Çalhanoğlu,2026-08-02,1366515363
hakan-calhanoglu,Q763465,Hakan Çalhanoğlu,1994-02-08,Germany,midfielder,CM,MID,active,2022–23,2022–23,2022,2023,split_year,28,inter-milan,Inter Milan,serie-a,Serie A,33,3,domestic_league,False,professional_or_unknown,True,,Wikipedia,https://en.wikipedia.org/wiki/Hakan_Çalhanoğlu,2026-08-02,1366515363
hakan-calhanoglu,Q763465,Hakan Çalhanoğlu,1994-02-08,Germany,midfielder,CM,MID,active,2023–24,2023–24,2023,2024,split_year,29,inter-milan,Inter Milan,serie-a,Serie A,32,13,domestic_league,False,professional_or_unknown,True,,Wikipedia,https://en.wikipedia.org/wiki/Hakan_Çalhanoğlu,2026-08-02,1366515363
hakan-calhanoglu,Q763465,Hakan Çalhanoğlu,1994-02-08,Germany,midfielder,CM,MID,active,2024–25,2024–25,2024,2025,split_year,30,inter-milan,Inter Milan,serie-a,Serie A,29,5,domestic_league,False,professional_or_unknown,True,,Wikipedia,https://en.wikipedia.org/wiki/Hakan_Çalhanoğlu,2026-08-02,1366515363
hakan-calhanoglu,Q763465,Hakan Çalhanoğlu,1994-02-08,Germany,midfielder,CM,MID,active,2025–26,2025–26,2025,2026,split_year,31,inter-milan,Inter Milan,serie-a,Serie A,22,9,domestic_league,False,professional_or_unknown,True,,Wikipedia,https://en.wikipedia.org/wiki/Hakan_Çalhanoğlu,2026-08-02,1366515363
harry-kane,Q969725,Harry Kane,1993-07-28,United Kingdom,forward,FW,FWD,active,2010–11,2010–11,2010,2011,split_year,17,leyton-orient-loan,Leyton Orient (loan),league-one,League One,18,5,domestic_league,False,professional_or_unknown,True,,Wikipedia,https://en.wikipedia.org/wiki/Harry_Kane,2026-08-02,1367104794
harry-kane,Q969725,Harry Kane,1993-07-28,United Kingdom,forward,FW,FWD,active,2010–11,2010–11,2010,2011,split_year,17,tottenham-hotspur,Tottenham Hotspur,premier-league,Premier League,0,0,domestic_league,False,professional_or_unknown,True,,Wikipedia,https://en.wikipedia.org/wiki/Harry_Kane,2026-08-02,1367104794
harry-kane,Q969725,Harry Kane,1993-07-28,United Kingdom,forward,FW,FWD,active,2011–12,2011–12,2011,2012,split_year,18,millwall-loan,Millwall (loan),championship,Championship,22,7,domestic_league,False,professional_or_unknown,True,,Wikipedia,https://en.wikipedia.org/wiki/Harry_Kane,2026-08-02,1367104794
harry-kane,Q969725,Harry Kane,1993-07-28,United Kingdom,forward,FW,FWD,active,2011–12,2011–12,2011,2012,split_year,18,tottenham-hotspur,Tottenham Hotspur,premier-league,Premier League,0,0,domestic_league,False,professional_or_unknown,True,,Wikipedia,https://en.wikipedia.org/wiki/Harry_Kane,2026-08-02,1367104794
harry-kane,Q969725,Harry Kane,1993-07-28,United Kingdom,forward,FW,FWD,active,2012–13,2012–13,2012,2013,split_year,19,leicester-city-loan,Leicester City (loan),championship,Championship,13,2,domestic_league,False,professional_or_unknown,True,,Wikipedia,https://en.wikipedia.org/wiki/Harry_Kane,2026-08-02,1367104794
harry-kane,Q969725,Harry Kane,1993-07-28,United Kingdom,forward,FW,FWD,active,2012–13,2012–13,2012,2013,split_year,19,norwich-city-loan,Norwich City (loan),premier-league,Premier League,3,0,domestic_league,False,professional_or_unknown,True,,Wikipedia,https://en.wikipedia.org/wiki/Harry_Kane,2026-08-02,1367104794
harry-kane,Q969725,Harry Kane,1993-07-28,United Kingdom,forward,FW,FWD,active,2012–13,2012–13,2012,2013,split_year,19,tottenham-hotspur,Tottenham Hotspur,premier-league,Premier League,1,0,domestic_league,False,professional_or_unknown,True,,Wikipedia,https://en.wikipedia.org/wiki/Harry_Kane,2026-08-02,1367104794
harry-kane,Q969725,Harry Kane,1993-07-28,United Kingdom,forward,FW,FWD,active,2013–14,2013–14,2013,2014,split_year,20,tottenham-hotspur,Tottenham Hotspur,premier-league,Premier League,10,3,domestic_league,False,professional_or_unknown,True,,Wikipedia,https://en.wikipedia.org/wiki/Harry_Kane,2026-08-02,1367104794
harry-kane,Q969725,Harry Kane,1993-07-28,United Kingdom,forward,FW,FWD,active,2014–15,2014–15,2014,2015,split_year,21,tottenham-hotspur,Tottenham Hotspur,premier-league,Premier League,34,21,domestic_league,False,professional_or_unknown,True,,Wikipedia,https://en.wikipedia.org/wiki/Harry_Kane,2026-08-02,1367104794
harry-kane,Q969725,Harry Kane,1993-07-28,United Kingdom,forward,FW,FWD,active,2015–16,2015–16,2015,2016,split_year,22,tottenham-hotspur,Tottenham Hotspur,premier-league,Premier League,38,25,domestic_league,False,professional_or_unknown,True,,Wikipedia,https://en.wikipedia.org/wiki/Harry_Kane,2026-08-02,1367104794
harry-kane,Q969725,Harry Kane,1993-07-28,United Kingdom,forward,FW,FWD,active,2016–17,2016–17,2016,2017,split_year,23,tottenham-hotspur,Tottenham Hotspur,premier-league,Premier League,30,29,domestic_league,False,professional_or_unknown,True,,Wikipedia,https://en.wikipedia.org/wiki/Harry_Kane,2026-08-02,1367104794
harry-kane,Q969725,Harry Kane,1993-07-28,United Kingdom,forward,FW,FWD,active,2017–18,2017–18,2017,2018,split_year,24,tottenham-hotspur,Tottenham Hotspur,premier-league,Premier League,37,30,domestic_league,False,professional_or_unknown,True,,Wikipedia,https://en.wikipedia.org/wiki/Harry_Kane,2026-08-02,1367104794
harry-kane,Q969725,Harry Kane,1993-07-28,United Kingdom,forward,FW,FWD,active,2018–19,2018–19,2018,2019,split_year,25,tottenham-hotspur,Tottenham Hotspur,premier-league,Premier League,28,17,domestic_league,False,professional_or_unknown,True,,Wikipedia,https://en.wikipedia.org/wiki/Harry_Kane,2026-08-02,1367104794
harry-kane,Q969725,Harry Kane,1993-07-28,United Kingdom,forward,FW,FWD,active,2019–20,2019–20,2019,2020,split_year,26,tottenham-hotspur,Tottenham Hotspur,premier-league,Premier League,29,18,domestic_league,False,professional_or_unknown,True,,Wikipedia,https://en.wikipedia.org/wiki/Harry_Kane,2026-08-02,1367104794
harry-kane,Q969725,Harry Kane,1993-07-28,United Kingdom,forward,FW,FWD,active,2020–21,2020–21,2020,2021,split_year,27,tottenham-hotspur,Tottenham Hotspur,premier-league,Premier League,35,23,domestic_league,False,professional_or_unknown,True,,Wikipedia,https://en.wikipedia.org/wiki/Harry_Kane,2026-08-02,1367104794
harry-kane,Q969725,Harry Kane,1993-07-28,United Kingdom,forward,FW,FWD,active,2021–22,2021–22,2021,2022,split_year,28,tottenham-hotspur,Tottenham Hotspur,premier-league,Premier League,37,17,domestic_league,False,professional_or_unknown,True,,Wikipedia,https://en.wikipedia.org/wiki/Harry_Kane,2026-08-02,1367104794
harry-kane,Q969725,Harry Kane,1993-07-28,United Kingdom,forward,FW,FWD,active,2022–23,2022–23,2022,2023,split_year,29,tottenham-hotspur,Tottenham Hotspur,premier-league,Premier League,38,30,domestic_league,False,professional_or_unknown,True,,Wikipedia,https://en.wikipedia.org/wiki/Harry_Kane,2026-08-02,1367104794
harry-kane,Q969725,Harry Kane,1993-07-28,United Kingdom,forward,FW,FWD,active,2023–24,2023–24,2023,2024,split_year,30,bayern-munich,Bayern Munich,bundesliga,Bundesliga,32,36,domestic_league,False,professional_or_unknown,True,,Wikipedia,https://en.wikipedia.org/wiki/Harry_Kane,2026-08-02,1367104794
harry-kane,Q969725,Harry Kane,1993-07-28,United Kingdom,forward,FW,FWD,active,2024–25,2024–25,2024,2025,split_year,31,bayern-munich,Bayern Munich,bundesliga,Bundesliga,31,26,domestic_league,False,professional_or_unknown,True,,Wikipedia,https://en.wikipedia.org/wiki/Harry_Kane,2026-08-02,1367104794
harry-kane,Q969725,Harry Kane,1993-07-28,United Kingdom,forward,FW,FWD,active,2025–26,2025–26,2025,2026,split_year,32,bayern-munich,Bayern Munich,bundesliga,Bundesliga,31,36,domestic_league,False,professional_or_unknown,True,,Wikipedia,https://en.wikipedia.org/wiki/Harry_Kane,2026-08-02,1367104794
ilkay-gundogan,Q161089,İlkay Gündoğan,1990-10-24,Germany,midfielder,CM,MID,active,2008–09,2008–09,2008,2009,split_year,18,1-fc-nurnberg,1. FC Nürnberg,2-bundesliga,2. Bundesliga,1,0,domestic_league,False,professional_or_unknown,True,,Wikipedia,https://en.wikipedia.org/wiki/İlkay_Gündoğan,2026-08-02,1363884623
ilkay-gundogan,Q161089,İlkay Gündoğan,1990-10-24,Germany,midfielder,CM,MID,active,2009–10,2009–10,2009,2010,split_year,19,1-fc-nurnberg,1. FC Nürnberg,bundesliga,Bundesliga,22,1,domestic_league,False,professional_or_unknown,True,,Wikipedia,https://en.wikipedia.org/wiki/İlkay_Gündoğan,2026-08-02,1363884623
ilkay-gundogan,Q161089,İlkay Gündoğan,1990-10-24,Germany,midfielder,CM,MID,active,2010–11,2010–11,2010,2011,split_year,20,1-fc-nurnberg,1. FC Nürnberg,bundesliga,Bundesliga,25,5,domestic_league,False,professional_or_unknown,True,,Wikipedia,https://en.wikipedia.org/wiki/İlkay_Gündoğan,2026-08-02,1363884623
ilkay-gundogan,Q161089,İlkay Gündoğan,1990-10-24,Germany,midfielder,CM,MID,active,2011–12,2011–12,2011,2012,split_year,21,borussia-dortmund,Borussia Dortmund,bundesliga,Bundesliga,28,3,domestic_league,False,professional_or_unknown,True,,Wikipedia,https://en.wikipedia.org/wiki/İlkay_Gündoğan,2026-08-02,1363884623
ilkay-gundogan,Q161089,İlkay Gündoğan,1990-10-24,Germany,midfielder,CM,MID,active,2012–13,2012–13,2012,2013,split_year,22,borussia-dortmund,Borussia Dortmund,bundesliga,Bundesliga,28,3,domestic_league,False,professional_or_unknown,True,,Wikipedia,https://en.wikipedia.org/wiki/İlkay_Gündoğan,2026-08-02,1363884623
ilkay-gundogan,Q161089,İlkay Gündoğan,1990-10-24,Germany,midfielder,CM,MID,active,2013–14,2013–14,2013,2014,split_year,23,borussia-dortmund,Borussia Dortmund,bundesliga,Bundesliga,1,0,domestic_league,False,professional_or_unknown,True,,Wikipedia,https://en.wikipedia.org/wiki/İlkay_Gündoğan,2026-08-02,1363884623
ilkay-gundogan,Q161089,İlkay Gündoğan,1990-10-24,Germany,midfielder,CM,MID,active,2014–15,2014–15,2014,2015,split_year,24,borussia-dortmund,Borussia Dortmund,bundesliga,Bundesliga,23,3,domestic_league,False,professional_or_unknown,True,,Wikipedia,https://en.wikipedia.org/wiki/İlkay_Gündoğan,2026-08-02,1363884623
ilkay-gundogan,Q161089,İlkay Gündoğan,1990-10-24,Germany,midfielder,CM,MID,active,2015–16,2015–16,2015,2016,split_year,25,borussia-dortmund,Borussia Dortmund,bundesliga,Bundesliga,25,1,domestic_league,False,professional_or_unknown,True,,Wikipedia,https://en.wikipedia.org/wiki/İlkay_Gündoğan,2026-08-02,1363884623
ilkay-gundogan,Q161089,İlkay Gündoğan,1990-10-24,Germany,midfielder,CM,MID,active,2016–17,2016–17,2016,2017,split_year,26,manchester-city,Manchester City,premier-league,Premier League,10,3,domestic_league,False,professional_or_unknown,True,,Wikipedia,https://en.wikipedia.org/wiki/İlkay_Gündoğan,2026-08-02,1363884623
ilkay-gundogan,Q161089,İlkay Gündoğan,1990-10-24,Germany,midfielder,CM,MID,active,2017–18,2017–18,2017,2018,split_year,27,manchester-city,Manchester City,premier-league,Premier League,30,4,domestic_league,False,professional_or_unknown,True,,Wikipedia,https://en.wikipedia.org/wiki/İlkay_Gündoğan,2026-08-02,1363884623
ilkay-gundogan,Q161089,İlkay Gündoğan,1990-10-24,Germany,midfielder,CM,MID,active,2018–19,2018–19,2018,2019,split_year,28,manchester-city,Manchester City,premier-league,Premier League,31,6,domestic_league,False,professional_or_unknown,True,,Wikipedia,https://en.wikipedia.org/wiki/İlkay_Gündoğan,2026-08-02,1363884623
ilkay-gundogan,Q161089,İlkay Gündoğan,1990-10-24,Germany,midfielder,CM,MID,active,2019–20,2019–20,2019,2020,split_year,29,manchester-city,Manchester City,premier-league,Premier League,31,2,domestic_league,False,professional_or_unknown,True,,Wikipedia,https://en.wikipedia.org/wiki/İlkay_Gündoğan,2026-08-02,1363884623
ilkay-gundogan,Q161089,İlkay Gündoğan,1990-10-24,Germany,midfielder,CM,MID,active,2020–21,2020–21,2020,2021,split_year,30,manchester-city,Manchester City,premier-league,Premier League,28,13,domestic_league,False,professional_or_unknown,True,,Wikipedia,https://en.wikipedia.org/wiki/İlkay_Gündoğan,2026-08-02,1363884623
ilkay-gundogan,Q161089,İlkay Gündoğan,1990-10-24,Germany,midfielder,CM,MID,active,2021–22,2021–22,2021,2022,split_year,31,manchester-city,Manchester City,premier-league,Premier League,27,8,domestic_league,False,professional_or_unknown,True,,Wikipedia,https://en.wikipedia.org/wiki/İlkay_Gündoğan,2026-08-02,1363884623
ilkay-gundogan,Q161089,İlkay Gündoğan,1990-10-24,Germany,midfielder,CM,MID,active,2022–23,2022–23,2022,2023,split_year,32,manchester-city,Manchester City,premier-league,Premier League,31,8,domestic_league,False,professional_or_unknown,True,,Wikipedia,https://en.wikipedia.org/wiki/İlkay_Gündoğan,2026-08-02,1363884623
ilkay-gundogan,Q161089,İlkay Gündoğan,1990-10-24,Germany,midfielder,CM,MID,active,2023–24,2023–24,2023,2024,split_year,33,barcelona,Barcelona,la-liga,La Liga,36,5,domestic_league,False,professional_or_unknown,True,,Wikipedia,https://en.wikipedia.org/wiki/İlkay_Gündoğan,2026-08-02,1363884623
ilkay-gundogan,Q161089,İlkay Gündoğan,1990-10-24,Germany,midfielder,CM,MID,active,2024–25,2024–25,2024,2025,split_year,34,manchester-city,Manchester City,premier-league,Premier League,33,1,domestic_league,False,professional_or_unknown,True,,Wikipedia,https://en.wikipedia.org/wiki/İlkay_Gündoğan,2026-08-02,1363884623
ilkay-gundogan,Q161089,İlkay Gündoğan,1990-10-24,Germany,midfielder,CM,MID,active,2025–26,2025–26,2025,2026,split_year,35,galatasaray,Galatasaray,super-lig,Süper Lig,24,2,domestic_league,False,professional_or_unknown,True,,Wikipedia,https://en.wikipedia.org/wiki/İlkay_Gündoğan,2026-08-02,1363884623
ivan-rakitic,Q115453,Ivan Rakitić,1988-03-10,Switzerland,midfielder,CM,MID,active,2004–05,2004–05,2004,2005,split_year,16,nordstern-basel,Nordstern Basel,2-liga-interregional,2. Liga Interregional,0,0,domestic_league,False,professional_or_unknown,True,,Wikipedia,https://en.wikipedia.org/wiki/Ivan_Rakitić,2026-08-02,1363520661
ivan-rakitic,Q115453,Ivan Rakitić,1988-03-10,Switzerland,midfielder,CM,MID,active,2005–06,2005–06,2005,2006,split_year,17,basel,Basel,swiss-super-league,Swiss Super League,1,0,domestic_league,False,professional_or_unknown,True,,Wikipedia,https://en.wikipedia.org/wiki/Ivan_Rakitić,2026-08-02,1363520661
ivan-rakitic,Q115453,Ivan Rakitić,1988-03-10,Switzerland,midfielder,CM,MID,active,2006–07,2006–07,2006,2007,split_year,18,basel,Basel,swiss-super-league,Swiss Super League,33,11,domestic_league,False,professional_or_unknown,True,,Wikipedia,https://en.wikipedia.org/wiki/Ivan_Rakitić,2026-08-02,1363520661
ivan-rakitic,Q115453,Ivan Rakitić,1988-03-10,Switzerland,midfielder,CM,MID,active,2007–08,2007–08,2007,2008,split_year,19,schalke-04,Schalke 04,bundesliga,Bundesliga,29,3,domestic_league,False,professional_or_unknown,True,,Wikipedia,https://en.wikipedia.org/wiki/Ivan_Rakitić,2026-08-02,1363520661
ivan-rakitic,Q115453,Ivan Rakitić,1988-03-10,Switzerland,midfielder,CM,MID,active,2008–09,2008–09,2008,2009,split_year,20,schalke-04,Schalke 04,bundesliga,Bundesliga,23,1,domestic_league,False,professional_or_unknown,True,,Wikipedia,https://en.wikipedia.org/wiki/Ivan_Rakitić,2026-08-02,1363520661
ivan-rakitic,Q115453,Ivan Rakitić,1988-03-10,Switzerland,midfielder,CM,MID,active,2009–10,2009–10,2009,2010,split_year,21,schalke-04,Schalke 04,bundesliga,Bundesliga,29,7,domestic_league,False,professional_or_unknown,True,,Wikipedia,https://en.wikipedia.org/wiki/Ivan_Rakitić,2026-08-02,1363520661
ivan-rakitic,Q115453,Ivan Rakitić,1988-03-10,Switzerland,midfielder,CM,MID,active,2010–11,2010–11,2010,2011,split_year,22,schalke-04,Schalke 04,bundesliga,Bundesliga,16,1,domestic_league,False,professional_or_unknown,True,,Wikipedia,https://en.wikipedia.org/wiki/Ivan_Rakitić,2026-08-02,1363520661
ivan-rakitic,Q115453,Ivan Rakitić,1988-03-10,Switzerland,midfielder,CM,MID,active,2010–11,2010–11,2010,2011,split_year,22,sevilla,Sevilla,la-liga,La Liga,13,5,domestic_league,False,professional_or_unknown,True,,Wikipedia,https://en.wikipedia.org/wiki/Ivan_Rakitić,2026-08-02,1363520661
ivan-rakitic,Q115453,Ivan Rakitić,1988-03-10,Switzerland,midfielder,CM,MID,active,2011–12,2011–12,2011,2012,split_year,23,sevilla,Sevilla,la-liga,La Liga,36,0,domestic_league,False,professional_or_unknown,True,,Wikipedia,https://en.wikipedia.org/wiki/Ivan_Rakitić,2026-08-02,1363520661
ivan-rakitic,Q115453,Ivan Rakitić,1988-03-10,Switzerland,midfielder,CM,MID,active,2012–13,2012–13,2012,2013,split_year,24,sevilla,Sevilla,la-liga,La Liga,34,8,domestic_league,False,professional_or_unknown,True,,Wikipedia,https://en.wikipedia.org/wiki/Ivan_Rakitić,2026-08-02,1363520661
ivan-rakitic,Q115453,Ivan Rakitić,1988-03-10,Switzerland,midfielder,CM,MID,active,2013–14,2013–14,2013,2014,split_year,25,sevilla,Sevilla,la-liga,La Liga,34,12,domestic_league,False,professional_or_unknown,True,,Wikipedia,https://en.wikipedia.org/wiki/Ivan_Rakitić,2026-08-02,1363520661
ivan-rakitic,Q115453,Ivan Rakitić,1988-03-10,Switzerland,midfielder,CM,MID,active,2014–15,2014–15,2014,2015,split_year,26,barcelona,Barcelona,la-liga,La Liga,32,5,domestic_league,False,professional_or_unknown,True,,Wikipedia,https://en.wikipedia.org/wiki/Ivan_Rakitić,2026-08-02,1363520661
ivan-rakitic,Q115453,Ivan Rakitić,1988-03-10,Switzerland,midfielder,CM,MID,active,2015–16,2015–16,2015,2016,split_year,27,barcelona,Barcelona,la-liga,La Liga,36,7,domestic_league,False,professional_or_unknown,True,,Wikipedia,https://en.wikipedia.org/wiki/Ivan_Rakitić,2026-08-02,1363520661
ivan-rakitic,Q115453,Ivan Rakitić,1988-03-10,Switzerland,midfielder,CM,MID,active,2016–17,2016–17,2016,2017,split_year,28,barcelona,Barcelona,la-liga,La Liga,32,8,domestic_league,False,professional_or_unknown,True,,Wikipedia,https://en.wikipedia.org/wiki/Ivan_Rakitić,2026-08-02,1363520661
ivan-rakitic,Q115453,Ivan Rakitić,1988-03-10,Switzerland,midfielder,CM,MID,active,2017–18,2017–18,2017,2018,split_year,29,barcelona,Barcelona,la-liga,La Liga,35,1,domestic_league,False,professional_or_unknown,True,,Wikipedia,https://en.wikipedia.org/wiki/Ivan_Rakitić,2026-08-02,1363520661
ivan-rakitic,Q115453,Ivan Rakitić,1988-03-10,Switzerland,midfielder,CM,MID,active,2018–19,2018–19,2018,2019,split_year,30,barcelona,Barcelona,la-liga,La Liga,34,3,domestic_league,False,professional_or_unknown,True,,Wikipedia,https://en.wikipedia.org/wiki/Ivan_Rakitić,2026-08-02,1363520661
ivan-rakitic,Q115453,Ivan Rakitić,1988-03-10,Switzerland,midfielder,CM,MID,active,2019–20,2019–20,2019,2020,split_year,31,barcelona,Barcelona,la-liga,La Liga,31,1,domestic_league,False,professional_or_unknown,True,,Wikipedia,https://en.wikipedia.org/wiki/Ivan_Rakitić,2026-08-02,1363520661
ivan-rakitic,Q115453,Ivan Rakitić,1988-03-10,Switzerland,midfielder,CM,MID,active,2020–21,2020–21,2020,2021,split_year,32,sevilla,Sevilla,la-liga,La Liga,37,4,domestic_league,False,professional_or_unknown,True,,Wikipedia,https://en.wikipedia.org/wiki/Ivan_Rakitić,2026-08-02,1363520661
ivan-rakitic,Q115453,Ivan Rakitić,1988-03-10,Switzerland,midfielder,CM,MID,active,2021–22,2021–22,2021,2022,split_year,33,sevilla,Sevilla,la-liga,La Liga,35,4,domestic_league,False,professional_or_unknown,True,,Wikipedia,https://en.wikipedia.org/wiki/Ivan_Rakitić,2026-08-02,1363520661
ivan-rakitic,Q115453,Ivan Rakitić,1988-03-10,Switzerland,midfielder,CM,MID,active,2022–23,2022–23,2022,2023,split_year,34,sevilla,Sevilla,la-liga,La Liga,31,1,domestic_league,False,professional_or_unknown,True,,Wikipedia,https://en.wikipedia.org/wiki/Ivan_Rakitić,2026-08-02,1363520661
ivan-rakitic,Q115453,Ivan Rakitić,1988-03-10,Switzerland,midfielder,CM,MID,active,2023–24,2023–24,2023,2024,split_year,35,al-shabab,Al-Shabab,saudi-pro-league,Saudi Pro League,8,1,domestic_league,False,professional_or_unknown,True,,Wikipedia,https://en.wikipedia.org/wiki/Ivan_Rakitić,2026-08-02,1363520661
ivan-rakitic,Q115453,Ivan Rakitić,1988-03-10,Switzerland,midfielder,CM,MID,active,2023–24,2023–24,2023,2024,split_year,35,sevilla,Sevilla,la-liga,La Liga,18,2,domestic_league,False,professional_or_unknown,True,,Wikipedia,https://en.wikipedia.org/wiki/Ivan_Rakitić,2026-08-02,1363520661
ivan-rakitic,Q115453,Ivan Rakitić,1988-03-10,Switzerland,midfielder,CM,MID,active,2024–25,2024–25,2024,2025,split_year,36,hajduk-split,Hajduk Split,hnl,HNL,35,2,domestic_league,False,professional_or_unknown,True,,Wikipedia,https://en.wikipedia.org/wiki/Ivan_Rakitić,2026-08-02,1363520661
jamal-musiala,Q96072055,Jamal Musiala,2003-02-26,Germany,attacking midfielder,CM,MID,active,2019–20,2019–20,2019,2020,split_year,16,bayern-munich,Bayern Munich,bundesliga,Bundesliga,1,0,domestic_league,False,professional_or_unknown,True,,Wikipedia,https://en.wikipedia.org/wiki/Jamal_Musiala,2026-08-02,1367105545
jamal-musiala,Q96072055,Jamal Musiala,2003-02-26,Germany,attacking midfielder,CM,MID,active,2020–21,2020–21,2020,2021,split_year,17,bayern-munich,Bayern Munich,bundesliga,Bundesliga,26,6,domestic_league,False,professional_or_unknown,True,,Wikipedia,https://en.wikipedia.org/wiki/Jamal_Musiala,2026-08-02,1367105545
jamal-musiala,Q96072055,Jamal Musiala,2003-02-26,Germany,attacking midfielder,CM,MID,active,2021–22,2021–22,2021,2022,split_year,18,bayern-munich,Bayern Munich,bundesliga,Bundesliga,30,5,domestic_league,False,professional_or_unknown,True,,Wikipedia,https://en.wikipedia.org/wiki/Jamal_Musiala,2026-08-02,1367105545
jamal-musiala,Q96072055,Jamal Musiala,2003-02-26,Germany,attacking midfielder,CM,MID,active,2022–23,2022–23,2022,2023,split_year,19,bayern-munich,Bayern Munich,bundesliga,Bundesliga,33,12,domestic_league,False,professional_or_unknown,True,,Wikipedia,https://en.wikipedia.org/wiki/Jamal_Musiala,2026-08-02,1367105545
jamal-musiala,Q96072055,Jamal Musiala,2003-02-26,Germany,attacking midfielder,CM,MID,active,2023–24,2023–24,2023,2024,split_year,20,bayern-munich,Bayern Munich,bundesliga,Bundesliga,24,10,domestic_league,False,professional_or_unknown,True,,Wikipedia,https://en.wikipedia.org/wiki/Jamal_Musiala,2026-08-02,1367105545
jamal-musiala,Q96072055,Jamal Musiala,2003-02-26,Germany,attacking midfielder,CM,MID,active,2024–25,2024–25,2024,2025,split_year,21,bayern-munich,Bayern Munich,bundesliga,Bundesliga,25,12,domestic_league,False,professional_or_unknown,True,,Wikipedia,https://en.wikipedia.org/wiki/Jamal_Musiala,2026-08-02,1367105545
jamal-musiala,Q96072055,Jamal Musiala,2003-02-26,Germany,attacking midfielder,CM,MID,active,2025–26,2025–26,2025,2026,split_year,22,bayern-munich,Bayern Munich,bundesliga,Bundesliga,15,3,domestic_league,False,professional_or_unknown,True,,Wikipedia,https://en.wikipedia.org/wiki/Jamal_Musiala,2026-08-02,1367105545
jamie-vardy,Q6147586,Jamie Vardy,1987-01-11,United Kingdom,forward,FW,FWD,active,2005–06,2005–06,2005,2006,split_year,18,stocksbridge-park-steels,Stocksbridge Park Steels,npl-division-one,NPL Division One,0,0,domestic_league,False,professional_or_unknown,True,,Wikipedia,https://en.wikipedia.org/wiki/Jamie_Vardy,2026-08-02,1366960321
jamie-vardy,Q6147586,Jamie Vardy,1987-01-11,United Kingdom,forward,FW,FWD,active,2006–07,2006–07,2006,2007,split_year,19,stocksbridge-park-steels,Stocksbridge Park Steels,npl-division-one,NPL Division One,3,0,domestic_league,False,professional_or_unknown,True,,Wikipedia,https://en.wikipedia.org/wiki/Jamie_Vardy,2026-08-02,1366960321
jamie-vardy,Q6147586,Jamie Vardy,1987-01-11,United Kingdom,forward,FW,FWD,active,2007–08,2007–08,2007,2008,split_year,20,stocksbridge-park-steels,Stocksbridge Park Steels,npl-division-one-south,NPL Division One South,29,10,domestic_league,False,professional_or_unknown,True,,Wikipedia,https://en.wikipedia.org/wiki/Jamie_Vardy,2026-08-02,1366960321
jamie-vardy,Q6147586,Jamie Vardy,1987-01-11,United Kingdom,forward,FW,FWD,active,2008–09,2008–09,2008,2009,split_year,21,stocksbridge-park-steels,Stocksbridge Park Steels,npl-division-one-south,NPL Division One South,33,16,domestic_league,False,professional_or_unknown,True,,Wikipedia,https://en.wikipedia.org/wiki/Jamie_Vardy,2026-08-02,1366960321
jamie-vardy,Q6147586,Jamie Vardy,1987-01-11,United Kingdom,forward,FW,FWD,active,2009–10,2009–10,2009,2010,split_year,22,stocksbridge-park-steels,Stocksbridge Park Steels,npl-premier-division,NPL Premier Division,23,14,domestic_league,False,professional_or_unknown,True,,Wikipedia,https://en.wikipedia.org/wiki/Jamie_Vardy,2026-08-02,1366960321
jamie-vardy,Q6147586,Jamie Vardy,1987-01-11,United Kingdom,forward,FW,FWD,active,2010–11,2010–11,2010,2011,split_year,23,fc-halifax-town,FC Halifax Town,npl-premier-division,NPL Premier Division,33,23,domestic_league,False,professional_or_unknown,True,,Wikipedia,https://en.wikipedia.org/wiki/Jamie_Vardy,2026-08-02,1366960321
jamie-vardy,Q6147586,Jamie Vardy,1987-01-11,United Kingdom,forward,FW,FWD,active,2011–12,2011–12,2011,2012,split_year,24,fc-halifax-town,FC Halifax Town,conference-north,Conference North,4,3,domestic_league,False,professional_or_unknown,True,,Wikipedia,https://en.wikipedia.org/wiki/Jamie_Vardy,2026-08-02,1366960321
jamie-vardy,Q6147586,Jamie Vardy,1987-01-11,United Kingdom,forward,FW,FWD,active,2011–12,2011–12,2011,2012,split_year,24,fleetwood-town,Fleetwood Town,conference-premier,Conference Premier,36,31,domestic_league,False,professional_or_unknown,True,,Wikipedia,https://en.wikipedia.org/wiki/Jamie_Vardy,2026-08-02,1366960321
jamie-vardy,Q6147586,Jamie Vardy,1987-01-11,United Kingdom,forward,FW,FWD,active,2012–13,2012–13,2012,2013,split_year,25,leicester-city,Leicester City,championship,Championship,26,4,domestic_league,False,professional_or_unknown,True,,Wikipedia,https://en.wikipedia.org/wiki/Jamie_Vardy,2026-08-02,1366960321
jamie-vardy,Q6147586,Jamie Vardy,1987-01-11,United Kingdom,forward,FW,FWD,active,2013–14,2013–14,2013,2014,split_year,26,leicester-city,Leicester City,championship,Championship,37,16,domestic_league,False,professional_or_unknown,True,,Wikipedia,https://en.wikipedia.org/wiki/Jamie_Vardy,2026-08-02,1366960321
jamie-vardy,Q6147586,Jamie Vardy,1987-01-11,United Kingdom,forward,FW,FWD,active,2014–15,2014–15,2014,2015,split_year,27,leicester-city,Leicester City,premier-league,Premier League,34,5,domestic_league,False,professional_or_unknown,True,,Wikipedia,https://en.wikipedia.org/wiki/Jamie_Vardy,2026-08-02,1366960321
jamie-vardy,Q6147586,Jamie Vardy,1987-01-11,United Kingdom,forward,FW,FWD,active,2015–16,2015–16,2015,2016,split_year,28,leicester-city,Leicester City,premier-league,Premier League,36,24,domestic_league,False,professional_or_unknown,True,,Wikipedia,https://en.wikipedia.org/wiki/Jamie_Vardy,2026-08-02,1366960321
jamie-vardy,Q6147586,Jamie Vardy,1987-01-11,United Kingdom,forward,FW,FWD,active,2016–17,2016–17,2016,2017,split_year,29,leicester-city,Leicester City,premier-league,Premier League,35,13,domestic_league,False,professional_or_unknown,True,,Wikipedia,https://en.wikipedia.org/wiki/Jamie_Vardy,2026-08-02,1366960321
jamie-vardy,Q6147586,Jamie Vardy,1987-01-11,United Kingdom,forward,FW,FWD,active,2017–18,2017–18,2017,2018,split_year,30,leicester-city,Leicester City,premier-league,Premier League,37,20,domestic_league,False,professional_or_unknown,True,,Wikipedia,https://en.wikipedia.org/wiki/Jamie_Vardy,2026-08-02,1366960321
jamie-vardy,Q6147586,Jamie Vardy,1987-01-11,United Kingdom,forward,FW,FWD,active,2018–19,2018–19,2018,2019,split_year,31,leicester-city,Leicester City,premier-league,Premier League,34,18,domestic_league,False,professional_or_unknown,True,,Wikipedia,https://en.wikipedia.org/wiki/Jamie_Vardy,2026-08-02,1366960321
jamie-vardy,Q6147586,Jamie Vardy,1987-01-11,United Kingdom,forward,FW,FWD,active,2019–20,2019–20,2019,2020,split_year,32,leicester-city,Leicester City,premier-league,Premier League,35,23,domestic_league,False,professional_or_unknown,True,,Wikipedia,https://en.wikipedia.org/wiki/Jamie_Vardy,2026-08-02,1366960321
jamie-vardy,Q6147586,Jamie Vardy,1987-01-11,United Kingdom,forward,FW,FWD,active,2020–21,2020–21,2020,2021,split_year,33,leicester-city,Leicester City,premier-league,Premier League,34,15,domestic_league,False,professional_or_unknown,True,,Wikipedia,https://en.wikipedia.org/wiki/Jamie_Vardy,2026-08-02,1366960321
jamie-vardy,Q6147586,Jamie Vardy,1987-01-11,United Kingdom,forward,FW,FWD,active,2021–22,2021–22,2021,2022,split_year,34,leicester-city,Leicester City,premier-league,Premier League,25,15,domestic_league,False,professional_or_unknown,True,,Wikipedia,https://en.wikipedia.org/wiki/Jamie_Vardy,2026-08-02,1366960321
jamie-vardy,Q6147586,Jamie Vardy,1987-01-11,United Kingdom,forward,FW,FWD,active,2022–23,2022–23,2022,2023,split_year,35,leicester-city,Leicester City,premier-league,Premier League,37,3,domestic_league,False,professional_or_unknown,True,,Wikipedia,https://en.wikipedia.org/wiki/Jamie_Vardy,2026-08-02,1366960321
jamie-vardy,Q6147586,Jamie Vardy,1987-01-11,United Kingdom,forward,FW,FWD,active,2023–24,2023–24,2023,2024,split_year,36,leicester-city,Leicester City,championship,Championship,35,18,domestic_league,False,professional_or_unknown,True,,Wikipedia,https://en.wikipedia.org/wiki/Jamie_Vardy,2026-08-02,1366960321
jamie-vardy,Q6147586,Jamie Vardy,1987-01-11,United Kingdom,forward,FW,FWD,active,2024–25,2024–25,2024,2025,split_year,37,leicester-city,Leicester City,premier-league,Premier League,35,9,domestic_league,False,professional_or_unknown,True,,Wikipedia,https://en.wikipedia.org/wiki/Jamie_Vardy,2026-08-02,1366960321
jamie-vardy,Q6147586,Jamie Vardy,1987-01-11,United Kingdom,forward,FW,FWD,active,2025–26,2025–26,2025,2026,split_year,38,cremonese,Cremonese,serie-a,Serie A,29,7,domestic_league,False,professional_or_unknown,True,,Wikipedia,https://en.wikipedia.org/wiki/Jamie_Vardy,2026-08-02,1366960321
javier-mascherano,Q161571,Javier Mascherano,1984-06-08,Argentina,midfielder,DM,MID,retired,2003–04,2003–04,2003,2004,split_year,19,river-plate,River Plate,primera-division,Primera División,21,0,domestic_league,False,professional_or_unknown,True,,Wikipedia,https://en.wikipedia.org/wiki/Javier_Mascherano,2026-08-02,1367105753
javier-mascherano,Q161571,Javier Mascherano,1984-06-08,Argentina,midfielder,DM,MID,retired,2004–05,2004–05,2004,2005,split_year,20,river-plate,River Plate,primera-division,Primera División,25,0,domestic_league,False,professional_or_unknown,True,,Wikipedia,https://en.wikipedia.org/wiki/Javier_Mascherano,2026-08-02,1367105753
javier-mascherano,Q161571,Javier Mascherano,1984-06-08,Argentina,midfielder,DM,MID,retired,2005,2005,2005,2005,calendar_year,21,corinthians,Corinthians,serie-a,Série A,7,0,domestic_league,False,professional_or_unknown,True,,Wikipedia,https://en.wikipedia.org/wiki/Javier_Mascherano,2026-08-02,1367105753
javier-mascherano,Q161571,Javier Mascherano,1984-06-08,Argentina,midfielder,DM,MID,retired,2006,2006,2006,2006,calendar_year,22,corinthians,Corinthians,serie-a,Série A,10,0,domestic_league,False,professional_or_unknown,True,,Wikipedia,https://en.wikipedia.org/wiki/Javier_Mascherano,2026-08-02,1367105753
javier-mascherano,Q161571,Javier Mascherano,1984-06-08,Argentina,midfielder,DM,MID,retired,2006–07,2006–07,2006,2007,split_year,22,liverpool,Liverpool,premier-league,Premier League,7,0,domestic_league,False,professional_or_unknown,True,,Wikipedia,https://en.wikipedia.org/wiki/Javier_Mascherano,2026-08-02,1367105753
javier-mascherano,Q161571,Javier Mascherano,1984-06-08,Argentina,midfielder,DM,MID,retired,2006–07,2006–07,2006,2007,split_year,22,west-ham-united,West Ham United,premier-league,Premier League,5,0,domestic_league,False,professional_or_unknown,True,,Wikipedia,https://en.wikipedia.org/wiki/Javier_Mascherano,2026-08-02,1367105753
javier-mascherano,Q161571,Javier Mascherano,1984-06-08,Argentina,midfielder,DM,MID,retired,2007–08,2007–08,2007,2008,split_year,23,liverpool,Liverpool,premier-league,Premier League,25,1,domestic_league,False,professional_or_unknown,True,,Wikipedia,https://en.wikipedia.org/wiki/Javier_Mascherano,2026-08-02,1367105753
javier-mascherano,Q161571,Javier Mascherano,1984-06-08,Argentina,midfielder,DM,MID,retired,2008–09,2008–09,2008,2009,split_year,24,liverpool,Liverpool,premier-league,Premier League,27,0,domestic_league,False,professional_or_unknown,True,,Wikipedia,https://en.wikipedia.org/wiki/Javier_Mascherano,2026-08-02,1367105753
javier-mascherano,Q161571,Javier Mascherano,1984-06-08,Argentina,midfielder,DM,MID,retired,2009–10,2009–10,2009,2010,split_year,25,liverpool,Liverpool,premier-league,Premier League,34,0,domestic_league,False,professional_or_unknown,True,,Wikipedia,https://en.wikipedia.org/wiki/Javier_Mascherano,2026-08-02,1367105753
javier-mascherano,Q161571,Javier Mascherano,1984-06-08,Argentina,midfielder,DM,MID,retired,2010–11,2010–11,2010,2011,split_year,26,barcelona,Barcelona,la-liga,La Liga,27,0,domestic_league,False,professional_or_unknown,True,,Wikipedia,https://en.wikipedia.org/wiki/Javier_Mascherano,2026-08-02,1367105753
javier-mascherano,Q161571,Javier Mascherano,1984-06-08,Argentina,midfielder,DM,MID,retired,2010–11,2010–11,2010,2011,split_year,26,liverpool,Liverpool,premier-league,Premier League,1,0,domestic_league,False,professional_or_unknown,True,,Wikipedia,https://en.wikipedia.org/wiki/Javier_Mascherano,2026-08-02,1367105753
javier-mascherano,Q161571,Javier Mascherano,1984-06-08,Argentina,midfielder,DM,MID,retired,2011–12,2011–12,2011,2012,split_year,27,barcelona,Barcelona,la-liga,La Liga,31,0,domestic_league,False,professional_or_unknown,True,,Wikipedia,https://en.wikipedia.org/wiki/Javier_Mascherano,2026-08-02,1367105753
javier-mascherano,Q161571,Javier Mascherano,1984-06-08,Argentina,midfielder,DM,MID,retired,2012–13,2012–13,2012,2013,split_year,28,barcelona,Barcelona,la-liga,La Liga,25,0,domestic_league,False,professional_or_unknown,True,,Wikipedia,https://en.wikipedia.org/wiki/Javier_Mascherano,2026-08-02,1367105753
javier-mascherano,Q161571,Javier Mascherano,1984-06-08,Argentina,midfielder,DM,MID,retired,2013–14,2013–14,2013,2014,split_year,29,barcelona,Barcelona,la-liga,La Liga,28,0,domestic_league,False,professional_or_unknown,True,,Wikipedia,https://en.wikipedia.org/wiki/Javier_Mascherano,2026-08-02,1367105753
javier-mascherano,Q161571,Javier Mascherano,1984-06-08,Argentina,midfielder,DM,MID,retired,2014–15,2014–15,2014,2015,split_year,30,barcelona,Barcelona,la-liga,La Liga,28,0,domestic_league,False,professional_or_unknown,True,,Wikipedia,https://en.wikipedia.org/wiki/Javier_Mascherano,2026-08-02,1367105753
javier-mascherano,Q161571,Javier Mascherano,1984-06-08,Argentina,midfielder,DM,MID,retired,2015–16,2015–16,2015,2016,split_year,31,barcelona,Barcelona,la-liga,La Liga,32,0,domestic_league,False,professional_or_unknown,True,,Wikipedia,https://en.wikipedia.org/wiki/Javier_Mascherano,2026-08-02,1367105753
javier-mascherano,Q161571,Javier Mascherano,1984-06-08,Argentina,midfielder,DM,MID,retired,2016–17,2016–17,2016,2017,split_year,32,barcelona,Barcelona,la-liga,La Liga,25,1,domestic_league,False,professional_or_unknown,True,,Wikipedia,https://en.wikipedia.org/wiki/Javier_Mascherano,2026-08-02,1367105753
javier-mascherano,Q161571,Javier Mascherano,1984-06-08,Argentina,midfielder,DM,MID,retired,2017–18,2017–18,2017,2018,split_year,33,barcelona,Barcelona,la-liga,La Liga,7,0,domestic_league,False,professional_or_unknown,True,,Wikipedia,https://en.wikipedia.org/wiki/Javier_Mascherano,2026-08-02,1367105753
javier-mascherano,Q161571,Javier Mascherano,1984-06-08,Argentina,midfielder,DM,MID,retired,2018,2018,2018,2018,calendar_year,34,hebei-china-fortune,Hebei China Fortune,chinese-super-league,Chinese Super League,26,0,domestic_league,False,professional_or_unknown,True,,Wikipedia,https://en.wikipedia.org/wiki/Javier_Mascherano,2026-08-02,1367105753
javier-mascherano,Q161571,Javier Mascherano,1984-06-08,Argentina,midfielder,DM,MID,retired,2019,2019,2019,2019,calendar_year,35,hebei-china-fortune,Hebei China Fortune,chinese-super-league,Chinese Super League,27,0,domestic_league,False,professional_or_unknown,True,,Wikipedia,https://en.wikipedia.org/wiki/Javier_Mascherano,2026-08-02,1367105753
javier-mascherano,Q161571,Javier Mascherano,1984-06-08,Argentina,midfielder,DM,MID,retired,2019–20,2019–20,2019,2020,split_year,35,estudiantes,Estudiantes,primera-division,Primera División,7,0,domestic_league,False,professional_or_unknown,True,,Wikipedia,https://en.wikipedia.org/wiki/Javier_Mascherano,2026-08-02,1367105753
javier-mascherano,Q161571,Javier Mascherano,1984-06-08,Argentina,midfielder,DM,MID,retired,2020–21,2020–21,2020,2021,split_year,36,estudiantes,Estudiantes,primera-division,Primera División,3,0,domestic_league,False,professional_or_unknown,True,,Wikipedia,https://en.wikipedia.org/wiki/Javier_Mascherano,2026-08-02,1367105753
javier-zanetti,Q52876,Javier Zanetti,1973-08-10,Argentina,midfielder,FB,DEF,retired,1992–93,1992–93,1992,1993,split_year,19,talleres,Talleres,primera-nacional,Primera Nacional,33,1,domestic_league,False,professional_or_unknown,True,,Wikipedia,https://en.wikipedia.org/wiki/Javier_Zanetti,2026-08-02,1367105774
javier-zanetti,Q52876,Javier Zanetti,1973-08-10,Argentina,midfielder,FB,DEF,retired,1993–94,1993–94,1993,1994,split_year,20,banfield,Banfield,primera-division,Primera División,37,1,domestic_league,False,professional_or_unknown,True,,Wikipedia,https://en.wikipedia.org/wiki/Javier_Zanetti,2026-08-02,1367105774
javier-zanetti,Q52876,Javier Zanetti,1973-08-10,Argentina,midfielder,FB,DEF,retired,1994–95,1994–95,1994,1995,split_year,21,banfield,Banfield,primera-division,Primera División,29,3,domestic_league,False,professional_or_unknown,True,,Wikipedia,https://en.wikipedia.org/wiki/Javier_Zanetti,2026-08-02,1367105774
javier-zanetti,Q52876,Javier Zanetti,1973-08-10,Argentina,midfielder,FB,DEF,retired,1995–96,1995–96,1995,1996,split_year,22,inter-milan,Inter Milan,serie-a,Serie A,32,2,domestic_league,False,professional_or_unknown,True,,Wikipedia,https://en.wikipedia.org/wiki/Javier_Zanetti,2026-08-02,1367105774
javier-zanetti,Q52876,Javier Zanetti,1973-08-10,Argentina,midfielder,FB,DEF,retired,1996–97,1996–97,1996,1997,split_year,23,inter-milan,Inter Milan,serie-a,Serie A,33,3,domestic_league,False,professional_or_unknown,True,,Wikipedia,https://en.wikipedia.org/wiki/Javier_Zanetti,2026-08-02,1367105774
javier-zanetti,Q52876,Javier Zanetti,1973-08-10,Argentina,midfielder,FB,DEF,retired,1997–98,1997–98,1997,1998,split_year,24,inter-milan,Inter Milan,serie-a,Serie A,28,0,domestic_league,False,professional_or_unknown,True,,Wikipedia,https://en.wikipedia.org/wiki/Javier_Zanetti,2026-08-02,1367105774
javier-zanetti,Q52876,Javier Zanetti,1973-08-10,Argentina,midfielder,FB,DEF,retired,1998–99,1998–99,1998,1999,split_year,25,inter-milan,Inter Milan,serie-a,Serie A,34,3,domestic_league,False,professional_or_unknown,True,,Wikipedia,https://en.wikipedia.org/wiki/Javier_Zanetti,2026-08-02,1367105774
javier-zanetti,Q52876,Javier Zanetti,1973-08-10,Argentina,midfielder,FB,DEF,retired,1999–2000,1999–2000,1999,2000,split_year,26,inter-milan,Inter Milan,serie-a,Serie A,34,1,domestic_league,False,professional_or_unknown,True,,Wikipedia,https://en.wikipedia.org/wiki/Javier_Zanetti,2026-08-02,1367105774
javier-zanetti,Q52876,Javier Zanetti,1973-08-10,Argentina,midfielder,FB,DEF,retired,2000–01,2000–01,2000,2001,split_year,27,inter-milan,Inter Milan,serie-a,Serie A,29,0,domestic_league,False,professional_or_unknown,True,,Wikipedia,https://en.wikipedia.org/wiki/Javier_Zanetti,2026-08-02,1367105774
javier-zanetti,Q52876,Javier Zanetti,1973-08-10,Argentina,midfielder,FB,DEF,retired,2001–02,2001–02,2001,2002,split_year,28,inter-milan,Inter Milan,serie-a,Serie A,33,0,domestic_league,False,professional_or_unknown,True,,Wikipedia,https://en.wikipedia.org/wiki/Javier_Zanetti,2026-08-02,1367105774
javier-zanetti,Q52876,Javier Zanetti,1973-08-10,Argentina,midfielder,FB,DEF,retired,2002–03,2002–03,2002,2003,split_year,29,inter-milan,Inter Milan,serie-a,Serie A,34,1,domestic_league,False,professional_or_unknown,True,,Wikipedia,https://en.wikipedia.org/wiki/Javier_Zanetti,2026-08-02,1367105774
javier-zanetti,Q52876,Javier Zanetti,1973-08-10,Argentina,midfielder,FB,DEF,retired,2003–04,2003–04,2003,2004,split_year,30,inter-milan,Inter Milan,serie-a,Serie A,34,0,domestic_league,False,professional_or_unknown,True,,Wikipedia,https://en.wikipedia.org/wiki/Javier_Zanetti,2026-08-02,1367105774
javier-zanetti,Q52876,Javier Zanetti,1973-08-10,Argentina,midfielder,FB,DEF,retired,2004–05,2004–05,2004,2005,split_year,31,inter-milan,Inter Milan,serie-a,Serie A,35,0,domestic_league,False,professional_or_unknown,True,,Wikipedia,https://en.wikipedia.org/wiki/Javier_Zanetti,2026-08-02,1367105774
javier-zanetti,Q52876,Javier Zanetti,1973-08-10,Argentina,midfielder,FB,DEF,retired,2005–06,2005–06,2005,2006,split_year,32,inter-milan,Inter Milan,serie-a,Serie A,25,0,domestic_league,False,professional_or_unknown,True,,Wikipedia,https://en.wikipedia.org/wiki/Javier_Zanetti,2026-08-02,1367105774
javier-zanetti,Q52876,Javier Zanetti,1973-08-10,Argentina,midfielder,FB,DEF,retired,2006–07,2006–07,2006,2007,split_year,33,inter-milan,Inter Milan,serie-a,Serie A,37,1,domestic_league,False,professional_or_unknown,True,,Wikipedia,https://en.wikipedia.org/wiki/Javier_Zanetti,2026-08-02,1367105774
javier-zanetti,Q52876,Javier Zanetti,1973-08-10,Argentina,midfielder,FB,DEF,retired,2007–08,2007–08,2007,2008,split_year,34,inter-milan,Inter Milan,serie-a,Serie A,38,1,domestic_league,False,professional_or_unknown,True,,Wikipedia,https://en.wikipedia.org/wiki/Javier_Zanetti,2026-08-02,1367105774
javier-zanetti,Q52876,Javier Zanetti,1973-08-10,Argentina,midfielder,FB,DEF,retired,2008–09,2008–09,2008,2009,split_year,35,inter-milan,Inter Milan,serie-a,Serie A,38,0,domestic_league,False,professional_or_unknown,True,,Wikipedia,https://en.wikipedia.org/wiki/Javier_Zanetti,2026-08-02,1367105774
javier-zanetti,Q52876,Javier Zanetti,1973-08-10,Argentina,midfielder,FB,DEF,retired,2009–10,2009–10,2009,2010,split_year,36,inter-milan,Inter Milan,serie-a,Serie A,37,0,domestic_league,False,professional_or_unknown,True,,Wikipedia,https://en.wikipedia.org/wiki/Javier_Zanetti,2026-08-02,1367105774
javier-zanetti,Q52876,Javier Zanetti,1973-08-10,Argentina,midfielder,FB,DEF,retired,2010–11,2010–11,2010,2011,split_year,37,inter-milan,Inter Milan,serie-a,Serie A,35,0,domestic_league,False,professional_or_unknown,True,,Wikipedia,https://en.wikipedia.org/wiki/Javier_Zanetti,2026-08-02,1367105774
javier-zanetti,Q52876,Javier Zanetti,1973-08-10,Argentina,midfielder,FB,DEF,retired,2011–12,2011–12,2011,2012,split_year,38,inter-milan,Inter Milan,serie-a,Serie A,34,0,domestic_league,False,professional_or_unknown,True,,Wikipedia,https://en.wikipedia.org/wiki/Javier_Zanetti,2026-08-02,1367105774
javier-zanetti,Q52876,Javier Zanetti,1973-08-10,Argentina,midfielder,FB,DEF,retired,2012–13,2012–13,2012,2013,split_year,39,inter-milan,Inter Milan,serie-a,Serie A,33,0,domestic_league,False,professional_or_unknown,True,,Wikipedia,https://en.wikipedia.org/wiki/Javier_Zanetti,2026-08-02,1367105774
javier-zanetti,Q52876,Javier Zanetti,1973-08-10,Argentina,midfielder,FB,DEF,retired,2013–14,2013–14,2013,2014,split_year,40,inter-milan,Inter Milan,serie-a,Serie A,12,0,domestic_league,False,professional_or_unknown,True,,Wikipedia,https://en.wikipedia.org/wiki/Javier_Zanetti,2026-08-02,1367105774
jeremie-frimpong,Q67198835,Jeremie Frimpong,2000-12-10,Kingdom of the Netherlands,full-back,FB,DEF,active,2019–20,2019–20,2019,2020,split_year,19,celtic,Celtic,scottish-premiership,Scottish Premiership,14,2,domestic_league,False,professional_or_unknown,True,,Wikipedia,https://en.wikipedia.org/wiki/Jeremie_Frimpong,2026-08-02,1367326216
jeremie-frimpong,Q67198835,Jeremie Frimpong,2000-12-10,Kingdom of the Netherlands,full-back,FB,DEF,active,2020–21,2020–21,2020,2021,split_year,20,bayer-leverkusen,Bayer Leverkusen,bundesliga,Bundesliga,10,0,domestic_league,False,professional_or_unknown,True,,Wikipedia,https://en.wikipedia.org/wiki/Jeremie_Frimpong,2026-08-02,1367326216
jeremie-frimpong,Q67198835,Jeremie Frimpong,2000-12-10,Kingdom of the Netherlands,full-back,FB,DEF,active,2020–21,2020–21,2020,2021,split_year,20,celtic,Celtic,scottish-premiership,Scottish Premiership,22,1,domestic_league,False,professional_or_unknown,True,,Wikipedia,https://en.wikipedia.org/wiki/Jeremie_Frimpong,2026-08-02,1367326216
jeremie-frimpong,Q67198835,Jeremie Frimpong,2000-12-10,Kingdom of the Netherlands,full-back,FB,DEF,active,2021–22,2021–22,2021,2022,split_year,21,bayer-leverkusen,Bayer Leverkusen,bundesliga,Bundesliga,25,1,domestic_league,False,professional_or_unknown,True,,Wikipedia,https://en.wikipedia.org/wiki/Jeremie_Frimpong,2026-08-02,1367326216
jeremie-frimpong,Q67198835,Jeremie Frimpong,2000-12-10,Kingdom of the Netherlands,full-back,FB,DEF,active,2022–23,2022–23,2022,2023,split_year,22,bayer-leverkusen,Bayer Leverkusen,bundesliga,Bundesliga,34,8,domestic_league,False,professional_or_unknown,True,,Wikipedia,https://en.wikipedia.org/wiki/Jeremie_Frimpong,2026-08-02,1367326216
jeremie-frimpong,Q67198835,Jeremie Frimpong,2000-12-10,Kingdom of the Netherlands,full-back,FB,DEF,active,2023–24,2023–24,2023,2024,split_year,23,bayer-leverkusen,Bayer Leverkusen,bundesliga,Bundesliga,31,9,domestic_league,False,professional_or_unknown,True,,Wikipedia,https://en.wikipedia.org/wiki/Jeremie_Frimpong,2026-08-02,1367326216
jeremie-frimpong,Q67198835,Jeremie Frimpong,2000-12-10,Kingdom of the Netherlands,full-back,FB,DEF,active,2024–25,2024–25,2024,2025,split_year,24,bayer-leverkusen,Bayer Leverkusen,bundesliga,Bundesliga,33,5,domestic_league,False,professional_or_unknown,True,,Wikipedia,https://en.wikipedia.org/wiki/Jeremie_Frimpong,2026-08-02,1367326216
jeremie-frimpong,Q67198835,Jeremie Frimpong,2000-12-10,Kingdom of the Netherlands,full-back,FB,DEF,active,2025–26,2025–26,2025,2026,split_year,25,liverpool,Liverpool,premier-league,Premier League,21,0,domestic_league,False,professional_or_unknown,True,,Wikipedia,https://en.wikipedia.org/wiki/Jeremie_Frimpong,2026-08-02,1367326216
jerome-boateng,Q151260,Jérôme Boateng,1988-09-03,Germany,centre-back,CB,DEF,active,2006–07,2006–07,2006,2007,split_year,18,hertha-bsc,Hertha BSC,bundesliga,Bundesliga,10,0,domestic_league,False,professional_or_unknown,True,,Wikipedia,https://en.wikipedia.org/wiki/Jérôme_Boateng,2026-08-02,1366796788
jerome-boateng,Q151260,Jérôme Boateng,1988-09-03,Germany,centre-back,CB,DEF,active,2007–08,2007–08,2007,2008,split_year,19,hamburger-sv,Hamburger SV,bundesliga,Bundesliga,27,0,domestic_league,False,professional_or_unknown,True,,Wikipedia,https://en.wikipedia.org/wiki/Jérôme_Boateng,2026-08-02,1366796788
jerome-boateng,Q151260,Jérôme Boateng,1988-09-03,Germany,centre-back,CB,DEF,active,2008–09,2008–09,2008,2009,split_year,20,hamburger-sv,Hamburger SV,bundesliga,Bundesliga,21,0,domestic_league,False,professional_or_unknown,True,,Wikipedia,https://en.wikipedia.org/wiki/Jérôme_Boateng,2026-08-02,1366796788
jerome-boateng,Q151260,Jérôme Boateng,1988-09-03,Germany,centre-back,CB,DEF,active,2009–10,2009–10,2009,2010,split_year,21,hamburger-sv,Hamburger SV,bundesliga,Bundesliga,27,0,domestic_league,False,professional_or_unknown,True,,Wikipedia,https://en.wikipedia.org/wiki/Jérôme_Boateng,2026-08-02,1366796788
jerome-boateng,Q151260,Jérôme Boateng,1988-09-03,Germany,centre-back,CB,DEF,active,2010–11,2010–11,2010,2011,split_year,22,manchester-city,Manchester City,premier-league,Premier League,16,0,domestic_league,False,professional_or_unknown,True,,Wikipedia,https://en.wikipedia.org/wiki/Jérôme_Boateng,2026-08-02,1366796788
jerome-boateng,Q151260,Jérôme Boateng,1988-09-03,Germany,centre-back,CB,DEF,active,2011–12,2011–12,2011,2012,split_year,23,bayern-munich,Bayern Munich,bundesliga,Bundesliga,27,0,domestic_league,False,professional_or_unknown,True,,Wikipedia,https://en.wikipedia.org/wiki/Jérôme_Boateng,2026-08-02,1366796788
jerome-boateng,Q151260,Jérôme Boateng,1988-09-03,Germany,centre-back,CB,DEF,active,2012–13,2012–13,2012,2013,split_year,24,bayern-munich,Bayern Munich,bundesliga,Bundesliga,26,2,domestic_league,False,professional_or_unknown,True,,Wikipedia,https://en.wikipedia.org/wiki/Jérôme_Boateng,2026-08-02,1366796788
jerome-boateng,Q151260,Jérôme Boateng,1988-09-03,Germany,centre-back,CB,DEF,active,2013–14,2013–14,2013,2014,split_year,25,bayern-munich,Bayern Munich,bundesliga,Bundesliga,25,1,domestic_league,False,professional_or_unknown,True,,Wikipedia,https://en.wikipedia.org/wiki/Jérôme_Boateng,2026-08-02,1366796788
jerome-boateng,Q151260,Jérôme Boateng,1988-09-03,Germany,centre-back,CB,DEF,active,2014–15,2014–15,2014,2015,split_year,26,bayern-munich,Bayern Munich,bundesliga,Bundesliga,27,0,domestic_league,False,professional_or_unknown,True,,Wikipedia,https://en.wikipedia.org/wiki/Jérôme_Boateng,2026-08-02,1366796788
jerome-boateng,Q151260,Jérôme Boateng,1988-09-03,Germany,centre-back,CB,DEF,active,2015–16,2015–16,2015,2016,split_year,27,bayern-munich,Bayern Munich,bundesliga,Bundesliga,19,0,domestic_league,False,professional_or_unknown,True,,Wikipedia,https://en.wikipedia.org/wiki/Jérôme_Boateng,2026-08-02,1366796788
jerome-boateng,Q151260,Jérôme Boateng,1988-09-03,Germany,centre-back,CB,DEF,active,2016–17,2016–17,2016,2017,split_year,28,bayern-munich,Bayern Munich,bundesliga,Bundesliga,13,0,domestic_league,False,professional_or_unknown,True,,Wikipedia,https://en.wikipedia.org/wiki/Jérôme_Boateng,2026-08-02,1366796788
jerome-boateng,Q151260,Jérôme Boateng,1988-09-03,Germany,centre-back,CB,DEF,active,2017–18,2017–18,2017,2018,split_year,29,bayern-munich,Bayern Munich,bundesliga,Bundesliga,19,1,domestic_league,False,professional_or_unknown,True,,Wikipedia,https://en.wikipedia.org/wiki/Jérôme_Boateng,2026-08-02,1366796788
jerome-boateng,Q151260,Jérôme Boateng,1988-09-03,Germany,centre-back,CB,DEF,active,2018–19,2018–19,2018,2019,split_year,30,bayern-munich,Bayern Munich,bundesliga,Bundesliga,20,0,domestic_league,False,professional_or_unknown,True,,Wikipedia,https://en.wikipedia.org/wiki/Jérôme_Boateng,2026-08-02,1366796788
jerome-boateng,Q151260,Jérôme Boateng,1988-09-03,Germany,centre-back,CB,DEF,active,2019–20,2019–20,2019,2020,split_year,31,bayern-munich,Bayern Munich,bundesliga,Bundesliga,24,0,domestic_league,False,professional_or_unknown,True,,Wikipedia,https://en.wikipedia.org/wiki/Jérôme_Boateng,2026-08-02,1366796788
jerome-boateng,Q151260,Jérôme Boateng,1988-09-03,Germany,centre-back,CB,DEF,active,2020–21,2020–21,2020,2021,split_year,32,bayern-munich,Bayern Munich,bundesliga,Bundesliga,29,1,domestic_league,False,professional_or_unknown,True,,Wikipedia,https://en.wikipedia.org/wiki/Jérôme_Boateng,2026-08-02,1366796788
jerome-boateng,Q151260,Jérôme Boateng,1988-09-03,Germany,centre-back,CB,DEF,active,2021–22,2021–22,2021,2022,split_year,33,lyon,Lyon,ligue-1,Ligue 1,24,0,domestic_league,False,professional_or_unknown,True,,Wikipedia,https://en.wikipedia.org/wiki/Jérôme_Boateng,2026-08-02,1366796788
jerome-boateng,Q151260,Jérôme Boateng,1988-09-03,Germany,centre-back,CB,DEF,active,2022–23,2022–23,2022,2023,split_year,34,lyon,Lyon,ligue-1,Ligue 1,8,0,domestic_league,False,professional_or_unknown,True,,Wikipedia,https://en.wikipedia.org/wiki/Jérôme_Boateng,2026-08-02,1366796788
jerome-boateng,Q151260,Jérôme Boateng,1988-09-03,Germany,centre-back,CB,DEF,active,2023–24,2023–24,2023,2024,split_year,35,salernitana,Salernitana,serie-a,Serie A,7,0,domestic_league,False,professional_or_unknown,True,,Wikipedia,https://en.wikipedia.org/wiki/Jérôme_Boateng,2026-08-02,1366796788
jerome-boateng,Q151260,Jérôme Boateng,1988-09-03,Germany,centre-back,CB,DEF,active,2024–25,2024–25,2024,2025,split_year,36,lask,LASK,austrian-bundesliga,Austrian Bundesliga,10,0,domestic_league,False,professional_or_unknown,True,,Wikipedia,https://en.wikipedia.org/wiki/Jérôme_Boateng,2026-08-02,1366796788
joao-cancelo,Q6298063,João Cancelo,1994-05-27,Portugal,full-back,FB,DEF,active,2013–14,2013–14,2013,2014,split_year,19,benfica,Benfica,primeira-liga,Primeira Liga,1,0,domestic_league,False,professional_or_unknown,True,,Wikipedia,https://en.wikipedia.org/wiki/João_Cancelo,2026-08-02,1364061625
joao-cancelo,Q6298063,João Cancelo,1994-05-27,Portugal,full-back,FB,DEF,active,2014–15,2014–15,2014,2015,split_year,20,valencia-loan,Valencia (loan),la-liga,La Liga,10,0,domestic_league,False,professional_or_unknown,True,,Wikipedia,https://en.wikipedia.org/wiki/João_Cancelo,2026-08-02,1364061625
joao-cancelo,Q6298063,João Cancelo,1994-05-27,Portugal,full-back,FB,DEF,active,2015–16,2015–16,2015,2016,split_year,21,valencia,Valencia,la-liga,La Liga,28,1,domestic_league,False,professional_or_unknown,True,,Wikipedia,https://en.wikipedia.org/wiki/João_Cancelo,2026-08-02,1364061625
joao-cancelo,Q6298063,João Cancelo,1994-05-27,Portugal,full-back,FB,DEF,active,2016–17,2016–17,2016,2017,split_year,22,valencia,Valencia,la-liga,La Liga,35,1,domestic_league,False,professional_or_unknown,True,,Wikipedia,https://en.wikipedia.org/wiki/João_Cancelo,2026-08-02,1364061625
joao-cancelo,Q6298063,João Cancelo,1994-05-27,Portugal,full-back,FB,DEF,active,2017–18,2017–18,2017,2018,split_year,23,inter-milan-loan,Inter Milan (loan),serie-a,Serie A,26,1,domestic_league,False,professional_or_unknown,True,,Wikipedia,https://en.wikipedia.org/wiki/João_Cancelo,2026-08-02,1364061625
joao-cancelo,Q6298063,João Cancelo,1994-05-27,Portugal,full-back,FB,DEF,active,2017–18,2017–18,2017,2018,split_year,23,valencia,Valencia,la-liga,La Liga,1,0,domestic_league,False,professional_or_unknown,True,,Wikipedia,https://en.wikipedia.org/wiki/João_Cancelo,2026-08-02,1364061625
joao-cancelo,Q6298063,João Cancelo,1994-05-27,Portugal,full-back,FB,DEF,active,2018–19,2018–19,2018,2019,split_year,24,juventus,Juventus,serie-a,Serie A,25,1,domestic_league,False,professional_or_unknown,True,,Wikipedia,https://en.wikipedia.org/wiki/João_Cancelo,2026-08-02,1364061625
joao-cancelo,Q6298063,João Cancelo,1994-05-27,Portugal,full-back,FB,DEF,active,2019–20,2019–20,2019,2020,split_year,25,manchester-city,Manchester City,premier-league,Premier League,17,0,domestic_league,False,professional_or_unknown,True,,Wikipedia,https://en.wikipedia.org/wiki/João_Cancelo,2026-08-02,1364061625
joao-cancelo,Q6298063,João Cancelo,1994-05-27,Portugal,full-back,FB,DEF,active,2020–21,2020–21,2020,2021,split_year,26,manchester-city,Manchester City,premier-league,Premier League,28,2,domestic_league,False,professional_or_unknown,True,,Wikipedia,https://en.wikipedia.org/wiki/João_Cancelo,2026-08-02,1364061625
joao-cancelo,Q6298063,João Cancelo,1994-05-27,Portugal,full-back,FB,DEF,active,2021–22,2021–22,2021,2022,split_year,27,manchester-city,Manchester City,premier-league,Premier League,36,1,domestic_league,False,professional_or_unknown,True,,Wikipedia,https://en.wikipedia.org/wiki/João_Cancelo,2026-08-02,1364061625
joao-cancelo,Q6298063,João Cancelo,1994-05-27,Portugal,full-back,FB,DEF,active,2022–23,2022–23,2022,2023,split_year,28,bayern-munich-loan,Bayern Munich (loan),bundesliga,Bundesliga,15,1,domestic_league,False,professional_or_unknown,True,,Wikipedia,https://en.wikipedia.org/wiki/João_Cancelo,2026-08-02,1364061625
joao-cancelo,Q6298063,João Cancelo,1994-05-27,Portugal,full-back,FB,DEF,active,2022–23,2022–23,2022,2023,split_year,28,manchester-city,Manchester City,premier-league,Premier League,17,2,domestic_league,False,professional_or_unknown,True,,Wikipedia,https://en.wikipedia.org/wiki/João_Cancelo,2026-08-02,1364061625
joao-cancelo,Q6298063,João Cancelo,1994-05-27,Portugal,full-back,FB,DEF,active,2023–24,2023–24,2023,2024,split_year,29,barcelona-loan,Barcelona (loan),la-liga,La Liga,32,2,domestic_league,False,professional_or_unknown,True,,Wikipedia,https://en.wikipedia.org/wiki/João_Cancelo,2026-08-02,1364061625
joao-cancelo,Q6298063,João Cancelo,1994-05-27,Portugal,full-back,FB,DEF,active,2024–25,2024–25,2024,2025,split_year,30,al-hilal,Al Hilal,saudi-pro-league,Saudi Pro League,22,0,domestic_league,False,professional_or_unknown,True,,Wikipedia,https://en.wikipedia.org/wiki/João_Cancelo,2026-08-02,1364061625
joao-cancelo,Q6298063,João Cancelo,1994-05-27,Portugal,full-back,FB,DEF,active,2025–26,2025–26,2025,2026,split_year,31,al-hilal,Al Hilal,saudi-pro-league,Saudi Pro League,2,0,domestic_league,False,professional_or_unknown,True,,Wikipedia,https://en.wikipedia.org/wiki/João_Cancelo,2026-08-02,1364061625
joao-cancelo,Q6298063,João Cancelo,1994-05-27,Portugal,full-back,FB,DEF,active,2025–26,2025–26,2025,2026,split_year,31,barcelona-loan,Barcelona (loan),la-liga,La Liga,16,2,domestic_league,False,professional_or_unknown,True,,Wikipedia,https://en.wikipedia.org/wiki/João_Cancelo,2026-08-02,1364061625
joao-palhinha,Q16236952,João Palhinha,1995-07-09,Portugal,defensive midfielder,DM,MID,active,2015–16,2015–16,2015,2016,split_year,20,moreirense-loan,Moreirense (loan),primeira-liga,Primeira Liga,29,0,domestic_league,False,professional_or_unknown,True,,Wikipedia,https://en.wikipedia.org/wiki/João_Palhinha,2026-08-02,1366416453
joao-palhinha,Q16236952,João Palhinha,1995-07-09,Portugal,defensive midfielder,DM,MID,active,2016–17,2016–17,2016,2017,split_year,21,belenenses-loan,Belenenses (loan),primeira-liga,Primeira Liga,13,1,domestic_league,False,professional_or_unknown,True,,Wikipedia,https://en.wikipedia.org/wiki/João_Palhinha,2026-08-02,1366416453
joao-palhinha,Q16236952,João Palhinha,1995-07-09,Portugal,defensive midfielder,DM,MID,active,2016–17,2016–17,2016,2017,split_year,21,sporting-cp,Sporting CP,primeira-liga,Primeira Liga,11,0,domestic_league,False,professional_or_unknown,True,,Wikipedia,https://en.wikipedia.org/wiki/João_Palhinha,2026-08-02,1366416453
joao-palhinha,Q16236952,João Palhinha,1995-07-09,Portugal,defensive midfielder,DM,MID,active,2017–18,2017–18,2017,2018,split_year,22,sporting-cp,Sporting CP,primeira-liga,Primeira Liga,2,0,domestic_league,False,professional_or_unknown,True,,Wikipedia,https://en.wikipedia.org/wiki/João_Palhinha,2026-08-02,1366416453
joao-palhinha,Q16236952,João Palhinha,1995-07-09,Portugal,defensive midfielder,DM,MID,active,2018–19,2018–19,2018,2019,split_year,23,braga-loan,Braga (loan),primeira-liga,Primeira Liga,23,2,domestic_league,False,professional_or_unknown,True,,Wikipedia,https://en.wikipedia.org/wiki/João_Palhinha,2026-08-02,1366416453
joao-palhinha,Q16236952,João Palhinha,1995-07-09,Portugal,defensive midfielder,DM,MID,active,2019–20,2019–20,2019,2020,split_year,24,braga-loan,Braga (loan),primeira-liga,Primeira Liga,27,2,domestic_league,False,professional_or_unknown,True,,Wikipedia,https://en.wikipedia.org/wiki/João_Palhinha,2026-08-02,1366416453
joao-palhinha,Q16236952,João Palhinha,1995-07-09,Portugal,defensive midfielder,DM,MID,active,2020–21,2020–21,2020,2021,split_year,25,sporting-cp,Sporting CP,primeira-liga,Primeira Liga,32,1,domestic_league,False,professional_or_unknown,True,,Wikipedia,https://en.wikipedia.org/wiki/João_Palhinha,2026-08-02,1366416453
joao-palhinha,Q16236952,João Palhinha,1995-07-09,Portugal,defensive midfielder,DM,MID,active,2021–22,2021–22,2021,2022,split_year,26,sporting-cp,Sporting CP,primeira-liga,Primeira Liga,27,3,domestic_league,False,professional_or_unknown,True,,Wikipedia,https://en.wikipedia.org/wiki/João_Palhinha,2026-08-02,1366416453
joao-palhinha,Q16236952,João Palhinha,1995-07-09,Portugal,defensive midfielder,DM,MID,active,2022–23,2022–23,2022,2023,split_year,27,fulham,Fulham,premier-league,Premier League,35,3,domestic_league,False,professional_or_unknown,True,,Wikipedia,https://en.wikipedia.org/wiki/João_Palhinha,2026-08-02,1366416453
joao-palhinha,Q16236952,João Palhinha,1995-07-09,Portugal,defensive midfielder,DM,MID,active,2023–24,2023–24,2023,2024,split_year,28,fulham,Fulham,premier-league,Premier League,33,4,domestic_league,False,professional_or_unknown,True,,Wikipedia,https://en.wikipedia.org/wiki/João_Palhinha,2026-08-02,1366416453
joao-palhinha,Q16236952,João Palhinha,1995-07-09,Portugal,defensive midfielder,DM,MID,active,2024–25,2024–25,2024,2025,split_year,29,bayern-munich,Bayern Munich,bundesliga,Bundesliga,17,0,domestic_league,False,professional_or_unknown,True,,Wikipedia,https://en.wikipedia.org/wiki/João_Palhinha,2026-08-02,1366416453
joao-palhinha,Q16236952,João Palhinha,1995-07-09,Portugal,defensive midfielder,DM,MID,active,2025–26,2025–26,2025,2026,split_year,30,tottenham-hotspur-loan,Tottenham Hotspur (loan),premier-league,Premier League,33,5,domestic_league,False,professional_or_unknown,True,,Wikipedia,https://en.wikipedia.org/wiki/João_Palhinha,2026-08-02,1366416453
john-terry,Q83456,John Terry,1980-12-07,United Kingdom,centre-back,CB,DEF,retired,1998–99,1998–99,1998,1999,split_year,18,chelsea,Chelsea,premier-league,Premier League,2,0,domestic_league,False,professional_or_unknown,True,,Wikipedia,https://en.wikipedia.org/wiki/John_Terry,2026-08-02,1364479295
john-terry,Q83456,John Terry,1980-12-07,United Kingdom,centre-back,CB,DEF,retired,1999–2000,1999–2000,1999,2000,split_year,19,chelsea,Chelsea,premier-league,Premier League,4,0,domestic_league,False,professional_or_unknown,True,,Wikipedia,https://en.wikipedia.org/wiki/John_Terry,2026-08-02,1364479295
john-terry,Q83456,John Terry,1980-12-07,United Kingdom,centre-back,CB,DEF,retired,1999–2000,1999–2000,1999,2000,split_year,19,nottingham-forest-loan,Nottingham Forest (loan),first-division,First Division,6,0,domestic_league,False,professional_or_unknown,True,,Wikipedia,https://en.wikipedia.org/wiki/John_Terry,2026-08-02,1364479295
john-terry,Q83456,John Terry,1980-12-07,United Kingdom,centre-back,CB,DEF,retired,2000–01,2000–01,2000,2001,split_year,20,chelsea,Chelsea,premier-league,Premier League,22,1,domestic_league,False,professional_or_unknown,True,,Wikipedia,https://en.wikipedia.org/wiki/John_Terry,2026-08-02,1364479295
john-terry,Q83456,John Terry,1980-12-07,United Kingdom,centre-back,CB,DEF,retired,2001–02,2001–02,2001,2002,split_year,21,chelsea,Chelsea,premier-league,Premier League,33,1,domestic_league,False,professional_or_unknown,True,,Wikipedia,https://en.wikipedia.org/wiki/John_Terry,2026-08-02,1364479295
john-terry,Q83456,John Terry,1980-12-07,United Kingdom,centre-back,CB,DEF,retired,2002–03,2002–03,2002,2003,split_year,22,chelsea,Chelsea,premier-league,Premier League,20,3,domestic_league,False,professional_or_unknown,True,,Wikipedia,https://en.wikipedia.org/wiki/John_Terry,2026-08-02,1364479295
john-terry,Q83456,John Terry,1980-12-07,United Kingdom,centre-back,CB,DEF,retired,2003–04,2003–04,2003,2004,split_year,23,chelsea,Chelsea,premier-league,Premier League,33,2,domestic_league,False,professional_or_unknown,True,,Wikipedia,https://en.wikipedia.org/wiki/John_Terry,2026-08-02,1364479295
john-terry,Q83456,John Terry,1980-12-07,United Kingdom,centre-back,CB,DEF,retired,2004–05,2004–05,2004,2005,split_year,24,chelsea,Chelsea,premier-league,Premier League,36,3,domestic_league,False,professional_or_unknown,True,,Wikipedia,https://en.wikipedia.org/wiki/John_Terry,2026-08-02,1364479295
john-terry,Q83456,John Terry,1980-12-07,United Kingdom,centre-back,CB,DEF,retired,2005–06,2005–06,2005,2006,split_year,25,chelsea,Chelsea,premier-league,Premier League,36,4,domestic_league,False,professional_or_unknown,True,,Wikipedia,https://en.wikipedia.org/wiki/John_Terry,2026-08-02,1364479295
john-terry,Q83456,John Terry,1980-12-07,United Kingdom,centre-back,CB,DEF,retired,2006–07,2006–07,2006,2007,split_year,26,chelsea,Chelsea,premier-league,Premier League,28,1,domestic_league,False,professional_or_unknown,True,,Wikipedia,https://en.wikipedia.org/wiki/John_Terry,2026-08-02,1364479295
john-terry,Q83456,John Terry,1980-12-07,United Kingdom,centre-back,CB,DEF,retired,2007–08,2007–08,2007,2008,split_year,27,chelsea,Chelsea,premier-league,Premier League,23,1,domestic_league,False,professional_or_unknown,True,,Wikipedia,https://en.wikipedia.org/wiki/John_Terry,2026-08-02,1364479295
john-terry,Q83456,John Terry,1980-12-07,United Kingdom,centre-back,CB,DEF,retired,2008–09,2008–09,2008,2009,split_year,28,chelsea,Chelsea,premier-league,Premier League,35,1,domestic_league,False,professional_or_unknown,True,,Wikipedia,https://en.wikipedia.org/wiki/John_Terry,2026-08-02,1364479295
john-terry,Q83456,John Terry,1980-12-07,United Kingdom,centre-back,CB,DEF,retired,2009–10,2009–10,2009,2010,split_year,29,chelsea,Chelsea,premier-league,Premier League,37,2,domestic_league,False,professional_or_unknown,True,,Wikipedia,https://en.wikipedia.org/wiki/John_Terry,2026-08-02,1364479295
john-terry,Q83456,John Terry,1980-12-07,United Kingdom,centre-back,CB,DEF,retired,2010–11,2010–11,2010,2011,split_year,30,chelsea,Chelsea,premier-league,Premier League,33,3,domestic_league,False,professional_or_unknown,True,,Wikipedia,https://en.wikipedia.org/wiki/John_Terry,2026-08-02,1364479295
john-terry,Q83456,John Terry,1980-12-07,United Kingdom,centre-back,CB,DEF,retired,2011–12,2011–12,2011,2012,split_year,31,chelsea,Chelsea,premier-league,Premier League,31,6,domestic_league,False,professional_or_unknown,True,,Wikipedia,https://en.wikipedia.org/wiki/John_Terry,2026-08-02,1364479295
john-terry,Q83456,John Terry,1980-12-07,United Kingdom,centre-back,CB,DEF,retired,2012–13,2012–13,2012,2013,split_year,32,chelsea,Chelsea,premier-league,Premier League,14,4,domestic_league,False,professional_or_unknown,True,,Wikipedia,https://en.wikipedia.org/wiki/John_Terry,2026-08-02,1364479295
john-terry,Q83456,John Terry,1980-12-07,United Kingdom,centre-back,CB,DEF,retired,2013–14,2013–14,2013,2014,split_year,33,chelsea,Chelsea,premier-league,Premier League,34,2,domestic_league,False,professional_or_unknown,True,,Wikipedia,https://en.wikipedia.org/wiki/John_Terry,2026-08-02,1364479295
john-terry,Q83456,John Terry,1980-12-07,United Kingdom,centre-back,CB,DEF,retired,2014–15,2014–15,2014,2015,split_year,34,chelsea,Chelsea,premier-league,Premier League,38,5,domestic_league,False,professional_or_unknown,True,,Wikipedia,https://en.wikipedia.org/wiki/John_Terry,2026-08-02,1364479295
john-terry,Q83456,John Terry,1980-12-07,United Kingdom,centre-back,CB,DEF,retired,2015–16,2015–16,2015,2016,split_year,35,chelsea,Chelsea,premier-league,Premier League,24,1,domestic_league,False,professional_or_unknown,True,,Wikipedia,https://en.wikipedia.org/wiki/John_Terry,2026-08-02,1364479295
john-terry,Q83456,John Terry,1980-12-07,United Kingdom,centre-back,CB,DEF,retired,2016–17,2016–17,2016,2017,split_year,36,chelsea,Chelsea,premier-league,Premier League,9,1,domestic_league,False,professional_or_unknown,True,,Wikipedia,https://en.wikipedia.org/wiki/John_Terry,2026-08-02,1364479295
john-terry,Q83456,John Terry,1980-12-07,United Kingdom,centre-back,CB,DEF,retired,2017–18,2017–18,2017,2018,split_year,37,aston-villa,Aston Villa,championship,Championship,32,1,domestic_league,False,professional_or_unknown,True,,Wikipedia,https://en.wikipedia.org/wiki/John_Terry,2026-08-02,1364479295
jordi-alba,Q187159,Jordi Alba,1989-03-21,Spain,full-back,FB,DEF,active,2006–07,2006–07,2006,2007,split_year,17,cornella,Cornellà,primera-catalana,Primera Catalana,15,3,domestic_league,False,professional_or_unknown,True,,Wikipedia,https://en.wikipedia.org/wiki/Jordi_Alba,2026-08-02,1366790846
jordi-alba,Q187159,Jordi Alba,1989-03-21,Spain,full-back,FB,DEF,active,2008–09,2008–09,2008,2009,split_year,19,gimnastic-loan,Gimnàstic (loan),segunda-division,Segunda División,35,4,domestic_league,False,professional_or_unknown,True,,Wikipedia,https://en.wikipedia.org/wiki/Jordi_Alba,2026-08-02,1366790846
jordi-alba,Q187159,Jordi Alba,1989-03-21,Spain,full-back,FB,DEF,active,2009–10,2009–10,2009,2010,split_year,20,valencia,Valencia,la-liga,La Liga,15,1,domestic_league,False,professional_or_unknown,True,,Wikipedia,https://en.wikipedia.org/wiki/Jordi_Alba,2026-08-02,1366790846
jordi-alba,Q187159,Jordi Alba,1989-03-21,Spain,full-back,FB,DEF,active,2010–11,2010–11,2010,2011,split_year,21,valencia,Valencia,la-liga,La Liga,27,2,domestic_league,False,professional_or_unknown,True,,Wikipedia,https://en.wikipedia.org/wiki/Jordi_Alba,2026-08-02,1366790846
jordi-alba,Q187159,Jordi Alba,1989-03-21,Spain,full-back,FB,DEF,active,2011–12,2011–12,2011,2012,split_year,22,valencia,Valencia,la-liga,La Liga,32,2,domestic_league,False,professional_or_unknown,True,,Wikipedia,https://en.wikipedia.org/wiki/Jordi_Alba,2026-08-02,1366790846
jordi-alba,Q187159,Jordi Alba,1989-03-21,Spain,full-back,FB,DEF,active,2012–13,2012–13,2012,2013,split_year,23,barcelona,Barcelona,la-liga,La Liga,29,2,domestic_league,False,professional_or_unknown,True,,Wikipedia,https://en.wikipedia.org/wiki/Jordi_Alba,2026-08-02,1366790846
jordi-alba,Q187159,Jordi Alba,1989-03-21,Spain,full-back,FB,DEF,active,2013–14,2013–14,2013,2014,split_year,24,barcelona,Barcelona,la-liga,La Liga,15,0,domestic_league,False,professional_or_unknown,True,,Wikipedia,https://en.wikipedia.org/wiki/Jordi_Alba,2026-08-02,1366790846
jordi-alba,Q187159,Jordi Alba,1989-03-21,Spain,full-back,FB,DEF,active,2014–15,2014–15,2014,2015,split_year,25,barcelona,Barcelona,la-liga,La Liga,27,1,domestic_league,False,professional_or_unknown,True,,Wikipedia,https://en.wikipedia.org/wiki/Jordi_Alba,2026-08-02,1366790846
jordi-alba,Q187159,Jordi Alba,1989-03-21,Spain,full-back,FB,DEF,active,2015–16,2015–16,2015,2016,split_year,26,barcelona,Barcelona,la-liga,La Liga,31,0,domestic_league,False,professional_or_unknown,True,,Wikipedia,https://en.wikipedia.org/wiki/Jordi_Alba,2026-08-02,1366790846
jordi-alba,Q187159,Jordi Alba,1989-03-21,Spain,full-back,FB,DEF,active,2016–17,2016–17,2016,2017,split_year,27,barcelona,Barcelona,la-liga,La Liga,26,1,domestic_league,False,professional_or_unknown,True,,Wikipedia,https://en.wikipedia.org/wiki/Jordi_Alba,2026-08-02,1366790846
jordi-alba,Q187159,Jordi Alba,1989-03-21,Spain,full-back,FB,DEF,active,2017–18,2017–18,2017,2018,split_year,28,barcelona,Barcelona,la-liga,La Liga,33,2,domestic_league,False,professional_or_unknown,True,,Wikipedia,https://en.wikipedia.org/wiki/Jordi_Alba,2026-08-02,1366790846
jordi-alba,Q187159,Jordi Alba,1989-03-21,Spain,full-back,FB,DEF,active,2018–19,2018–19,2018,2019,split_year,29,barcelona,Barcelona,la-liga,La Liga,36,2,domestic_league,False,professional_or_unknown,True,,Wikipedia,https://en.wikipedia.org/wiki/Jordi_Alba,2026-08-02,1366790846
jordi-alba,Q187159,Jordi Alba,1989-03-21,Spain,full-back,FB,DEF,active,2019–20,2019–20,2019,2020,split_year,30,barcelona,Barcelona,la-liga,La Liga,27,2,domestic_league,False,professional_or_unknown,True,,Wikipedia,https://en.wikipedia.org/wiki/Jordi_Alba,2026-08-02,1366790846
jordi-alba,Q187159,Jordi Alba,1989-03-21,Spain,full-back,FB,DEF,active,2020–21,2020–21,2020,2021,split_year,31,barcelona,Barcelona,la-liga,La Liga,35,3,domestic_league,False,professional_or_unknown,True,,Wikipedia,https://en.wikipedia.org/wiki/Jordi_Alba,2026-08-02,1366790846
jordi-alba,Q187159,Jordi Alba,1989-03-21,Spain,full-back,FB,DEF,active,2021–22,2021–22,2021,2022,split_year,32,barcelona,Barcelona,la-liga,La Liga,30,2,domestic_league,False,professional_or_unknown,True,,Wikipedia,https://en.wikipedia.org/wiki/Jordi_Alba,2026-08-02,1366790846
jordi-alba,Q187159,Jordi Alba,1989-03-21,Spain,full-back,FB,DEF,active,2022–23,2022–23,2022,2023,split_year,33,barcelona,Barcelona,la-liga,La Liga,24,2,domestic_league,False,professional_or_unknown,True,,Wikipedia,https://en.wikipedia.org/wiki/Jordi_Alba,2026-08-02,1366790846
jordi-alba,Q187159,Jordi Alba,1989-03-21,Spain,full-back,FB,DEF,active,2023,2023,2023,2023,calendar_year,34,inter-miami,Inter Miami,mls,MLS,7,1,domestic_league,False,professional_or_unknown,True,,Wikipedia,https://en.wikipedia.org/wiki/Jordi_Alba,2026-08-02,1366790846
jordi-alba,Q187159,Jordi Alba,1989-03-21,Spain,full-back,FB,DEF,active,2024,2024,2024,2024,calendar_year,35,inter-miami,Inter Miami,mls,MLS,28,4,domestic_league,False,professional_or_unknown,True,,Wikipedia,https://en.wikipedia.org/wiki/Jordi_Alba,2026-08-02,1366790846
jordi-alba,Q187159,Jordi Alba,1989-03-21,Spain,full-back,FB,DEF,active,2025,2025,2025,2025,calendar_year,36,inter-miami,Inter Miami,mls,MLS,30,6,domestic_league,False,professional_or_unknown,True,,Wikipedia,https://en.wikipedia.org/wiki/Jordi_Alba,2026-08-02,1366790846
jorginho-footballer-born-december-1991,Q3810078,"Jorginho (footballer, born December 1991)",1991-12-20,Italy,midfielder,DM,MID,active,2010–11,2010–11,2010,2011,split_year,19,sambonifacese,Sambonifacese,lega-pro-seconda-divisione,Lega Pro Seconda Divisione,31,1,domestic_league,False,professional_or_unknown,True,,Wikipedia,"https://en.wikipedia.org/wiki/Jorginho_(footballer,_born_December_1991)",2026-08-02,1367106150
jorginho-footballer-born-december-1991,Q3810078,"Jorginho (footballer, born December 1991)",1991-12-20,Italy,midfielder,DM,MID,active,2011–12,2011–12,2011,2012,split_year,20,hellas-verona,Hellas Verona,serie-b,Serie B,30,2,domestic_league,False,professional_or_unknown,True,,Wikipedia,"https://en.wikipedia.org/wiki/Jorginho_(footballer,_born_December_1991)",2026-08-02,1367106150
jorginho-footballer-born-december-1991,Q3810078,"Jorginho (footballer, born December 1991)",1991-12-20,Italy,midfielder,DM,MID,active,2012–13,2012–13,2012,2013,split_year,21,hellas-verona,Hellas Verona,serie-b,Serie B,41,2,domestic_league,False,professional_or_unknown,True,,Wikipedia,"https://en.wikipedia.org/wiki/Jorginho_(footballer,_born_December_1991)",2026-08-02,1367106150
jorginho-footballer-born-december-1991,Q3810078,"Jorginho (footballer, born December 1991)",1991-12-20,Italy,midfielder,DM,MID,active,2013–14,2013–14,2013,2014,split_year,22,hellas-verona,Hellas Verona,serie-a,Serie A,18,7,domestic_league,False,professional_or_unknown,True,,Wikipedia,"https://en.wikipedia.org/wiki/Jorginho_(footballer,_born_December_1991)",2026-08-02,1367106150
jorginho-footballer-born-december-1991,Q3810078,"Jorginho (footballer, born December 1991)",1991-12-20,Italy,midfielder,DM,MID,active,2013–14,2013–14,2013,2014,split_year,22,napoli,Napoli,serie-a,Serie A,15,0,domestic_league,False,professional_or_unknown,True,,Wikipedia,"https://en.wikipedia.org/wiki/Jorginho_(footballer,_born_December_1991)",2026-08-02,1367106150
jorginho-footballer-born-december-1991,Q3810078,"Jorginho (footballer, born December 1991)",1991-12-20,Italy,midfielder,DM,MID,active,2014–15,2014–15,2014,2015,split_year,23,napoli,Napoli,serie-a,Serie A,23,0,domestic_league,False,professional_or_unknown,True,,Wikipedia,"https://en.wikipedia.org/wiki/Jorginho_(footballer,_born_December_1991)",2026-08-02,1367106150
jorginho-footballer-born-december-1991,Q3810078,"Jorginho (footballer, born December 1991)",1991-12-20,Italy,midfielder,DM,MID,active,2015–16,2015–16,2015,2016,split_year,24,napoli,Napoli,serie-a,Serie A,35,0,domestic_league,False,professional_or_unknown,True,,Wikipedia,"https://en.wikipedia.org/wiki/Jorginho_(footballer,_born_December_1991)",2026-08-02,1367106150
jorginho-footballer-born-december-1991,Q3810078,"Jorginho (footballer, born December 1991)",1991-12-20,Italy,midfielder,DM,MID,active,2016–17,2016–17,2016,2017,split_year,25,napoli,Napoli,serie-a,Serie A,27,0,domestic_league,False,professional_or_unknown,True,,Wikipedia,"https://en.wikipedia.org/wiki/Jorginho_(footballer,_born_December_1991)",2026-08-02,1367106150
jorginho-footballer-born-december-1991,Q3810078,"Jorginho (footballer, born December 1991)",1991-12-20,Italy,midfielder,DM,MID,active,2017–18,2017–18,2017,2018,split_year,26,napoli,Napoli,serie-a,Serie A,33,2,domestic_league,False,professional_or_unknown,True,,Wikipedia,"https://en.wikipedia.org/wiki/Jorginho_(footballer,_born_December_1991)",2026-08-02,1367106150
jorginho-footballer-born-december-1991,Q3810078,"Jorginho (footballer, born December 1991)",1991-12-20,Italy,midfielder,DM,MID,active,2018–19,2018–19,2018,2019,split_year,27,chelsea,Chelsea,premier-league,Premier League,37,2,domestic_league,False,professional_or_unknown,True,,Wikipedia,"https://en.wikipedia.org/wiki/Jorginho_(footballer,_born_December_1991)",2026-08-02,1367106150
jorginho-footballer-born-december-1991,Q3810078,"Jorginho (footballer, born December 1991)",1991-12-20,Italy,midfielder,DM,MID,active,2019–20,2019–20,2019,2020,split_year,28,chelsea,Chelsea,premier-league,Premier League,31,4,domestic_league,False,professional_or_unknown,True,,Wikipedia,"https://en.wikipedia.org/wiki/Jorginho_(footballer,_born_December_1991)",2026-08-02,1367106150
jorginho-footballer-born-december-1991,Q3810078,"Jorginho (footballer, born December 1991)",1991-12-20,Italy,midfielder,DM,MID,active,2020–21,2020–21,2020,2021,split_year,29,chelsea,Chelsea,premier-league,Premier League,28,7,domestic_league,False,professional_or_unknown,True,,Wikipedia,"https://en.wikipedia.org/wiki/Jorginho_(footballer,_born_December_1991)",2026-08-02,1367106150
jorginho-footballer-born-december-1991,Q3810078,"Jorginho (footballer, born December 1991)",1991-12-20,Italy,midfielder,DM,MID,active,2021–22,2021–22,2021,2022,split_year,30,chelsea,Chelsea,premier-league,Premier League,29,6,domestic_league,False,professional_or_unknown,True,,Wikipedia,"https://en.wikipedia.org/wiki/Jorginho_(footballer,_born_December_1991)",2026-08-02,1367106150
jorginho-footballer-born-december-1991,Q3810078,"Jorginho (footballer, born December 1991)",1991-12-20,Italy,midfielder,DM,MID,active,2022–23,2022–23,2022,2023,split_year,31,arsenal,Arsenal,premier-league,Premier League,14,0,domestic_league,False,professional_or_unknown,True,,Wikipedia,"https://en.wikipedia.org/wiki/Jorginho_(footballer,_born_December_1991)",2026-08-02,1367106150
jorginho-footballer-born-december-1991,Q3810078,"Jorginho (footballer, born December 1991)",1991-12-20,Italy,midfielder,DM,MID,active,2022–23,2022–23,2022,2023,split_year,31,chelsea,Chelsea,premier-league,Premier League,18,2,domestic_league,False,professional_or_unknown,True,,Wikipedia,"https://en.wikipedia.org/wiki/Jorginho_(footballer,_born_December_1991)",2026-08-02,1367106150
jorginho-footballer-born-december-1991,Q3810078,"Jorginho (footballer, born December 1991)",1991-12-20,Italy,midfielder,DM,MID,active,2023–24,2023–24,2023,2024,split_year,32,arsenal,Arsenal,premier-league,Premier League,24,0,domestic_league,False,professional_or_unknown,True,,Wikipedia,"https://en.wikipedia.org/wiki/Jorginho_(footballer,_born_December_1991)",2026-08-02,1367106150
jorginho-footballer-born-december-1991,Q3810078,"Jorginho (footballer, born December 1991)",1991-12-20,Italy,midfielder,DM,MID,active,2024–25,2024–25,2024,2025,split_year,33,arsenal,Arsenal,premier-league,Premier League,15,0,domestic_league,False,professional_or_unknown,True,,Wikipedia,"https://en.wikipedia.org/wiki/Jorginho_(footballer,_born_December_1991)",2026-08-02,1367106150
jorginho-footballer-born-december-1991,Q3810078,"Jorginho (footballer, born December 1991)",1991-12-20,Italy,midfielder,DM,MID,active,2025,2025,2025,2025,calendar_year,34,flamengo,Flamengo,serie-a,Série A,17,3,domestic_league,False,professional_or_unknown,True,,Wikipedia,"https://en.wikipedia.org/wiki/Jorginho_(footballer,_born_December_1991)",2026-08-02,1367106150
jorginho-footballer-born-december-1991,Q3810078,"Jorginho (footballer, born December 1991)",1991-12-20,Italy,midfielder,DM,MID,active,2026,2026,2026,2026,calendar_year,35,flamengo,Flamengo,serie-a,Série A,14,2,domestic_league,True,professional_or_unknown,True,,Wikipedia,"https://en.wikipedia.org/wiki/Jorginho_(footballer,_born_December_1991)",2026-08-02,1367106150
joshua-kimmich,Q13865408,Joshua Kimmich,1995-02-08,Germany,midfielder,DM,MID,active,2013–14,2013–14,2013,2014,split_year,18,rb-leipzig,RB Leipzig,3-liga,3. Liga,26,1,domestic_league,False,professional_or_unknown,True,,Wikipedia,https://en.wikipedia.org/wiki/Joshua_Kimmich,2026-08-02,1367111863
joshua-kimmich,Q13865408,Joshua Kimmich,1995-02-08,Germany,midfielder,DM,MID,active,2014–15,2014–15,2014,2015,split_year,19,rb-leipzig,RB Leipzig,2-bundesliga,2. Bundesliga,27,2,domestic_league,False,professional_or_unknown,True,,Wikipedia,https://en.wikipedia.org/wiki/Joshua_Kimmich,2026-08-02,1367111863
joshua-kimmich,Q13865408,Joshua Kimmich,1995-02-08,Germany,midfielder,DM,MID,active,2015–16,2015–16,2015,2016,split_year,20,bayern-munich,Bayern Munich,bundesliga,Bundesliga,23,0,domestic_league,False,professional_or_unknown,True,,Wikipedia,https://en.wikipedia.org/wiki/Joshua_Kimmich,2026-08-02,1367111863
joshua-kimmich,Q13865408,Joshua Kimmich,1995-02-08,Germany,midfielder,DM,MID,active,2016–17,2016–17,2016,2017,split_year,21,bayern-munich,Bayern Munich,bundesliga,Bundesliga,27,6,domestic_league,False,professional_or_unknown,True,,Wikipedia,https://en.wikipedia.org/wiki/Joshua_Kimmich,2026-08-02,1367111863
joshua-kimmich,Q13865408,Joshua Kimmich,1995-02-08,Germany,midfielder,DM,MID,active,2017–18,2017–18,2017,2018,split_year,22,bayern-munich,Bayern Munich,bundesliga,Bundesliga,29,1,domestic_league,False,professional_or_unknown,True,,Wikipedia,https://en.wikipedia.org/wiki/Joshua_Kimmich,2026-08-02,1367111863
joshua-kimmich,Q13865408,Joshua Kimmich,1995-02-08,Germany,midfielder,DM,MID,active,2018–19,2018–19,2018,2019,split_year,23,bayern-munich,Bayern Munich,bundesliga,Bundesliga,34,2,domestic_league,False,professional_or_unknown,True,,Wikipedia,https://en.wikipedia.org/wiki/Joshua_Kimmich,2026-08-02,1367111863
joshua-kimmich,Q13865408,Joshua Kimmich,1995-02-08,Germany,midfielder,DM,MID,active,2019–20,2019–20,2019,2020,split_year,24,bayern-munich,Bayern Munich,bundesliga,Bundesliga,33,4,domestic_league,False,professional_or_unknown,True,,Wikipedia,https://en.wikipedia.org/wiki/Joshua_Kimmich,2026-08-02,1367111863
joshua-kimmich,Q13865408,Joshua Kimmich,1995-02-08,Germany,midfielder,DM,MID,active,2020–21,2020–21,2020,2021,split_year,25,bayern-munich,Bayern Munich,bundesliga,Bundesliga,27,4,domestic_league,False,professional_or_unknown,True,,Wikipedia,https://en.wikipedia.org/wiki/Joshua_Kimmich,2026-08-02,1367111863
joshua-kimmich,Q13865408,Joshua Kimmich,1995-02-08,Germany,midfielder,DM,MID,active,2021–22,2021–22,2021,2022,split_year,26,bayern-munich,Bayern Munich,bundesliga,Bundesliga,28,3,domestic_league,False,professional_or_unknown,True,,Wikipedia,https://en.wikipedia.org/wiki/Joshua_Kimmich,2026-08-02,1367111863
joshua-kimmich,Q13865408,Joshua Kimmich,1995-02-08,Germany,midfielder,DM,MID,active,2022–23,2022–23,2022,2023,split_year,27,bayern-munich,Bayern Munich,bundesliga,Bundesliga,33,5,domestic_league,False,professional_or_unknown,True,,Wikipedia,https://en.wikipedia.org/wiki/Joshua_Kimmich,2026-08-02,1367111863
joshua-kimmich,Q13865408,Joshua Kimmich,1995-02-08,Germany,midfielder,DM,MID,active,2023–24,2023–24,2023,2024,split_year,28,bayern-munich,Bayern Munich,bundesliga,Bundesliga,28,1,domestic_league,False,professional_or_unknown,True,,Wikipedia,https://en.wikipedia.org/wiki/Joshua_Kimmich,2026-08-02,1367111863
joshua-kimmich,Q13865408,Joshua Kimmich,1995-02-08,Germany,midfielder,DM,MID,active,2024–25,2024–25,2024,2025,split_year,29,bayern-munich,Bayern Munich,bundesliga,Bundesliga,33,3,domestic_league,False,professional_or_unknown,True,,Wikipedia,https://en.wikipedia.org/wiki/Joshua_Kimmich,2026-08-02,1367111863
joshua-kimmich,Q13865408,Joshua Kimmich,1995-02-08,Germany,midfielder,DM,MID,active,2025–26,2025–26,2025,2026,split_year,30,bayern-munich,Bayern Munich,bundesliga,Bundesliga,29,2,domestic_league,False,professional_or_unknown,True,,Wikipedia,https://en.wikipedia.org/wiki/Joshua_Kimmich,2026-08-02,1367111863
josko-gvardiol,Q73400656,Joško Gvardiol,2002-01-23,Croatia,defender,CB,DEF,active,2019–20,2019–20,2019,2020,split_year,17,dinamo-zagreb,Dinamo Zagreb,prva-hnl,Prva HNL,11,1,domestic_league,False,professional_or_unknown,True,,Wikipedia,https://en.wikipedia.org/wiki/Joško_Gvardiol,2026-08-02,1367106286
josko-gvardiol,Q73400656,Joško Gvardiol,2002-01-23,Croatia,defender,CB,DEF,active,2020–21,2020–21,2020,2021,split_year,18,dinamo-zagreb,Dinamo Zagreb,prva-hnl,Prva HNL,25,2,domestic_league,False,professional_or_unknown,True,,Wikipedia,https://en.wikipedia.org/wiki/Joško_Gvardiol,2026-08-02,1367106286
josko-gvardiol,Q73400656,Joško Gvardiol,2002-01-23,Croatia,defender,CB,DEF,active,2021–22,2021–22,2021,2022,split_year,19,rb-leipzig,RB Leipzig,bundesliga,Bundesliga,29,2,domestic_league,False,professional_or_unknown,True,,Wikipedia,https://en.wikipedia.org/wiki/Joško_Gvardiol,2026-08-02,1367106286
josko-gvardiol,Q73400656,Joško Gvardiol,2002-01-23,Croatia,defender,CB,DEF,active,2022–23,2022–23,2022,2023,split_year,20,rb-leipzig,RB Leipzig,bundesliga,Bundesliga,30,1,domestic_league,False,professional_or_unknown,True,,Wikipedia,https://en.wikipedia.org/wiki/Joško_Gvardiol,2026-08-02,1367106286
josko-gvardiol,Q73400656,Joško Gvardiol,2002-01-23,Croatia,defender,CB,DEF,active,2023–24,2023–24,2023,2024,split_year,21,manchester-city,Manchester City,premier-league,Premier League,28,4,domestic_league,False,professional_or_unknown,True,,Wikipedia,https://en.wikipedia.org/wiki/Joško_Gvardiol,2026-08-02,1367106286
josko-gvardiol,Q73400656,Joško Gvardiol,2002-01-23,Croatia,defender,CB,DEF,active,2024–25,2024–25,2024,2025,split_year,22,manchester-city,Manchester City,premier-league,Premier League,37,5,domestic_league,False,professional_or_unknown,True,,Wikipedia,https://en.wikipedia.org/wiki/Joško_Gvardiol,2026-08-02,1367106286
josko-gvardiol,Q73400656,Joško Gvardiol,2002-01-23,Croatia,defender,CB,DEF,active,2025–26,2025–26,2025,2026,split_year,23,manchester-city,Manchester City,premier-league,Premier League,18,2,domestic_league,False,professional_or_unknown,True,,Wikipedia,https://en.wikipedia.org/wiki/Joško_Gvardiol,2026-08-02,1367106286
juan-cuadrado,Q509374,Juan Cuadrado,1988-05-26,Colombia,full-back,WNG,WIDE,active,2008,2008,2008,2008,calendar_year,20,independiente-medellin,Independiente Medellín,categoria-primera-a,Categoría Primera A,21,2,domestic_league,False,professional_or_unknown,True,,Wikipedia,https://en.wikipedia.org/wiki/Juan_Cuadrado,2026-08-02,1365498765
juan-cuadrado,Q509374,Juan Cuadrado,1988-05-26,Colombia,full-back,WNG,WIDE,active,2009,2009,2009,2009,calendar_year,21,independiente-medellin,Independiente Medellín,categoria-primera-a,Categoría Primera A,9,0,domestic_league,False,professional_or_unknown,True,,Wikipedia,https://en.wikipedia.org/wiki/Juan_Cuadrado,2026-08-02,1365498765
juan-cuadrado,Q509374,Juan Cuadrado,1988-05-26,Colombia,full-back,WNG,WIDE,active,2009–10,2009–10,2009,2010,split_year,21,udinese,Udinese,serie-a,Serie A,11,0,domestic_league,False,professional_or_unknown,True,,Wikipedia,https://en.wikipedia.org/wiki/Juan_Cuadrado,2026-08-02,1365498765
juan-cuadrado,Q509374,Juan Cuadrado,1988-05-26,Colombia,full-back,WNG,WIDE,active,2010–11,2010–11,2010,2011,split_year,22,udinese,Udinese,serie-a,Serie A,9,0,domestic_league,False,professional_or_unknown,True,,Wikipedia,https://en.wikipedia.org/wiki/Juan_Cuadrado,2026-08-02,1365498765
juan-cuadrado,Q509374,Juan Cuadrado,1988-05-26,Colombia,full-back,WNG,WIDE,active,2011–12,2011–12,2011,2012,split_year,23,lecce-loan,Lecce (loan),serie-a,Serie A,33,3,domestic_league,False,professional_or_unknown,True,,Wikipedia,https://en.wikipedia.org/wiki/Juan_Cuadrado,2026-08-02,1365498765
juan-cuadrado,Q509374,Juan Cuadrado,1988-05-26,Colombia,full-back,WNG,WIDE,active,2012–13,2012–13,2012,2013,split_year,24,fiorentina,Fiorentina,serie-a,Serie A,36,5,domestic_league,False,professional_or_unknown,True,,Wikipedia,https://en.wikipedia.org/wiki/Juan_Cuadrado,2026-08-02,1365498765
juan-cuadrado,Q509374,Juan Cuadrado,1988-05-26,Colombia,full-back,WNG,WIDE,active,2013–14,2013–14,2013,2014,split_year,25,fiorentina,Fiorentina,serie-a,Serie A,32,11,domestic_league,False,professional_or_unknown,True,,Wikipedia,https://en.wikipedia.org/wiki/Juan_Cuadrado,2026-08-02,1365498765
juan-cuadrado,Q509374,Juan Cuadrado,1988-05-26,Colombia,full-back,WNG,WIDE,active,2014–15,2014–15,2014,2015,split_year,26,chelsea,Chelsea,premier-league,Premier League,12,0,domestic_league,False,professional_or_unknown,True,,Wikipedia,https://en.wikipedia.org/wiki/Juan_Cuadrado,2026-08-02,1365498765
juan-cuadrado,Q509374,Juan Cuadrado,1988-05-26,Colombia,full-back,WNG,WIDE,active,2014–15,2014–15,2014,2015,split_year,26,fiorentina,Fiorentina,serie-a,Serie A,17,4,domestic_league,False,professional_or_unknown,True,,Wikipedia,https://en.wikipedia.org/wiki/Juan_Cuadrado,2026-08-02,1365498765
juan-cuadrado,Q509374,Juan Cuadrado,1988-05-26,Colombia,full-back,WNG,WIDE,active,2015–16,2015–16,2015,2016,split_year,27,chelsea,Chelsea,premier-league,Premier League,1,0,domestic_league,False,professional_or_unknown,True,,Wikipedia,https://en.wikipedia.org/wiki/Juan_Cuadrado,2026-08-02,1365498765
juan-cuadrado,Q509374,Juan Cuadrado,1988-05-26,Colombia,full-back,WNG,WIDE,active,2015–16,2015–16,2015,2016,split_year,27,juventus-loan,Juventus (loan),serie-a,Serie A,28,4,domestic_league,False,professional_or_unknown,True,,Wikipedia,https://en.wikipedia.org/wiki/Juan_Cuadrado,2026-08-02,1365498765
juan-cuadrado,Q509374,Juan Cuadrado,1988-05-26,Colombia,full-back,WNG,WIDE,active,2016–17,2016–17,2016,2017,split_year,28,juventus-loan,Juventus (loan),serie-a,Serie A,30,2,domestic_league,False,professional_or_unknown,True,,Wikipedia,https://en.wikipedia.org/wiki/Juan_Cuadrado,2026-08-02,1365498765
juan-cuadrado,Q509374,Juan Cuadrado,1988-05-26,Colombia,full-back,WNG,WIDE,active,2017–18,2017–18,2017,2018,split_year,29,juventus,Juventus,serie-a,Serie A,21,4,domestic_league,False,professional_or_unknown,True,,Wikipedia,https://en.wikipedia.org/wiki/Juan_Cuadrado,2026-08-02,1365498765
juan-cuadrado,Q509374,Juan Cuadrado,1988-05-26,Colombia,full-back,WNG,WIDE,active,2018–19,2018–19,2018,2019,split_year,30,juventus,Juventus,serie-a,Serie A,18,1,domestic_league,False,professional_or_unknown,True,,Wikipedia,https://en.wikipedia.org/wiki/Juan_Cuadrado,2026-08-02,1365498765
juan-cuadrado,Q509374,Juan Cuadrado,1988-05-26,Colombia,full-back,WNG,WIDE,active,2019–20,2019–20,2019,2020,split_year,31,juventus,Juventus,serie-a,Serie A,33,2,domestic_league,False,professional_or_unknown,True,,Wikipedia,https://en.wikipedia.org/wiki/Juan_Cuadrado,2026-08-02,1365498765
juan-cuadrado,Q509374,Juan Cuadrado,1988-05-26,Colombia,full-back,WNG,WIDE,active,2020–21,2020–21,2020,2021,split_year,32,juventus,Juventus,serie-a,Serie A,30,2,domestic_league,False,professional_or_unknown,True,,Wikipedia,https://en.wikipedia.org/wiki/Juan_Cuadrado,2026-08-02,1365498765
juan-cuadrado,Q509374,Juan Cuadrado,1988-05-26,Colombia,full-back,WNG,WIDE,active,2021–22,2021–22,2021,2022,split_year,33,juventus,Juventus,serie-a,Serie A,33,4,domestic_league,False,professional_or_unknown,True,,Wikipedia,https://en.wikipedia.org/wiki/Juan_Cuadrado,2026-08-02,1365498765
juan-cuadrado,Q509374,Juan Cuadrado,1988-05-26,Colombia,full-back,WNG,WIDE,active,2022–23,2022–23,2022,2023,split_year,34,juventus,Juventus,serie-a,Serie A,31,1,domestic_league,False,professional_or_unknown,True,,Wikipedia,https://en.wikipedia.org/wiki/Juan_Cuadrado,2026-08-02,1365498765
juan-cuadrado,Q509374,Juan Cuadrado,1988-05-26,Colombia,full-back,WNG,WIDE,active,2023–24,2023–24,2023,2024,split_year,35,inter-milan,Inter Milan,serie-a,Serie A,10,0,domestic_league,False,professional_or_unknown,True,,Wikipedia,https://en.wikipedia.org/wiki/Juan_Cuadrado,2026-08-02,1365498765
juan-cuadrado,Q509374,Juan Cuadrado,1988-05-26,Colombia,full-back,WNG,WIDE,active,2024–25,2024–25,2024,2025,split_year,36,atalanta,Atalanta,serie-a,Serie A,23,0,domestic_league,False,professional_or_unknown,True,,Wikipedia,https://en.wikipedia.org/wiki/Juan_Cuadrado,2026-08-02,1365498765
juan-cuadrado,Q509374,Juan Cuadrado,1988-05-26,Colombia,full-back,WNG,WIDE,active,2025–26,2025–26,2025,2026,split_year,37,pisa,Pisa,serie-a,Serie A,19,1,domestic_league,False,professional_or_unknown,True,,Wikipedia,https://en.wikipedia.org/wiki/Juan_Cuadrado,2026-08-02,1365498765
juan-roman-riquelme,Q192965,Juan Román Riquelme,1978-06-24,Argentina,midfielder,AM,MID,retired,2002–03,2002–03,2002,2003,split_year,24,barcelona,Barcelona,la-liga,La Liga,30,3,domestic_league,False,professional_or_unknown,True,,Wikipedia,https://en.wikipedia.org/wiki/Juan_Román_Riquelme,2026-08-02,1366024493
juan-roman-riquelme,Q192965,Juan Román Riquelme,1978-06-24,Argentina,midfielder,AM,MID,retired,2003–04,2003–04,2003,2004,split_year,25,villarreal-loan,Villarreal (loan),la-liga,La Liga,33,8,domestic_league,False,professional_or_unknown,True,,Wikipedia,https://en.wikipedia.org/wiki/Juan_Román_Riquelme,2026-08-02,1366024493
juan-roman-riquelme,Q192965,Juan Román Riquelme,1978-06-24,Argentina,midfielder,AM,MID,retired,2004–05,2004–05,2004,2005,split_year,26,villarreal-loan,Villarreal (loan),la-liga,La Liga,35,15,domestic_league,False,professional_or_unknown,True,,Wikipedia,https://en.wikipedia.org/wiki/Juan_Román_Riquelme,2026-08-02,1366024493
juan-roman-riquelme,Q192965,Juan Román Riquelme,1978-06-24,Argentina,midfielder,AM,MID,retired,2005–06,2005–06,2005,2006,split_year,27,villarreal,Villarreal,la-liga,La Liga,25,12,domestic_league,False,professional_or_unknown,True,,Wikipedia,https://en.wikipedia.org/wiki/Juan_Román_Riquelme,2026-08-02,1366024493
juan-roman-riquelme,Q192965,Juan Román Riquelme,1978-06-24,Argentina,midfielder,AM,MID,retired,2006–07,2006–07,2006,2007,split_year,28,villarreal,Villarreal,la-liga,La Liga,13,1,domestic_league,False,professional_or_unknown,True,,Wikipedia,https://en.wikipedia.org/wiki/Juan_Román_Riquelme,2026-08-02,1366024493
jude-bellingham,Q66241169,Jude Bellingham,2003-06-29,United Kingdom,midfielder,CM,MID,active,2019–20,2019–20,2019,2020,split_year,16,birmingham-city,Birmingham City,championship,Championship,41,4,domestic_league,False,professional_or_unknown,True,,Wikipedia,https://en.wikipedia.org/wiki/Jude_Bellingham,2026-08-02,1367218569
jude-bellingham,Q66241169,Jude Bellingham,2003-06-29,United Kingdom,midfielder,CM,MID,active,2020–21,2020–21,2020,2021,split_year,17,borussia-dortmund,Borussia Dortmund,bundesliga,Bundesliga,29,1,domestic_league,False,professional_or_unknown,True,,Wikipedia,https://en.wikipedia.org/wiki/Jude_Bellingham,2026-08-02,1367218569
jude-bellingham,Q66241169,Jude Bellingham,2003-06-29,United Kingdom,midfielder,CM,MID,active,2021–22,2021–22,2021,2022,split_year,18,borussia-dortmund,Borussia Dortmund,bundesliga,Bundesliga,32,3,domestic_league,False,professional_or_unknown,True,,Wikipedia,https://en.wikipedia.org/wiki/Jude_Bellingham,2026-08-02,1367218569
jude-bellingham,Q66241169,Jude Bellingham,2003-06-29,United Kingdom,midfielder,CM,MID,active,2022–23,2022–23,2022,2023,split_year,19,borussia-dortmund,Borussia Dortmund,bundesliga,Bundesliga,31,8,domestic_league,False,professional_or_unknown,True,,Wikipedia,https://en.wikipedia.org/wiki/Jude_Bellingham,2026-08-02,1367218569
jude-bellingham,Q66241169,Jude Bellingham,2003-06-29,United Kingdom,midfielder,CM,MID,active,2023–24,2023–24,2023,2024,split_year,20,real-madrid,Real Madrid,la-liga,La Liga,28,19,domestic_league,False,professional_or_unknown,True,,Wikipedia,https://en.wikipedia.org/wiki/Jude_Bellingham,2026-08-02,1367218569
jude-bellingham,Q66241169,Jude Bellingham,2003-06-29,United Kingdom,midfielder,CM,MID,active,2024–25,2024–25,2024,2025,split_year,21,real-madrid,Real Madrid,la-liga,La Liga,31,9,domestic_league,False,professional_or_unknown,True,,Wikipedia,https://en.wikipedia.org/wiki/Jude_Bellingham,2026-08-02,1367218569
jude-bellingham,Q66241169,Jude Bellingham,2003-06-29,United Kingdom,midfielder,CM,MID,active,2025–26,2025–26,2025,2026,split_year,22,real-madrid,Real Madrid,la-liga,La Liga,28,6,domestic_league,False,professional_or_unknown,True,,Wikipedia,https://en.wikipedia.org/wiki/Jude_Bellingham,2026-08-02,1367218569
jude-bellingham,Q66241169,Jude Bellingham,2003-06-29,United Kingdom,midfielder,CM,MID,active,2026–27,2026–27,2026,2027,split_year,23,real-madrid,Real Madrid,la-liga,La Liga,0,0,domestic_league,True,professional_or_unknown,True,,Wikipedia,https://en.wikipedia.org/wiki/Jude_Bellingham,2026-08-02,1367218569
julian-alvarez,Q59381180,Julián Alvarez,2000-01-31,Argentina,forward,FW,FWD,active,2018–19,2018–19,2018,2019,split_year,18,river-plate,River Plate,argentine-primera-division,Argentine Primera División,5,5,domestic_league,False,professional_or_unknown,True,,Wikipedia,https://en.wikipedia.org/wiki/Julián_Alvarez,2026-08-02,1367136189
julian-alvarez,Q59381180,Julián Alvarez,2000-01-31,Argentina,forward,FW,FWD,active,2019–20,2019–20,2019,2020,split_year,19,river-plate,River Plate,argentine-primera-division,Argentine Primera División,7,0,domestic_league,False,professional_or_unknown,True,,Wikipedia,https://en.wikipedia.org/wiki/Julián_Alvarez,2026-08-02,1367136189
julian-alvarez,Q59381180,Julián Alvarez,2000-01-31,Argentina,forward,FW,FWD,active,2020,2020,2020,2020,calendar_year,20,river-plate,River Plate,argentine-primera-division,Argentine Primera División,10,2,domestic_league,False,professional_or_unknown,True,,Wikipedia,https://en.wikipedia.org/wiki/Julián_Alvarez,2026-08-02,1367136189
julian-alvarez,Q59381180,Julián Alvarez,2000-01-31,Argentina,forward,FW,FWD,active,2021,2021,2021,2021,calendar_year,21,river-plate,River Plate,argentine-primera-division,Argentine Primera División,35,20,domestic_league,False,professional_or_unknown,True,,Wikipedia,https://en.wikipedia.org/wiki/Julián_Alvarez,2026-08-02,1367136189
julian-alvarez,Q59381180,Julián Alvarez,2000-01-31,Argentina,forward,FW,FWD,active,2022,2022,2022,2022,calendar_year,22,river-plate,River Plate,argentine-primera-division,Argentine Primera División,17,11,domestic_league,False,professional_or_unknown,True,,Wikipedia,https://en.wikipedia.org/wiki/Julián_Alvarez,2026-08-02,1367136189
julian-alvarez,Q59381180,Julián Alvarez,2000-01-31,Argentina,forward,FW,FWD,active,2022–23,2022–23,2022,2023,split_year,22,manchester-city,Manchester City,premier-league,Premier League,31,9,domestic_league,False,professional_or_unknown,True,,Wikipedia,https://en.wikipedia.org/wiki/Julián_Alvarez,2026-08-02,1367136189
julian-alvarez,Q59381180,Julián Alvarez,2000-01-31,Argentina,forward,FW,FWD,active,2023–24,2023–24,2023,2024,split_year,23,manchester-city,Manchester City,premier-league,Premier League,36,11,domestic_league,False,professional_or_unknown,True,,Wikipedia,https://en.wikipedia.org/wiki/Julián_Alvarez,2026-08-02,1367136189
julian-alvarez,Q59381180,Julián Alvarez,2000-01-31,Argentina,forward,FW,FWD,active,2024–25,2024–25,2024,2025,split_year,24,atletico-madrid,Atlético Madrid,la-liga,La Liga,37,17,domestic_league,False,professional_or_unknown,True,,Wikipedia,https://en.wikipedia.org/wiki/Julián_Alvarez,2026-08-02,1367136189
julian-alvarez,Q59381180,Julián Alvarez,2000-01-31,Argentina,forward,FW,FWD,active,2025–26,2025–26,2025,2026,split_year,25,atletico-madrid,Atlético Madrid,la-liga,La Liga,29,8,domestic_league,False,professional_or_unknown,True,,Wikipedia,https://en.wikipedia.org/wiki/Julián_Alvarez,2026-08-02,1367136189
kaka,Q531814,Kaká,1982-04-22,Brazil,midfielder,AM,MID,retired,2001,2001,2001,2001,calendar_year,19,sao-paulo,São Paulo,serie-a,Série A,27,12,domestic_league,False,professional_or_unknown,True,,Wikipedia,https://en.wikipedia.org/wiki/Kaká,2026-08-02,1365055413
kaka,Q531814,Kaká,1982-04-22,Brazil,midfielder,AM,MID,retired,2002,2002,2002,2002,calendar_year,20,sao-paulo,São Paulo,serie-a,Série A,22,9,domestic_league,False,professional_or_unknown,True,,Wikipedia,https://en.wikipedia.org/wiki/Kaká,2026-08-02,1365055413
kaka,Q531814,Kaká,1982-04-22,Brazil,midfielder,AM,MID,retired,2003,2003,2003,2003,calendar_year,21,sao-paulo,São Paulo,serie-a,Série A,10,2,domestic_league,False,professional_or_unknown,True,,Wikipedia,https://en.wikipedia.org/wiki/Kaká,2026-08-02,1365055413
kaka,Q531814,Kaká,1982-04-22,Brazil,midfielder,AM,MID,retired,2003–04,2003–04,2003,2004,split_year,21,ac-milan,AC Milan,serie-a,Serie A,30,10,domestic_league,False,professional_or_unknown,True,,Wikipedia,https://en.wikipedia.org/wiki/Kaká,2026-08-02,1365055413
kaka,Q531814,Kaká,1982-04-22,Brazil,midfielder,AM,MID,retired,2004–05,2004–05,2004,2005,split_year,22,ac-milan,AC Milan,serie-a,Serie A,36,7,domestic_league,False,professional_or_unknown,True,,Wikipedia,https://en.wikipedia.org/wiki/Kaká,2026-08-02,1365055413
kaka,Q531814,Kaká,1982-04-22,Brazil,midfielder,AM,MID,retired,2005–06,2005–06,2005,2006,split_year,23,ac-milan,AC Milan,serie-a,Serie A,35,14,domestic_league,False,professional_or_unknown,True,,Wikipedia,https://en.wikipedia.org/wiki/Kaká,2026-08-02,1365055413
kaka,Q531814,Kaká,1982-04-22,Brazil,midfielder,AM,MID,retired,2006–07,2006–07,2006,2007,split_year,24,ac-milan,AC Milan,serie-a,Serie A,31,8,domestic_league,False,professional_or_unknown,True,,Wikipedia,https://en.wikipedia.org/wiki/Kaká,2026-08-02,1365055413
kaka,Q531814,Kaká,1982-04-22,Brazil,midfielder,AM,MID,retired,2007–08,2007–08,2007,2008,split_year,25,ac-milan,AC Milan,serie-a,Serie A,30,15,domestic_league,False,professional_or_unknown,True,,Wikipedia,https://en.wikipedia.org/wiki/Kaká,2026-08-02,1365055413
kaka,Q531814,Kaká,1982-04-22,Brazil,midfielder,AM,MID,retired,2008–09,2008–09,2008,2009,split_year,26,ac-milan,AC Milan,serie-a,Serie A,31,16,domestic_league,False,professional_or_unknown,True,,Wikipedia,https://en.wikipedia.org/wiki/Kaká,2026-08-02,1365055413
kaka,Q531814,Kaká,1982-04-22,Brazil,midfielder,AM,MID,retired,2009–10,2009–10,2009,2010,split_year,27,real-madrid,Real Madrid,la-liga,La Liga,25,8,domestic_league,False,professional_or_unknown,True,,Wikipedia,https://en.wikipedia.org/wiki/Kaká,2026-08-02,1365055413
kaka,Q531814,Kaká,1982-04-22,Brazil,midfielder,AM,MID,retired,2010–11,2010–11,2010,2011,split_year,28,real-madrid,Real Madrid,la-liga,La Liga,14,7,domestic_league,False,professional_or_unknown,True,,Wikipedia,https://en.wikipedia.org/wiki/Kaká,2026-08-02,1365055413
kaka,Q531814,Kaká,1982-04-22,Brazil,midfielder,AM,MID,retired,2011–12,2011–12,2011,2012,split_year,29,real-madrid,Real Madrid,la-liga,La Liga,27,5,domestic_league,False,professional_or_unknown,True,,Wikipedia,https://en.wikipedia.org/wiki/Kaká,2026-08-02,1365055413
kaka,Q531814,Kaká,1982-04-22,Brazil,midfielder,AM,MID,retired,2012–13,2012–13,2012,2013,split_year,30,real-madrid,Real Madrid,la-liga,La Liga,19,3,domestic_league,False,professional_or_unknown,True,,Wikipedia,https://en.wikipedia.org/wiki/Kaká,2026-08-02,1365055413
kaka,Q531814,Kaká,1982-04-22,Brazil,midfielder,AM,MID,retired,2013–14,2013–14,2013,2014,split_year,31,ac-milan,AC Milan,serie-a,Serie A,30,7,domestic_league,False,professional_or_unknown,True,,Wikipedia,https://en.wikipedia.org/wiki/Kaká,2026-08-02,1365055413
kaka,Q531814,Kaká,1982-04-22,Brazil,midfielder,AM,MID,retired,2014,2014,2014,2014,calendar_year,32,sao-paulo-loan,São Paulo (loan),serie-a,Série A,19,2,domestic_league,False,professional_or_unknown,True,,Wikipedia,https://en.wikipedia.org/wiki/Kaká,2026-08-02,1365055413
kaka,Q531814,Kaká,1982-04-22,Brazil,midfielder,AM,MID,retired,2015,2015,2015,2015,calendar_year,33,orlando-city-sc,Orlando City SC,mls,MLS,28,9,domestic_league,False,professional_or_unknown,True,,Wikipedia,https://en.wikipedia.org/wiki/Kaká,2026-08-02,1365055413
kaka,Q531814,Kaká,1982-04-22,Brazil,midfielder,AM,MID,retired,2016,2016,2016,2016,calendar_year,34,orlando-city-sc,Orlando City SC,mls,MLS,24,9,domestic_league,False,professional_or_unknown,True,,Wikipedia,https://en.wikipedia.org/wiki/Kaká,2026-08-02,1365055413
kaka,Q531814,Kaká,1982-04-22,Brazil,midfielder,AM,MID,retired,2017,2017,2017,2017,calendar_year,35,orlando-city-sc,Orlando City SC,mls,MLS,23,6,domestic_league,False,professional_or_unknown,True,,Wikipedia,https://en.wikipedia.org/wiki/Kaká,2026-08-02,1365055413
kalidou-koulibaly,Q3192187,Kalidou Koulibaly,1991-06-20,Senegal,centre-back,CB,DEF,active,2010–11,2010–11,2010,2011,split_year,19,metz,Metz,ligue-2,Ligue 2,19,1,domestic_league,False,professional_or_unknown,True,,Wikipedia,https://en.wikipedia.org/wiki/Kalidou_Koulibaly,2026-08-02,1367106521
kalidou-koulibaly,Q3192187,Kalidou Koulibaly,1991-06-20,Senegal,centre-back,CB,DEF,active,2011–12,2011–12,2011,2012,split_year,20,metz,Metz,ligue-2,Ligue 2,22,0,domestic_league,False,professional_or_unknown,True,,Wikipedia,https://en.wikipedia.org/wiki/Kalidou_Koulibaly,2026-08-02,1367106521
kalidou-koulibaly,Q3192187,Kalidou Koulibaly,1991-06-20,Senegal,centre-back,CB,DEF,active,2012–13,2012–13,2012,2013,split_year,21,genk,Genk,belgian-pro-league,Belgian Pro League,31,1,domestic_league,False,professional_or_unknown,True,,Wikipedia,https://en.wikipedia.org/wiki/Kalidou_Koulibaly,2026-08-02,1367106521
kalidou-koulibaly,Q3192187,Kalidou Koulibaly,1991-06-20,Senegal,centre-back,CB,DEF,active,2013–14,2013–14,2013,2014,split_year,22,genk,Genk,belgian-pro-league,Belgian Pro League,33,2,domestic_league,False,professional_or_unknown,True,,Wikipedia,https://en.wikipedia.org/wiki/Kalidou_Koulibaly,2026-08-02,1367106521
kalidou-koulibaly,Q3192187,Kalidou Koulibaly,1991-06-20,Senegal,centre-back,CB,DEF,active,2014–15,2014–15,2014,2015,split_year,23,napoli,Napoli,serie-a,Serie A,27,1,domestic_league,False,professional_or_unknown,True,,Wikipedia,https://en.wikipedia.org/wiki/Kalidou_Koulibaly,2026-08-02,1367106521
kalidou-koulibaly,Q3192187,Kalidou Koulibaly,1991-06-20,Senegal,centre-back,CB,DEF,active,2015–16,2015–16,2015,2016,split_year,24,napoli,Napoli,serie-a,Serie A,33,0,domestic_league,False,professional_or_unknown,True,,Wikipedia,https://en.wikipedia.org/wiki/Kalidou_Koulibaly,2026-08-02,1367106521
kalidou-koulibaly,Q3192187,Kalidou Koulibaly,1991-06-20,Senegal,centre-back,CB,DEF,active,2016–17,2016–17,2016,2017,split_year,25,napoli,Napoli,serie-a,Serie A,28,2,domestic_league,False,professional_or_unknown,True,,Wikipedia,https://en.wikipedia.org/wiki/Kalidou_Koulibaly,2026-08-02,1367106521
kalidou-koulibaly,Q3192187,Kalidou Koulibaly,1991-06-20,Senegal,centre-back,CB,DEF,active,2017–18,2017–18,2017,2018,split_year,26,napoli,Napoli,serie-a,Serie A,35,5,domestic_league,False,professional_or_unknown,True,,Wikipedia,https://en.wikipedia.org/wiki/Kalidou_Koulibaly,2026-08-02,1367106521
kalidou-koulibaly,Q3192187,Kalidou Koulibaly,1991-06-20,Senegal,centre-back,CB,DEF,active,2018–19,2018–19,2018,2019,split_year,27,napoli,Napoli,serie-a,Serie A,35,2,domestic_league,False,professional_or_unknown,True,,Wikipedia,https://en.wikipedia.org/wiki/Kalidou_Koulibaly,2026-08-02,1367106521
kalidou-koulibaly,Q3192187,Kalidou Koulibaly,1991-06-20,Senegal,centre-back,CB,DEF,active,2019–20,2019–20,2019,2020,split_year,28,napoli,Napoli,serie-a,Serie A,25,0,domestic_league,False,professional_or_unknown,True,,Wikipedia,https://en.wikipedia.org/wiki/Kalidou_Koulibaly,2026-08-02,1367106521
kalidou-koulibaly,Q3192187,Kalidou Koulibaly,1991-06-20,Senegal,centre-back,CB,DEF,active,2020–21,2020–21,2020,2021,split_year,29,napoli,Napoli,serie-a,Serie A,26,0,domestic_league,False,professional_or_unknown,True,,Wikipedia,https://en.wikipedia.org/wiki/Kalidou_Koulibaly,2026-08-02,1367106521
kalidou-koulibaly,Q3192187,Kalidou Koulibaly,1991-06-20,Senegal,centre-back,CB,DEF,active,2021–22,2021–22,2021,2022,split_year,30,napoli,Napoli,serie-a,Serie A,27,3,domestic_league,False,professional_or_unknown,True,,Wikipedia,https://en.wikipedia.org/wiki/Kalidou_Koulibaly,2026-08-02,1367106521
kalidou-koulibaly,Q3192187,Kalidou Koulibaly,1991-06-20,Senegal,centre-back,CB,DEF,active,2022–23,2022–23,2022,2023,split_year,31,chelsea,Chelsea,premier-league,Premier League,23,2,domestic_league,False,professional_or_unknown,True,,Wikipedia,https://en.wikipedia.org/wiki/Kalidou_Koulibaly,2026-08-02,1367106521
kalidou-koulibaly,Q3192187,Kalidou Koulibaly,1991-06-20,Senegal,centre-back,CB,DEF,active,2023–24,2023–24,2023,2024,split_year,32,al-hilal,Al-Hilal,saudi-pro-league,Saudi Pro League,30,2,domestic_league,False,professional_or_unknown,True,,Wikipedia,https://en.wikipedia.org/wiki/Kalidou_Koulibaly,2026-08-02,1367106521
kalidou-koulibaly,Q3192187,Kalidou Koulibaly,1991-06-20,Senegal,centre-back,CB,DEF,active,2024–25,2024–25,2024,2025,split_year,33,al-hilal,Al-Hilal,saudi-pro-league,Saudi Pro League,30,2,domestic_league,False,professional_or_unknown,True,,Wikipedia,https://en.wikipedia.org/wiki/Kalidou_Koulibaly,2026-08-02,1367106521
kalidou-koulibaly,Q3192187,Kalidou Koulibaly,1991-06-20,Senegal,centre-back,CB,DEF,active,2025–26,2025–26,2025,2026,split_year,34,al-hilal,Al-Hilal,saudi-pro-league,Saudi Pro League,18,1,domestic_league,False,professional_or_unknown,True,,Wikipedia,https://en.wikipedia.org/wiki/Kalidou_Koulibaly,2026-08-02,1367106521
karim-benzema,Q1912,Karim Benzema,1987-12-19,France,forward,FW,FWD,active,2004–05,2004–05,2004,2005,split_year,17,lyon,Lyon,ligue-1,Ligue 1,6,0,domestic_league,False,professional_or_unknown,True,,Wikipedia,https://en.wikipedia.org/wiki/Karim_Benzema,2026-08-02,1367106581
karim-benzema,Q1912,Karim Benzema,1987-12-19,France,forward,FW,FWD,active,2005–06,2005–06,2005,2006,split_year,18,lyon,Lyon,ligue-1,Ligue 1,13,1,domestic_league,False,professional_or_unknown,True,,Wikipedia,https://en.wikipedia.org/wiki/Karim_Benzema,2026-08-02,1367106581
karim-benzema,Q1912,Karim Benzema,1987-12-19,France,forward,FW,FWD,active,2006–07,2006–07,2006,2007,split_year,19,lyon,Lyon,ligue-1,Ligue 1,21,5,domestic_league,False,professional_or_unknown,True,,Wikipedia,https://en.wikipedia.org/wiki/Karim_Benzema,2026-08-02,1367106581
karim-benzema,Q1912,Karim Benzema,1987-12-19,France,forward,FW,FWD,active,2007–08,2007–08,2007,2008,split_year,20,lyon,Lyon,ligue-1,Ligue 1,36,20,domestic_league,False,professional_or_unknown,True,,Wikipedia,https://en.wikipedia.org/wiki/Karim_Benzema,2026-08-02,1367106581
karim-benzema,Q1912,Karim Benzema,1987-12-19,France,forward,FW,FWD,active,2008–09,2008–09,2008,2009,split_year,21,lyon,Lyon,ligue-1,Ligue 1,36,17,domestic_league,False,professional_or_unknown,True,,Wikipedia,https://en.wikipedia.org/wiki/Karim_Benzema,2026-08-02,1367106581
karim-benzema,Q1912,Karim Benzema,1987-12-19,France,forward,FW,FWD,active,2009–10,2009–10,2009,2010,split_year,22,real-madrid,Real Madrid,la-liga,La Liga,27,8,domestic_league,False,professional_or_unknown,True,,Wikipedia,https://en.wikipedia.org/wiki/Karim_Benzema,2026-08-02,1367106581
karim-benzema,Q1912,Karim Benzema,1987-12-19,France,forward,FW,FWD,active,2010–11,2010–11,2010,2011,split_year,23,real-madrid,Real Madrid,la-liga,La Liga,33,15,domestic_league,False,professional_or_unknown,True,,Wikipedia,https://en.wikipedia.org/wiki/Karim_Benzema,2026-08-02,1367106581
karim-benzema,Q1912,Karim Benzema,1987-12-19,France,forward,FW,FWD,active,2011–12,2011–12,2011,2012,split_year,24,real-madrid,Real Madrid,la-liga,La Liga,34,21,domestic_league,False,professional_or_unknown,True,,Wikipedia,https://en.wikipedia.org/wiki/Karim_Benzema,2026-08-02,1367106581
karim-benzema,Q1912,Karim Benzema,1987-12-19,France,forward,FW,FWD,active,2012–13,2012–13,2012,2013,split_year,25,real-madrid,Real Madrid,la-liga,La Liga,30,11,domestic_league,False,professional_or_unknown,True,,Wikipedia,https://en.wikipedia.org/wiki/Karim_Benzema,2026-08-02,1367106581
karim-benzema,Q1912,Karim Benzema,1987-12-19,France,forward,FW,FWD,active,2013–14,2013–14,2013,2014,split_year,26,real-madrid,Real Madrid,la-liga,La Liga,35,17,domestic_league,False,professional_or_unknown,True,,Wikipedia,https://en.wikipedia.org/wiki/Karim_Benzema,2026-08-02,1367106581
karim-benzema,Q1912,Karim Benzema,1987-12-19,France,forward,FW,FWD,active,2014–15,2014–15,2014,2015,split_year,27,real-madrid,Real Madrid,la-liga,La Liga,29,15,domestic_league,False,professional_or_unknown,True,,Wikipedia,https://en.wikipedia.org/wiki/Karim_Benzema,2026-08-02,1367106581
karim-benzema,Q1912,Karim Benzema,1987-12-19,France,forward,FW,FWD,active,2015–16,2015–16,2015,2016,split_year,28,real-madrid,Real Madrid,la-liga,La Liga,27,24,domestic_league,False,professional_or_unknown,True,,Wikipedia,https://en.wikipedia.org/wiki/Karim_Benzema,2026-08-02,1367106581
karim-benzema,Q1912,Karim Benzema,1987-12-19,France,forward,FW,FWD,active,2016–17,2016–17,2016,2017,split_year,29,real-madrid,Real Madrid,la-liga,La Liga,29,11,domestic_league,False,professional_or_unknown,True,,Wikipedia,https://en.wikipedia.org/wiki/Karim_Benzema,2026-08-02,1367106581
karim-benzema,Q1912,Karim Benzema,1987-12-19,France,forward,FW,FWD,active,2017–18,2017–18,2017,2018,split_year,30,real-madrid,Real Madrid,la-liga,La Liga,32,5,domestic_league,False,professional_or_unknown,True,,Wikipedia,https://en.wikipedia.org/wiki/Karim_Benzema,2026-08-02,1367106581
karim-benzema,Q1912,Karim Benzema,1987-12-19,France,forward,FW,FWD,active,2018–19,2018–19,2018,2019,split_year,31,real-madrid,Real Madrid,la-liga,La Liga,36,21,domestic_league,False,professional_or_unknown,True,,Wikipedia,https://en.wikipedia.org/wiki/Karim_Benzema,2026-08-02,1367106581
karim-benzema,Q1912,Karim Benzema,1987-12-19,France,forward,FW,FWD,active,2019–20,2019–20,2019,2020,split_year,32,real-madrid,Real Madrid,la-liga,La Liga,37,21,domestic_league,False,professional_or_unknown,True,,Wikipedia,https://en.wikipedia.org/wiki/Karim_Benzema,2026-08-02,1367106581
karim-benzema,Q1912,Karim Benzema,1987-12-19,France,forward,FW,FWD,active,2020–21,2020–21,2020,2021,split_year,33,real-madrid,Real Madrid,la-liga,La Liga,34,23,domestic_league,False,professional_or_unknown,True,,Wikipedia,https://en.wikipedia.org/wiki/Karim_Benzema,2026-08-02,1367106581
karim-benzema,Q1912,Karim Benzema,1987-12-19,France,forward,FW,FWD,active,2021–22,2021–22,2021,2022,split_year,34,real-madrid,Real Madrid,la-liga,La Liga,32,27,domestic_league,False,professional_or_unknown,True,,Wikipedia,https://en.wikipedia.org/wiki/Karim_Benzema,2026-08-02,1367106581
karim-benzema,Q1912,Karim Benzema,1987-12-19,France,forward,FW,FWD,active,2022–23,2022–23,2022,2023,split_year,35,real-madrid,Real Madrid,la-liga,La Liga,24,19,domestic_league,False,professional_or_unknown,True,,Wikipedia,https://en.wikipedia.org/wiki/Karim_Benzema,2026-08-02,1367106581
karim-benzema,Q1912,Karim Benzema,1987-12-19,France,forward,FW,FWD,active,2023–24,2023–24,2023,2024,split_year,36,al-ittihad,Al-Ittihad,saudi-pro-league,Saudi Pro League,21,9,domestic_league,False,professional_or_unknown,True,,Wikipedia,https://en.wikipedia.org/wiki/Karim_Benzema,2026-08-02,1367106581
karim-benzema,Q1912,Karim Benzema,1987-12-19,France,forward,FW,FWD,active,2024–25,2024–25,2024,2025,split_year,37,al-ittihad,Al-Ittihad,saudi-pro-league,Saudi Pro League,29,21,domestic_league,False,professional_or_unknown,True,,Wikipedia,https://en.wikipedia.org/wiki/Karim_Benzema,2026-08-02,1367106581
karim-benzema,Q1912,Karim Benzema,1987-12-19,France,forward,FW,FWD,active,2025–26,2025–26,2025,2026,split_year,38,al-hilal,Al-Hilal,saudi-pro-league,Saudi Pro League,10,9,domestic_league,False,professional_or_unknown,True,,Wikipedia,https://en.wikipedia.org/wiki/Karim_Benzema,2026-08-02,1367106581
karim-benzema,Q1912,Karim Benzema,1987-12-19,France,forward,FW,FWD,active,2025–26,2025–26,2025,2026,split_year,38,al-ittihad,Al-Ittihad,saudi-pro-league,Saudi Pro League,14,8,domestic_league,False,professional_or_unknown,True,,Wikipedia,https://en.wikipedia.org/wiki/Karim_Benzema,2026-08-02,1367106581
kevin-de-bruyne,Q357984,Kevin De Bruyne,1991-06-28,Belgium,midfielder,CM,MID,active,2008–09,2008–09,2008,2009,split_year,17,genk,Genk,belgian-first-division,Belgian First Division,2,0,domestic_league,False,professional_or_unknown,True,,Wikipedia,https://en.wikipedia.org/wiki/Kevin_De_Bruyne,2026-08-02,1367106671
kevin-de-bruyne,Q357984,Kevin De Bruyne,1991-06-28,Belgium,midfielder,CM,MID,active,2009–10,2009–10,2009,2010,split_year,18,genk,Genk,belgian-pro-league,Belgian Pro League,35,3,domestic_league,False,professional_or_unknown,True,,Wikipedia,https://en.wikipedia.org/wiki/Kevin_De_Bruyne,2026-08-02,1367106671
kevin-de-bruyne,Q357984,Kevin De Bruyne,1991-06-28,Belgium,midfielder,CM,MID,active,2010–11,2010–11,2010,2011,split_year,19,genk,Genk,belgian-pro-league,Belgian Pro League,32,5,domestic_league,False,professional_or_unknown,True,,Wikipedia,https://en.wikipedia.org/wiki/Kevin_De_Bruyne,2026-08-02,1367106671
kevin-de-bruyne,Q357984,Kevin De Bruyne,1991-06-28,Belgium,midfielder,CM,MID,active,2011–12,2011–12,2011,2012,split_year,20,genk,Genk,belgian-pro-league,Belgian Pro League,28,8,domestic_league,False,professional_or_unknown,True,,Wikipedia,https://en.wikipedia.org/wiki/Kevin_De_Bruyne,2026-08-02,1367106671
kevin-de-bruyne,Q357984,Kevin De Bruyne,1991-06-28,Belgium,midfielder,CM,MID,active,2012–13,2012–13,2012,2013,split_year,21,chelsea,Chelsea,premier-league,Premier League,0,0,domestic_league,False,professional_or_unknown,True,,Wikipedia,https://en.wikipedia.org/wiki/Kevin_De_Bruyne,2026-08-02,1367106671
kevin-de-bruyne,Q357984,Kevin De Bruyne,1991-06-28,Belgium,midfielder,CM,MID,active,2012–13,2012–13,2012,2013,split_year,21,werder-bremen-loan,Werder Bremen (loan),bundesliga,Bundesliga,33,10,domestic_league,False,professional_or_unknown,True,,Wikipedia,https://en.wikipedia.org/wiki/Kevin_De_Bruyne,2026-08-02,1367106671
kevin-de-bruyne,Q357984,Kevin De Bruyne,1991-06-28,Belgium,midfielder,CM,MID,active,2013–14,2013–14,2013,2014,split_year,22,chelsea,Chelsea,premier-league,Premier League,3,0,domestic_league,False,professional_or_unknown,True,,Wikipedia,https://en.wikipedia.org/wiki/Kevin_De_Bruyne,2026-08-02,1367106671
kevin-de-bruyne,Q357984,Kevin De Bruyne,1991-06-28,Belgium,midfielder,CM,MID,active,2013–14,2013–14,2013,2014,split_year,22,vfl-wolfsburg,VfL Wolfsburg,bundesliga,Bundesliga,16,3,domestic_league,False,professional_or_unknown,True,,Wikipedia,https://en.wikipedia.org/wiki/Kevin_De_Bruyne,2026-08-02,1367106671
kevin-de-bruyne,Q357984,Kevin De Bruyne,1991-06-28,Belgium,midfielder,CM,MID,active,2014–15,2014–15,2014,2015,split_year,23,vfl-wolfsburg,VfL Wolfsburg,bundesliga,Bundesliga,34,10,domestic_league,False,professional_or_unknown,True,,Wikipedia,https://en.wikipedia.org/wiki/Kevin_De_Bruyne,2026-08-02,1367106671
kevin-de-bruyne,Q357984,Kevin De Bruyne,1991-06-28,Belgium,midfielder,CM,MID,active,2015–16,2015–16,2015,2016,split_year,24,manchester-city,Manchester City,premier-league,Premier League,25,7,domestic_league,False,professional_or_unknown,True,,Wikipedia,https://en.wikipedia.org/wiki/Kevin_De_Bruyne,2026-08-02,1367106671
kevin-de-bruyne,Q357984,Kevin De Bruyne,1991-06-28,Belgium,midfielder,CM,MID,active,2015–16,2015–16,2015,2016,split_year,24,vfl-wolfsburg,VfL Wolfsburg,bundesliga,Bundesliga,2,0,domestic_league,False,professional_or_unknown,True,,Wikipedia,https://en.wikipedia.org/wiki/Kevin_De_Bruyne,2026-08-02,1367106671
kevin-de-bruyne,Q357984,Kevin De Bruyne,1991-06-28,Belgium,midfielder,CM,MID,active,2016–17,2016–17,2016,2017,split_year,25,manchester-city,Manchester City,premier-league,Premier League,36,6,domestic_league,False,professional_or_unknown,True,,Wikipedia,https://en.wikipedia.org/wiki/Kevin_De_Bruyne,2026-08-02,1367106671
kevin-de-bruyne,Q357984,Kevin De Bruyne,1991-06-28,Belgium,midfielder,CM,MID,active,2017–18,2017–18,2017,2018,split_year,26,manchester-city,Manchester City,premier-league,Premier League,37,8,domestic_league,False,professional_or_unknown,True,,Wikipedia,https://en.wikipedia.org/wiki/Kevin_De_Bruyne,2026-08-02,1367106671
kevin-de-bruyne,Q357984,Kevin De Bruyne,1991-06-28,Belgium,midfielder,CM,MID,active,2018–19,2018–19,2018,2019,split_year,27,manchester-city,Manchester City,premier-league,Premier League,19,2,domestic_league,False,professional_or_unknown,True,,Wikipedia,https://en.wikipedia.org/wiki/Kevin_De_Bruyne,2026-08-02,1367106671
kevin-de-bruyne,Q357984,Kevin De Bruyne,1991-06-28,Belgium,midfielder,CM,MID,active,2019–20,2019–20,2019,2020,split_year,28,manchester-city,Manchester City,premier-league,Premier League,35,13,domestic_league,False,professional_or_unknown,True,,Wikipedia,https://en.wikipedia.org/wiki/Kevin_De_Bruyne,2026-08-02,1367106671
kevin-de-bruyne,Q357984,Kevin De Bruyne,1991-06-28,Belgium,midfielder,CM,MID,active,2020–21,2020–21,2020,2021,split_year,29,manchester-city,Manchester City,premier-league,Premier League,25,6,domestic_league,False,professional_or_unknown,True,,Wikipedia,https://en.wikipedia.org/wiki/Kevin_De_Bruyne,2026-08-02,1367106671
kevin-de-bruyne,Q357984,Kevin De Bruyne,1991-06-28,Belgium,midfielder,CM,MID,active,2021–22,2021–22,2021,2022,split_year,30,manchester-city,Manchester City,premier-league,Premier League,30,15,domestic_league,False,professional_or_unknown,True,,Wikipedia,https://en.wikipedia.org/wiki/Kevin_De_Bruyne,2026-08-02,1367106671
kevin-de-bruyne,Q357984,Kevin De Bruyne,1991-06-28,Belgium,midfielder,CM,MID,active,2022–23,2022–23,2022,2023,split_year,31,manchester-city,Manchester City,premier-league,Premier League,32,7,domestic_league,False,professional_or_unknown,True,,Wikipedia,https://en.wikipedia.org/wiki/Kevin_De_Bruyne,2026-08-02,1367106671
kevin-de-bruyne,Q357984,Kevin De Bruyne,1991-06-28,Belgium,midfielder,CM,MID,active,2023–24,2023–24,2023,2024,split_year,32,manchester-city,Manchester City,premier-league,Premier League,18,4,domestic_league,False,professional_or_unknown,True,,Wikipedia,https://en.wikipedia.org/wiki/Kevin_De_Bruyne,2026-08-02,1367106671
kevin-de-bruyne,Q357984,Kevin De Bruyne,1991-06-28,Belgium,midfielder,CM,MID,active,2024–25,2024–25,2024,2025,split_year,33,manchester-city,Manchester City,premier-league,Premier League,28,4,domestic_league,False,professional_or_unknown,True,,Wikipedia,https://en.wikipedia.org/wiki/Kevin_De_Bruyne,2026-08-02,1367106671
kevin-de-bruyne,Q357984,Kevin De Bruyne,1991-06-28,Belgium,midfielder,CM,MID,active,2025–26,2025–26,2025,2026,split_year,34,napoli,Napoli,serie-a,Serie A,18,5,domestic_league,False,professional_or_unknown,True,,Wikipedia,https://en.wikipedia.org/wiki/Kevin_De_Bruyne,2026-08-02,1367106671
khvicha-kvaratskhelia,Q61780902,Khvicha Kvaratskhelia,2001-02-12,Georgia,forward,WNG,WIDE,active,2017,2017,2017,2017,calendar_year,16,dinamo-tbilisi,Dinamo Tbilisi,erovnuli-liga,Erovnuli Liga,4,1,domestic_league,False,professional_or_unknown,True,,Wikipedia,https://en.wikipedia.org/wiki/Khvicha_Kvaratskhelia,2026-08-02,1367071524
khvicha-kvaratskhelia,Q61780902,Khvicha Kvaratskhelia,2001-02-12,Georgia,forward,WNG,WIDE,active,2018,2018,2018,2018,calendar_year,17,rustavi,Rustavi,erovnuli-liga,Erovnuli Liga,18,3,domestic_league,False,professional_or_unknown,True,,Wikipedia,https://en.wikipedia.org/wiki/Khvicha_Kvaratskhelia,2026-08-02,1367071524
khvicha-kvaratskhelia,Q61780902,Khvicha Kvaratskhelia,2001-02-12,Georgia,forward,WNG,WIDE,active,2018–19,2018–19,2018,2019,split_year,17,lokomotiv-moscow-loan,Lokomotiv Moscow (loan),russian-premier-league,Russian Premier League,7,1,domestic_league,False,professional_or_unknown,True,,Wikipedia,https://en.wikipedia.org/wiki/Khvicha_Kvaratskhelia,2026-08-02,1367071524
khvicha-kvaratskhelia,Q61780902,Khvicha Kvaratskhelia,2001-02-12,Georgia,forward,WNG,WIDE,active,2019–20,2019–20,2019,2020,split_year,18,rubin-kazan,Rubin Kazan,russian-premier-league,Russian Premier League,27,3,domestic_league,False,professional_or_unknown,True,,Wikipedia,https://en.wikipedia.org/wiki/Khvicha_Kvaratskhelia,2026-08-02,1367071524
khvicha-kvaratskhelia,Q61780902,Khvicha Kvaratskhelia,2001-02-12,Georgia,forward,WNG,WIDE,active,2020–21,2020–21,2020,2021,split_year,19,rubin-kazan,Rubin Kazan,russian-premier-league,Russian Premier League,23,4,domestic_league,False,professional_or_unknown,True,,Wikipedia,https://en.wikipedia.org/wiki/Khvicha_Kvaratskhelia,2026-08-02,1367071524
khvicha-kvaratskhelia,Q61780902,Khvicha Kvaratskhelia,2001-02-12,Georgia,forward,WNG,WIDE,active,2021–22,2021–22,2021,2022,split_year,20,rubin-kazan,Rubin Kazan,russian-premier-league,Russian Premier League,19,2,domestic_league,False,professional_or_unknown,True,,Wikipedia,https://en.wikipedia.org/wiki/Khvicha_Kvaratskhelia,2026-08-02,1367071524
khvicha-kvaratskhelia,Q61780902,Khvicha Kvaratskhelia,2001-02-12,Georgia,forward,WNG,WIDE,active,2022,2022,2022,2022,calendar_year,21,dinamo-batumi,Dinamo Batumi,erovnuli-liga,Erovnuli Liga,11,8,domestic_league,False,professional_or_unknown,True,,Wikipedia,https://en.wikipedia.org/wiki/Khvicha_Kvaratskhelia,2026-08-02,1367071524
khvicha-kvaratskhelia,Q61780902,Khvicha Kvaratskhelia,2001-02-12,Georgia,forward,WNG,WIDE,active,2022–23,2022–23,2022,2023,split_year,21,napoli,Napoli,serie-a,Serie A,34,12,domestic_league,False,professional_or_unknown,True,,Wikipedia,https://en.wikipedia.org/wiki/Khvicha_Kvaratskhelia,2026-08-02,1367071524
khvicha-kvaratskhelia,Q61780902,Khvicha Kvaratskhelia,2001-02-12,Georgia,forward,WNG,WIDE,active,2023–24,2023–24,2023,2024,split_year,22,napoli,Napoli,serie-a,Serie A,34,11,domestic_league,False,professional_or_unknown,True,,Wikipedia,https://en.wikipedia.org/wiki/Khvicha_Kvaratskhelia,2026-08-02,1367071524
khvicha-kvaratskhelia,Q61780902,Khvicha Kvaratskhelia,2001-02-12,Georgia,forward,WNG,WIDE,active,2024–25,2024–25,2024,2025,split_year,23,napoli,Napoli,serie-a,Serie A,17,5,domestic_league,False,professional_or_unknown,True,,Wikipedia,https://en.wikipedia.org/wiki/Khvicha_Kvaratskhelia,2026-08-02,1367071524
khvicha-kvaratskhelia,Q61780902,Khvicha Kvaratskhelia,2001-02-12,Georgia,forward,WNG,WIDE,active,2024–25,2024–25,2024,2025,split_year,23,paris-saint-germain,Paris Saint-Germain,ligue-1,Ligue 1,14,4,domestic_league,False,professional_or_unknown,True,,Wikipedia,https://en.wikipedia.org/wiki/Khvicha_Kvaratskhelia,2026-08-02,1367071524
khvicha-kvaratskhelia,Q61780902,Khvicha Kvaratskhelia,2001-02-12,Georgia,forward,WNG,WIDE,active,2025–26,2025–26,2025,2026,split_year,24,paris-saint-germain,Paris Saint-Germain,ligue-1,Ligue 1,28,8,domestic_league,False,professional_or_unknown,True,,Wikipedia,https://en.wikipedia.org/wiki/Khvicha_Kvaratskhelia,2026-08-02,1367071524
kieran-trippier,Q1083432,Kieran Trippier,1990-09-19,United Kingdom,full-back,FB,DEF,active,2009–10,2009–10,2009,2010,split_year,19,barnsley-loan,Barnsley (loan),championship,Championship,3,0,domestic_league,False,professional_or_unknown,True,,Wikipedia,https://en.wikipedia.org/wiki/Kieran_Trippier,2026-08-02,1366749855
kieran-trippier,Q1083432,Kieran Trippier,1990-09-19,United Kingdom,full-back,FB,DEF,active,2009–10,2009–10,2009,2010,split_year,19,manchester-city,Manchester City,premier-league,Premier League,0,0,domestic_league,False,professional_or_unknown,True,,Wikipedia,https://en.wikipedia.org/wiki/Kieran_Trippier,2026-08-02,1366749855
kieran-trippier,Q1083432,Kieran Trippier,1990-09-19,United Kingdom,full-back,FB,DEF,active,2010–11,2010–11,2010,2011,split_year,20,barnsley-loan,Barnsley (loan),championship,Championship,39,2,domestic_league,False,professional_or_unknown,True,,Wikipedia,https://en.wikipedia.org/wiki/Kieran_Trippier,2026-08-02,1366749855
kieran-trippier,Q1083432,Kieran Trippier,1990-09-19,United Kingdom,full-back,FB,DEF,active,2010–11,2010–11,2010,2011,split_year,20,manchester-city,Manchester City,premier-league,Premier League,0,0,domestic_league,False,professional_or_unknown,True,,Wikipedia,https://en.wikipedia.org/wiki/Kieran_Trippier,2026-08-02,1366749855
kieran-trippier,Q1083432,Kieran Trippier,1990-09-19,United Kingdom,full-back,FB,DEF,active,2011–12,2011–12,2011,2012,split_year,21,burnley,Burnley,championship,Championship,46,3,domestic_league,False,professional_or_unknown,True,,Wikipedia,https://en.wikipedia.org/wiki/Kieran_Trippier,2026-08-02,1366749855
kieran-trippier,Q1083432,Kieran Trippier,1990-09-19,United Kingdom,full-back,FB,DEF,active,2012–13,2012–13,2012,2013,split_year,22,burnley,Burnley,championship,Championship,45,0,domestic_league,False,professional_or_unknown,True,,Wikipedia,https://en.wikipedia.org/wiki/Kieran_Trippier,2026-08-02,1366749855
kieran-trippier,Q1083432,Kieran Trippier,1990-09-19,United Kingdom,full-back,FB,DEF,active,2013–14,2013–14,2013,2014,split_year,23,burnley,Burnley,championship,Championship,41,2,domestic_league,False,professional_or_unknown,True,,Wikipedia,https://en.wikipedia.org/wiki/Kieran_Trippier,2026-08-02,1366749855
kieran-trippier,Q1083432,Kieran Trippier,1990-09-19,United Kingdom,full-back,FB,DEF,active,2014–15,2014–15,2014,2015,split_year,24,burnley,Burnley,premier-league,Premier League,38,0,domestic_league,False,professional_or_unknown,True,,Wikipedia,https://en.wikipedia.org/wiki/Kieran_Trippier,2026-08-02,1366749855
kieran-trippier,Q1083432,Kieran Trippier,1990-09-19,United Kingdom,full-back,FB,DEF,active,2015–16,2015–16,2015,2016,split_year,25,tottenham-hotspur,Tottenham Hotspur,premier-league,Premier League,6,1,domestic_league,False,professional_or_unknown,True,,Wikipedia,https://en.wikipedia.org/wiki/Kieran_Trippier,2026-08-02,1366749855
kieran-trippier,Q1083432,Kieran Trippier,1990-09-19,United Kingdom,full-back,FB,DEF,active,2016–17,2016–17,2016,2017,split_year,26,tottenham-hotspur,Tottenham Hotspur,premier-league,Premier League,12,0,domestic_league,False,professional_or_unknown,True,,Wikipedia,https://en.wikipedia.org/wiki/Kieran_Trippier,2026-08-02,1366749855
kieran-trippier,Q1083432,Kieran Trippier,1990-09-19,United Kingdom,full-back,FB,DEF,active,2017–18,2017–18,2017,2018,split_year,27,tottenham-hotspur,Tottenham Hotspur,premier-league,Premier League,24,0,domestic_league,False,professional_or_unknown,True,,Wikipedia,https://en.wikipedia.org/wiki/Kieran_Trippier,2026-08-02,1366749855
kieran-trippier,Q1083432,Kieran Trippier,1990-09-19,United Kingdom,full-back,FB,DEF,active,2018–19,2018–19,2018,2019,split_year,28,tottenham-hotspur,Tottenham Hotspur,premier-league,Premier League,27,1,domestic_league,False,professional_or_unknown,True,,Wikipedia,https://en.wikipedia.org/wiki/Kieran_Trippier,2026-08-02,1366749855
kieran-trippier,Q1083432,Kieran Trippier,1990-09-19,United Kingdom,full-back,FB,DEF,active,2019–20,2019–20,2019,2020,split_year,29,atletico-madrid,Atlético Madrid,la-liga,La Liga,25,0,domestic_league,False,professional_or_unknown,True,,Wikipedia,https://en.wikipedia.org/wiki/Kieran_Trippier,2026-08-02,1366749855
kieran-trippier,Q1083432,Kieran Trippier,1990-09-19,United Kingdom,full-back,FB,DEF,active,2020–21,2020–21,2020,2021,split_year,30,atletico-madrid,Atlético Madrid,la-liga,La Liga,28,0,domestic_league,False,professional_or_unknown,True,,Wikipedia,https://en.wikipedia.org/wiki/Kieran_Trippier,2026-08-02,1366749855
kieran-trippier,Q1083432,Kieran Trippier,1990-09-19,United Kingdom,full-back,FB,DEF,active,2021–22,2021–22,2021,2022,split_year,31,atletico-madrid,Atlético Madrid,la-liga,La Liga,15,0,domestic_league,False,professional_or_unknown,True,,Wikipedia,https://en.wikipedia.org/wiki/Kieran_Trippier,2026-08-02,1366749855
kieran-trippier,Q1083432,Kieran Trippier,1990-09-19,United Kingdom,full-back,FB,DEF,active,2021–22,2021–22,2021,2022,split_year,31,newcastle-united,Newcastle United,premier-league,Premier League,6,2,domestic_league,False,professional_or_unknown,True,,Wikipedia,https://en.wikipedia.org/wiki/Kieran_Trippier,2026-08-02,1366749855
kieran-trippier,Q1083432,Kieran Trippier,1990-09-19,United Kingdom,full-back,FB,DEF,active,2022–23,2022–23,2022,2023,split_year,32,newcastle-united,Newcastle United,premier-league,Premier League,38,1,domestic_league,False,professional_or_unknown,True,,Wikipedia,https://en.wikipedia.org/wiki/Kieran_Trippier,2026-08-02,1366749855
kieran-trippier,Q1083432,Kieran Trippier,1990-09-19,United Kingdom,full-back,FB,DEF,active,2023–24,2023–24,2023,2024,split_year,33,newcastle-united,Newcastle United,premier-league,Premier League,28,1,domestic_league,False,professional_or_unknown,True,,Wikipedia,https://en.wikipedia.org/wiki/Kieran_Trippier,2026-08-02,1366749855
kieran-trippier,Q1083432,Kieran Trippier,1990-09-19,United Kingdom,full-back,FB,DEF,active,2024–25,2024–25,2024,2025,split_year,34,newcastle-united,Newcastle United,premier-league,Premier League,25,0,domestic_league,False,professional_or_unknown,True,,Wikipedia,https://en.wikipedia.org/wiki/Kieran_Trippier,2026-08-02,1366749855
kieran-trippier,Q1083432,Kieran Trippier,1990-09-19,United Kingdom,full-back,FB,DEF,active,2025–26,2025–26,2025,2026,split_year,35,newcastle-united,Newcastle United,premier-league,Premier League,21,0,domestic_league,False,professional_or_unknown,True,,Wikipedia,https://en.wikipedia.org/wiki/Kieran_Trippier,2026-08-02,1366749855
kieran-trippier,Q1083432,Kieran Trippier,1990-09-19,United Kingdom,full-back,FB,DEF,active,2026–27,2026–27,2026,2027,split_year,36,wolverhampton-wanderers,Wolverhampton Wanderers,championship,Championship,0,0,domestic_league,True,professional_or_unknown,True,,Wikipedia,https://en.wikipedia.org/wiki/Kieran_Trippier,2026-08-02,1366749855
kingsley-coman,Q6413296,Kingsley Coman,1996-06-13,France,winger,WNG,WIDE,active,2012–13,2012–13,2012,2013,split_year,16,paris-saint-germain,Paris Saint-Germain,ligue-1,Ligue 1,1,0,domestic_league,False,professional_or_unknown,True,,Wikipedia,https://en.wikipedia.org/wiki/Kingsley_Coman,2026-08-02,1367106756
kingsley-coman,Q6413296,Kingsley Coman,1996-06-13,France,winger,WNG,WIDE,active,2013–14,2013–14,2013,2014,split_year,17,paris-saint-germain,Paris Saint-Germain,ligue-1,Ligue 1,2,0,domestic_league,False,professional_or_unknown,True,,Wikipedia,https://en.wikipedia.org/wiki/Kingsley_Coman,2026-08-02,1367106756
kingsley-coman,Q6413296,Kingsley Coman,1996-06-13,France,winger,WNG,WIDE,active,2014–15,2014–15,2014,2015,split_year,18,juventus,Juventus,serie-a,Serie A,14,0,domestic_league,False,professional_or_unknown,True,,Wikipedia,https://en.wikipedia.org/wiki/Kingsley_Coman,2026-08-02,1367106756
kingsley-coman,Q6413296,Kingsley Coman,1996-06-13,France,winger,WNG,WIDE,active,2015–16,2015–16,2015,2016,split_year,19,bayern-munich-loan,Bayern Munich (loan),bundesliga,Bundesliga,23,4,domestic_league,False,professional_or_unknown,True,,Wikipedia,https://en.wikipedia.org/wiki/Kingsley_Coman,2026-08-02,1367106756
kingsley-coman,Q6413296,Kingsley Coman,1996-06-13,France,winger,WNG,WIDE,active,2015–16,2015–16,2015,2016,split_year,19,juventus,Juventus,serie-a,Serie A,1,0,domestic_league,False,professional_or_unknown,True,,Wikipedia,https://en.wikipedia.org/wiki/Kingsley_Coman,2026-08-02,1367106756
kingsley-coman,Q6413296,Kingsley Coman,1996-06-13,France,winger,WNG,WIDE,active,2016–17,2016–17,2016,2017,split_year,20,bayern-munich-loan,Bayern Munich (loan),bundesliga,Bundesliga,19,2,domestic_league,False,professional_or_unknown,True,,Wikipedia,https://en.wikipedia.org/wiki/Kingsley_Coman,2026-08-02,1367106756
kingsley-coman,Q6413296,Kingsley Coman,1996-06-13,France,winger,WNG,WIDE,active,2017–18,2017–18,2017,2018,split_year,21,bayern-munich,Bayern Munich,bundesliga,Bundesliga,21,3,domestic_league,False,professional_or_unknown,True,,Wikipedia,https://en.wikipedia.org/wiki/Kingsley_Coman,2026-08-02,1367106756
kingsley-coman,Q6413296,Kingsley Coman,1996-06-13,France,winger,WNG,WIDE,active,2018–19,2018–19,2018,2019,split_year,22,bayern-munich,Bayern Munich,bundesliga,Bundesliga,21,6,domestic_league,False,professional_or_unknown,True,,Wikipedia,https://en.wikipedia.org/wiki/Kingsley_Coman,2026-08-02,1367106756
kingsley-coman,Q6413296,Kingsley Coman,1996-06-13,France,winger,WNG,WIDE,active,2019–20,2019–20,2019,2020,split_year,23,bayern-munich,Bayern Munich,bundesliga,Bundesliga,24,4,domestic_league,False,professional_or_unknown,True,,Wikipedia,https://en.wikipedia.org/wiki/Kingsley_Coman,2026-08-02,1367106756
kingsley-coman,Q6413296,Kingsley Coman,1996-06-13,France,winger,WNG,WIDE,active,2020–21,2020–21,2020,2021,split_year,24,bayern-munich,Bayern Munich,bundesliga,Bundesliga,29,5,domestic_league,False,professional_or_unknown,True,,Wikipedia,https://en.wikipedia.org/wiki/Kingsley_Coman,2026-08-02,1367106756
kingsley-coman,Q6413296,Kingsley Coman,1996-06-13,France,winger,WNG,WIDE,active,2021–22,2021–22,2021,2022,split_year,25,bayern-munich,Bayern Munich,bundesliga,Bundesliga,21,6,domestic_league,False,professional_or_unknown,True,,Wikipedia,https://en.wikipedia.org/wiki/Kingsley_Coman,2026-08-02,1367106756
kingsley-coman,Q6413296,Kingsley Coman,1996-06-13,France,winger,WNG,WIDE,active,2022–23,2022–23,2022,2023,split_year,26,bayern-munich,Bayern Munich,bundesliga,Bundesliga,24,8,domestic_league,False,professional_or_unknown,True,,Wikipedia,https://en.wikipedia.org/wiki/Kingsley_Coman,2026-08-02,1367106756
kingsley-coman,Q6413296,Kingsley Coman,1996-06-13,France,winger,WNG,WIDE,active,2023–24,2023–24,2023,2024,split_year,27,bayern-munich,Bayern Munich,bundesliga,Bundesliga,17,3,domestic_league,False,professional_or_unknown,True,,Wikipedia,https://en.wikipedia.org/wiki/Kingsley_Coman,2026-08-02,1367106756
kingsley-coman,Q6413296,Kingsley Coman,1996-06-13,France,winger,WNG,WIDE,active,2024–25,2024–25,2024,2025,split_year,28,bayern-munich,Bayern Munich,bundesliga,Bundesliga,28,5,domestic_league,False,professional_or_unknown,True,,Wikipedia,https://en.wikipedia.org/wiki/Kingsley_Coman,2026-08-02,1367106756
kingsley-coman,Q6413296,Kingsley Coman,1996-06-13,France,winger,WNG,WIDE,active,2025–26,2025–26,2025,2026,split_year,29,al-nassr,Al-Nassr,saudi-pro-league,Saudi Pro League,30,10,domestic_league,False,professional_or_unknown,True,,Wikipedia,https://en.wikipedia.org/wiki/Kingsley_Coman,2026-08-02,1367106756
kyle-walker,Q59108,Kyle Walker,1990-05-28,United Kingdom,full-back,FB,DEF,active,2008–09,2008–09,2008,2009,split_year,18,northampton-town-loan,Northampton Town (loan),league-one,League One,9,0,domestic_league,False,professional_or_unknown,True,,Wikipedia,https://en.wikipedia.org/wiki/Kyle_Walker,2026-08-02,1366609133
kyle-walker,Q59108,Kyle Walker,1990-05-28,United Kingdom,full-back,FB,DEF,active,2008–09,2008–09,2008,2009,split_year,18,sheffield-united,Sheffield United,championship,Championship,2,0,domestic_league,False,professional_or_unknown,True,,Wikipedia,https://en.wikipedia.org/wiki/Kyle_Walker,2026-08-02,1366609133
kyle-walker,Q59108,Kyle Walker,1990-05-28,United Kingdom,full-back,FB,DEF,active,2009–10,2009–10,2009,2010,split_year,19,sheffield-united-loan,Sheffield United (loan),championship,Championship,26,0,domestic_league,False,professional_or_unknown,True,,Wikipedia,https://en.wikipedia.org/wiki/Kyle_Walker,2026-08-02,1366609133
kyle-walker,Q59108,Kyle Walker,1990-05-28,United Kingdom,full-back,FB,DEF,active,2009–10,2009–10,2009,2010,split_year,19,tottenham-hotspur,Tottenham Hotspur,premier-league,Premier League,2,0,domestic_league,False,professional_or_unknown,True,,Wikipedia,https://en.wikipedia.org/wiki/Kyle_Walker,2026-08-02,1366609133
kyle-walker,Q59108,Kyle Walker,1990-05-28,United Kingdom,full-back,FB,DEF,active,2010–11,2010–11,2010,2011,split_year,20,aston-villa-loan,Aston Villa (loan),premier-league,Premier League,15,1,domestic_league,False,professional_or_unknown,True,,Wikipedia,https://en.wikipedia.org/wiki/Kyle_Walker,2026-08-02,1366609133
kyle-walker,Q59108,Kyle Walker,1990-05-28,United Kingdom,full-back,FB,DEF,active,2010–11,2010–11,2010,2011,split_year,20,queens-park-rangers-loan,Queens Park Rangers (loan),championship,Championship,20,0,domestic_league,False,professional_or_unknown,True,,Wikipedia,https://en.wikipedia.org/wiki/Kyle_Walker,2026-08-02,1366609133
kyle-walker,Q59108,Kyle Walker,1990-05-28,United Kingdom,full-back,FB,DEF,active,2010–11,2010–11,2010,2011,split_year,20,tottenham-hotspur,Tottenham Hotspur,premier-league,Premier League,1,0,domestic_league,False,professional_or_unknown,True,,Wikipedia,https://en.wikipedia.org/wiki/Kyle_Walker,2026-08-02,1366609133
kyle-walker,Q59108,Kyle Walker,1990-05-28,United Kingdom,full-back,FB,DEF,active,2011–12,2011–12,2011,2012,split_year,21,tottenham-hotspur,Tottenham Hotspur,premier-league,Premier League,37,2,domestic_league,False,professional_or_unknown,True,,Wikipedia,https://en.wikipedia.org/wiki/Kyle_Walker,2026-08-02,1366609133
kyle-walker,Q59108,Kyle Walker,1990-05-28,United Kingdom,full-back,FB,DEF,active,2012–13,2012–13,2012,2013,split_year,22,tottenham-hotspur,Tottenham Hotspur,premier-league,Premier League,36,0,domestic_league,False,professional_or_unknown,True,,Wikipedia,https://en.wikipedia.org/wiki/Kyle_Walker,2026-08-02,1366609133
kyle-walker,Q59108,Kyle Walker,1990-05-28,United Kingdom,full-back,FB,DEF,active,2013–14,2013–14,2013,2014,split_year,23,tottenham-hotspur,Tottenham Hotspur,premier-league,Premier League,26,1,domestic_league,False,professional_or_unknown,True,,Wikipedia,https://en.wikipedia.org/wiki/Kyle_Walker,2026-08-02,1366609133
kyle-walker,Q59108,Kyle Walker,1990-05-28,United Kingdom,full-back,FB,DEF,active,2014–15,2014–15,2014,2015,split_year,24,tottenham-hotspur,Tottenham Hotspur,premier-league,Premier League,15,0,domestic_league,False,professional_or_unknown,True,,Wikipedia,https://en.wikipedia.org/wiki/Kyle_Walker,2026-08-02,1366609133
kyle-walker,Q59108,Kyle Walker,1990-05-28,United Kingdom,full-back,FB,DEF,active,2015–16,2015–16,2015,2016,split_year,25,tottenham-hotspur,Tottenham Hotspur,premier-league,Premier League,33,1,domestic_league,False,professional_or_unknown,True,,Wikipedia,https://en.wikipedia.org/wiki/Kyle_Walker,2026-08-02,1366609133
kyle-walker,Q59108,Kyle Walker,1990-05-28,United Kingdom,full-back,FB,DEF,active,2016–17,2016–17,2016,2017,split_year,26,tottenham-hotspur,Tottenham Hotspur,premier-league,Premier League,33,0,domestic_league,False,professional_or_unknown,True,,Wikipedia,https://en.wikipedia.org/wiki/Kyle_Walker,2026-08-02,1366609133
kyle-walker,Q59108,Kyle Walker,1990-05-28,United Kingdom,full-back,FB,DEF,active,2017–18,2017–18,2017,2018,split_year,27,manchester-city,Manchester City,premier-league,Premier League,32,0,domestic_league,False,professional_or_unknown,True,,Wikipedia,https://en.wikipedia.org/wiki/Kyle_Walker,2026-08-02,1366609133
kyle-walker,Q59108,Kyle Walker,1990-05-28,United Kingdom,full-back,FB,DEF,active,2018–19,2018–19,2018,2019,split_year,28,manchester-city,Manchester City,premier-league,Premier League,33,1,domestic_league,False,professional_or_unknown,True,,Wikipedia,https://en.wikipedia.org/wiki/Kyle_Walker,2026-08-02,1366609133
kyle-walker,Q59108,Kyle Walker,1990-05-28,United Kingdom,full-back,FB,DEF,active,2019–20,2019–20,2019,2020,split_year,29,manchester-city,Manchester City,premier-league,Premier League,29,1,domestic_league,False,professional_or_unknown,True,,Wikipedia,https://en.wikipedia.org/wiki/Kyle_Walker,2026-08-02,1366609133
kyle-walker,Q59108,Kyle Walker,1990-05-28,United Kingdom,full-back,FB,DEF,active,2020–21,2020–21,2020,2021,split_year,30,manchester-city,Manchester City,premier-league,Premier League,24,1,domestic_league,False,professional_or_unknown,True,,Wikipedia,https://en.wikipedia.org/wiki/Kyle_Walker,2026-08-02,1366609133
kyle-walker,Q59108,Kyle Walker,1990-05-28,United Kingdom,full-back,FB,DEF,active,2021–22,2021–22,2021,2022,split_year,31,manchester-city,Manchester City,premier-league,Premier League,20,0,domestic_league,False,professional_or_unknown,True,,Wikipedia,https://en.wikipedia.org/wiki/Kyle_Walker,2026-08-02,1366609133
kyle-walker,Q59108,Kyle Walker,1990-05-28,United Kingdom,full-back,FB,DEF,active,2022–23,2022–23,2022,2023,split_year,32,manchester-city,Manchester City,premier-league,Premier League,27,0,domestic_league,False,professional_or_unknown,True,,Wikipedia,https://en.wikipedia.org/wiki/Kyle_Walker,2026-08-02,1366609133
kyle-walker,Q59108,Kyle Walker,1990-05-28,United Kingdom,full-back,FB,DEF,active,2023–24,2023–24,2023,2024,split_year,33,manchester-city,Manchester City,premier-league,Premier League,32,0,domestic_league,False,professional_or_unknown,True,,Wikipedia,https://en.wikipedia.org/wiki/Kyle_Walker,2026-08-02,1366609133
kyle-walker,Q59108,Kyle Walker,1990-05-28,United Kingdom,full-back,FB,DEF,active,2024–25,2024–25,2024,2025,split_year,34,ac-milan-loan,AC Milan (loan),serie-a,Serie A,11,0,domestic_league,False,professional_or_unknown,True,,Wikipedia,https://en.wikipedia.org/wiki/Kyle_Walker,2026-08-02,1366609133
kyle-walker,Q59108,Kyle Walker,1990-05-28,United Kingdom,full-back,FB,DEF,active,2024–25,2024–25,2024,2025,split_year,34,manchester-city,Manchester City,premier-league,Premier League,15,0,domestic_league,False,professional_or_unknown,True,,Wikipedia,https://en.wikipedia.org/wiki/Kyle_Walker,2026-08-02,1366609133
kyle-walker,Q59108,Kyle Walker,1990-05-28,United Kingdom,full-back,FB,DEF,active,2025–26,2025–26,2025,2026,split_year,35,burnley,Burnley,premier-league,Premier League,36,0,domestic_league,False,professional_or_unknown,True,,Wikipedia,https://en.wikipedia.org/wiki/Kyle_Walker,2026-08-02,1366609133
kylian-mbappe,Q21621995,Kylian Mbappé,1998-12-20,France,forward,WNG,WIDE,active,2015–16,2015–16,2015,2016,split_year,17,monaco,Monaco,ligue-1,Ligue 1,11,1,domestic_league,False,professional_or_unknown,True,,Wikipedia,https://en.wikipedia.org/wiki/Kylian_Mbappé,2026-08-02,1367305220
kylian-mbappe,Q21621995,Kylian Mbappé,1998-12-20,France,forward,WNG,WIDE,active,2016–17,2016–17,2016,2017,split_year,18,monaco,Monaco,ligue-1,Ligue 1,29,15,domestic_league,False,professional_or_unknown,True,,Wikipedia,https://en.wikipedia.org/wiki/Kylian_Mbappé,2026-08-02,1367305220
kylian-mbappe,Q21621995,Kylian Mbappé,1998-12-20,France,forward,WNG,WIDE,active,2017–18,2017–18,2017,2018,split_year,19,monaco,Monaco,ligue-1,Ligue 1,1,0,domestic_league,False,professional_or_unknown,True,,Wikipedia,https://en.wikipedia.org/wiki/Kylian_Mbappé,2026-08-02,1367305220
kylian-mbappe,Q21621995,Kylian Mbappé,1998-12-20,France,forward,WNG,WIDE,active,2017–18,2017–18,2017,2018,split_year,19,paris-saint-germain-loan,Paris Saint-Germain (loan),ligue-1,Ligue 1,27,13,domestic_league,False,professional_or_unknown,True,,Wikipedia,https://en.wikipedia.org/wiki/Kylian_Mbappé,2026-08-02,1367305220
kylian-mbappe,Q21621995,Kylian Mbappé,1998-12-20,France,forward,WNG,WIDE,active,2018–19,2018–19,2018,2019,split_year,20,paris-saint-germain,Paris Saint-Germain,ligue-1,Ligue 1,29,33,domestic_league,False,professional_or_unknown,True,,Wikipedia,https://en.wikipedia.org/wiki/Kylian_Mbappé,2026-08-02,1367305220
kylian-mbappe,Q21621995,Kylian Mbappé,1998-12-20,France,forward,WNG,WIDE,active,2019–20,2019–20,2019,2020,split_year,21,paris-saint-germain,Paris Saint-Germain,ligue-1,Ligue 1,20,18,domestic_league,False,professional_or_unknown,True,,Wikipedia,https://en.wikipedia.org/wiki/Kylian_Mbappé,2026-08-02,1367305220
kylian-mbappe,Q21621995,Kylian Mbappé,1998-12-20,France,forward,WNG,WIDE,active,2020–21,2020–21,2020,2021,split_year,22,paris-saint-germain,Paris Saint-Germain,ligue-1,Ligue 1,31,27,domestic_league,False,professional_or_unknown,True,,Wikipedia,https://en.wikipedia.org/wiki/Kylian_Mbappé,2026-08-02,1367305220
kylian-mbappe,Q21621995,Kylian Mbappé,1998-12-20,France,forward,WNG,WIDE,active,2021–22,2021–22,2021,2022,split_year,23,paris-saint-germain,Paris Saint-Germain,ligue-1,Ligue 1,35,28,domestic_league,False,professional_or_unknown,True,,Wikipedia,https://en.wikipedia.org/wiki/Kylian_Mbappé,2026-08-02,1367305220
kylian-mbappe,Q21621995,Kylian Mbappé,1998-12-20,France,forward,WNG,WIDE,active,2022–23,2022–23,2022,2023,split_year,24,paris-saint-germain,Paris Saint-Germain,ligue-1,Ligue 1,34,29,domestic_league,False,professional_or_unknown,True,,Wikipedia,https://en.wikipedia.org/wiki/Kylian_Mbappé,2026-08-02,1367305220
kylian-mbappe,Q21621995,Kylian Mbappé,1998-12-20,France,forward,WNG,WIDE,active,2023–24,2023–24,2023,2024,split_year,25,paris-saint-germain,Paris Saint-Germain,ligue-1,Ligue 1,29,27,domestic_league,False,professional_or_unknown,True,,Wikipedia,https://en.wikipedia.org/wiki/Kylian_Mbappé,2026-08-02,1367305220
kylian-mbappe,Q21621995,Kylian Mbappé,1998-12-20,France,forward,WNG,WIDE,active,2024–25,2024–25,2024,2025,split_year,26,real-madrid,Real Madrid,la-liga,La Liga,34,31,domestic_league,False,professional_or_unknown,True,,Wikipedia,https://en.wikipedia.org/wiki/Kylian_Mbappé,2026-08-02,1367305220
kylian-mbappe,Q21621995,Kylian Mbappé,1998-12-20,France,forward,WNG,WIDE,active,2025–26,2025–26,2025,2026,split_year,27,real-madrid,Real Madrid,la-liga,La Liga,31,25,domestic_league,False,professional_or_unknown,True,,Wikipedia,https://en.wikipedia.org/wiki/Kylian_Mbappé,2026-08-02,1367305220
kylian-mbappe,Q21621995,Kylian Mbappé,1998-12-20,France,forward,WNG,WIDE,active,2026–27,2026–27,2026,2027,split_year,28,real-madrid,Real Madrid,la-liga,La Liga,0,0,domestic_league,True,professional_or_unknown,True,,Wikipedia,https://en.wikipedia.org/wiki/Kylian_Mbappé,2026-08-02,1367305220
lautaro-martinez,Q21484126,Lautaro Martínez,1997-08-22,Argentina,forward,FW,FWD,active,2015,2015,2015,2015,calendar_year,18,racing,Racing,argentine-primera-division,Argentine Primera División,1,0,domestic_league,False,professional_or_unknown,True,,Wikipedia,https://en.wikipedia.org/wiki/Lautaro_Martínez,2026-08-02,1367122597
lautaro-martinez,Q21484126,Lautaro Martínez,1997-08-22,Argentina,forward,FW,FWD,active,2016,2016,2016,2016,calendar_year,19,racing,Racing,argentine-primera-division,Argentine Primera División,3,0,domestic_league,False,professional_or_unknown,True,,Wikipedia,https://en.wikipedia.org/wiki/Lautaro_Martínez,2026-08-02,1367122597
lautaro-martinez,Q21484126,Lautaro Martínez,1997-08-22,Argentina,forward,FW,FWD,active,2016–17,2016–17,2016,2017,split_year,19,racing,Racing,argentine-primera-division,Argentine Primera División,23,9,domestic_league,False,professional_or_unknown,True,,Wikipedia,https://en.wikipedia.org/wiki/Lautaro_Martínez,2026-08-02,1367122597
lautaro-martinez,Q21484126,Lautaro Martínez,1997-08-22,Argentina,forward,FW,FWD,active,2017–18,2017–18,2017,2018,split_year,20,racing,Racing,argentine-primera-division,Argentine Primera División,21,13,domestic_league,False,professional_or_unknown,True,,Wikipedia,https://en.wikipedia.org/wiki/Lautaro_Martínez,2026-08-02,1367122597
lautaro-martinez,Q21484126,Lautaro Martínez,1997-08-22,Argentina,forward,FW,FWD,active,2018–19,2018–19,2018,2019,split_year,21,inter-milan,Inter Milan,serie-a,Serie A,27,6,domestic_league,False,professional_or_unknown,True,,Wikipedia,https://en.wikipedia.org/wiki/Lautaro_Martínez,2026-08-02,1367122597
lautaro-martinez,Q21484126,Lautaro Martínez,1997-08-22,Argentina,forward,FW,FWD,active,2019–20,2019–20,2019,2020,split_year,22,inter-milan,Inter Milan,serie-a,Serie A,35,14,domestic_league,False,professional_or_unknown,True,,Wikipedia,https://en.wikipedia.org/wiki/Lautaro_Martínez,2026-08-02,1367122597
lautaro-martinez,Q21484126,Lautaro Martínez,1997-08-22,Argentina,forward,FW,FWD,active,2020–21,2020–21,2020,2021,split_year,23,inter-milan,Inter Milan,serie-a,Serie A,38,17,domestic_league,False,professional_or_unknown,True,,Wikipedia,https://en.wikipedia.org/wiki/Lautaro_Martínez,2026-08-02,1367122597
lautaro-martinez,Q21484126,Lautaro Martínez,1997-08-22,Argentina,forward,FW,FWD,active,2021–22,2021–22,2021,2022,split_year,24,inter-milan,Inter Milan,serie-a,Serie A,35,21,domestic_league,False,professional_or_unknown,True,,Wikipedia,https://en.wikipedia.org/wiki/Lautaro_Martínez,2026-08-02,1367122597
lautaro-martinez,Q21484126,Lautaro Martínez,1997-08-22,Argentina,forward,FW,FWD,active,2022–23,2022–23,2022,2023,split_year,25,inter-milan,Inter Milan,serie-a,Serie A,38,21,domestic_league,False,professional_or_unknown,True,,Wikipedia,https://en.wikipedia.org/wiki/Lautaro_Martínez,2026-08-02,1367122597
lautaro-martinez,Q21484126,Lautaro Martínez,1997-08-22,Argentina,forward,FW,FWD,active,2023–24,2023–24,2023,2024,split_year,26,inter-milan,Inter Milan,serie-a,Serie A,33,24,domestic_league,False,professional_or_unknown,True,,Wikipedia,https://en.wikipedia.org/wiki/Lautaro_Martínez,2026-08-02,1367122597
lautaro-martinez,Q21484126,Lautaro Martínez,1997-08-22,Argentina,forward,FW,FWD,active,2024–25,2024–25,2024,2025,split_year,27,inter-milan,Inter Milan,serie-a,Serie A,31,12,domestic_league,False,professional_or_unknown,True,,Wikipedia,https://en.wikipedia.org/wiki/Lautaro_Martínez,2026-08-02,1367122597
lautaro-martinez,Q21484126,Lautaro Martínez,1997-08-22,Argentina,forward,FW,FWD,active,2025–26,2025–26,2025,2026,split_year,28,inter-milan,Inter Milan,serie-a,Serie A,30,17,domestic_league,False,professional_or_unknown,True,,Wikipedia,https://en.wikipedia.org/wiki/Lautaro_Martínez,2026-08-02,1367122597
leonardo-bonucci,Q208050,Leonardo Bonucci,1987-05-01,Italy,centre-back,CB,DEF,inactive,2005–06,2005–06,2005,2006,split_year,18,inter-milan-loan,Inter Milan (loan),serie-a,Serie A,1,0,domestic_league,False,professional_or_unknown,True,,Wikipedia,https://en.wikipedia.org/wiki/Leonardo_Bonucci,2026-08-02,1367107021
leonardo-bonucci,Q208050,Leonardo Bonucci,1987-05-01,Italy,centre-back,CB,DEF,inactive,2006–07,2006–07,2006,2007,split_year,19,inter-milan,Inter Milan,serie-a,Serie A,0,0,domestic_league,False,professional_or_unknown,True,,Wikipedia,https://en.wikipedia.org/wiki/Leonardo_Bonucci,2026-08-02,1367107021
leonardo-bonucci,Q208050,Leonardo Bonucci,1987-05-01,Italy,centre-back,CB,DEF,inactive,2007–08,2007–08,2007,2008,split_year,20,treviso-loan,Treviso (loan),serie-b,Serie B,27,2,domestic_league,False,professional_or_unknown,True,,Wikipedia,https://en.wikipedia.org/wiki/Leonardo_Bonucci,2026-08-02,1367107021
leonardo-bonucci,Q208050,Leonardo Bonucci,1987-05-01,Italy,centre-back,CB,DEF,inactive,2008–09,2008–09,2008,2009,split_year,21,pisa-loan,Pisa (loan),serie-b,Serie B,18,1,domestic_league,False,professional_or_unknown,True,,Wikipedia,https://en.wikipedia.org/wiki/Leonardo_Bonucci,2026-08-02,1367107021
leonardo-bonucci,Q208050,Leonardo Bonucci,1987-05-01,Italy,centre-back,CB,DEF,inactive,2008–09,2008–09,2008,2009,split_year,21,treviso-loan,Treviso (loan),serie-b,Serie B,13,2,domestic_league,False,professional_or_unknown,True,,Wikipedia,https://en.wikipedia.org/wiki/Leonardo_Bonucci,2026-08-02,1367107021
leonardo-bonucci,Q208050,Leonardo Bonucci,1987-05-01,Italy,centre-back,CB,DEF,inactive,2009–10,2009–10,2009,2010,split_year,22,bari,Bari,serie-a,Serie A,38,1,domestic_league,False,professional_or_unknown,True,,Wikipedia,https://en.wikipedia.org/wiki/Leonardo_Bonucci,2026-08-02,1367107021
leonardo-bonucci,Q208050,Leonardo Bonucci,1987-05-01,Italy,centre-back,CB,DEF,inactive,2010–11,2010–11,2010,2011,split_year,23,juventus,Juventus,serie-a,Serie A,34,2,domestic_league,False,professional_or_unknown,True,,Wikipedia,https://en.wikipedia.org/wiki/Leonardo_Bonucci,2026-08-02,1367107021
leonardo-bonucci,Q208050,Leonardo Bonucci,1987-05-01,Italy,centre-back,CB,DEF,inactive,2011–12,2011–12,2011,2012,split_year,24,juventus,Juventus,serie-a,Serie A,32,2,domestic_league,False,professional_or_unknown,True,,Wikipedia,https://en.wikipedia.org/wiki/Leonardo_Bonucci,2026-08-02,1367107021
leonardo-bonucci,Q208050,Leonardo Bonucci,1987-05-01,Italy,centre-back,CB,DEF,inactive,2012–13,2012–13,2012,2013,split_year,25,juventus,Juventus,serie-a,Serie A,33,0,domestic_league,False,professional_or_unknown,True,,Wikipedia,https://en.wikipedia.org/wiki/Leonardo_Bonucci,2026-08-02,1367107021
leonardo-bonucci,Q208050,Leonardo Bonucci,1987-05-01,Italy,centre-back,CB,DEF,inactive,2013–14,2013–14,2013,2014,split_year,26,juventus,Juventus,serie-a,Serie A,29,2,domestic_league,False,professional_or_unknown,True,,Wikipedia,https://en.wikipedia.org/wiki/Leonardo_Bonucci,2026-08-02,1367107021
leonardo-bonucci,Q208050,Leonardo Bonucci,1987-05-01,Italy,centre-back,CB,DEF,inactive,2014–15,2014–15,2014,2015,split_year,27,juventus,Juventus,serie-a,Serie A,34,3,domestic_league,False,professional_or_unknown,True,,Wikipedia,https://en.wikipedia.org/wiki/Leonardo_Bonucci,2026-08-02,1367107021
leonardo-bonucci,Q208050,Leonardo Bonucci,1987-05-01,Italy,centre-back,CB,DEF,inactive,2015–16,2015–16,2015,2016,split_year,28,juventus,Juventus,serie-a,Serie A,36,3,domestic_league,False,professional_or_unknown,True,,Wikipedia,https://en.wikipedia.org/wiki/Leonardo_Bonucci,2026-08-02,1367107021
leonardo-bonucci,Q208050,Leonardo Bonucci,1987-05-01,Italy,centre-back,CB,DEF,inactive,2016–17,2016–17,2016,2017,split_year,29,juventus,Juventus,serie-a,Serie A,29,3,domestic_league,False,professional_or_unknown,True,,Wikipedia,https://en.wikipedia.org/wiki/Leonardo_Bonucci,2026-08-02,1367107021
leonardo-bonucci,Q208050,Leonardo Bonucci,1987-05-01,Italy,centre-back,CB,DEF,inactive,2017–18,2017–18,2017,2018,split_year,30,ac-milan,AC Milan,serie-a,Serie A,35,2,domestic_league,False,professional_or_unknown,True,,Wikipedia,https://en.wikipedia.org/wiki/Leonardo_Bonucci,2026-08-02,1367107021
leonardo-bonucci,Q208050,Leonardo Bonucci,1987-05-01,Italy,centre-back,CB,DEF,inactive,2018–19,2018–19,2018,2019,split_year,31,juventus,Juventus,serie-a,Serie A,29,3,domestic_league,False,professional_or_unknown,True,,Wikipedia,https://en.wikipedia.org/wiki/Leonardo_Bonucci,2026-08-02,1367107021
leonardo-bonucci,Q208050,Leonardo Bonucci,1987-05-01,Italy,centre-back,CB,DEF,inactive,2019–20,2019–20,2019,2020,split_year,32,juventus,Juventus,serie-a,Serie A,35,3,domestic_league,False,professional_or_unknown,True,,Wikipedia,https://en.wikipedia.org/wiki/Leonardo_Bonucci,2026-08-02,1367107021
leonardo-bonucci,Q208050,Leonardo Bonucci,1987-05-01,Italy,centre-back,CB,DEF,inactive,2020–21,2020–21,2020,2021,split_year,33,juventus,Juventus,serie-a,Serie A,26,2,domestic_league,False,professional_or_unknown,True,,Wikipedia,https://en.wikipedia.org/wiki/Leonardo_Bonucci,2026-08-02,1367107021
leonardo-bonucci,Q208050,Leonardo Bonucci,1987-05-01,Italy,centre-back,CB,DEF,inactive,2021–22,2021–22,2021,2022,split_year,34,juventus,Juventus,serie-a,Serie A,24,5,domestic_league,False,professional_or_unknown,True,,Wikipedia,https://en.wikipedia.org/wiki/Leonardo_Bonucci,2026-08-02,1367107021
leonardo-bonucci,Q208050,Leonardo Bonucci,1987-05-01,Italy,centre-back,CB,DEF,inactive,2022–23,2022–23,2022,2023,split_year,35,juventus,Juventus,serie-a,Serie A,16,1,domestic_league,False,professional_or_unknown,True,,Wikipedia,https://en.wikipedia.org/wiki/Leonardo_Bonucci,2026-08-02,1367107021
leonardo-bonucci,Q208050,Leonardo Bonucci,1987-05-01,Italy,centre-back,CB,DEF,inactive,2023–24,2023–24,2023,2024,split_year,36,fenerbahce,Fenerbahçe,super-lig,Süper Lig,8,0,domestic_league,False,professional_or_unknown,True,,Wikipedia,https://en.wikipedia.org/wiki/Leonardo_Bonucci,2026-08-02,1367107021
leonardo-bonucci,Q208050,Leonardo Bonucci,1987-05-01,Italy,centre-back,CB,DEF,inactive,2023–24,2023–24,2023,2024,split_year,36,union-berlin,Union Berlin,bundesliga,Bundesliga,7,1,domestic_league,False,professional_or_unknown,True,,Wikipedia,https://en.wikipedia.org/wiki/Leonardo_Bonucci,2026-08-02,1367107021
leroy-sane,Q16499882,Leroy Sané,1996-01-11,Germany,winger,WNG,WIDE,active,2013–14,2013–14,2013,2014,split_year,17,schalke-04,Schalke 04,bundesliga,Bundesliga,1,0,domestic_league,False,professional_or_unknown,True,,Wikipedia,https://en.wikipedia.org/wiki/Leroy_Sané,2026-08-02,1363274650
leroy-sane,Q16499882,Leroy Sané,1996-01-11,Germany,winger,WNG,WIDE,active,2014–15,2014–15,2014,2015,split_year,18,schalke-04,Schalke 04,bundesliga,Bundesliga,13,3,domestic_league,False,professional_or_unknown,True,,Wikipedia,https://en.wikipedia.org/wiki/Leroy_Sané,2026-08-02,1363274650
leroy-sane,Q16499882,Leroy Sané,1996-01-11,Germany,winger,WNG,WIDE,active,2015–16,2015–16,2015,2016,split_year,19,schalke-04,Schalke 04,bundesliga,Bundesliga,33,8,domestic_league,False,professional_or_unknown,True,,Wikipedia,https://en.wikipedia.org/wiki/Leroy_Sané,2026-08-02,1363274650
leroy-sane,Q16499882,Leroy Sané,1996-01-11,Germany,winger,WNG,WIDE,active,2016–17,2016–17,2016,2017,split_year,20,manchester-city,Manchester City,premier-league,Premier League,26,5,domestic_league,False,professional_or_unknown,True,,Wikipedia,https://en.wikipedia.org/wiki/Leroy_Sané,2026-08-02,1363274650
leroy-sane,Q16499882,Leroy Sané,1996-01-11,Germany,winger,WNG,WIDE,active,2017–18,2017–18,2017,2018,split_year,21,manchester-city,Manchester City,premier-league,Premier League,32,10,domestic_league,False,professional_or_unknown,True,,Wikipedia,https://en.wikipedia.org/wiki/Leroy_Sané,2026-08-02,1363274650
leroy-sane,Q16499882,Leroy Sané,1996-01-11,Germany,winger,WNG,WIDE,active,2018–19,2018–19,2018,2019,split_year,22,manchester-city,Manchester City,premier-league,Premier League,31,10,domestic_league,False,professional_or_unknown,True,,Wikipedia,https://en.wikipedia.org/wiki/Leroy_Sané,2026-08-02,1363274650
leroy-sane,Q16499882,Leroy Sané,1996-01-11,Germany,winger,WNG,WIDE,active,2019–20,2019–20,2019,2020,split_year,23,manchester-city,Manchester City,premier-league,Premier League,1,0,domestic_league,False,professional_or_unknown,True,,Wikipedia,https://en.wikipedia.org/wiki/Leroy_Sané,2026-08-02,1363274650
leroy-sane,Q16499882,Leroy Sané,1996-01-11,Germany,winger,WNG,WIDE,active,2020–21,2020–21,2020,2021,split_year,24,bayern-munich,Bayern Munich,bundesliga,Bundesliga,32,6,domestic_league,False,professional_or_unknown,True,,Wikipedia,https://en.wikipedia.org/wiki/Leroy_Sané,2026-08-02,1363274650
leroy-sane,Q16499882,Leroy Sané,1996-01-11,Germany,winger,WNG,WIDE,active,2021–22,2021–22,2021,2022,split_year,25,bayern-munich,Bayern Munich,bundesliga,Bundesliga,32,7,domestic_league,False,professional_or_unknown,True,,Wikipedia,https://en.wikipedia.org/wiki/Leroy_Sané,2026-08-02,1363274650
leroy-sane,Q16499882,Leroy Sané,1996-01-11,Germany,winger,WNG,WIDE,active,2022–23,2022–23,2022,2023,split_year,26,bayern-munich,Bayern Munich,bundesliga,Bundesliga,32,8,domestic_league,False,professional_or_unknown,True,,Wikipedia,https://en.wikipedia.org/wiki/Leroy_Sané,2026-08-02,1363274650
leroy-sane,Q16499882,Leroy Sané,1996-01-11,Germany,winger,WNG,WIDE,active,2023–24,2023–24,2023,2024,split_year,27,bayern-munich,Bayern Munich,bundesliga,Bundesliga,27,8,domestic_league,False,professional_or_unknown,True,,Wikipedia,https://en.wikipedia.org/wiki/Leroy_Sané,2026-08-02,1363274650
leroy-sane,Q16499882,Leroy Sané,1996-01-11,Germany,winger,WNG,WIDE,active,2024–25,2024–25,2024,2025,split_year,28,bayern-munich,Bayern Munich,bundesliga,Bundesliga,30,11,domestic_league,False,professional_or_unknown,True,,Wikipedia,https://en.wikipedia.org/wiki/Leroy_Sané,2026-08-02,1363274650
leroy-sane,Q16499882,Leroy Sané,1996-01-11,Germany,winger,WNG,WIDE,active,2025–26,2025–26,2025,2026,split_year,29,galatasaray,Galatasaray,super-lig,Süper Lig,28,7,domestic_league,False,professional_or_unknown,True,,Wikipedia,https://en.wikipedia.org/wiki/Leroy_Sané,2026-08-02,1363274650
lionel-messi,Q615,Lionel Messi,1987-06-24,Argentina,forward,WNG,WIDE,active,2004–05,2004–05,2004,2005,split_year,17,barcelona,Barcelona,la-liga,La Liga,7,1,domestic_league,False,professional_or_unknown,True,,Wikipedia,https://en.wikipedia.org/wiki/Lionel_Messi,2026-08-02,1367375629
lionel-messi,Q615,Lionel Messi,1987-06-24,Argentina,forward,WNG,WIDE,active,2005–06,2005–06,2005,2006,split_year,18,barcelona,Barcelona,la-liga,La Liga,17,6,domestic_league,False,professional_or_unknown,True,,Wikipedia,https://en.wikipedia.org/wiki/Lionel_Messi,2026-08-02,1367375629
lionel-messi,Q615,Lionel Messi,1987-06-24,Argentina,forward,WNG,WIDE,active,2006–07,2006–07,2006,2007,split_year,19,barcelona,Barcelona,la-liga,La Liga,26,14,domestic_league,False,professional_or_unknown,True,,Wikipedia,https://en.wikipedia.org/wiki/Lionel_Messi,2026-08-02,1367375629
lionel-messi,Q615,Lionel Messi,1987-06-24,Argentina,forward,WNG,WIDE,active,2007–08,2007–08,2007,2008,split_year,20,barcelona,Barcelona,la-liga,La Liga,28,10,domestic_league,False,professional_or_unknown,True,,Wikipedia,https://en.wikipedia.org/wiki/Lionel_Messi,2026-08-02,1367375629
lionel-messi,Q615,Lionel Messi,1987-06-24,Argentina,forward,WNG,WIDE,active,2008–09,2008–09,2008,2009,split_year,21,barcelona,Barcelona,la-liga,La Liga,31,23,domestic_league,False,professional_or_unknown,True,,Wikipedia,https://en.wikipedia.org/wiki/Lionel_Messi,2026-08-02,1367375629
lionel-messi,Q615,Lionel Messi,1987-06-24,Argentina,forward,WNG,WIDE,active,2009–10,2009–10,2009,2010,split_year,22,barcelona,Barcelona,la-liga,La Liga,35,34,domestic_league,False,professional_or_unknown,True,,Wikipedia,https://en.wikipedia.org/wiki/Lionel_Messi,2026-08-02,1367375629
lionel-messi,Q615,Lionel Messi,1987-06-24,Argentina,forward,WNG,WIDE,active,2010–11,2010–11,2010,2011,split_year,23,barcelona,Barcelona,la-liga,La Liga,33,31,domestic_league,False,professional_or_unknown,True,,Wikipedia,https://en.wikipedia.org/wiki/Lionel_Messi,2026-08-02,1367375629
lionel-messi,Q615,Lionel Messi,1987-06-24,Argentina,forward,WNG,WIDE,active,2011–12,2011–12,2011,2012,split_year,24,barcelona,Barcelona,la-liga,La Liga,37,50,domestic_league,False,professional_or_unknown,True,,Wikipedia,https://en.wikipedia.org/wiki/Lionel_Messi,2026-08-02,1367375629
lionel-messi,Q615,Lionel Messi,1987-06-24,Argentina,forward,WNG,WIDE,active,2012–13,2012–13,2012,2013,split_year,25,barcelona,Barcelona,la-liga,La Liga,32,46,domestic_league,False,professional_or_unknown,True,,Wikipedia,https://en.wikipedia.org/wiki/Lionel_Messi,2026-08-02,1367375629
lionel-messi,Q615,Lionel Messi,1987-06-24,Argentina,forward,WNG,WIDE,active,2013–14,2013–14,2013,2014,split_year,26,barcelona,Barcelona,la-liga,La Liga,31,28,domestic_league,False,professional_or_unknown,True,,Wikipedia,https://en.wikipedia.org/wiki/Lionel_Messi,2026-08-02,1367375629
lionel-messi,Q615,Lionel Messi,1987-06-24,Argentina,forward,WNG,WIDE,active,2014–15,2014–15,2014,2015,split_year,27,barcelona,Barcelona,la-liga,La Liga,38,43,domestic_league,False,professional_or_unknown,True,,Wikipedia,https://en.wikipedia.org/wiki/Lionel_Messi,2026-08-02,1367375629
lionel-messi,Q615,Lionel Messi,1987-06-24,Argentina,forward,WNG,WIDE,active,2015–16,2015–16,2015,2016,split_year,28,barcelona,Barcelona,la-liga,La Liga,33,26,domestic_league,False,professional_or_unknown,True,,Wikipedia,https://en.wikipedia.org/wiki/Lionel_Messi,2026-08-02,1367375629
lionel-messi,Q615,Lionel Messi,1987-06-24,Argentina,forward,WNG,WIDE,active,2016–17,2016–17,2016,2017,split_year,29,barcelona,Barcelona,la-liga,La Liga,34,37,domestic_league,False,professional_or_unknown,True,,Wikipedia,https://en.wikipedia.org/wiki/Lionel_Messi,2026-08-02,1367375629
lionel-messi,Q615,Lionel Messi,1987-06-24,Argentina,forward,WNG,WIDE,active,2017–18,2017–18,2017,2018,split_year,30,barcelona,Barcelona,la-liga,La Liga,36,34,domestic_league,False,professional_or_unknown,True,,Wikipedia,https://en.wikipedia.org/wiki/Lionel_Messi,2026-08-02,1367375629
lionel-messi,Q615,Lionel Messi,1987-06-24,Argentina,forward,WNG,WIDE,active,2018–19,2018–19,2018,2019,split_year,31,barcelona,Barcelona,la-liga,La Liga,34,36,domestic_league,False,professional_or_unknown,True,,Wikipedia,https://en.wikipedia.org/wiki/Lionel_Messi,2026-08-02,1367375629
lionel-messi,Q615,Lionel Messi,1987-06-24,Argentina,forward,WNG,WIDE,active,2019–20,2019–20,2019,2020,split_year,32,barcelona,Barcelona,la-liga,La Liga,33,25,domestic_league,False,professional_or_unknown,True,,Wikipedia,https://en.wikipedia.org/wiki/Lionel_Messi,2026-08-02,1367375629
lionel-messi,Q615,Lionel Messi,1987-06-24,Argentina,forward,WNG,WIDE,active,2020–21,2020–21,2020,2021,split_year,33,barcelona,Barcelona,la-liga,La Liga,35,30,domestic_league,False,professional_or_unknown,True,,Wikipedia,https://en.wikipedia.org/wiki/Lionel_Messi,2026-08-02,1367375629
lionel-messi,Q615,Lionel Messi,1987-06-24,Argentina,forward,WNG,WIDE,active,2021–22,2021–22,2021,2022,split_year,34,paris-saint-germain,Paris Saint-Germain,ligue-1,Ligue 1,26,6,domestic_league,False,professional_or_unknown,True,,Wikipedia,https://en.wikipedia.org/wiki/Lionel_Messi,2026-08-02,1367375629
lionel-messi,Q615,Lionel Messi,1987-06-24,Argentina,forward,WNG,WIDE,active,2022–23,2022–23,2022,2023,split_year,35,paris-saint-germain,Paris Saint-Germain,ligue-1,Ligue 1,32,16,domestic_league,False,professional_or_unknown,True,,Wikipedia,https://en.wikipedia.org/wiki/Lionel_Messi,2026-08-02,1367375629
lionel-messi,Q615,Lionel Messi,1987-06-24,Argentina,forward,WNG,WIDE,active,2023,2023,2023,2023,calendar_year,36,inter-miami,Inter Miami,mls,MLS,6,1,domestic_league,False,professional_or_unknown,True,,Wikipedia,https://en.wikipedia.org/wiki/Lionel_Messi,2026-08-02,1367375629
lionel-messi,Q615,Lionel Messi,1987-06-24,Argentina,forward,WNG,WIDE,active,2024,2024,2024,2024,calendar_year,37,inter-miami,Inter Miami,mls,MLS,19,20,domestic_league,False,professional_or_unknown,True,,Wikipedia,https://en.wikipedia.org/wiki/Lionel_Messi,2026-08-02,1367375629
lionel-messi,Q615,Lionel Messi,1987-06-24,Argentina,forward,WNG,WIDE,active,2025,2025,2025,2025,calendar_year,38,inter-miami,Inter Miami,mls,MLS,28,29,domestic_league,False,professional_or_unknown,True,,Wikipedia,https://en.wikipedia.org/wiki/Lionel_Messi,2026-08-02,1367375629
lionel-messi,Q615,Lionel Messi,1987-06-24,Argentina,forward,WNG,WIDE,active,2026,2026,2026,2026,calendar_year,39,inter-miami,Inter Miami,mls,MLS,14,12,domestic_league,True,professional_or_unknown,True,,Wikipedia,https://en.wikipedia.org/wiki/Lionel_Messi,2026-08-02,1367375629
luis-figo,Q483145,Luís Figo,1972-11-04,Portugal,wing half,WNG,WIDE,retired,1989–90,1989–90,1989,1990,split_year,17,sporting-cp,Sporting CP,primeira-divisao,Primeira Divisão,3,0,domestic_league,False,professional_or_unknown,True,,Wikipedia,https://en.wikipedia.org/wiki/Luís_Figo,2026-08-02,1363046941
luis-figo,Q483145,Luís Figo,1972-11-04,Portugal,wing half,WNG,WIDE,retired,1990–91,1990–91,1990,1991,split_year,18,sporting-cp,Sporting CP,primeira-divisao,Primeira Divisão,0,0,domestic_league,False,professional_or_unknown,True,,Wikipedia,https://en.wikipedia.org/wiki/Luís_Figo,2026-08-02,1363046941
luis-figo,Q483145,Luís Figo,1972-11-04,Portugal,wing half,WNG,WIDE,retired,1991–92,1991–92,1991,1992,split_year,19,sporting-cp,Sporting CP,primeira-divisao,Primeira Divisão,34,1,domestic_league,False,professional_or_unknown,True,,Wikipedia,https://en.wikipedia.org/wiki/Luís_Figo,2026-08-02,1363046941
luis-figo,Q483145,Luís Figo,1972-11-04,Portugal,wing half,WNG,WIDE,retired,1992–93,1992–93,1992,1993,split_year,20,sporting-cp,Sporting CP,primeira-divisao,Primeira Divisão,32,0,domestic_league,False,professional_or_unknown,True,,Wikipedia,https://en.wikipedia.org/wiki/Luís_Figo,2026-08-02,1363046941
luis-figo,Q483145,Luís Figo,1972-11-04,Portugal,wing half,WNG,WIDE,retired,1993–94,1993–94,1993,1994,split_year,21,sporting-cp,Sporting CP,primeira-divisao,Primeira Divisão,31,8,domestic_league,False,professional_or_unknown,True,,Wikipedia,https://en.wikipedia.org/wiki/Luís_Figo,2026-08-02,1363046941
luis-figo,Q483145,Luís Figo,1972-11-04,Portugal,wing half,WNG,WIDE,retired,1994–95,1994–95,1994,1995,split_year,22,sporting-cp,Sporting CP,primeira-divisao,Primeira Divisão,29,7,domestic_league,False,professional_or_unknown,True,,Wikipedia,https://en.wikipedia.org/wiki/Luís_Figo,2026-08-02,1363046941
luis-figo,Q483145,Luís Figo,1972-11-04,Portugal,wing half,WNG,WIDE,retired,1995–96,1995–96,1995,1996,split_year,23,barcelona,Barcelona,la-liga,La Liga,35,5,domestic_league,False,professional_or_unknown,True,,Wikipedia,https://en.wikipedia.org/wiki/Luís_Figo,2026-08-02,1363046941
luis-figo,Q483145,Luís Figo,1972-11-04,Portugal,wing half,WNG,WIDE,retired,1996–97,1996–97,1996,1997,split_year,24,barcelona,Barcelona,la-liga,La Liga,36,4,domestic_league,False,professional_or_unknown,True,,Wikipedia,https://en.wikipedia.org/wiki/Luís_Figo,2026-08-02,1363046941
luis-figo,Q483145,Luís Figo,1972-11-04,Portugal,wing half,WNG,WIDE,retired,1997–98,1997–98,1997,1998,split_year,25,barcelona,Barcelona,la-liga,La Liga,35,5,domestic_league,False,professional_or_unknown,True,,Wikipedia,https://en.wikipedia.org/wiki/Luís_Figo,2026-08-02,1363046941
luis-figo,Q483145,Luís Figo,1972-11-04,Portugal,wing half,WNG,WIDE,retired,1998–99,1998–99,1998,1999,split_year,26,barcelona,Barcelona,la-liga,La Liga,34,7,domestic_league,False,professional_or_unknown,True,,Wikipedia,https://en.wikipedia.org/wiki/Luís_Figo,2026-08-02,1363046941
luis-figo,Q483145,Luís Figo,1972-11-04,Portugal,wing half,WNG,WIDE,retired,1999–2000,1999–2000,1999,2000,split_year,27,barcelona,Barcelona,la-liga,La Liga,32,9,domestic_league,False,professional_or_unknown,True,,Wikipedia,https://en.wikipedia.org/wiki/Luís_Figo,2026-08-02,1363046941
luis-figo,Q483145,Luís Figo,1972-11-04,Portugal,wing half,WNG,WIDE,retired,2000–01,2000–01,2000,2001,split_year,28,real-madrid,Real Madrid,la-liga,La Liga,34,9,domestic_league,False,professional_or_unknown,True,,Wikipedia,https://en.wikipedia.org/wiki/Luís_Figo,2026-08-02,1363046941
luis-figo,Q483145,Luís Figo,1972-11-04,Portugal,wing half,WNG,WIDE,retired,2001–02,2001–02,2001,2002,split_year,29,real-madrid,Real Madrid,la-liga,La Liga,28,7,domestic_league,False,professional_or_unknown,True,,Wikipedia,https://en.wikipedia.org/wiki/Luís_Figo,2026-08-02,1363046941
luis-figo,Q483145,Luís Figo,1972-11-04,Portugal,wing half,WNG,WIDE,retired,2002–03,2002–03,2002,2003,split_year,30,real-madrid,Real Madrid,la-liga,La Liga,33,10,domestic_league,False,professional_or_unknown,True,,Wikipedia,https://en.wikipedia.org/wiki/Luís_Figo,2026-08-02,1363046941
luis-figo,Q483145,Luís Figo,1972-11-04,Portugal,wing half,WNG,WIDE,retired,2003–04,2003–04,2003,2004,split_year,31,real-madrid,Real Madrid,la-liga,La Liga,36,9,domestic_league,False,professional_or_unknown,True,,Wikipedia,https://en.wikipedia.org/wiki/Luís_Figo,2026-08-02,1363046941
luis-figo,Q483145,Luís Figo,1972-11-04,Portugal,wing half,WNG,WIDE,retired,2004–05,2004–05,2004,2005,split_year,32,real-madrid,Real Madrid,la-liga,La Liga,33,3,domestic_league,False,professional_or_unknown,True,,Wikipedia,https://en.wikipedia.org/wiki/Luís_Figo,2026-08-02,1363046941
luis-figo,Q483145,Luís Figo,1972-11-04,Portugal,wing half,WNG,WIDE,retired,2005–06,2005–06,2005,2006,split_year,33,inter-milan,Inter Milan,serie-a,Serie A,34,5,domestic_league,False,professional_or_unknown,True,,Wikipedia,https://en.wikipedia.org/wiki/Luís_Figo,2026-08-02,1363046941
luis-figo,Q483145,Luís Figo,1972-11-04,Portugal,wing half,WNG,WIDE,retired,2006–07,2006–07,2006,2007,split_year,34,inter-milan,Inter Milan,serie-a,Serie A,32,2,domestic_league,False,professional_or_unknown,True,,Wikipedia,https://en.wikipedia.org/wiki/Luís_Figo,2026-08-02,1363046941
luis-figo,Q483145,Luís Figo,1972-11-04,Portugal,wing half,WNG,WIDE,retired,2007–08,2007–08,2007,2008,split_year,35,inter-milan,Inter Milan,serie-a,Serie A,17,1,domestic_league,False,professional_or_unknown,True,,Wikipedia,https://en.wikipedia.org/wiki/Luís_Figo,2026-08-02,1363046941
luis-figo,Q483145,Luís Figo,1972-11-04,Portugal,wing half,WNG,WIDE,retired,2008–09,2008–09,2008,2009,split_year,36,inter-milan,Inter Milan,serie-a,Serie A,22,1,domestic_league,False,professional_or_unknown,True,,Wikipedia,https://en.wikipedia.org/wiki/Luís_Figo,2026-08-02,1363046941
luis-suarez,Q26517,Luis Suárez,1987-01-24,Uruguay,forward,FW,FWD,active,2005,2005,2005,2005,calendar_year,18,nacional,Nacional,uruguayan-primera-division,Uruguayan Primera División,0,0,domestic_league,False,professional_or_unknown,True,,Wikipedia,https://en.wikipedia.org/wiki/Luis_Suárez,2026-08-02,1367276993
luis-suarez,Q26517,Luis Suárez,1987-01-24,Uruguay,forward,FW,FWD,active,2005–06,2005–06,2005,2006,split_year,18,nacional,Nacional,uruguayan-primera-division,Uruguayan Primera División,27,10,domestic_league,False,professional_or_unknown,True,,Wikipedia,https://en.wikipedia.org/wiki/Luis_Suárez,2026-08-02,1367276993
luis-suarez,Q26517,Luis Suárez,1987-01-24,Uruguay,forward,FW,FWD,active,2006–07,2006–07,2006,2007,split_year,19,groningen,Groningen,eredivisie,Eredivisie,29,10,domestic_league,False,professional_or_unknown,True,,Wikipedia,https://en.wikipedia.org/wiki/Luis_Suárez,2026-08-02,1367276993
luis-suarez,Q26517,Luis Suárez,1987-01-24,Uruguay,forward,FW,FWD,active,2007–08,2007–08,2007,2008,split_year,20,ajax,Ajax,eredivisie,Eredivisie,33,17,domestic_league,False,professional_or_unknown,True,,Wikipedia,https://en.wikipedia.org/wiki/Luis_Suárez,2026-08-02,1367276993
luis-suarez,Q26517,Luis Suárez,1987-01-24,Uruguay,forward,FW,FWD,active,2008–09,2008–09,2008,2009,split_year,21,ajax,Ajax,eredivisie,Eredivisie,31,22,domestic_league,False,professional_or_unknown,True,,Wikipedia,https://en.wikipedia.org/wiki/Luis_Suárez,2026-08-02,1367276993
luis-suarez,Q26517,Luis Suárez,1987-01-24,Uruguay,forward,FW,FWD,active,2009–10,2009–10,2009,2010,split_year,22,ajax,Ajax,eredivisie,Eredivisie,33,35,domestic_league,False,professional_or_unknown,True,,Wikipedia,https://en.wikipedia.org/wiki/Luis_Suárez,2026-08-02,1367276993
luis-suarez,Q26517,Luis Suárez,1987-01-24,Uruguay,forward,FW,FWD,active,2010–11,2010–11,2010,2011,split_year,23,ajax,Ajax,eredivisie,Eredivisie,13,7,domestic_league,False,professional_or_unknown,True,,Wikipedia,https://en.wikipedia.org/wiki/Luis_Suárez,2026-08-02,1367276993
luis-suarez,Q26517,Luis Suárez,1987-01-24,Uruguay,forward,FW,FWD,active,2010–11,2010–11,2010,2011,split_year,23,liverpool,Liverpool,premier-league,Premier League,13,4,domestic_league,False,professional_or_unknown,True,,Wikipedia,https://en.wikipedia.org/wiki/Luis_Suárez,2026-08-02,1367276993
luis-suarez,Q26517,Luis Suárez,1987-01-24,Uruguay,forward,FW,FWD,active,2011–12,2011–12,2011,2012,split_year,24,liverpool,Liverpool,premier-league,Premier League,31,11,domestic_league,False,professional_or_unknown,True,,Wikipedia,https://en.wikipedia.org/wiki/Luis_Suárez,2026-08-02,1367276993
luis-suarez,Q26517,Luis Suárez,1987-01-24,Uruguay,forward,FW,FWD,active,2012–13,2012–13,2012,2013,split_year,25,liverpool,Liverpool,premier-league,Premier League,33,23,domestic_league,False,professional_or_unknown,True,,Wikipedia,https://en.wikipedia.org/wiki/Luis_Suárez,2026-08-02,1367276993
luis-suarez,Q26517,Luis Suárez,1987-01-24,Uruguay,forward,FW,FWD,active,2013–14,2013–14,2013,2014,split_year,26,liverpool,Liverpool,premier-league,Premier League,33,31,domestic_league,False,professional_or_unknown,True,,Wikipedia,https://en.wikipedia.org/wiki/Luis_Suárez,2026-08-02,1367276993
luis-suarez,Q26517,Luis Suárez,1987-01-24,Uruguay,forward,FW,FWD,active,2014–15,2014–15,2014,2015,split_year,27,barcelona,Barcelona,la-liga,La Liga,27,16,domestic_league,False,professional_or_unknown,True,,Wikipedia,https://en.wikipedia.org/wiki/Luis_Suárez,2026-08-02,1367276993
luis-suarez,Q26517,Luis Suárez,1987-01-24,Uruguay,forward,FW,FWD,active,2015–16,2015–16,2015,2016,split_year,28,barcelona,Barcelona,la-liga,La Liga,35,40,domestic_league,False,professional_or_unknown,True,,Wikipedia,https://en.wikipedia.org/wiki/Luis_Suárez,2026-08-02,1367276993
luis-suarez,Q26517,Luis Suárez,1987-01-24,Uruguay,forward,FW,FWD,active,2016–17,2016–17,2016,2017,split_year,29,barcelona,Barcelona,la-liga,La Liga,35,29,domestic_league,False,professional_or_unknown,True,,Wikipedia,https://en.wikipedia.org/wiki/Luis_Suárez,2026-08-02,1367276993
luis-suarez,Q26517,Luis Suárez,1987-01-24,Uruguay,forward,FW,FWD,active,2017–18,2017–18,2017,2018,split_year,30,barcelona,Barcelona,la-liga,La Liga,33,25,domestic_league,False,professional_or_unknown,True,,Wikipedia,https://en.wikipedia.org/wiki/Luis_Suárez,2026-08-02,1367276993
luis-suarez,Q26517,Luis Suárez,1987-01-24,Uruguay,forward,FW,FWD,active,2018–19,2018–19,2018,2019,split_year,31,barcelona,Barcelona,la-liga,La Liga,33,21,domestic_league,False,professional_or_unknown,True,,Wikipedia,https://en.wikipedia.org/wiki/Luis_Suárez,2026-08-02,1367276993
luis-suarez,Q26517,Luis Suárez,1987-01-24,Uruguay,forward,FW,FWD,active,2019–20,2019–20,2019,2020,split_year,32,barcelona,Barcelona,la-liga,La Liga,28,16,domestic_league,False,professional_or_unknown,True,,Wikipedia,https://en.wikipedia.org/wiki/Luis_Suárez,2026-08-02,1367276993
luis-suarez,Q26517,Luis Suárez,1987-01-24,Uruguay,forward,FW,FWD,active,2020–21,2020–21,2020,2021,split_year,33,atletico-madrid,Atlético Madrid,la-liga,La Liga,32,21,domestic_league,False,professional_or_unknown,True,,Wikipedia,https://en.wikipedia.org/wiki/Luis_Suárez,2026-08-02,1367276993
luis-suarez,Q26517,Luis Suárez,1987-01-24,Uruguay,forward,FW,FWD,active,2021–22,2021–22,2021,2022,split_year,34,atletico-madrid,Atlético Madrid,la-liga,La Liga,35,11,domestic_league,False,professional_or_unknown,True,,Wikipedia,https://en.wikipedia.org/wiki/Luis_Suárez,2026-08-02,1367276993
luis-suarez,Q26517,Luis Suárez,1987-01-24,Uruguay,forward,FW,FWD,active,2022,2022,2022,2022,calendar_year,35,nacional,Nacional,uruguayan-primera-division,Uruguayan Primera División,14,8,domestic_league,False,professional_or_unknown,True,,Wikipedia,https://en.wikipedia.org/wiki/Luis_Suárez,2026-08-02,1367276993
luis-suarez,Q26517,Luis Suárez,1987-01-24,Uruguay,forward,FW,FWD,active,2023,2023,2023,2023,calendar_year,36,gremio,Grêmio,serie-a,Série A,33,17,domestic_league,False,professional_or_unknown,True,,Wikipedia,https://en.wikipedia.org/wiki/Luis_Suárez,2026-08-02,1367276993
luis-suarez,Q26517,Luis Suárez,1987-01-24,Uruguay,forward,FW,FWD,active,2024,2024,2024,2024,calendar_year,37,inter-miami,Inter Miami,mls,MLS,27,20,domestic_league,False,professional_or_unknown,True,,Wikipedia,https://en.wikipedia.org/wiki/Luis_Suárez,2026-08-02,1367276993
luis-suarez,Q26517,Luis Suárez,1987-01-24,Uruguay,forward,FW,FWD,active,2025,2025,2025,2025,calendar_year,38,inter-miami,Inter Miami,mls,MLS,28,10,domestic_league,False,professional_or_unknown,True,,Wikipedia,https://en.wikipedia.org/wiki/Luis_Suárez,2026-08-02,1367276993
luis-suarez,Q26517,Luis Suárez,1987-01-24,Uruguay,forward,FW,FWD,active,2026,2026,2026,2026,calendar_year,39,inter-miami,Inter Miami,mls,MLS,14,10,domestic_league,True,professional_or_unknown,True,,Wikipedia,https://en.wikipedia.org/wiki/Luis_Suárez,2026-08-02,1367276993
luka-modric,Q483837,Luka Modrić,1985-09-09,Croatia,central midfielder,CM,MID,active,2003–04,2003–04,2003,2004,split_year,18,dinamo-zagreb,Dinamo Zagreb,prva-hnl,Prva HNL,0,0,domestic_league,False,professional_or_unknown,True,,Wikipedia,https://en.wikipedia.org/wiki/Luka_Modrić,2026-07-27,1366164010
luka-modric,Q483837,Luka Modrić,1985-09-09,Croatia,central midfielder,CM,MID,active,2003–04,2003–04,2003,2004,split_year,18,zrinjski-mostar-loan,Zrinjski Mostar (loan),bosnian-premier-league,Bosnian Premier League,25,8,domestic_league,False,professional_or_unknown,True,,Wikipedia,https://en.wikipedia.org/wiki/Luka_Modrić,2026-07-27,1366164010
luka-modric,Q483837,Luka Modrić,1985-09-09,Croatia,central midfielder,CM,MID,active,2004–05,2004–05,2004,2005,split_year,19,dinamo-zagreb,Dinamo Zagreb,prva-hnl,Prva HNL,7,0,domestic_league,False,professional_or_unknown,True,,Wikipedia,https://en.wikipedia.org/wiki/Luka_Modrić,2026-07-27,1366164010
luka-modric,Q483837,Luka Modrić,1985-09-09,Croatia,central midfielder,CM,MID,active,2004–05,2004–05,2004,2005,split_year,19,inter-zapresic-loan,Inter Zaprešić (loan),prva-hnl,Prva HNL,18,4,domestic_league,False,professional_or_unknown,True,,Wikipedia,https://en.wikipedia.org/wiki/Luka_Modrić,2026-07-27,1366164010
luka-modric,Q483837,Luka Modrić,1985-09-09,Croatia,central midfielder,CM,MID,active,2005–06,2005–06,2005,2006,split_year,20,dinamo-zagreb,Dinamo Zagreb,prva-hnl,Prva HNL,32,7,domestic_league,False,professional_or_unknown,True,,Wikipedia,https://en.wikipedia.org/wiki/Luka_Modrić,2026-07-27,1366164010
luka-modric,Q483837,Luka Modrić,1985-09-09,Croatia,central midfielder,CM,MID,active,2006–07,2006–07,2006,2007,split_year,21,dinamo-zagreb,Dinamo Zagreb,prva-hnl,Prva HNL,30,6,domestic_league,False,professional_or_unknown,True,,Wikipedia,https://en.wikipedia.org/wiki/Luka_Modrić,2026-07-27,1366164010
luka-modric,Q483837,Luka Modrić,1985-09-09,Croatia,central midfielder,CM,MID,active,2007–08,2007–08,2007,2008,split_year,22,dinamo-zagreb,Dinamo Zagreb,prva-hnl,Prva HNL,25,13,domestic_league,False,professional_or_unknown,True,,Wikipedia,https://en.wikipedia.org/wiki/Luka_Modrić,2026-07-27,1366164010
luka-modric,Q483837,Luka Modrić,1985-09-09,Croatia,central midfielder,CM,MID,active,2008–09,2008–09,2008,2009,split_year,23,tottenham-hotspur,Tottenham Hotspur,premier-league,Premier League,34,3,domestic_league,False,professional_or_unknown,True,,Wikipedia,https://en.wikipedia.org/wiki/Luka_Modrić,2026-07-27,1366164010
luka-modric,Q483837,Luka Modrić,1985-09-09,Croatia,central midfielder,CM,MID,active,2009–10,2009–10,2009,2010,split_year,24,tottenham-hotspur,Tottenham Hotspur,premier-league,Premier League,25,3,domestic_league,False,professional_or_unknown,True,,Wikipedia,https://en.wikipedia.org/wiki/Luka_Modrić,2026-07-27,1366164010
luka-modric,Q483837,Luka Modrić,1985-09-09,Croatia,central midfielder,CM,MID,active,2010–11,2010–11,2010,2011,split_year,25,tottenham-hotspur,Tottenham Hotspur,premier-league,Premier League,32,3,domestic_league,False,professional_or_unknown,True,,Wikipedia,https://en.wikipedia.org/wiki/Luka_Modrić,2026-07-27,1366164010
luka-modric,Q483837,Luka Modrić,1985-09-09,Croatia,central midfielder,CM,MID,active,2011–12,2011–12,2011,2012,split_year,26,tottenham-hotspur,Tottenham Hotspur,premier-league,Premier League,36,4,domestic_league,False,professional_or_unknown,True,,Wikipedia,https://en.wikipedia.org/wiki/Luka_Modrić,2026-07-27,1366164010
luka-modric,Q483837,Luka Modrić,1985-09-09,Croatia,central midfielder,CM,MID,active,2012–13,2012–13,2012,2013,split_year,27,real-madrid,Real Madrid,la-liga,La Liga,33,3,domestic_league,False,professional_or_unknown,True,,Wikipedia,https://en.wikipedia.org/wiki/Luka_Modrić,2026-07-27,1366164010
luka-modric,Q483837,Luka Modrić,1985-09-09,Croatia,central midfielder,CM,MID,active,2013–14,2013–14,2013,2014,split_year,28,real-madrid,Real Madrid,la-liga,La Liga,34,1,domestic_league,False,professional_or_unknown,True,,Wikipedia,https://en.wikipedia.org/wiki/Luka_Modrić,2026-07-27,1366164010
luka-modric,Q483837,Luka Modrić,1985-09-09,Croatia,central midfielder,CM,MID,active,2014–15,2014–15,2014,2015,split_year,29,real-madrid,Real Madrid,la-liga,La Liga,16,1,domestic_league,False,professional_or_unknown,True,,Wikipedia,https://en.wikipedia.org/wiki/Luka_Modrić,2026-07-27,1366164010
luka-modric,Q483837,Luka Modrić,1985-09-09,Croatia,central midfielder,CM,MID,active,2015–16,2015–16,2015,2016,split_year,30,real-madrid,Real Madrid,la-liga,La Liga,32,2,domestic_league,False,professional_or_unknown,True,,Wikipedia,https://en.wikipedia.org/wiki/Luka_Modrić,2026-07-27,1366164010
luka-modric,Q483837,Luka Modrić,1985-09-09,Croatia,central midfielder,CM,MID,active,2016–17,2016–17,2016,2017,split_year,31,real-madrid,Real Madrid,la-liga,La Liga,25,1,domestic_league,False,professional_or_unknown,True,,Wikipedia,https://en.wikipedia.org/wiki/Luka_Modrić,2026-07-27,1366164010
luka-modric,Q483837,Luka Modrić,1985-09-09,Croatia,central midfielder,CM,MID,active,2017–18,2017–18,2017,2018,split_year,32,real-madrid,Real Madrid,la-liga,La Liga,26,1,domestic_league,False,professional_or_unknown,True,,Wikipedia,https://en.wikipedia.org/wiki/Luka_Modrić,2026-07-27,1366164010
luka-modric,Q483837,Luka Modrić,1985-09-09,Croatia,central midfielder,CM,MID,active,2018–19,2018–19,2018,2019,split_year,33,real-madrid,Real Madrid,la-liga,La Liga,34,3,domestic_league,False,professional_or_unknown,True,,Wikipedia,https://en.wikipedia.org/wiki/Luka_Modrić,2026-07-27,1366164010
luka-modric,Q483837,Luka Modrić,1985-09-09,Croatia,central midfielder,CM,MID,active,2019–20,2019–20,2019,2020,split_year,34,real-madrid,Real Madrid,la-liga,La Liga,31,3,domestic_league,False,professional_or_unknown,True,,Wikipedia,https://en.wikipedia.org/wiki/Luka_Modrić,2026-07-27,1366164010
luka-modric,Q483837,Luka Modrić,1985-09-09,Croatia,central midfielder,CM,MID,active,2020–21,2020–21,2020,2021,split_year,35,real-madrid,Real Madrid,la-liga,La Liga,35,5,domestic_league,False,professional_or_unknown,True,,Wikipedia,https://en.wikipedia.org/wiki/Luka_Modrić,2026-07-27,1366164010
luka-modric,Q483837,Luka Modrić,1985-09-09,Croatia,central midfielder,CM,MID,active,2021–22,2021–22,2021,2022,split_year,36,real-madrid,Real Madrid,la-liga,La Liga,28,2,domestic_league,False,professional_or_unknown,True,,Wikipedia,https://en.wikipedia.org/wiki/Luka_Modrić,2026-07-27,1366164010
luka-modric,Q483837,Luka Modrić,1985-09-09,Croatia,central midfielder,CM,MID,active,2022–23,2022–23,2022,2023,split_year,37,real-madrid,Real Madrid,la-liga,La Liga,33,4,domestic_league,False,professional_or_unknown,True,,Wikipedia,https://en.wikipedia.org/wiki/Luka_Modrić,2026-07-27,1366164010
luka-modric,Q483837,Luka Modrić,1985-09-09,Croatia,central midfielder,CM,MID,active,2023–24,2023–24,2023,2024,split_year,38,real-madrid,Real Madrid,la-liga,La Liga,32,2,domestic_league,False,professional_or_unknown,True,,Wikipedia,https://en.wikipedia.org/wiki/Luka_Modrić,2026-07-27,1366164010
luka-modric,Q483837,Luka Modrić,1985-09-09,Croatia,central midfielder,CM,MID,active,2024–25,2024–25,2024,2025,split_year,39,real-madrid,Real Madrid,la-liga,La Liga,35,2,domestic_league,False,professional_or_unknown,True,,Wikipedia,https://en.wikipedia.org/wiki/Luka_Modrić,2026-07-27,1366164010
luka-modric,Q483837,Luka Modrić,1985-09-09,Croatia,central midfielder,CM,MID,active,2025–26,2025–26,2025,2026,split_year,40,ac-milan,AC Milan,serie-a,Serie A,34,2,domestic_league,False,professional_or_unknown,True,,Wikipedia,https://en.wikipedia.org/wiki/Luka_Modrić,2026-07-27,1366164010
luka-modric,Q483837,Luka Modrić,1985-09-09,Croatia,central midfielder,CM,MID,active,2026–27,2026–27,2026,2027,split_year,41,ac-milan,AC Milan,serie-a,Serie A,0,0,domestic_league,True,professional_or_unknown,True,,Wikipedia,https://en.wikipedia.org/wiki/Luka_Modrić,2026-07-27,1366164010
maicon-footballer-born-1981,Q177686,"Maicon (footballer, born 1981)",1981-07-26,Brazil,full-back,FB,DEF,retired,2000,2000,2000,2000,calendar_year,19,cruzeiro,Cruzeiro,serie-a,Série A,0,0,domestic_league,False,professional_or_unknown,True,,Wikipedia,"https://en.wikipedia.org/wiki/Maicon_(footballer,_born_1981)",2026-08-02,1366350102
maicon-footballer-born-1981,Q177686,"Maicon (footballer, born 1981)",1981-07-26,Brazil,full-back,FB,DEF,retired,2001,2001,2001,2001,calendar_year,20,cruzeiro,Cruzeiro,serie-a,Série A,18,0,domestic_league,False,professional_or_unknown,True,,Wikipedia,"https://en.wikipedia.org/wiki/Maicon_(footballer,_born_1981)",2026-08-02,1366350102
maicon-footballer-born-1981,Q177686,"Maicon (footballer, born 1981)",1981-07-26,Brazil,full-back,FB,DEF,retired,2002,2002,2002,2002,calendar_year,21,cruzeiro,Cruzeiro,serie-a,Série A,19,1,domestic_league,False,professional_or_unknown,True,,Wikipedia,"https://en.wikipedia.org/wiki/Maicon_(footballer,_born_1981)",2026-08-02,1366350102
maicon-footballer-born-1981,Q177686,"Maicon (footballer, born 1981)",1981-07-26,Brazil,full-back,FB,DEF,retired,2003,2003,2003,2003,calendar_year,22,cruzeiro,Cruzeiro,serie-a,Série A,12,0,domestic_league,False,professional_or_unknown,True,,Wikipedia,"https://en.wikipedia.org/wiki/Maicon_(footballer,_born_1981)",2026-08-02,1366350102
maicon-footballer-born-1981,Q177686,"Maicon (footballer, born 1981)",1981-07-26,Brazil,full-back,FB,DEF,retired,2004,2004,2004,2004,calendar_year,23,cruzeiro,Cruzeiro,serie-a,Série A,8,0,domestic_league,False,professional_or_unknown,True,,Wikipedia,"https://en.wikipedia.org/wiki/Maicon_(footballer,_born_1981)",2026-08-02,1366350102
maicon-footballer-born-1981,Q177686,"Maicon (footballer, born 1981)",1981-07-26,Brazil,full-back,FB,DEF,retired,2004–05,2004–05,2004,2005,split_year,23,monaco,Monaco,ligue-1,Ligue 1,30,4,domestic_league,False,professional_or_unknown,True,,Wikipedia,"https://en.wikipedia.org/wiki/Maicon_(footballer,_born_1981)",2026-08-02,1366350102
maicon-footballer-born-1981,Q177686,"Maicon (footballer, born 1981)",1981-07-26,Brazil,full-back,FB,DEF,retired,2005–06,2005–06,2005,2006,split_year,24,monaco,Monaco,ligue-1,Ligue 1,28,1,domestic_league,False,professional_or_unknown,True,,Wikipedia,"https://en.wikipedia.org/wiki/Maicon_(footballer,_born_1981)",2026-08-02,1366350102
maicon-footballer-born-1981,Q177686,"Maicon (footballer, born 1981)",1981-07-26,Brazil,full-back,FB,DEF,retired,2006–07,2006–07,2006,2007,split_year,25,inter-milan,Inter Milan,serie-a,Serie A,32,2,domestic_league,False,professional_or_unknown,True,,Wikipedia,"https://en.wikipedia.org/wiki/Maicon_(footballer,_born_1981)",2026-08-02,1366350102
maicon-footballer-born-1981,Q177686,"Maicon (footballer, born 1981)",1981-07-26,Brazil,full-back,FB,DEF,retired,2007–08,2007–08,2007,2008,split_year,26,inter-milan,Inter Milan,serie-a,Serie A,31,1,domestic_league,False,professional_or_unknown,True,,Wikipedia,"https://en.wikipedia.org/wiki/Maicon_(footballer,_born_1981)",2026-08-02,1366350102
maicon-footballer-born-1981,Q177686,"Maicon (footballer, born 1981)",1981-07-26,Brazil,full-back,FB,DEF,retired,2008–09,2008–09,2008,2009,split_year,27,inter-milan,Inter Milan,serie-a,Serie A,29,4,domestic_league,False,professional_or_unknown,True,,Wikipedia,"https://en.wikipedia.org/wiki/Maicon_(footballer,_born_1981)",2026-08-02,1366350102
maicon-footballer-born-1981,Q177686,"Maicon (footballer, born 1981)",1981-07-26,Brazil,full-back,FB,DEF,retired,2009–10,2009–10,2009,2010,split_year,28,inter-milan,Inter Milan,serie-a,Serie A,33,6,domestic_league,False,professional_or_unknown,True,,Wikipedia,"https://en.wikipedia.org/wiki/Maicon_(footballer,_born_1981)",2026-08-02,1366350102
maicon-footballer-born-1981,Q177686,"Maicon (footballer, born 1981)",1981-07-26,Brazil,full-back,FB,DEF,retired,2010–11,2010–11,2010,2011,split_year,29,inter-milan,Inter Milan,serie-a,Serie A,28,1,domestic_league,False,professional_or_unknown,True,,Wikipedia,"https://en.wikipedia.org/wiki/Maicon_(footballer,_born_1981)",2026-08-02,1366350102
maicon-footballer-born-1981,Q177686,"Maicon (footballer, born 1981)",1981-07-26,Brazil,full-back,FB,DEF,retired,2011–12,2011–12,2011,2012,split_year,30,inter-milan,Inter Milan,serie-a,Serie A,24,2,domestic_league,False,professional_or_unknown,True,,Wikipedia,"https://en.wikipedia.org/wiki/Maicon_(footballer,_born_1981)",2026-08-02,1366350102
maicon-footballer-born-1981,Q177686,"Maicon (footballer, born 1981)",1981-07-26,Brazil,full-back,FB,DEF,retired,2012–13,2012–13,2012,2013,split_year,31,inter-milan,Inter Milan,serie-a,Serie A,0,0,domestic_league,False,professional_or_unknown,True,,Wikipedia,"https://en.wikipedia.org/wiki/Maicon_(footballer,_born_1981)",2026-08-02,1366350102
maicon-footballer-born-1981,Q177686,"Maicon (footballer, born 1981)",1981-07-26,Brazil,full-back,FB,DEF,retired,2012–13,2012–13,2012,2013,split_year,31,manchester-city,Manchester City,premier-league,Premier League,9,0,domestic_league,False,professional_or_unknown,True,,Wikipedia,"https://en.wikipedia.org/wiki/Maicon_(footballer,_born_1981)",2026-08-02,1366350102
maicon-footballer-born-1981,Q177686,"Maicon (footballer, born 1981)",1981-07-26,Brazil,full-back,FB,DEF,retired,2013–14,2013–14,2013,2014,split_year,32,roma,Roma,serie-a,Serie A,28,2,domestic_league,False,professional_or_unknown,True,,Wikipedia,"https://en.wikipedia.org/wiki/Maicon_(footballer,_born_1981)",2026-08-02,1366350102
maicon-footballer-born-1981,Q177686,"Maicon (footballer, born 1981)",1981-07-26,Brazil,full-back,FB,DEF,retired,2014–15,2014–15,2014,2015,split_year,33,roma,Roma,serie-a,Serie A,14,1,domestic_league,False,professional_or_unknown,True,,Wikipedia,"https://en.wikipedia.org/wiki/Maicon_(footballer,_born_1981)",2026-08-02,1366350102
maicon-footballer-born-1981,Q177686,"Maicon (footballer, born 1981)",1981-07-26,Brazil,full-back,FB,DEF,retired,2015–16,2015–16,2015,2016,split_year,34,roma,Roma,serie-a,Serie A,15,1,domestic_league,False,professional_or_unknown,True,,Wikipedia,"https://en.wikipedia.org/wiki/Maicon_(footballer,_born_1981)",2026-08-02,1366350102
maicon-footballer-born-1981,Q177686,"Maicon (footballer, born 1981)",1981-07-26,Brazil,full-back,FB,DEF,retired,2017,2017,2017,2017,calendar_year,36,avai,Avaí,serie-a,Série A,9,1,domestic_league,False,professional_or_unknown,True,,Wikipedia,"https://en.wikipedia.org/wiki/Maicon_(footballer,_born_1981)",2026-08-02,1366350102
maicon-footballer-born-1981,Q177686,"Maicon (footballer, born 1981)",1981-07-26,Brazil,full-back,FB,DEF,retired,2019,2019,2019,2019,calendar_year,38,criciuma,Criciúma,serie-b,Série B,13,0,domestic_league,False,professional_or_unknown,True,,Wikipedia,"https://en.wikipedia.org/wiki/Maicon_(footballer,_born_1981)",2026-08-02,1366350102
maicon-footballer-born-1981,Q177686,"Maicon (footballer, born 1981)",1981-07-26,Brazil,full-back,FB,DEF,retired,2020,2020,2020,2020,calendar_year,39,villa-nova,Villa Nova,serie-d,Série D,8,0,domestic_league,False,professional_or_unknown,True,,Wikipedia,"https://en.wikipedia.org/wiki/Maicon_(footballer,_born_1981)",2026-08-02,1366350102
maicon-footballer-born-1981,Q177686,"Maicon (footballer, born 1981)",1981-07-26,Brazil,full-back,FB,DEF,retired,2021–22,2021–22,2021,2022,split_year,40,tre-penne,Tre Penne,campionato-sammarinese-di-calcio,Campionato Sammarinese di Calcio,1,0,domestic_league,False,professional_or_unknown,True,,Wikipedia,"https://en.wikipedia.org/wiki/Maicon_(footballer,_born_1981)",2026-08-02,1366350102
marcelo-footballer-born-1988,Q38136,"Marcelo (footballer, born 1988)",1988-05-12,Brazil,full-back,FB,DEF,inactive,2005,2005,2005,2005,calendar_year,17,fluminense,Fluminense,serie-a,Série A,1,0,domestic_league,False,professional_or_unknown,True,,Wikipedia,"https://en.wikipedia.org/wiki/Marcelo_(footballer,_born_1988)",2026-08-02,1367108291
marcelo-footballer-born-1988,Q38136,"Marcelo (footballer, born 1988)",1988-05-12,Brazil,full-back,FB,DEF,inactive,2006,2006,2006,2006,calendar_year,18,fluminense,Fluminense,serie-a,Série A,28,4,domestic_league,False,professional_or_unknown,True,,Wikipedia,"https://en.wikipedia.org/wiki/Marcelo_(footballer,_born_1988)",2026-08-02,1367108291
marcelo-footballer-born-1988,Q38136,"Marcelo (footballer, born 1988)",1988-05-12,Brazil,full-back,FB,DEF,inactive,2006–07,2006–07,2006,2007,split_year,18,real-madrid,Real Madrid,la-liga,La Liga,6,0,domestic_league,False,professional_or_unknown,True,,Wikipedia,"https://en.wikipedia.org/wiki/Marcelo_(footballer,_born_1988)",2026-08-02,1367108291
marcelo-footballer-born-1988,Q38136,"Marcelo (footballer, born 1988)",1988-05-12,Brazil,full-back,FB,DEF,inactive,2007–08,2007–08,2007,2008,split_year,19,real-madrid,Real Madrid,la-liga,La Liga,24,0,domestic_league,False,professional_or_unknown,True,,Wikipedia,"https://en.wikipedia.org/wiki/Marcelo_(footballer,_born_1988)",2026-08-02,1367108291
marcelo-footballer-born-1988,Q38136,"Marcelo (footballer, born 1988)",1988-05-12,Brazil,full-back,FB,DEF,inactive,2008–09,2008–09,2008,2009,split_year,20,real-madrid,Real Madrid,la-liga,La Liga,27,4,domestic_league,False,professional_or_unknown,True,,Wikipedia,"https://en.wikipedia.org/wiki/Marcelo_(footballer,_born_1988)",2026-08-02,1367108291
marcelo-footballer-born-1988,Q38136,"Marcelo (footballer, born 1988)",1988-05-12,Brazil,full-back,FB,DEF,inactive,2009–10,2009–10,2009,2010,split_year,21,real-madrid,Real Madrid,la-liga,La Liga,35,4,domestic_league,False,professional_or_unknown,True,,Wikipedia,"https://en.wikipedia.org/wiki/Marcelo_(footballer,_born_1988)",2026-08-02,1367108291
marcelo-footballer-born-1988,Q38136,"Marcelo (footballer, born 1988)",1988-05-12,Brazil,full-back,FB,DEF,inactive,2010–11,2010–11,2010,2011,split_year,22,real-madrid,Real Madrid,la-liga,La Liga,32,3,domestic_league,False,professional_or_unknown,True,,Wikipedia,"https://en.wikipedia.org/wiki/Marcelo_(footballer,_born_1988)",2026-08-02,1367108291
marcelo-footballer-born-1988,Q38136,"Marcelo (footballer, born 1988)",1988-05-12,Brazil,full-back,FB,DEF,inactive,2011–12,2011–12,2011,2012,split_year,23,real-madrid,Real Madrid,la-liga,La Liga,32,3,domestic_league,False,professional_or_unknown,True,,Wikipedia,"https://en.wikipedia.org/wiki/Marcelo_(footballer,_born_1988)",2026-08-02,1367108291
marcelo-footballer-born-1988,Q38136,"Marcelo (footballer, born 1988)",1988-05-12,Brazil,full-back,FB,DEF,inactive,2012–13,2012–13,2012,2013,split_year,24,real-madrid,Real Madrid,la-liga,La Liga,14,0,domestic_league,False,professional_or_unknown,True,,Wikipedia,"https://en.wikipedia.org/wiki/Marcelo_(footballer,_born_1988)",2026-08-02,1367108291
marcelo-footballer-born-1988,Q38136,"Marcelo (footballer, born 1988)",1988-05-12,Brazil,full-back,FB,DEF,inactive,2013–14,2013–14,2013,2014,split_year,25,real-madrid,Real Madrid,la-liga,La Liga,28,1,domestic_league,False,professional_or_unknown,True,,Wikipedia,"https://en.wikipedia.org/wiki/Marcelo_(footballer,_born_1988)",2026-08-02,1367108291
marcelo-footballer-born-1988,Q38136,"Marcelo (footballer, born 1988)",1988-05-12,Brazil,full-back,FB,DEF,inactive,2014–15,2014–15,2014,2015,split_year,26,real-madrid,Real Madrid,la-liga,La Liga,34,2,domestic_league,False,professional_or_unknown,True,,Wikipedia,"https://en.wikipedia.org/wiki/Marcelo_(footballer,_born_1988)",2026-08-02,1367108291
marcelo-footballer-born-1988,Q38136,"Marcelo (footballer, born 1988)",1988-05-12,Brazil,full-back,FB,DEF,inactive,2015–16,2015–16,2015,2016,split_year,27,real-madrid,Real Madrid,la-liga,La Liga,30,2,domestic_league,False,professional_or_unknown,True,,Wikipedia,"https://en.wikipedia.org/wiki/Marcelo_(footballer,_born_1988)",2026-08-02,1367108291
marcelo-footballer-born-1988,Q38136,"Marcelo (footballer, born 1988)",1988-05-12,Brazil,full-back,FB,DEF,inactive,2016–17,2016–17,2016,2017,split_year,28,real-madrid,Real Madrid,la-liga,La Liga,30,2,domestic_league,False,professional_or_unknown,True,,Wikipedia,"https://en.wikipedia.org/wiki/Marcelo_(footballer,_born_1988)",2026-08-02,1367108291
marcelo-footballer-born-1988,Q38136,"Marcelo (footballer, born 1988)",1988-05-12,Brazil,full-back,FB,DEF,inactive,2017–18,2017–18,2017,2018,split_year,29,real-madrid,Real Madrid,la-liga,La Liga,28,2,domestic_league,False,professional_or_unknown,True,,Wikipedia,"https://en.wikipedia.org/wiki/Marcelo_(footballer,_born_1988)",2026-08-02,1367108291
marcelo-footballer-born-1988,Q38136,"Marcelo (footballer, born 1988)",1988-05-12,Brazil,full-back,FB,DEF,inactive,2018–19,2018–19,2018,2019,split_year,30,real-madrid,Real Madrid,la-liga,La Liga,23,2,domestic_league,False,professional_or_unknown,True,,Wikipedia,"https://en.wikipedia.org/wiki/Marcelo_(footballer,_born_1988)",2026-08-02,1367108291
marcelo-footballer-born-1988,Q38136,"Marcelo (footballer, born 1988)",1988-05-12,Brazil,full-back,FB,DEF,inactive,2019–20,2019–20,2019,2020,split_year,31,real-madrid,Real Madrid,la-liga,La Liga,15,1,domestic_league,False,professional_or_unknown,True,,Wikipedia,"https://en.wikipedia.org/wiki/Marcelo_(footballer,_born_1988)",2026-08-02,1367108291
marcelo-footballer-born-1988,Q38136,"Marcelo (footballer, born 1988)",1988-05-12,Brazil,full-back,FB,DEF,inactive,2020–21,2020–21,2020,2021,split_year,32,real-madrid,Real Madrid,la-liga,La Liga,16,0,domestic_league,False,professional_or_unknown,True,,Wikipedia,"https://en.wikipedia.org/wiki/Marcelo_(footballer,_born_1988)",2026-08-02,1367108291
marcelo-footballer-born-1988,Q38136,"Marcelo (footballer, born 1988)",1988-05-12,Brazil,full-back,FB,DEF,inactive,2021–22,2021–22,2021,2022,split_year,33,real-madrid,Real Madrid,la-liga,La Liga,12,0,domestic_league,False,professional_or_unknown,True,,Wikipedia,"https://en.wikipedia.org/wiki/Marcelo_(footballer,_born_1988)",2026-08-02,1367108291
marcelo-footballer-born-1988,Q38136,"Marcelo (footballer, born 1988)",1988-05-12,Brazil,full-back,FB,DEF,inactive,2022–23,2022–23,2022,2023,split_year,34,olympiacos,Olympiacos,super-league-greece,Super League Greece,5,0,domestic_league,False,professional_or_unknown,True,,Wikipedia,"https://en.wikipedia.org/wiki/Marcelo_(footballer,_born_1988)",2026-08-02,1367108291
marcelo-footballer-born-1988,Q38136,"Marcelo (footballer, born 1988)",1988-05-12,Brazil,full-back,FB,DEF,inactive,2023,2023,2023,2023,calendar_year,35,fluminense,Fluminense,serie-a,Série A,19,1,domestic_league,False,professional_or_unknown,True,,Wikipedia,"https://en.wikipedia.org/wiki/Marcelo_(footballer,_born_1988)",2026-08-02,1367108291
marcelo-footballer-born-1988,Q38136,"Marcelo (footballer, born 1988)",1988-05-12,Brazil,full-back,FB,DEF,inactive,2024,2024,2024,2024,calendar_year,36,fluminense,Fluminense,serie-a,Série A,17,1,domestic_league,False,professional_or_unknown,True,,Wikipedia,"https://en.wikipedia.org/wiki/Marcelo_(footballer,_born_1988)",2026-08-02,1367108291
marco-reus,Q152377,Marco Reus,1989-05-31,Germany,wing half,AM,MID,active,2008–09,2008–09,2008,2009,split_year,19,rot-weiss-ahlen,Rot Weiss Ahlen,2-bundesliga,2. Bundesliga,27,4,domestic_league,False,professional_or_unknown,True,,Wikipedia,https://en.wikipedia.org/wiki/Marco_Reus,2026-08-02,1367314784
marco-reus,Q152377,Marco Reus,1989-05-31,Germany,wing half,AM,MID,active,2009–10,2009–10,2009,2010,split_year,20,borussia-monchengladbach,Borussia Mönchengladbach,bundesliga,Bundesliga,33,8,domestic_league,False,professional_or_unknown,True,,Wikipedia,https://en.wikipedia.org/wiki/Marco_Reus,2026-08-02,1367314784
marco-reus,Q152377,Marco Reus,1989-05-31,Germany,wing half,AM,MID,active,2010–11,2010–11,2010,2011,split_year,21,borussia-monchengladbach,Borussia Mönchengladbach,bundesliga,Bundesliga,32,10,domestic_league,False,professional_or_unknown,True,,Wikipedia,https://en.wikipedia.org/wiki/Marco_Reus,2026-08-02,1367314784
marco-reus,Q152377,Marco Reus,1989-05-31,Germany,wing half,AM,MID,active,2011–12,2011–12,2011,2012,split_year,22,borussia-monchengladbach,Borussia Mönchengladbach,bundesliga,Bundesliga,32,18,domestic_league,False,professional_or_unknown,True,,Wikipedia,https://en.wikipedia.org/wiki/Marco_Reus,2026-08-02,1367314784
marco-reus,Q152377,Marco Reus,1989-05-31,Germany,wing half,AM,MID,active,2012–13,2012–13,2012,2013,split_year,23,borussia-dortmund,Borussia Dortmund,bundesliga,Bundesliga,32,14,domestic_league,False,professional_or_unknown,True,,Wikipedia,https://en.wikipedia.org/wiki/Marco_Reus,2026-08-02,1367314784
marco-reus,Q152377,Marco Reus,1989-05-31,Germany,wing half,AM,MID,active,2013–14,2013–14,2013,2014,split_year,24,borussia-dortmund,Borussia Dortmund,bundesliga,Bundesliga,30,16,domestic_league,False,professional_or_unknown,True,,Wikipedia,https://en.wikipedia.org/wiki/Marco_Reus,2026-08-02,1367314784
marco-reus,Q152377,Marco Reus,1989-05-31,Germany,wing half,AM,MID,active,2014–15,2014–15,2014,2015,split_year,25,borussia-dortmund,Borussia Dortmund,bundesliga,Bundesliga,20,7,domestic_league,False,professional_or_unknown,True,,Wikipedia,https://en.wikipedia.org/wiki/Marco_Reus,2026-08-02,1367314784
marco-reus,Q152377,Marco Reus,1989-05-31,Germany,wing half,AM,MID,active,2015–16,2015–16,2015,2016,split_year,26,borussia-dortmund,Borussia Dortmund,bundesliga,Bundesliga,26,12,domestic_league,False,professional_or_unknown,True,,Wikipedia,https://en.wikipedia.org/wiki/Marco_Reus,2026-08-02,1367314784
marco-reus,Q152377,Marco Reus,1989-05-31,Germany,wing half,AM,MID,active,2016–17,2016–17,2016,2017,split_year,27,borussia-dortmund,Borussia Dortmund,bundesliga,Bundesliga,17,7,domestic_league,False,professional_or_unknown,True,,Wikipedia,https://en.wikipedia.org/wiki/Marco_Reus,2026-08-02,1367314784
marco-reus,Q152377,Marco Reus,1989-05-31,Germany,wing half,AM,MID,active,2017–18,2017–18,2017,2018,split_year,28,borussia-dortmund,Borussia Dortmund,bundesliga,Bundesliga,11,7,domestic_league,False,professional_or_unknown,True,,Wikipedia,https://en.wikipedia.org/wiki/Marco_Reus,2026-08-02,1367314784
marco-reus,Q152377,Marco Reus,1989-05-31,Germany,wing half,AM,MID,active,2018–19,2018–19,2018,2019,split_year,29,borussia-dortmund,Borussia Dortmund,bundesliga,Bundesliga,27,17,domestic_league,False,professional_or_unknown,True,,Wikipedia,https://en.wikipedia.org/wiki/Marco_Reus,2026-08-02,1367314784
marco-reus,Q152377,Marco Reus,1989-05-31,Germany,wing half,AM,MID,active,2019–20,2019–20,2019,2020,split_year,30,borussia-dortmund,Borussia Dortmund,bundesliga,Bundesliga,19,11,domestic_league,False,professional_or_unknown,True,,Wikipedia,https://en.wikipedia.org/wiki/Marco_Reus,2026-08-02,1367314784
marco-reus,Q152377,Marco Reus,1989-05-31,Germany,wing half,AM,MID,active,2020–21,2020–21,2020,2021,split_year,31,borussia-dortmund,Borussia Dortmund,bundesliga,Bundesliga,32,8,domestic_league,False,professional_or_unknown,True,,Wikipedia,https://en.wikipedia.org/wiki/Marco_Reus,2026-08-02,1367314784
marco-reus,Q152377,Marco Reus,1989-05-31,Germany,wing half,AM,MID,active,2021–22,2021–22,2021,2022,split_year,32,borussia-dortmund,Borussia Dortmund,bundesliga,Bundesliga,29,9,domestic_league,False,professional_or_unknown,True,,Wikipedia,https://en.wikipedia.org/wiki/Marco_Reus,2026-08-02,1367314784
marco-reus,Q152377,Marco Reus,1989-05-31,Germany,wing half,AM,MID,active,2022–23,2022–23,2022,2023,split_year,33,borussia-dortmund,Borussia Dortmund,bundesliga,Bundesliga,25,6,domestic_league,False,professional_or_unknown,True,,Wikipedia,https://en.wikipedia.org/wiki/Marco_Reus,2026-08-02,1367314784
marco-reus,Q152377,Marco Reus,1989-05-31,Germany,wing half,AM,MID,active,2023–24,2023–24,2023,2024,split_year,34,borussia-dortmund,Borussia Dortmund,bundesliga,Bundesliga,26,6,domestic_league,False,professional_or_unknown,True,,Wikipedia,https://en.wikipedia.org/wiki/Marco_Reus,2026-08-02,1367314784
marco-reus,Q152377,Marco Reus,1989-05-31,Germany,wing half,AM,MID,active,2024,2024,2024,2024,calendar_year,35,la-galaxy,LA Galaxy,mls,MLS,6,1,domestic_league,False,professional_or_unknown,True,,Wikipedia,https://en.wikipedia.org/wiki/Marco_Reus,2026-08-02,1367314784
marco-reus,Q152377,Marco Reus,1989-05-31,Germany,wing half,AM,MID,active,2025,2025,2025,2025,calendar_year,36,la-galaxy,LA Galaxy,mls,MLS,21,5,domestic_league,False,professional_or_unknown,True,,Wikipedia,https://en.wikipedia.org/wiki/Marco_Reus,2026-08-02,1367314784
marco-reus,Q152377,Marco Reus,1989-05-31,Germany,wing half,AM,MID,active,2026,2026,2026,2026,calendar_year,37,la-galaxy,LA Galaxy,mls,MLS,19,4,domestic_league,True,professional_or_unknown,True,,Wikipedia,https://en.wikipedia.org/wiki/Marco_Reus,2026-08-02,1367314784
marco-verratti,Q337623,Marco Verratti,1992-11-05,Spain,midfielder,CM,MID,active,2008–09,2008–09,2008,2009,split_year,16,pescara,Pescara,lega-pro-prima-divisione,Lega Pro Prima Divisione,7,0,domestic_league,False,professional_or_unknown,True,,Wikipedia,https://en.wikipedia.org/wiki/Marco_Verratti,2026-08-02,1367156086
marco-verratti,Q337623,Marco Verratti,1992-11-05,Spain,midfielder,CM,MID,active,2009–10,2009–10,2009,2010,split_year,17,pescara,Pescara,lega-pro-prima-divisione,Lega Pro Prima Divisione,8,1,domestic_league,False,professional_or_unknown,True,,Wikipedia,https://en.wikipedia.org/wiki/Marco_Verratti,2026-08-02,1367156086
marco-verratti,Q337623,Marco Verratti,1992-11-05,Spain,midfielder,CM,MID,active,2010–11,2010–11,2010,2011,split_year,18,pescara,Pescara,serie-b,Serie B,28,1,domestic_league,False,professional_or_unknown,True,,Wikipedia,https://en.wikipedia.org/wiki/Marco_Verratti,2026-08-02,1367156086
marco-verratti,Q337623,Marco Verratti,1992-11-05,Spain,midfielder,CM,MID,active,2011–12,2011–12,2011,2012,split_year,19,pescara,Pescara,serie-b,Serie B,31,0,domestic_league,False,professional_or_unknown,True,,Wikipedia,https://en.wikipedia.org/wiki/Marco_Verratti,2026-08-02,1367156086
marco-verratti,Q337623,Marco Verratti,1992-11-05,Spain,midfielder,CM,MID,active,2012–13,2012–13,2012,2013,split_year,20,paris-saint-germain,Paris Saint-Germain,ligue-1,Ligue 1,27,0,domestic_league,False,professional_or_unknown,True,,Wikipedia,https://en.wikipedia.org/wiki/Marco_Verratti,2026-08-02,1367156086
marco-verratti,Q337623,Marco Verratti,1992-11-05,Spain,midfielder,CM,MID,active,2013–14,2013–14,2013,2014,split_year,21,paris-saint-germain,Paris Saint-Germain,ligue-1,Ligue 1,29,0,domestic_league,False,professional_or_unknown,True,,Wikipedia,https://en.wikipedia.org/wiki/Marco_Verratti,2026-08-02,1367156086
marco-verratti,Q337623,Marco Verratti,1992-11-05,Spain,midfielder,CM,MID,active,2014–15,2014–15,2014,2015,split_year,22,paris-saint-germain,Paris Saint-Germain,ligue-1,Ligue 1,32,2,domestic_league,False,professional_or_unknown,True,,Wikipedia,https://en.wikipedia.org/wiki/Marco_Verratti,2026-08-02,1367156086
marco-verratti,Q337623,Marco Verratti,1992-11-05,Spain,midfielder,CM,MID,active,2015–16,2015–16,2015,2016,split_year,23,paris-saint-germain,Paris Saint-Germain,ligue-1,Ligue 1,18,0,domestic_league,False,professional_or_unknown,True,,Wikipedia,https://en.wikipedia.org/wiki/Marco_Verratti,2026-08-02,1367156086
marco-verratti,Q337623,Marco Verratti,1992-11-05,Spain,midfielder,CM,MID,active,2016–17,2016–17,2016,2017,split_year,24,paris-saint-germain,Paris Saint-Germain,ligue-1,Ligue 1,28,3,domestic_league,False,professional_or_unknown,True,,Wikipedia,https://en.wikipedia.org/wiki/Marco_Verratti,2026-08-02,1367156086
marco-verratti,Q337623,Marco Verratti,1992-11-05,Spain,midfielder,CM,MID,active,2017–18,2017–18,2017,2018,split_year,25,paris-saint-germain,Paris Saint-Germain,ligue-1,Ligue 1,22,0,domestic_league,False,professional_or_unknown,True,,Wikipedia,https://en.wikipedia.org/wiki/Marco_Verratti,2026-08-02,1367156086
marco-verratti,Q337623,Marco Verratti,1992-11-05,Spain,midfielder,CM,MID,active,2018–19,2018–19,2018,2019,split_year,26,paris-saint-germain,Paris Saint-Germain,ligue-1,Ligue 1,26,0,domestic_league,False,professional_or_unknown,True,,Wikipedia,https://en.wikipedia.org/wiki/Marco_Verratti,2026-08-02,1367156086
marco-verratti,Q337623,Marco Verratti,1992-11-05,Spain,midfielder,CM,MID,active,2019–20,2019–20,2019,2020,split_year,27,paris-saint-germain,Paris Saint-Germain,ligue-1,Ligue 1,20,0,domestic_league,False,professional_or_unknown,True,,Wikipedia,https://en.wikipedia.org/wiki/Marco_Verratti,2026-08-02,1367156086
marco-verratti,Q337623,Marco Verratti,1992-11-05,Spain,midfielder,CM,MID,active,2020–21,2020–21,2020,2021,split_year,28,paris-saint-germain,Paris Saint-Germain,ligue-1,Ligue 1,21,0,domestic_league,False,professional_or_unknown,True,,Wikipedia,https://en.wikipedia.org/wiki/Marco_Verratti,2026-08-02,1367156086
marco-verratti,Q337623,Marco Verratti,1992-11-05,Spain,midfielder,CM,MID,active,2021–22,2021–22,2021,2022,split_year,29,paris-saint-germain,Paris Saint-Germain,ligue-1,Ligue 1,24,2,domestic_league,False,professional_or_unknown,True,,Wikipedia,https://en.wikipedia.org/wiki/Marco_Verratti,2026-08-02,1367156086
marco-verratti,Q337623,Marco Verratti,1992-11-05,Spain,midfielder,CM,MID,active,2022–23,2022–23,2022,2023,split_year,30,paris-saint-germain,Paris Saint-Germain,ligue-1,Ligue 1,29,0,domestic_league,False,professional_or_unknown,True,,Wikipedia,https://en.wikipedia.org/wiki/Marco_Verratti,2026-08-02,1367156086
marco-verratti,Q337623,Marco Verratti,1992-11-05,Spain,midfielder,CM,MID,active,2023–24,2023–24,2023,2024,split_year,31,al-arabi,Al-Arabi,qatar-stars-league,Qatar Stars League,17,0,domestic_league,False,professional_or_unknown,True,,Wikipedia,https://en.wikipedia.org/wiki/Marco_Verratti,2026-08-02,1367156086
marco-verratti,Q337623,Marco Verratti,1992-11-05,Spain,midfielder,CM,MID,active,2024–25,2024–25,2024,2025,split_year,32,al-arabi,Al-Arabi,qatar-stars-league,Qatar Stars League,16,4,domestic_league,False,professional_or_unknown,True,,Wikipedia,https://en.wikipedia.org/wiki/Marco_Verratti,2026-08-02,1367156086
marco-verratti,Q337623,Marco Verratti,1992-11-05,Spain,midfielder,CM,MID,active,2025–26,2025–26,2025,2026,split_year,33,al-duhail,Al Duhail,qatar-stars-league,Qatar Stars League,10,1,domestic_league,False,professional_or_unknown,True,,Wikipedia,https://en.wikipedia.org/wiki/Marco_Verratti,2026-08-02,1367156086
mario-gomez,Q45766,Mario Gómez,1985-07-10,Germany,forward,FW,FWD,retired,2003–04,2003–04,2003,2004,split_year,18,vfb-stuttgart,VfB Stuttgart,bundesliga,Bundesliga,1,0,domestic_league,False,professional_or_unknown,True,,Wikipedia,https://en.wikipedia.org/wiki/Mario_Gómez,2026-08-02,1365830747
mario-gomez,Q45766,Mario Gómez,1985-07-10,Germany,forward,FW,FWD,retired,2004–05,2004–05,2004,2005,split_year,19,vfb-stuttgart,VfB Stuttgart,bundesliga,Bundesliga,8,0,domestic_league,False,professional_or_unknown,True,,Wikipedia,https://en.wikipedia.org/wiki/Mario_Gómez,2026-08-02,1365830747
mario-gomez,Q45766,Mario Gómez,1985-07-10,Germany,forward,FW,FWD,retired,2005–06,2005–06,2005,2006,split_year,20,vfb-stuttgart,VfB Stuttgart,bundesliga,Bundesliga,30,6,domestic_league,False,professional_or_unknown,True,,Wikipedia,https://en.wikipedia.org/wiki/Mario_Gómez,2026-08-02,1365830747
mario-gomez,Q45766,Mario Gómez,1985-07-10,Germany,forward,FW,FWD,retired,2006–07,2006–07,2006,2007,split_year,21,vfb-stuttgart,VfB Stuttgart,bundesliga,Bundesliga,25,14,domestic_league,False,professional_or_unknown,True,,Wikipedia,https://en.wikipedia.org/wiki/Mario_Gómez,2026-08-02,1365830747
mario-gomez,Q45766,Mario Gómez,1985-07-10,Germany,forward,FW,FWD,retired,2007–08,2007–08,2007,2008,split_year,22,vfb-stuttgart,VfB Stuttgart,bundesliga,Bundesliga,25,19,domestic_league,False,professional_or_unknown,True,,Wikipedia,https://en.wikipedia.org/wiki/Mario_Gómez,2026-08-02,1365830747
mario-gomez,Q45766,Mario Gómez,1985-07-10,Germany,forward,FW,FWD,retired,2008–09,2008–09,2008,2009,split_year,23,vfb-stuttgart,VfB Stuttgart,bundesliga,Bundesliga,32,24,domestic_league,False,professional_or_unknown,True,,Wikipedia,https://en.wikipedia.org/wiki/Mario_Gómez,2026-08-02,1365830747
mario-gomez,Q45766,Mario Gómez,1985-07-10,Germany,forward,FW,FWD,retired,2009–10,2009–10,2009,2010,split_year,24,bayern-munich,Bayern Munich,bundesliga,Bundesliga,29,10,domestic_league,False,professional_or_unknown,True,,Wikipedia,https://en.wikipedia.org/wiki/Mario_Gómez,2026-08-02,1365830747
mario-gomez,Q45766,Mario Gómez,1985-07-10,Germany,forward,FW,FWD,retired,2010–11,2010–11,2010,2011,split_year,25,bayern-munich,Bayern Munich,bundesliga,Bundesliga,32,28,domestic_league,False,professional_or_unknown,True,,Wikipedia,https://en.wikipedia.org/wiki/Mario_Gómez,2026-08-02,1365830747
mario-gomez,Q45766,Mario Gómez,1985-07-10,Germany,forward,FW,FWD,retired,2011–12,2011–12,2011,2012,split_year,26,bayern-munich,Bayern Munich,bundesliga,Bundesliga,33,26,domestic_league,False,professional_or_unknown,True,,Wikipedia,https://en.wikipedia.org/wiki/Mario_Gómez,2026-08-02,1365830747
mario-gomez,Q45766,Mario Gómez,1985-07-10,Germany,forward,FW,FWD,retired,2012–13,2012–13,2012,2013,split_year,27,bayern-munich,Bayern Munich,bundesliga,Bundesliga,21,11,domestic_league,False,professional_or_unknown,True,,Wikipedia,https://en.wikipedia.org/wiki/Mario_Gómez,2026-08-02,1365830747
mario-gomez,Q45766,Mario Gómez,1985-07-10,Germany,forward,FW,FWD,retired,2013–14,2013–14,2013,2014,split_year,28,fiorentina,Fiorentina,serie-a,Serie A,9,3,domestic_league,False,professional_or_unknown,True,,Wikipedia,https://en.wikipedia.org/wiki/Mario_Gómez,2026-08-02,1365830747
mario-gomez,Q45766,Mario Gómez,1985-07-10,Germany,forward,FW,FWD,retired,2014–15,2014–15,2014,2015,split_year,29,fiorentina,Fiorentina,serie-a,Serie A,20,4,domestic_league,False,professional_or_unknown,True,,Wikipedia,https://en.wikipedia.org/wiki/Mario_Gómez,2026-08-02,1365830747
mario-gomez,Q45766,Mario Gómez,1985-07-10,Germany,forward,FW,FWD,retired,2015–16,2015–16,2015,2016,split_year,30,besiktas-loan,Beşiktaş (loan),super-lig,Süper Lig,33,26,domestic_league,False,professional_or_unknown,True,,Wikipedia,https://en.wikipedia.org/wiki/Mario_Gómez,2026-08-02,1365830747
mario-gomez,Q45766,Mario Gómez,1985-07-10,Germany,forward,FW,FWD,retired,2016–17,2016–17,2016,2017,split_year,31,vfl-wolfsburg,VfL Wolfsburg,bundesliga,Bundesliga,33,16,domestic_league,False,professional_or_unknown,True,,Wikipedia,https://en.wikipedia.org/wiki/Mario_Gómez,2026-08-02,1365830747
mario-gomez,Q45766,Mario Gómez,1985-07-10,Germany,forward,FW,FWD,retired,2017–18,2017–18,2017,2018,split_year,32,vfb-stuttgart,VfB Stuttgart,bundesliga,Bundesliga,16,8,domestic_league,False,professional_or_unknown,True,,Wikipedia,https://en.wikipedia.org/wiki/Mario_Gómez,2026-08-02,1365830747
mario-gomez,Q45766,Mario Gómez,1985-07-10,Germany,forward,FW,FWD,retired,2017–18,2017–18,2017,2018,split_year,32,vfl-wolfsburg,VfL Wolfsburg,bundesliga,Bundesliga,12,1,domestic_league,False,professional_or_unknown,True,,Wikipedia,https://en.wikipedia.org/wiki/Mario_Gómez,2026-08-02,1365830747
mario-gomez,Q45766,Mario Gómez,1985-07-10,Germany,forward,FW,FWD,retired,2018–19,2018–19,2018,2019,split_year,33,vfb-stuttgart,VfB Stuttgart,bundesliga,Bundesliga,31,7,domestic_league,False,professional_or_unknown,True,,Wikipedia,https://en.wikipedia.org/wiki/Mario_Gómez,2026-08-02,1365830747
mario-gomez,Q45766,Mario Gómez,1985-07-10,Germany,forward,FW,FWD,retired,2019–20,2019–20,2019,2020,split_year,34,vfb-stuttgart,VfB Stuttgart,2-bundesliga,2. Bundesliga,23,7,domestic_league,False,professional_or_unknown,True,,Wikipedia,https://en.wikipedia.org/wiki/Mario_Gómez,2026-08-02,1365830747
marquinhos,Q39230,Marquinhos,1994-05-14,Brazil,centre-back,CB,DEF,active,2012,2012,2012,2012,calendar_year,18,corinthians,Corinthians,serie-a,Série A,6,0,domestic_league,False,professional_or_unknown,True,,Wikipedia,https://en.wikipedia.org/wiki/Marquinhos,2026-08-02,1364764322
marquinhos,Q39230,Marquinhos,1994-05-14,Brazil,centre-back,CB,DEF,active,2012–13,2012–13,2012,2013,split_year,18,roma,Roma,serie-a,Serie A,26,0,domestic_league,False,professional_or_unknown,True,,Wikipedia,https://en.wikipedia.org/wiki/Marquinhos,2026-08-02,1364764322
marquinhos,Q39230,Marquinhos,1994-05-14,Brazil,centre-back,CB,DEF,active,2013–14,2013–14,2013,2014,split_year,19,paris-saint-germain,Paris Saint-Germain,ligue-1,Ligue 1,21,2,domestic_league,False,professional_or_unknown,True,,Wikipedia,https://en.wikipedia.org/wiki/Marquinhos,2026-08-02,1364764322
marquinhos,Q39230,Marquinhos,1994-05-14,Brazil,centre-back,CB,DEF,active,2014–15,2014–15,2014,2015,split_year,20,paris-saint-germain,Paris Saint-Germain,ligue-1,Ligue 1,25,2,domestic_league,False,professional_or_unknown,True,,Wikipedia,https://en.wikipedia.org/wiki/Marquinhos,2026-08-02,1364764322
marquinhos,Q39230,Marquinhos,1994-05-14,Brazil,centre-back,CB,DEF,active,2015–16,2015–16,2015,2016,split_year,21,paris-saint-germain,Paris Saint-Germain,ligue-1,Ligue 1,29,1,domestic_league,False,professional_or_unknown,True,,Wikipedia,https://en.wikipedia.org/wiki/Marquinhos,2026-08-02,1364764322
marquinhos,Q39230,Marquinhos,1994-05-14,Brazil,centre-back,CB,DEF,active,2016–17,2016–17,2016,2017,split_year,22,paris-saint-germain,Paris Saint-Germain,ligue-1,Ligue 1,29,3,domestic_league,False,professional_or_unknown,True,,Wikipedia,https://en.wikipedia.org/wiki/Marquinhos,2026-08-02,1364764322
marquinhos,Q39230,Marquinhos,1994-05-14,Brazil,centre-back,CB,DEF,active,2017–18,2017–18,2017,2018,split_year,23,paris-saint-germain,Paris Saint-Germain,ligue-1,Ligue 1,26,0,domestic_league,False,professional_or_unknown,True,,Wikipedia,https://en.wikipedia.org/wiki/Marquinhos,2026-08-02,1364764322
marquinhos,Q39230,Marquinhos,1994-05-14,Brazil,centre-back,CB,DEF,active,2018–19,2018–19,2018,2019,split_year,24,paris-saint-germain,Paris Saint-Germain,ligue-1,Ligue 1,30,3,domestic_league,False,professional_or_unknown,True,,Wikipedia,https://en.wikipedia.org/wiki/Marquinhos,2026-08-02,1364764322
marquinhos,Q39230,Marquinhos,1994-05-14,Brazil,centre-back,CB,DEF,active,2019–20,2019–20,2019,2020,split_year,25,paris-saint-germain,Paris Saint-Germain,ligue-1,Ligue 1,19,3,domestic_league,False,professional_or_unknown,True,,Wikipedia,https://en.wikipedia.org/wiki/Marquinhos,2026-08-02,1364764322
marquinhos,Q39230,Marquinhos,1994-05-14,Brazil,centre-back,CB,DEF,active,2020–21,2020–21,2020,2021,split_year,26,paris-saint-germain,Paris Saint-Germain,ligue-1,Ligue 1,25,3,domestic_league,False,professional_or_unknown,True,,Wikipedia,https://en.wikipedia.org/wiki/Marquinhos,2026-08-02,1364764322
marquinhos,Q39230,Marquinhos,1994-05-14,Brazil,centre-back,CB,DEF,active,2021–22,2021–22,2021,2022,split_year,27,paris-saint-germain,Paris Saint-Germain,ligue-1,Ligue 1,32,5,domestic_league,False,professional_or_unknown,True,,Wikipedia,https://en.wikipedia.org/wiki/Marquinhos,2026-08-02,1364764322
marquinhos,Q39230,Marquinhos,1994-05-14,Brazil,centre-back,CB,DEF,active,2022–23,2022–23,2022,2023,split_year,28,paris-saint-germain,Paris Saint-Germain,ligue-1,Ligue 1,33,2,domestic_league,False,professional_or_unknown,True,,Wikipedia,https://en.wikipedia.org/wiki/Marquinhos,2026-08-02,1364764322
marquinhos,Q39230,Marquinhos,1994-05-14,Brazil,centre-back,CB,DEF,active,2023–24,2023–24,2023,2024,split_year,29,paris-saint-germain,Paris Saint-Germain,ligue-1,Ligue 1,21,0,domestic_league,False,professional_or_unknown,True,,Wikipedia,https://en.wikipedia.org/wiki/Marquinhos,2026-08-02,1364764322
marquinhos,Q39230,Marquinhos,1994-05-14,Brazil,centre-back,CB,DEF,active,2024–25,2024–25,2024,2025,split_year,30,paris-saint-germain,Paris Saint-Germain,ligue-1,Ligue 1,22,2,domestic_league,False,professional_or_unknown,True,,Wikipedia,https://en.wikipedia.org/wiki/Marquinhos,2026-08-02,1364764322
marquinhos,Q39230,Marquinhos,1994-05-14,Brazil,centre-back,CB,DEF,active,2025–26,2025–26,2025,2026,split_year,31,paris-saint-germain,Paris Saint-Germain,ligue-1,Ligue 1,14,0,domestic_league,False,professional_or_unknown,True,,Wikipedia,https://en.wikipedia.org/wiki/Marquinhos,2026-08-02,1364764322
martin-degaard,Q16902219,Martin Ødegaard,1998-12-17,Norway,midfielder,CM,MID,active,2014,2014,2014,2014,calendar_year,16,str-msgodset,Strømsgodset,tippeligaen,Tippeligaen,23,5,domestic_league,False,professional_or_unknown,True,,Wikipedia,https://en.wikipedia.org/wiki/Martin_Ødegaard,2026-08-02,1366870856
martin-degaard,Q16902219,Martin Ødegaard,1998-12-17,Norway,midfielder,CM,MID,active,2014–15,2014–15,2014,2015,split_year,16,real-madrid,Real Madrid,la-liga,La Liga,1,0,domestic_league,False,professional_or_unknown,True,,Wikipedia,https://en.wikipedia.org/wiki/Martin_Ødegaard,2026-08-02,1366870856
martin-degaard,Q16902219,Martin Ødegaard,1998-12-17,Norway,midfielder,CM,MID,active,2016–17,2016–17,2016,2017,split_year,18,heerenveen-loan,Heerenveen (loan),eredivisie,Eredivisie,14,0,domestic_league,False,professional_or_unknown,True,,Wikipedia,https://en.wikipedia.org/wiki/Martin_Ødegaard,2026-08-02,1366870856
martin-degaard,Q16902219,Martin Ødegaard,1998-12-17,Norway,midfielder,CM,MID,active,2016–17,2016–17,2016,2017,split_year,18,real-madrid,Real Madrid,la-liga,La Liga,0,0,domestic_league,False,professional_or_unknown,True,,Wikipedia,https://en.wikipedia.org/wiki/Martin_Ødegaard,2026-08-02,1366870856
martin-degaard,Q16902219,Martin Ødegaard,1998-12-17,Norway,midfielder,CM,MID,active,2017–18,2017–18,2017,2018,split_year,19,heerenveen-loan,Heerenveen (loan),eredivisie,Eredivisie,24,2,domestic_league,False,professional_or_unknown,True,,Wikipedia,https://en.wikipedia.org/wiki/Martin_Ødegaard,2026-08-02,1366870856
martin-degaard,Q16902219,Martin Ødegaard,1998-12-17,Norway,midfielder,CM,MID,active,2018–19,2018–19,2018,2019,split_year,20,vitesse-loan,Vitesse (loan),eredivisie,Eredivisie,31,8,domestic_league,False,professional_or_unknown,True,,Wikipedia,https://en.wikipedia.org/wiki/Martin_Ødegaard,2026-08-02,1366870856
martin-degaard,Q16902219,Martin Ødegaard,1998-12-17,Norway,midfielder,CM,MID,active,2019–20,2019–20,2019,2020,split_year,21,real-sociedad-loan,Real Sociedad (loan),la-liga,La Liga,31,4,domestic_league,False,professional_or_unknown,True,,Wikipedia,https://en.wikipedia.org/wiki/Martin_Ødegaard,2026-08-02,1366870856
martin-degaard,Q16902219,Martin Ødegaard,1998-12-17,Norway,midfielder,CM,MID,active,2020–21,2020–21,2020,2021,split_year,22,arsenal-loan,Arsenal (loan),premier-league,Premier League,14,1,domestic_league,False,professional_or_unknown,True,,Wikipedia,https://en.wikipedia.org/wiki/Martin_Ødegaard,2026-08-02,1366870856
martin-degaard,Q16902219,Martin Ødegaard,1998-12-17,Norway,midfielder,CM,MID,active,2020–21,2020–21,2020,2021,split_year,22,real-madrid,Real Madrid,la-liga,La Liga,7,0,domestic_league,False,professional_or_unknown,True,,Wikipedia,https://en.wikipedia.org/wiki/Martin_Ødegaard,2026-08-02,1366870856
martin-degaard,Q16902219,Martin Ødegaard,1998-12-17,Norway,midfielder,CM,MID,active,2021–22,2021–22,2021,2022,split_year,23,arsenal,Arsenal,premier-league,Premier League,36,7,domestic_league,False,professional_or_unknown,True,,Wikipedia,https://en.wikipedia.org/wiki/Martin_Ødegaard,2026-08-02,1366870856
martin-degaard,Q16902219,Martin Ødegaard,1998-12-17,Norway,midfielder,CM,MID,active,2022–23,2022–23,2022,2023,split_year,24,arsenal,Arsenal,premier-league,Premier League,37,15,domestic_league,False,professional_or_unknown,True,,Wikipedia,https://en.wikipedia.org/wiki/Martin_Ødegaard,2026-08-02,1366870856
martin-degaard,Q16902219,Martin Ødegaard,1998-12-17,Norway,midfielder,CM,MID,active,2023–24,2023–24,2023,2024,split_year,25,arsenal,Arsenal,premier-league,Premier League,35,8,domestic_league,False,professional_or_unknown,True,,Wikipedia,https://en.wikipedia.org/wiki/Martin_Ødegaard,2026-08-02,1366870856
martin-degaard,Q16902219,Martin Ødegaard,1998-12-17,Norway,midfielder,CM,MID,active,2024–25,2024–25,2024,2025,split_year,26,arsenal,Arsenal,premier-league,Premier League,30,3,domestic_league,False,professional_or_unknown,True,,Wikipedia,https://en.wikipedia.org/wiki/Martin_Ødegaard,2026-08-02,1366870856
martin-degaard,Q16902219,Martin Ødegaard,1998-12-17,Norway,midfielder,CM,MID,active,2025–26,2025–26,2025,2026,split_year,27,arsenal,Arsenal,premier-league,Premier League,24,1,domestic_league,False,professional_or_unknown,True,,Wikipedia,https://en.wikipedia.org/wiki/Martin_Ødegaard,2026-08-02,1366870856
martin-zubimendi,Q63384759,Martín Zubimendi,1999-02-02,Spain,central midfielder,DM,MID,active,2018–19,2018–19,2018,2019,split_year,19,real-sociedad,Real Sociedad,la-liga,La Liga,1,0,domestic_league,False,professional_or_unknown,True,,Wikipedia,https://en.wikipedia.org/wiki/Martín_Zubimendi,2026-08-02,1366484379
martin-zubimendi,Q63384759,Martín Zubimendi,1999-02-02,Spain,central midfielder,DM,MID,active,2019–20,2019–20,2019,2020,split_year,20,real-sociedad,Real Sociedad,la-liga,La Liga,9,0,domestic_league,False,professional_or_unknown,True,,Wikipedia,https://en.wikipedia.org/wiki/Martín_Zubimendi,2026-08-02,1366484379
martin-zubimendi,Q63384759,Martín Zubimendi,1999-02-02,Spain,central midfielder,DM,MID,active,2020–21,2020–21,2020,2021,split_year,21,real-sociedad,Real Sociedad,la-liga,La Liga,31,0,domestic_league,False,professional_or_unknown,True,,Wikipedia,https://en.wikipedia.org/wiki/Martín_Zubimendi,2026-08-02,1366484379
martin-zubimendi,Q63384759,Martín Zubimendi,1999-02-02,Spain,central midfielder,DM,MID,active,2021–22,2021–22,2021,2022,split_year,22,real-sociedad,Real Sociedad,la-liga,La Liga,36,2,domestic_league,False,professional_or_unknown,True,,Wikipedia,https://en.wikipedia.org/wiki/Martín_Zubimendi,2026-08-02,1366484379
martin-zubimendi,Q63384759,Martín Zubimendi,1999-02-02,Spain,central midfielder,DM,MID,active,2022–23,2022–23,2022,2023,split_year,23,real-sociedad,Real Sociedad,la-liga,La Liga,36,1,domestic_league,False,professional_or_unknown,True,,Wikipedia,https://en.wikipedia.org/wiki/Martín_Zubimendi,2026-08-02,1366484379
martin-zubimendi,Q63384759,Martín Zubimendi,1999-02-02,Spain,central midfielder,DM,MID,active,2023–24,2023–24,2023,2024,split_year,24,real-sociedad,Real Sociedad,la-liga,La Liga,31,4,domestic_league,False,professional_or_unknown,True,,Wikipedia,https://en.wikipedia.org/wiki/Martín_Zubimendi,2026-08-02,1366484379
martin-zubimendi,Q63384759,Martín Zubimendi,1999-02-02,Spain,central midfielder,DM,MID,active,2024–25,2024–25,2024,2025,split_year,25,real-sociedad,Real Sociedad,la-liga,La Liga,36,2,domestic_league,False,professional_or_unknown,True,,Wikipedia,https://en.wikipedia.org/wiki/Martín_Zubimendi,2026-08-02,1366484379
martin-zubimendi,Q63384759,Martín Zubimendi,1999-02-02,Spain,central midfielder,DM,MID,active,2025–26,2025–26,2025,2026,split_year,26,arsenal,Arsenal,premier-league,Premier League,38,5,domestic_league,False,professional_or_unknown,True,,Wikipedia,https://en.wikipedia.org/wiki/Martín_Zubimendi,2026-08-02,1366484379
mats-hummels,Q110053,Mats Hummels,1988-12-16,Germany,centre-back,CB,DEF,active,2006–07,2006–07,2006,2007,split_year,18,bayern-munich,Bayern Munich,bundesliga,Bundesliga,1,0,domestic_league,False,professional_or_unknown,True,,Wikipedia,https://en.wikipedia.org/wiki/Mats_Hummels,2026-08-02,1365810317
mats-hummels,Q110053,Mats Hummels,1988-12-16,Germany,centre-back,CB,DEF,active,2007–08,2007–08,2007,2008,split_year,19,borussia-dortmund-loan,Borussia Dortmund (loan),bundesliga,Bundesliga,13,1,domestic_league,False,professional_or_unknown,True,,Wikipedia,https://en.wikipedia.org/wiki/Mats_Hummels,2026-08-02,1365810317
mats-hummels,Q110053,Mats Hummels,1988-12-16,Germany,centre-back,CB,DEF,active,2008–09,2008–09,2008,2009,split_year,20,borussia-dortmund,Borussia Dortmund,bundesliga,Bundesliga,12,0,domestic_league,False,professional_or_unknown,True,,Wikipedia,https://en.wikipedia.org/wiki/Mats_Hummels,2026-08-02,1365810317
mats-hummels,Q110053,Mats Hummels,1988-12-16,Germany,centre-back,CB,DEF,active,2009–10,2009–10,2009,2010,split_year,21,borussia-dortmund,Borussia Dortmund,bundesliga,Bundesliga,30,5,domestic_league,False,professional_or_unknown,True,,Wikipedia,https://en.wikipedia.org/wiki/Mats_Hummels,2026-08-02,1365810317
mats-hummels,Q110053,Mats Hummels,1988-12-16,Germany,centre-back,CB,DEF,active,2010–11,2010–11,2010,2011,split_year,22,borussia-dortmund,Borussia Dortmund,bundesliga,Bundesliga,32,5,domestic_league,False,professional_or_unknown,True,,Wikipedia,https://en.wikipedia.org/wiki/Mats_Hummels,2026-08-02,1365810317
mats-hummels,Q110053,Mats Hummels,1988-12-16,Germany,centre-back,CB,DEF,active,2011–12,2011–12,2011,2012,split_year,23,borussia-dortmund,Borussia Dortmund,bundesliga,Bundesliga,33,1,domestic_league,False,professional_or_unknown,True,,Wikipedia,https://en.wikipedia.org/wiki/Mats_Hummels,2026-08-02,1365810317
mats-hummels,Q110053,Mats Hummels,1988-12-16,Germany,centre-back,CB,DEF,active,2012–13,2012–13,2012,2013,split_year,24,borussia-dortmund,Borussia Dortmund,bundesliga,Bundesliga,28,1,domestic_league,False,professional_or_unknown,True,,Wikipedia,https://en.wikipedia.org/wiki/Mats_Hummels,2026-08-02,1365810317
mats-hummels,Q110053,Mats Hummels,1988-12-16,Germany,centre-back,CB,DEF,active,2013–14,2013–14,2013,2014,split_year,25,borussia-dortmund,Borussia Dortmund,bundesliga,Bundesliga,23,2,domestic_league,False,professional_or_unknown,True,,Wikipedia,https://en.wikipedia.org/wiki/Mats_Hummels,2026-08-02,1365810317
mats-hummels,Q110053,Mats Hummels,1988-12-16,Germany,centre-back,CB,DEF,active,2014–15,2014–15,2014,2015,split_year,26,borussia-dortmund,Borussia Dortmund,bundesliga,Bundesliga,24,2,domestic_league,False,professional_or_unknown,True,,Wikipedia,https://en.wikipedia.org/wiki/Mats_Hummels,2026-08-02,1365810317
mats-hummels,Q110053,Mats Hummels,1988-12-16,Germany,centre-back,CB,DEF,active,2015–16,2015–16,2015,2016,split_year,27,borussia-dortmund,Borussia Dortmund,bundesliga,Bundesliga,30,2,domestic_league,False,professional_or_unknown,True,,Wikipedia,https://en.wikipedia.org/wiki/Mats_Hummels,2026-08-02,1365810317
mats-hummels,Q110053,Mats Hummels,1988-12-16,Germany,centre-back,CB,DEF,active,2016–17,2016–17,2016,2017,split_year,28,bayern-munich,Bayern Munich,bundesliga,Bundesliga,27,1,domestic_league,False,professional_or_unknown,True,,Wikipedia,https://en.wikipedia.org/wiki/Mats_Hummels,2026-08-02,1365810317
mats-hummels,Q110053,Mats Hummels,1988-12-16,Germany,centre-back,CB,DEF,active,2017–18,2017–18,2017,2018,split_year,29,bayern-munich,Bayern Munich,bundesliga,Bundesliga,26,1,domestic_league,False,professional_or_unknown,True,,Wikipedia,https://en.wikipedia.org/wiki/Mats_Hummels,2026-08-02,1365810317
mats-hummels,Q110053,Mats Hummels,1988-12-16,Germany,centre-back,CB,DEF,active,2018–19,2018–19,2018,2019,split_year,30,bayern-munich,Bayern Munich,bundesliga,Bundesliga,21,1,domestic_league,False,professional_or_unknown,True,,Wikipedia,https://en.wikipedia.org/wiki/Mats_Hummels,2026-08-02,1365810317
mats-hummels,Q110053,Mats Hummels,1988-12-16,Germany,centre-back,CB,DEF,active,2019–20,2019–20,2019,2020,split_year,31,borussia-dortmund,Borussia Dortmund,bundesliga,Bundesliga,31,1,domestic_league,False,professional_or_unknown,True,,Wikipedia,https://en.wikipedia.org/wiki/Mats_Hummels,2026-08-02,1365810317
mats-hummels,Q110053,Mats Hummels,1988-12-16,Germany,centre-back,CB,DEF,active,2020–21,2020–21,2020,2021,split_year,32,borussia-dortmund,Borussia Dortmund,bundesliga,Bundesliga,33,5,domestic_league,False,professional_or_unknown,True,,Wikipedia,https://en.wikipedia.org/wiki/Mats_Hummels,2026-08-02,1365810317
mats-hummels,Q110053,Mats Hummels,1988-12-16,Germany,centre-back,CB,DEF,active,2021–22,2021–22,2021,2022,split_year,33,borussia-dortmund,Borussia Dortmund,bundesliga,Bundesliga,23,1,domestic_league,False,professional_or_unknown,True,,Wikipedia,https://en.wikipedia.org/wiki/Mats_Hummels,2026-08-02,1365810317
mats-hummels,Q110053,Mats Hummels,1988-12-16,Germany,centre-back,CB,DEF,active,2022–23,2022–23,2022,2023,split_year,34,borussia-dortmund,Borussia Dortmund,bundesliga,Bundesliga,30,1,domestic_league,False,professional_or_unknown,True,,Wikipedia,https://en.wikipedia.org/wiki/Mats_Hummels,2026-08-02,1365810317
mats-hummels,Q110053,Mats Hummels,1988-12-16,Germany,centre-back,CB,DEF,active,2023–24,2023–24,2023,2024,split_year,35,borussia-dortmund,Borussia Dortmund,bundesliga,Bundesliga,25,3,domestic_league,False,professional_or_unknown,True,,Wikipedia,https://en.wikipedia.org/wiki/Mats_Hummels,2026-08-02,1365810317
mats-hummels,Q110053,Mats Hummels,1988-12-16,Germany,centre-back,CB,DEF,active,2024–25,2024–25,2024,2025,split_year,36,roma,Roma,serie-a,Serie A,14,0,domestic_league,False,professional_or_unknown,True,,Wikipedia,https://en.wikipedia.org/wiki/Mats_Hummels,2026-08-02,1365810317
mesut-ozil,Q83488,Mesut Özil,1988-10-15,Germany,attacking midfielder,AM,MID,retired,2006–07,2006–07,2006,2007,split_year,18,schalke-04,Schalke 04,bundesliga,Bundesliga,19,0,domestic_league,False,professional_or_unknown,True,,Wikipedia,https://en.wikipedia.org/wiki/Mesut_Özil,2026-08-02,1367240107
mesut-ozil,Q83488,Mesut Özil,1988-10-15,Germany,attacking midfielder,AM,MID,retired,2007–08,2007–08,2007,2008,split_year,19,schalke-04,Schalke 04,bundesliga,Bundesliga,11,0,domestic_league,False,professional_or_unknown,True,,Wikipedia,https://en.wikipedia.org/wiki/Mesut_Özil,2026-08-02,1367240107
mesut-ozil,Q83488,Mesut Özil,1988-10-15,Germany,attacking midfielder,AM,MID,retired,2007–08,2007–08,2007,2008,split_year,19,werder-bremen,Werder Bremen,bundesliga,Bundesliga,12,1,domestic_league,False,professional_or_unknown,True,,Wikipedia,https://en.wikipedia.org/wiki/Mesut_Özil,2026-08-02,1367240107
mesut-ozil,Q83488,Mesut Özil,1988-10-15,Germany,attacking midfielder,AM,MID,retired,2008–09,2008–09,2008,2009,split_year,20,werder-bremen,Werder Bremen,bundesliga,Bundesliga,28,3,domestic_league,False,professional_or_unknown,True,,Wikipedia,https://en.wikipedia.org/wiki/Mesut_Özil,2026-08-02,1367240107
mesut-ozil,Q83488,Mesut Özil,1988-10-15,Germany,attacking midfielder,AM,MID,retired,2009–10,2009–10,2009,2010,split_year,21,werder-bremen,Werder Bremen,bundesliga,Bundesliga,31,9,domestic_league,False,professional_or_unknown,True,,Wikipedia,https://en.wikipedia.org/wiki/Mesut_Özil,2026-08-02,1367240107
mesut-ozil,Q83488,Mesut Özil,1988-10-15,Germany,attacking midfielder,AM,MID,retired,2010–11,2010–11,2010,2011,split_year,22,real-madrid,Real Madrid,la-liga,La Liga,36,6,domestic_league,False,professional_or_unknown,True,,Wikipedia,https://en.wikipedia.org/wiki/Mesut_Özil,2026-08-02,1367240107
mesut-ozil,Q83488,Mesut Özil,1988-10-15,Germany,attacking midfielder,AM,MID,retired,2011–12,2011–12,2011,2012,split_year,23,real-madrid,Real Madrid,la-liga,La Liga,35,4,domestic_league,False,professional_or_unknown,True,,Wikipedia,https://en.wikipedia.org/wiki/Mesut_Özil,2026-08-02,1367240107
mesut-ozil,Q83488,Mesut Özil,1988-10-15,Germany,attacking midfielder,AM,MID,retired,2012–13,2012–13,2012,2013,split_year,24,real-madrid,Real Madrid,la-liga,La Liga,32,9,domestic_league,False,professional_or_unknown,True,,Wikipedia,https://en.wikipedia.org/wiki/Mesut_Özil,2026-08-02,1367240107
mesut-ozil,Q83488,Mesut Özil,1988-10-15,Germany,attacking midfielder,AM,MID,retired,2013–14,2013–14,2013,2014,split_year,25,arsenal,Arsenal,premier-league,Premier League,26,5,domestic_league,False,professional_or_unknown,True,,Wikipedia,https://en.wikipedia.org/wiki/Mesut_Özil,2026-08-02,1367240107
mesut-ozil,Q83488,Mesut Özil,1988-10-15,Germany,attacking midfielder,AM,MID,retired,2013–14,2013–14,2013,2014,split_year,25,real-madrid,Real Madrid,la-liga,La Liga,2,0,domestic_league,False,professional_or_unknown,True,,Wikipedia,https://en.wikipedia.org/wiki/Mesut_Özil,2026-08-02,1367240107
mesut-ozil,Q83488,Mesut Özil,1988-10-15,Germany,attacking midfielder,AM,MID,retired,2014–15,2014–15,2014,2015,split_year,26,arsenal,Arsenal,premier-league,Premier League,22,4,domestic_league,False,professional_or_unknown,True,,Wikipedia,https://en.wikipedia.org/wiki/Mesut_Özil,2026-08-02,1367240107
mesut-ozil,Q83488,Mesut Özil,1988-10-15,Germany,attacking midfielder,AM,MID,retired,2015–16,2015–16,2015,2016,split_year,27,arsenal,Arsenal,premier-league,Premier League,35,6,domestic_league,False,professional_or_unknown,True,,Wikipedia,https://en.wikipedia.org/wiki/Mesut_Özil,2026-08-02,1367240107
mesut-ozil,Q83488,Mesut Özil,1988-10-15,Germany,attacking midfielder,AM,MID,retired,2016–17,2016–17,2016,2017,split_year,28,arsenal,Arsenal,premier-league,Premier League,33,8,domestic_league,False,professional_or_unknown,True,,Wikipedia,https://en.wikipedia.org/wiki/Mesut_Özil,2026-08-02,1367240107
mesut-ozil,Q83488,Mesut Özil,1988-10-15,Germany,attacking midfielder,AM,MID,retired,2017–18,2017–18,2017,2018,split_year,29,arsenal,Arsenal,premier-league,Premier League,26,4,domestic_league,False,professional_or_unknown,True,,Wikipedia,https://en.wikipedia.org/wiki/Mesut_Özil,2026-08-02,1367240107
mesut-ozil,Q83488,Mesut Özil,1988-10-15,Germany,attacking midfielder,AM,MID,retired,2018–19,2018–19,2018,2019,split_year,30,arsenal,Arsenal,premier-league,Premier League,24,5,domestic_league,False,professional_or_unknown,True,,Wikipedia,https://en.wikipedia.org/wiki/Mesut_Özil,2026-08-02,1367240107
mesut-ozil,Q83488,Mesut Özil,1988-10-15,Germany,attacking midfielder,AM,MID,retired,2019–20,2019–20,2019,2020,split_year,31,arsenal,Arsenal,premier-league,Premier League,18,1,domestic_league,False,professional_or_unknown,True,,Wikipedia,https://en.wikipedia.org/wiki/Mesut_Özil,2026-08-02,1367240107
mesut-ozil,Q83488,Mesut Özil,1988-10-15,Germany,attacking midfielder,AM,MID,retired,2020–21,2020–21,2020,2021,split_year,32,arsenal,Arsenal,premier-league,Premier League,0,0,domestic_league,False,professional_or_unknown,True,,Wikipedia,https://en.wikipedia.org/wiki/Mesut_Özil,2026-08-02,1367240107
mesut-ozil,Q83488,Mesut Özil,1988-10-15,Germany,attacking midfielder,AM,MID,retired,2020–21,2020–21,2020,2021,split_year,32,fenerbahce,Fenerbahçe,super-lig,Süper Lig,10,0,domestic_league,False,professional_or_unknown,True,,Wikipedia,https://en.wikipedia.org/wiki/Mesut_Özil,2026-08-02,1367240107
mesut-ozil,Q83488,Mesut Özil,1988-10-15,Germany,attacking midfielder,AM,MID,retired,2021–22,2021–22,2021,2022,split_year,33,fenerbahce,Fenerbahçe,super-lig,Süper Lig,22,8,domestic_league,False,professional_or_unknown,True,,Wikipedia,https://en.wikipedia.org/wiki/Mesut_Özil,2026-08-02,1367240107
mesut-ozil,Q83488,Mesut Özil,1988-10-15,Germany,attacking midfielder,AM,MID,retired,2022–23,2022–23,2022,2023,split_year,34,istanbul-basaksehir,İstanbul Başakşehir,super-lig,Süper Lig,4,0,domestic_league,False,professional_or_unknown,True,,Wikipedia,https://en.wikipedia.org/wiki/Mesut_Özil,2026-08-02,1367240107
michael-essien,Q969520,Michael Essien,1982-12-03,Ghana,midfielder,DM,MID,retired,2000–01,2000–01,2000,2001,split_year,18,bastia,Bastia,ligue-1,Ligue 1,13,1,domestic_league,False,professional_or_unknown,True,,Wikipedia,https://en.wikipedia.org/wiki/Michael_Essien,2026-08-02,1362570401
michael-essien,Q969520,Michael Essien,1982-12-03,Ghana,midfielder,DM,MID,retired,2001–02,2001–02,2001,2002,split_year,19,bastia,Bastia,ligue-1,Ligue 1,24,4,domestic_league,False,professional_or_unknown,True,,Wikipedia,https://en.wikipedia.org/wiki/Michael_Essien,2026-08-02,1362570401
michael-essien,Q969520,Michael Essien,1982-12-03,Ghana,midfielder,DM,MID,retired,2002–03,2002–03,2002,2003,split_year,20,bastia,Bastia,ligue-1,Ligue 1,29,6,domestic_league,False,professional_or_unknown,True,,Wikipedia,https://en.wikipedia.org/wiki/Michael_Essien,2026-08-02,1362570401
michael-essien,Q969520,Michael Essien,1982-12-03,Ghana,midfielder,DM,MID,retired,2003–04,2003–04,2003,2004,split_year,21,lyon,Lyon,ligue-1,Ligue 1,34,3,domestic_league,False,professional_or_unknown,True,,Wikipedia,https://en.wikipedia.org/wiki/Michael_Essien,2026-08-02,1362570401
michael-essien,Q969520,Michael Essien,1982-12-03,Ghana,midfielder,DM,MID,retired,2004–05,2004–05,2004,2005,split_year,22,lyon,Lyon,ligue-1,Ligue 1,37,4,domestic_league,False,professional_or_unknown,True,,Wikipedia,https://en.wikipedia.org/wiki/Michael_Essien,2026-08-02,1362570401
michael-essien,Q969520,Michael Essien,1982-12-03,Ghana,midfielder,DM,MID,retired,2005–06,2005–06,2005,2006,split_year,23,chelsea,Chelsea,premier-league,Premier League,31,2,domestic_league,False,professional_or_unknown,True,,Wikipedia,https://en.wikipedia.org/wiki/Michael_Essien,2026-08-02,1362570401
michael-essien,Q969520,Michael Essien,1982-12-03,Ghana,midfielder,DM,MID,retired,2006–07,2006–07,2006,2007,split_year,24,chelsea,Chelsea,premier-league,Premier League,33,2,domestic_league,False,professional_or_unknown,True,,Wikipedia,https://en.wikipedia.org/wiki/Michael_Essien,2026-08-02,1362570401
michael-essien,Q969520,Michael Essien,1982-12-03,Ghana,midfielder,DM,MID,retired,2007–08,2007–08,2007,2008,split_year,25,chelsea,Chelsea,premier-league,Premier League,27,6,domestic_league,False,professional_or_unknown,True,,Wikipedia,https://en.wikipedia.org/wiki/Michael_Essien,2026-08-02,1362570401
michael-essien,Q969520,Michael Essien,1982-12-03,Ghana,midfielder,DM,MID,retired,2008–09,2008–09,2008,2009,split_year,26,chelsea,Chelsea,premier-league,Premier League,11,1,domestic_league,False,professional_or_unknown,True,,Wikipedia,https://en.wikipedia.org/wiki/Michael_Essien,2026-08-02,1362570401
michael-essien,Q969520,Michael Essien,1982-12-03,Ghana,midfielder,DM,MID,retired,2009–10,2009–10,2009,2010,split_year,27,chelsea,Chelsea,premier-league,Premier League,14,3,domestic_league,False,professional_or_unknown,True,,Wikipedia,https://en.wikipedia.org/wiki/Michael_Essien,2026-08-02,1362570401
michael-essien,Q969520,Michael Essien,1982-12-03,Ghana,midfielder,DM,MID,retired,2010–11,2010–11,2010,2011,split_year,28,chelsea,Chelsea,premier-league,Premier League,33,3,domestic_league,False,professional_or_unknown,True,,Wikipedia,https://en.wikipedia.org/wiki/Michael_Essien,2026-08-02,1362570401
michael-essien,Q969520,Michael Essien,1982-12-03,Ghana,midfielder,DM,MID,retired,2011–12,2011–12,2011,2012,split_year,29,chelsea,Chelsea,premier-league,Premier League,14,0,domestic_league,False,professional_or_unknown,True,,Wikipedia,https://en.wikipedia.org/wiki/Michael_Essien,2026-08-02,1362570401
michael-essien,Q969520,Michael Essien,1982-12-03,Ghana,midfielder,DM,MID,retired,2012–13,2012–13,2012,2013,split_year,30,real-madrid-loan,Real Madrid (loan),la-liga,La Liga,21,2,domestic_league,False,professional_or_unknown,True,,Wikipedia,https://en.wikipedia.org/wiki/Michael_Essien,2026-08-02,1362570401
michael-essien,Q969520,Michael Essien,1982-12-03,Ghana,midfielder,DM,MID,retired,2013–14,2013–14,2013,2014,split_year,31,chelsea,Chelsea,premier-league,Premier League,5,0,domestic_league,False,professional_or_unknown,True,,Wikipedia,https://en.wikipedia.org/wiki/Michael_Essien,2026-08-02,1362570401
michael-essien,Q969520,Michael Essien,1982-12-03,Ghana,midfielder,DM,MID,retired,2013–14,2013–14,2013,2014,split_year,31,milan,Milan,serie-a,Serie A,7,0,domestic_league,False,professional_or_unknown,True,,Wikipedia,https://en.wikipedia.org/wiki/Michael_Essien,2026-08-02,1362570401
michael-essien,Q969520,Michael Essien,1982-12-03,Ghana,midfielder,DM,MID,retired,2014–15,2014–15,2014,2015,split_year,32,milan,Milan,serie-a,Serie A,13,0,domestic_league,False,professional_or_unknown,True,,Wikipedia,https://en.wikipedia.org/wiki/Michael_Essien,2026-08-02,1362570401
michael-essien,Q969520,Michael Essien,1982-12-03,Ghana,midfielder,DM,MID,retired,2015–16,2015–16,2015,2016,split_year,33,panathinaikos,Panathinaikos,super-league-greece,Super League Greece,13,1,domestic_league,False,professional_or_unknown,True,,Wikipedia,https://en.wikipedia.org/wiki/Michael_Essien,2026-08-02,1362570401
michael-essien,Q969520,Michael Essien,1982-12-03,Ghana,midfielder,DM,MID,retired,2017,2017,2017,2017,calendar_year,35,persib-bandung,Persib Bandung,liga-1,Liga 1,29,5,domestic_league,False,professional_or_unknown,True,,Wikipedia,https://en.wikipedia.org/wiki/Michael_Essien,2026-08-02,1362570401
michael-essien,Q969520,Michael Essien,1982-12-03,Ghana,midfielder,DM,MID,retired,2018–19,2018–19,2018,2019,split_year,36,sabail,Sabail,azerbaijan-premier-league,Azerbaijan Premier League,4,0,domestic_league,False,professional_or_unknown,True,,Wikipedia,https://en.wikipedia.org/wiki/Michael_Essien,2026-08-02,1362570401
michael-essien,Q969520,Michael Essien,1982-12-03,Ghana,midfielder,DM,MID,retired,2019–20,2019–20,2019,2020,split_year,37,sabail,Sabail,azerbaijan-premier-league,Azerbaijan Premier League,10,0,domestic_league,False,professional_or_unknown,True,,Wikipedia,https://en.wikipedia.org/wiki/Michael_Essien,2026-08-02,1362570401
miroslav-klose,Q80471,Miroslav Klose,1978-06-09,Germany,forward,FW,FWD,retired,1999–2000,1999–2000,1999,2000,split_year,21,1-fc-kaiserslautern,1. FC Kaiserslautern,bundesliga,Bundesliga,2,0,domestic_league,False,professional_or_unknown,True,,Wikipedia,https://en.wikipedia.org/wiki/Miroslav_Klose,2026-08-02,1366124987
miroslav-klose,Q80471,Miroslav Klose,1978-06-09,Germany,forward,FW,FWD,retired,2000–01,2000–01,2000,2001,split_year,22,1-fc-kaiserslautern,1. FC Kaiserslautern,bundesliga,Bundesliga,29,9,domestic_league,False,professional_or_unknown,True,,Wikipedia,https://en.wikipedia.org/wiki/Miroslav_Klose,2026-08-02,1366124987
miroslav-klose,Q80471,Miroslav Klose,1978-06-09,Germany,forward,FW,FWD,retired,2001–02,2001–02,2001,2002,split_year,23,1-fc-kaiserslautern,1. FC Kaiserslautern,bundesliga,Bundesliga,31,16,domestic_league,False,professional_or_unknown,True,,Wikipedia,https://en.wikipedia.org/wiki/Miroslav_Klose,2026-08-02,1366124987
miroslav-klose,Q80471,Miroslav Klose,1978-06-09,Germany,forward,FW,FWD,retired,2002–03,2002–03,2002,2003,split_year,24,1-fc-kaiserslautern,1. FC Kaiserslautern,bundesliga,Bundesliga,32,9,domestic_league,False,professional_or_unknown,True,,Wikipedia,https://en.wikipedia.org/wiki/Miroslav_Klose,2026-08-02,1366124987
miroslav-klose,Q80471,Miroslav Klose,1978-06-09,Germany,forward,FW,FWD,retired,2003–04,2003–04,2003,2004,split_year,25,1-fc-kaiserslautern,1. FC Kaiserslautern,bundesliga,Bundesliga,26,10,domestic_league,False,professional_or_unknown,True,,Wikipedia,https://en.wikipedia.org/wiki/Miroslav_Klose,2026-08-02,1366124987
miroslav-klose,Q80471,Miroslav Klose,1978-06-09,Germany,forward,FW,FWD,retired,2004–05,2004–05,2004,2005,split_year,26,werder-bremen,Werder Bremen,bundesliga,Bundesliga,32,15,domestic_league,False,professional_or_unknown,True,,Wikipedia,https://en.wikipedia.org/wiki/Miroslav_Klose,2026-08-02,1366124987
miroslav-klose,Q80471,Miroslav Klose,1978-06-09,Germany,forward,FW,FWD,retired,2005–06,2005–06,2005,2006,split_year,27,werder-bremen,Werder Bremen,bundesliga,Bundesliga,26,25,domestic_league,False,professional_or_unknown,True,,Wikipedia,https://en.wikipedia.org/wiki/Miroslav_Klose,2026-08-02,1366124987
miroslav-klose,Q80471,Miroslav Klose,1978-06-09,Germany,forward,FW,FWD,retired,2006–07,2006–07,2006,2007,split_year,28,werder-bremen,Werder Bremen,bundesliga,Bundesliga,31,13,domestic_league,False,professional_or_unknown,True,,Wikipedia,https://en.wikipedia.org/wiki/Miroslav_Klose,2026-08-02,1366124987
miroslav-klose,Q80471,Miroslav Klose,1978-06-09,Germany,forward,FW,FWD,retired,2007–08,2007–08,2007,2008,split_year,29,bayern-munich,Bayern Munich,bundesliga,Bundesliga,27,10,domestic_league,False,professional_or_unknown,True,,Wikipedia,https://en.wikipedia.org/wiki/Miroslav_Klose,2026-08-02,1366124987
miroslav-klose,Q80471,Miroslav Klose,1978-06-09,Germany,forward,FW,FWD,retired,2008–09,2008–09,2008,2009,split_year,30,bayern-munich,Bayern Munich,bundesliga,Bundesliga,26,10,domestic_league,False,professional_or_unknown,True,,Wikipedia,https://en.wikipedia.org/wiki/Miroslav_Klose,2026-08-02,1366124987
miroslav-klose,Q80471,Miroslav Klose,1978-06-09,Germany,forward,FW,FWD,retired,2009–10,2009–10,2009,2010,split_year,31,bayern-munich,Bayern Munich,bundesliga,Bundesliga,25,3,domestic_league,False,professional_or_unknown,True,,Wikipedia,https://en.wikipedia.org/wiki/Miroslav_Klose,2026-08-02,1366124987
miroslav-klose,Q80471,Miroslav Klose,1978-06-09,Germany,forward,FW,FWD,retired,2010–11,2010–11,2010,2011,split_year,32,bayern-munich,Bayern Munich,bundesliga,Bundesliga,20,1,domestic_league,False,professional_or_unknown,True,,Wikipedia,https://en.wikipedia.org/wiki/Miroslav_Klose,2026-08-02,1366124987
miroslav-klose,Q80471,Miroslav Klose,1978-06-09,Germany,forward,FW,FWD,retired,2011–12,2011–12,2011,2012,split_year,33,lazio,Lazio,serie-a,Serie A,27,12,domestic_league,False,professional_or_unknown,True,,Wikipedia,https://en.wikipedia.org/wiki/Miroslav_Klose,2026-08-02,1366124987
miroslav-klose,Q80471,Miroslav Klose,1978-06-09,Germany,forward,FW,FWD,retired,2012–13,2012–13,2012,2013,split_year,34,lazio,Lazio,serie-a,Serie A,29,15,domestic_league,False,professional_or_unknown,True,,Wikipedia,https://en.wikipedia.org/wiki/Miroslav_Klose,2026-08-02,1366124987
miroslav-klose,Q80471,Miroslav Klose,1978-06-09,Germany,forward,FW,FWD,retired,2013–14,2013–14,2013,2014,split_year,35,lazio,Lazio,serie-a,Serie A,25,7,domestic_league,False,professional_or_unknown,True,,Wikipedia,https://en.wikipedia.org/wiki/Miroslav_Klose,2026-08-02,1366124987
miroslav-klose,Q80471,Miroslav Klose,1978-06-09,Germany,forward,FW,FWD,retired,2014–15,2014–15,2014,2015,split_year,36,lazio,Lazio,serie-a,Serie A,34,13,domestic_league,False,professional_or_unknown,True,,Wikipedia,https://en.wikipedia.org/wiki/Miroslav_Klose,2026-08-02,1366124987
miroslav-klose,Q80471,Miroslav Klose,1978-06-09,Germany,forward,FW,FWD,retired,2015–16,2015–16,2015,2016,split_year,37,lazio,Lazio,serie-a,Serie A,24,7,domestic_league,False,professional_or_unknown,True,,Wikipedia,https://en.wikipedia.org/wiki/Miroslav_Klose,2026-08-02,1366124987
mohamed-salah,Q1354960,Mohamed Salah,1992-06-15,Egypt,wing half,WNG,WIDE,active,2009–10,2009–10,2009,2010,split_year,17,al-mokawloon-al-arab,Al Mokawloon Al Arab,egyptian-premier-league,Egyptian Premier League,4,0,domestic_league,False,professional_or_unknown,True,,Wikipedia,https://en.wikipedia.org/wiki/Mohamed_Salah,2026-08-02,1367108791
mohamed-salah,Q1354960,Mohamed Salah,1992-06-15,Egypt,wing half,WNG,WIDE,active,2010–11,2010–11,2010,2011,split_year,18,al-mokawloon-al-arab,Al Mokawloon Al Arab,egyptian-premier-league,Egyptian Premier League,21,4,domestic_league,False,professional_or_unknown,True,,Wikipedia,https://en.wikipedia.org/wiki/Mohamed_Salah,2026-08-02,1367108791
mohamed-salah,Q1354960,Mohamed Salah,1992-06-15,Egypt,wing half,WNG,WIDE,active,2011–12,2011–12,2011,2012,split_year,19,al-mokawloon-al-arab,Al Mokawloon Al Arab,egyptian-premier-league,Egyptian Premier League,15,7,domestic_league,False,professional_or_unknown,True,,Wikipedia,https://en.wikipedia.org/wiki/Mohamed_Salah,2026-08-02,1367108791
mohamed-salah,Q1354960,Mohamed Salah,1992-06-15,Egypt,wing half,WNG,WIDE,active,2012–13,2012–13,2012,2013,split_year,20,basel,Basel,swiss-super-league,Swiss Super League,29,5,domestic_league,False,professional_or_unknown,True,,Wikipedia,https://en.wikipedia.org/wiki/Mohamed_Salah,2026-08-02,1367108791
mohamed-salah,Q1354960,Mohamed Salah,1992-06-15,Egypt,wing half,WNG,WIDE,active,2013–14,2013–14,2013,2014,split_year,21,basel,Basel,swiss-super-league,Swiss Super League,18,4,domestic_league,False,professional_or_unknown,True,,Wikipedia,https://en.wikipedia.org/wiki/Mohamed_Salah,2026-08-02,1367108791
mohamed-salah,Q1354960,Mohamed Salah,1992-06-15,Egypt,wing half,WNG,WIDE,active,2013–14,2013–14,2013,2014,split_year,21,chelsea,Chelsea,premier-league,Premier League,10,2,domestic_league,False,professional_or_unknown,True,,Wikipedia,https://en.wikipedia.org/wiki/Mohamed_Salah,2026-08-02,1367108791
mohamed-salah,Q1354960,Mohamed Salah,1992-06-15,Egypt,wing half,WNG,WIDE,active,2014–15,2014–15,2014,2015,split_year,22,chelsea,Chelsea,premier-league,Premier League,3,0,domestic_league,False,professional_or_unknown,True,,Wikipedia,https://en.wikipedia.org/wiki/Mohamed_Salah,2026-08-02,1367108791
mohamed-salah,Q1354960,Mohamed Salah,1992-06-15,Egypt,wing half,WNG,WIDE,active,2014–15,2014–15,2014,2015,split_year,22,fiorentina-loan,Fiorentina (loan),serie-a,Serie A,16,6,domestic_league,False,professional_or_unknown,True,,Wikipedia,https://en.wikipedia.org/wiki/Mohamed_Salah,2026-08-02,1367108791
mohamed-salah,Q1354960,Mohamed Salah,1992-06-15,Egypt,wing half,WNG,WIDE,active,2015–16,2015–16,2015,2016,split_year,23,roma-loan,Roma (loan),serie-a,Serie A,34,14,domestic_league,False,professional_or_unknown,True,,Wikipedia,https://en.wikipedia.org/wiki/Mohamed_Salah,2026-08-02,1367108791
mohamed-salah,Q1354960,Mohamed Salah,1992-06-15,Egypt,wing half,WNG,WIDE,active,2016–17,2016–17,2016,2017,split_year,24,roma,Roma,serie-a,Serie A,31,15,domestic_league,False,professional_or_unknown,True,,Wikipedia,https://en.wikipedia.org/wiki/Mohamed_Salah,2026-08-02,1367108791
mohamed-salah,Q1354960,Mohamed Salah,1992-06-15,Egypt,wing half,WNG,WIDE,active,2017–18,2017–18,2017,2018,split_year,25,liverpool,Liverpool,premier-league,Premier League,36,32,domestic_league,False,professional_or_unknown,True,,Wikipedia,https://en.wikipedia.org/wiki/Mohamed_Salah,2026-08-02,1367108791
mohamed-salah,Q1354960,Mohamed Salah,1992-06-15,Egypt,wing half,WNG,WIDE,active,2018–19,2018–19,2018,2019,split_year,26,liverpool,Liverpool,premier-league,Premier League,38,22,domestic_league,False,professional_or_unknown,True,,Wikipedia,https://en.wikipedia.org/wiki/Mohamed_Salah,2026-08-02,1367108791
mohamed-salah,Q1354960,Mohamed Salah,1992-06-15,Egypt,wing half,WNG,WIDE,active,2019–20,2019–20,2019,2020,split_year,27,liverpool,Liverpool,premier-league,Premier League,34,19,domestic_league,False,professional_or_unknown,True,,Wikipedia,https://en.wikipedia.org/wiki/Mohamed_Salah,2026-08-02,1367108791
mohamed-salah,Q1354960,Mohamed Salah,1992-06-15,Egypt,wing half,WNG,WIDE,active,2020–21,2020–21,2020,2021,split_year,28,liverpool,Liverpool,premier-league,Premier League,37,22,domestic_league,False,professional_or_unknown,True,,Wikipedia,https://en.wikipedia.org/wiki/Mohamed_Salah,2026-08-02,1367108791
mohamed-salah,Q1354960,Mohamed Salah,1992-06-15,Egypt,wing half,WNG,WIDE,active,2021–22,2021–22,2021,2022,split_year,29,liverpool,Liverpool,premier-league,Premier League,35,23,domestic_league,False,professional_or_unknown,True,,Wikipedia,https://en.wikipedia.org/wiki/Mohamed_Salah,2026-08-02,1367108791
mohamed-salah,Q1354960,Mohamed Salah,1992-06-15,Egypt,wing half,WNG,WIDE,active,2022–23,2022–23,2022,2023,split_year,30,liverpool,Liverpool,premier-league,Premier League,38,19,domestic_league,False,professional_or_unknown,True,,Wikipedia,https://en.wikipedia.org/wiki/Mohamed_Salah,2026-08-02,1367108791
mohamed-salah,Q1354960,Mohamed Salah,1992-06-15,Egypt,wing half,WNG,WIDE,active,2023–24,2023–24,2023,2024,split_year,31,liverpool,Liverpool,premier-league,Premier League,32,18,domestic_league,False,professional_or_unknown,True,,Wikipedia,https://en.wikipedia.org/wiki/Mohamed_Salah,2026-08-02,1367108791
mohamed-salah,Q1354960,Mohamed Salah,1992-06-15,Egypt,wing half,WNG,WIDE,active,2024–25,2024–25,2024,2025,split_year,32,liverpool,Liverpool,premier-league,Premier League,38,29,domestic_league,False,professional_or_unknown,True,,Wikipedia,https://en.wikipedia.org/wiki/Mohamed_Salah,2026-08-02,1367108791
mohamed-salah,Q1354960,Mohamed Salah,1992-06-15,Egypt,wing half,WNG,WIDE,active,2025–26,2025–26,2025,2026,split_year,33,liverpool,Liverpool,premier-league,Premier League,27,7,domestic_league,False,professional_or_unknown,True,,Wikipedia,https://en.wikipedia.org/wiki/Mohamed_Salah,2026-08-02,1367108791
moises-caicedo,Q87715532,Moisés Caicedo,2001-11-02,Ecuador,midfielder,DM,MID,active,2019,2019,2019,2019,calendar_year,18,independiente-del-valle,Independiente del Valle,ecuadorian-serie-a,Ecuadorian Serie A,3,0,domestic_league,False,professional_or_unknown,True,,Wikipedia,https://en.wikipedia.org/wiki/Moisés_Caicedo,2026-08-02,1367204184
moises-caicedo,Q87715532,Moisés Caicedo,2001-11-02,Ecuador,midfielder,DM,MID,active,2020,2020,2020,2020,calendar_year,19,independiente-del-valle,Independiente del Valle,ecuadorian-serie-a,Ecuadorian Serie A,22,4,domestic_league,False,professional_or_unknown,True,,Wikipedia,https://en.wikipedia.org/wiki/Moisés_Caicedo,2026-08-02,1367204184
moises-caicedo,Q87715532,Moisés Caicedo,2001-11-02,Ecuador,midfielder,DM,MID,active,2020–21,2020–21,2020,2021,split_year,19,brighton-hove-albion,Brighton & Hove Albion,premier-league,Premier League,0,0,domestic_league,False,professional_or_unknown,True,,Wikipedia,https://en.wikipedia.org/wiki/Moisés_Caicedo,2026-08-02,1367204184
moises-caicedo,Q87715532,Moisés Caicedo,2001-11-02,Ecuador,midfielder,DM,MID,active,2021–22,2021–22,2021,2022,split_year,20,beerschot-loan,Beerschot (loan),belgian-pro-league,Belgian Pro League,12,1,domestic_league,False,professional_or_unknown,True,,Wikipedia,https://en.wikipedia.org/wiki/Moisés_Caicedo,2026-08-02,1367204184
moises-caicedo,Q87715532,Moisés Caicedo,2001-11-02,Ecuador,midfielder,DM,MID,active,2021–22,2021–22,2021,2022,split_year,20,brighton-hove-albion,Brighton & Hove Albion,premier-league,Premier League,8,1,domestic_league,False,professional_or_unknown,True,,Wikipedia,https://en.wikipedia.org/wiki/Moisés_Caicedo,2026-08-02,1367204184
moises-caicedo,Q87715532,Moisés Caicedo,2001-11-02,Ecuador,midfielder,DM,MID,active,2022–23,2022–23,2022,2023,split_year,21,brighton-hove-albion,Brighton & Hove Albion,premier-league,Premier League,37,1,domestic_league,False,professional_or_unknown,True,,Wikipedia,https://en.wikipedia.org/wiki/Moisés_Caicedo,2026-08-02,1367204184
moises-caicedo,Q87715532,Moisés Caicedo,2001-11-02,Ecuador,midfielder,DM,MID,active,2023–24,2023–24,2023,2024,split_year,22,chelsea,Chelsea,premier-league,Premier League,35,1,domestic_league,False,professional_or_unknown,True,,Wikipedia,https://en.wikipedia.org/wiki/Moisés_Caicedo,2026-08-02,1367204184
moises-caicedo,Q87715532,Moisés Caicedo,2001-11-02,Ecuador,midfielder,DM,MID,active,2024–25,2024–25,2024,2025,split_year,23,chelsea,Chelsea,premier-league,Premier League,38,1,domestic_league,False,professional_or_unknown,True,,Wikipedia,https://en.wikipedia.org/wiki/Moisés_Caicedo,2026-08-02,1367204184
moises-caicedo,Q87715532,Moisés Caicedo,2001-11-02,Ecuador,midfielder,DM,MID,active,2025–26,2025–26,2025,2026,split_year,24,chelsea,Chelsea,premier-league,Premier League,33,3,domestic_league,False,professional_or_unknown,True,,Wikipedia,https://en.wikipedia.org/wiki/Moisés_Caicedo,2026-08-02,1367204184
moises-caicedo,Q87715532,Moisés Caicedo,2001-11-02,Ecuador,midfielder,DM,MID,active,2026–27,2026–27,2026,2027,split_year,25,chelsea,Chelsea,premier-league,Premier League,0,0,domestic_league,True,professional_or_unknown,True,,Wikipedia,https://en.wikipedia.org/wiki/Moisés_Caicedo,2026-08-02,1367204184
n-golo-kante,Q16665941,N'Golo Kanté,1991-03-29,France,midfielder,DM,MID,active,2011–12,2011–12,2011,2012,split_year,20,boulogne,Boulogne,ligue-2,Ligue 2,1,0,domestic_league,False,professional_or_unknown,True,,Wikipedia,https://en.wikipedia.org/wiki/N'Golo_Kanté,2026-08-02,1366994487
n-golo-kante,Q16665941,N'Golo Kanté,1991-03-29,France,midfielder,DM,MID,active,2012–13,2012–13,2012,2013,split_year,21,boulogne,Boulogne,championnat-national,Championnat National,37,3,domestic_league,False,professional_or_unknown,True,,Wikipedia,https://en.wikipedia.org/wiki/N'Golo_Kanté,2026-08-02,1366994487
n-golo-kante,Q16665941,N'Golo Kanté,1991-03-29,France,midfielder,DM,MID,active,2013–14,2013–14,2013,2014,split_year,22,caen,Caen,ligue-2,Ligue 2,38,2,domestic_league,False,professional_or_unknown,True,,Wikipedia,https://en.wikipedia.org/wiki/N'Golo_Kanté,2026-08-02,1366994487
n-golo-kante,Q16665941,N'Golo Kanté,1991-03-29,France,midfielder,DM,MID,active,2014–15,2014–15,2014,2015,split_year,23,caen,Caen,ligue-1,Ligue 1,37,2,domestic_league,False,professional_or_unknown,True,,Wikipedia,https://en.wikipedia.org/wiki/N'Golo_Kanté,2026-08-02,1366994487
n-golo-kante,Q16665941,N'Golo Kanté,1991-03-29,France,midfielder,DM,MID,active,2015–16,2015–16,2015,2016,split_year,24,leicester-city,Leicester City,premier-league,Premier League,37,1,domestic_league,False,professional_or_unknown,True,,Wikipedia,https://en.wikipedia.org/wiki/N'Golo_Kanté,2026-08-02,1366994487
n-golo-kante,Q16665941,N'Golo Kanté,1991-03-29,France,midfielder,DM,MID,active,2016–17,2016–17,2016,2017,split_year,25,chelsea,Chelsea,premier-league,Premier League,35,1,domestic_league,False,professional_or_unknown,True,,Wikipedia,https://en.wikipedia.org/wiki/N'Golo_Kanté,2026-08-02,1366994487
n-golo-kante,Q16665941,N'Golo Kanté,1991-03-29,France,midfielder,DM,MID,active,2017–18,2017–18,2017,2018,split_year,26,chelsea,Chelsea,premier-league,Premier League,34,1,domestic_league,False,professional_or_unknown,True,,Wikipedia,https://en.wikipedia.org/wiki/N'Golo_Kanté,2026-08-02,1366994487
n-golo-kante,Q16665941,N'Golo Kanté,1991-03-29,France,midfielder,DM,MID,active,2018–19,2018–19,2018,2019,split_year,27,chelsea,Chelsea,premier-league,Premier League,36,4,domestic_league,False,professional_or_unknown,True,,Wikipedia,https://en.wikipedia.org/wiki/N'Golo_Kanté,2026-08-02,1366994487
n-golo-kante,Q16665941,N'Golo Kanté,1991-03-29,France,midfielder,DM,MID,active,2019–20,2019–20,2019,2020,split_year,28,chelsea,Chelsea,premier-league,Premier League,22,3,domestic_league,False,professional_or_unknown,True,,Wikipedia,https://en.wikipedia.org/wiki/N'Golo_Kanté,2026-08-02,1366994487
n-golo-kante,Q16665941,N'Golo Kanté,1991-03-29,France,midfielder,DM,MID,active,2020–21,2020–21,2020,2021,split_year,29,chelsea,Chelsea,premier-league,Premier League,30,0,domestic_league,False,professional_or_unknown,True,,Wikipedia,https://en.wikipedia.org/wiki/N'Golo_Kanté,2026-08-02,1366994487
n-golo-kante,Q16665941,N'Golo Kanté,1991-03-29,France,midfielder,DM,MID,active,2021–22,2021–22,2021,2022,split_year,30,chelsea,Chelsea,premier-league,Premier League,26,2,domestic_league,False,professional_or_unknown,True,,Wikipedia,https://en.wikipedia.org/wiki/N'Golo_Kanté,2026-08-02,1366994487
n-golo-kante,Q16665941,N'Golo Kanté,1991-03-29,France,midfielder,DM,MID,active,2022–23,2022–23,2022,2023,split_year,31,chelsea,Chelsea,premier-league,Premier League,7,0,domestic_league,False,professional_or_unknown,True,,Wikipedia,https://en.wikipedia.org/wiki/N'Golo_Kanté,2026-08-02,1366994487
n-golo-kante,Q16665941,N'Golo Kanté,1991-03-29,France,midfielder,DM,MID,active,2023–24,2023–24,2023,2024,split_year,32,al-ittihad,Al-Ittihad,saudi-pro-league,Saudi Pro League,30,2,domestic_league,False,professional_or_unknown,True,,Wikipedia,https://en.wikipedia.org/wiki/N'Golo_Kanté,2026-08-02,1366994487
n-golo-kante,Q16665941,N'Golo Kanté,1991-03-29,France,midfielder,DM,MID,active,2024–25,2024–25,2024,2025,split_year,33,al-ittihad,Al-Ittihad,saudi-pro-league,Saudi Pro League,31,4,domestic_league,False,professional_or_unknown,True,,Wikipedia,https://en.wikipedia.org/wiki/N'Golo_Kanté,2026-08-02,1366994487
n-golo-kante,Q16665941,N'Golo Kanté,1991-03-29,France,midfielder,DM,MID,active,2025–26,2025–26,2025,2026,split_year,34,al-ittihad,Al-Ittihad,saudi-pro-league,Saudi Pro League,18,2,domestic_league,False,professional_or_unknown,True,,Wikipedia,https://en.wikipedia.org/wiki/N'Golo_Kanté,2026-08-02,1366994487
n-golo-kante,Q16665941,N'Golo Kanté,1991-03-29,France,midfielder,DM,MID,active,2025–26,2025–26,2025,2026,split_year,34,fenerbahce,Fenerbahçe,super-lig,Süper Lig,14,2,domestic_league,False,professional_or_unknown,True,,Wikipedia,https://en.wikipedia.org/wiki/N'Golo_Kanté,2026-08-02,1366994487
n-golo-kante,Q16665941,N'Golo Kanté,1991-03-29,France,midfielder,DM,MID,active,2026–27,2026–27,2026,2027,split_year,35,fenerbahce,Fenerbahçe,super-lig,Süper Lig,0,0,domestic_league,True,professional_or_unknown,True,,Wikipedia,https://en.wikipedia.org/wiki/N'Golo_Kanté,2026-08-02,1366994487
nemanja-matic,Q297603,Nemanja Matić,1988-08-01,Serbia,defensive midfielder,DM,MID,active,2006–07,2006–07,2006,2007,split_year,18,kosice,Košice,slovak-superliga,Slovak Superliga,14,1,domestic_league,False,professional_or_unknown,True,,Wikipedia,https://en.wikipedia.org/wiki/Nemanja_Matić,2026-08-02,1366373632
nemanja-matic,Q297603,Nemanja Matić,1988-08-01,Serbia,defensive midfielder,DM,MID,active,2007–08,2007–08,2007,2008,split_year,19,kosice,Košice,slovak-superliga,Slovak Superliga,26,1,domestic_league,False,professional_or_unknown,True,,Wikipedia,https://en.wikipedia.org/wiki/Nemanja_Matić,2026-08-02,1366373632
nemanja-matic,Q297603,Nemanja Matić,1988-08-01,Serbia,defensive midfielder,DM,MID,active,2008–09,2008–09,2008,2009,split_year,20,kosice,Košice,slovak-superliga,Slovak Superliga,29,2,domestic_league,False,professional_or_unknown,True,,Wikipedia,https://en.wikipedia.org/wiki/Nemanja_Matić,2026-08-02,1366373632
nemanja-matic,Q297603,Nemanja Matić,1988-08-01,Serbia,defensive midfielder,DM,MID,active,2009–10,2009–10,2009,2010,split_year,21,chelsea,Chelsea,premier-league,Premier League,2,0,domestic_league,False,professional_or_unknown,True,,Wikipedia,https://en.wikipedia.org/wiki/Nemanja_Matić,2026-08-02,1366373632
nemanja-matic,Q297603,Nemanja Matić,1988-08-01,Serbia,defensive midfielder,DM,MID,active,2009–10,2009–10,2009,2010,split_year,21,kosice,Košice,slovak-superliga,Slovak Superliga,1,0,domestic_league,False,professional_or_unknown,True,,Wikipedia,https://en.wikipedia.org/wiki/Nemanja_Matić,2026-08-02,1366373632
nemanja-matic,Q297603,Nemanja Matić,1988-08-01,Serbia,defensive midfielder,DM,MID,active,2010–11,2010–11,2010,2011,split_year,22,chelsea,Chelsea,premier-league,Premier League,0,0,domestic_league,False,professional_or_unknown,True,,Wikipedia,https://en.wikipedia.org/wiki/Nemanja_Matić,2026-08-02,1366373632
nemanja-matic,Q297603,Nemanja Matić,1988-08-01,Serbia,defensive midfielder,DM,MID,active,2010–11,2010–11,2010,2011,split_year,22,vitesse-loan,Vitesse (loan),eredivisie,Eredivisie,27,2,domestic_league,False,professional_or_unknown,True,,Wikipedia,https://en.wikipedia.org/wiki/Nemanja_Matić,2026-08-02,1366373632
nemanja-matic,Q297603,Nemanja Matić,1988-08-01,Serbia,defensive midfielder,DM,MID,active,2011–12,2011–12,2011,2012,split_year,23,benfica,Benfica,primeira-liga,Primeira Liga,16,1,domestic_league,False,professional_or_unknown,True,,Wikipedia,https://en.wikipedia.org/wiki/Nemanja_Matić,2026-08-02,1366373632
nemanja-matic,Q297603,Nemanja Matić,1988-08-01,Serbia,defensive midfielder,DM,MID,active,2012–13,2012–13,2012,2013,split_year,24,benfica,Benfica,primeira-liga,Primeira Liga,26,3,domestic_league,False,professional_or_unknown,True,,Wikipedia,https://en.wikipedia.org/wiki/Nemanja_Matić,2026-08-02,1366373632
nemanja-matic,Q297603,Nemanja Matić,1988-08-01,Serbia,defensive midfielder,DM,MID,active,2013–14,2013–14,2013,2014,split_year,25,benfica,Benfica,primeira-liga,Primeira Liga,14,2,domestic_league,False,professional_or_unknown,True,,Wikipedia,https://en.wikipedia.org/wiki/Nemanja_Matić,2026-08-02,1366373632
nemanja-matic,Q297603,Nemanja Matić,1988-08-01,Serbia,defensive midfielder,DM,MID,active,2013–14,2013–14,2013,2014,split_year,25,chelsea,Chelsea,premier-league,Premier League,17,0,domestic_league,False,professional_or_unknown,True,,Wikipedia,https://en.wikipedia.org/wiki/Nemanja_Matić,2026-08-02,1366373632
nemanja-matic,Q297603,Nemanja Matić,1988-08-01,Serbia,defensive midfielder,DM,MID,active,2014–15,2014–15,2014,2015,split_year,26,chelsea,Chelsea,premier-league,Premier League,36,1,domestic_league,False,professional_or_unknown,True,,Wikipedia,https://en.wikipedia.org/wiki/Nemanja_Matić,2026-08-02,1366373632
nemanja-matic,Q297603,Nemanja Matić,1988-08-01,Serbia,defensive midfielder,DM,MID,active,2015–16,2015–16,2015,2016,split_year,27,chelsea,Chelsea,premier-league,Premier League,33,2,domestic_league,False,professional_or_unknown,True,,Wikipedia,https://en.wikipedia.org/wiki/Nemanja_Matić,2026-08-02,1366373632
nemanja-matic,Q297603,Nemanja Matić,1988-08-01,Serbia,defensive midfielder,DM,MID,active,2016–17,2016–17,2016,2017,split_year,28,chelsea,Chelsea,premier-league,Premier League,35,1,domestic_league,False,professional_or_unknown,True,,Wikipedia,https://en.wikipedia.org/wiki/Nemanja_Matić,2026-08-02,1366373632
nemanja-matic,Q297603,Nemanja Matić,1988-08-01,Serbia,defensive midfielder,DM,MID,active,2017–18,2017–18,2017,2018,split_year,29,manchester-united,Manchester United,premier-league,Premier League,36,1,domestic_league,False,professional_or_unknown,True,,Wikipedia,https://en.wikipedia.org/wiki/Nemanja_Matić,2026-08-02,1366373632
nemanja-matic,Q297603,Nemanja Matić,1988-08-01,Serbia,defensive midfielder,DM,MID,active,2018–19,2018–19,2018,2019,split_year,30,manchester-united,Manchester United,premier-league,Premier League,28,1,domestic_league,False,professional_or_unknown,True,,Wikipedia,https://en.wikipedia.org/wiki/Nemanja_Matić,2026-08-02,1366373632
nemanja-matic,Q297603,Nemanja Matić,1988-08-01,Serbia,defensive midfielder,DM,MID,active,2019–20,2019–20,2019,2020,split_year,31,manchester-united,Manchester United,premier-league,Premier League,21,0,domestic_league,False,professional_or_unknown,True,,Wikipedia,https://en.wikipedia.org/wiki/Nemanja_Matić,2026-08-02,1366373632
nemanja-matic,Q297603,Nemanja Matić,1988-08-01,Serbia,defensive midfielder,DM,MID,active,2020–21,2020–21,2020,2021,split_year,32,manchester-united,Manchester United,premier-league,Premier League,20,0,domestic_league,False,professional_or_unknown,True,,Wikipedia,https://en.wikipedia.org/wiki/Nemanja_Matić,2026-08-02,1366373632
nemanja-matic,Q297603,Nemanja Matić,1988-08-01,Serbia,defensive midfielder,DM,MID,active,2021–22,2021–22,2021,2022,split_year,33,manchester-united,Manchester United,premier-league,Premier League,23,0,domestic_league,False,professional_or_unknown,True,,Wikipedia,https://en.wikipedia.org/wiki/Nemanja_Matić,2026-08-02,1366373632
nemanja-matic,Q297603,Nemanja Matić,1988-08-01,Serbia,defensive midfielder,DM,MID,active,2022–23,2022–23,2022,2023,split_year,34,roma,Roma,serie-a,Serie A,35,2,domestic_league,False,professional_or_unknown,True,,Wikipedia,https://en.wikipedia.org/wiki/Nemanja_Matić,2026-08-02,1366373632
nemanja-matic,Q297603,Nemanja Matić,1988-08-01,Serbia,defensive midfielder,DM,MID,active,2023–24,2023–24,2023,2024,split_year,35,lyon,Lyon,ligue-1,Ligue 1,15,0,domestic_league,False,professional_or_unknown,True,,Wikipedia,https://en.wikipedia.org/wiki/Nemanja_Matić,2026-08-02,1366373632
nemanja-matic,Q297603,Nemanja Matić,1988-08-01,Serbia,defensive midfielder,DM,MID,active,2023–24,2023–24,2023,2024,split_year,35,rennes,Rennes,ligue-1,Ligue 1,13,0,domestic_league,False,professional_or_unknown,True,,Wikipedia,https://en.wikipedia.org/wiki/Nemanja_Matić,2026-08-02,1366373632
nemanja-matic,Q297603,Nemanja Matić,1988-08-01,Serbia,defensive midfielder,DM,MID,active,2024–25,2024–25,2024,2025,split_year,36,lyon,Lyon,ligue-1,Ligue 1,29,0,domestic_league,False,professional_or_unknown,True,,Wikipedia,https://en.wikipedia.org/wiki/Nemanja_Matić,2026-08-02,1366373632
nemanja-matic,Q297603,Nemanja Matić,1988-08-01,Serbia,defensive midfielder,DM,MID,active,2025–26,2025–26,2025,2026,split_year,37,sassuolo,Sassuolo,serie-a,Serie A,34,1,domestic_league,False,professional_or_unknown,True,,Wikipedia,https://en.wikipedia.org/wiki/Nemanja_Matić,2026-08-02,1366373632
nemanja-vidic,Q163564,Nemanja Vidić,1981-10-21,Serbia,centre-back,CB,DEF,retired,2000–01,2000–01,2000,2001,split_year,19,red-star-belgrade,Red Star Belgrade,first-league-of-fr-yugoslavia,First League of FR Yugoslavia,0,0,domestic_league,False,professional_or_unknown,True,,Wikipedia,https://en.wikipedia.org/wiki/Nemanja_Vidić,2026-08-02,1366114092
nemanja-vidic,Q163564,Nemanja Vidić,1981-10-21,Serbia,centre-back,CB,DEF,retired,2000–01,2000–01,2000,2001,split_year,19,spartak-subotica-loan,Spartak Subotica (loan),second-league-of-fr-yugoslavia,Second League of FR Yugoslavia,27,6,domestic_league,False,professional_or_unknown,True,,Wikipedia,https://en.wikipedia.org/wiki/Nemanja_Vidić,2026-08-02,1366114092
nemanja-vidic,Q163564,Nemanja Vidić,1981-10-21,Serbia,centre-back,CB,DEF,retired,2001–02,2001–02,2001,2002,split_year,20,red-star-belgrade,Red Star Belgrade,first-league-of-fr-yugoslavia,First League of FR Yugoslavia,22,2,domestic_league,False,professional_or_unknown,True,,Wikipedia,https://en.wikipedia.org/wiki/Nemanja_Vidić,2026-08-02,1366114092
nemanja-vidic,Q163564,Nemanja Vidić,1981-10-21,Serbia,centre-back,CB,DEF,retired,2002–03,2002–03,2002,2003,split_year,21,red-star-belgrade,Red Star Belgrade,first-league-of-serbia-and-montenegro,First League of Serbia and Montenegro,25,5,domestic_league,False,professional_or_unknown,True,,Wikipedia,https://en.wikipedia.org/wiki/Nemanja_Vidić,2026-08-02,1366114092
nemanja-vidic,Q163564,Nemanja Vidić,1981-10-21,Serbia,centre-back,CB,DEF,retired,2003–04,2003–04,2003,2004,split_year,22,red-star-belgrade,Red Star Belgrade,first-league-of-serbia-and-montenegro,First League of Serbia and Montenegro,20,5,domestic_league,False,professional_or_unknown,True,,Wikipedia,https://en.wikipedia.org/wiki/Nemanja_Vidić,2026-08-02,1366114092
nemanja-vidic,Q163564,Nemanja Vidić,1981-10-21,Serbia,centre-back,CB,DEF,retired,2004,2004,2004,2004,calendar_year,23,spartak-moscow,Spartak Moscow,russian-premier-league,Russian Premier League,12,2,domestic_league,False,professional_or_unknown,True,,Wikipedia,https://en.wikipedia.org/wiki/Nemanja_Vidić,2026-08-02,1366114092
nemanja-vidic,Q163564,Nemanja Vidić,1981-10-21,Serbia,centre-back,CB,DEF,retired,2005,2005,2005,2005,calendar_year,24,spartak-moscow,Spartak Moscow,russian-premier-league,Russian Premier League,27,2,domestic_league,False,professional_or_unknown,True,,Wikipedia,https://en.wikipedia.org/wiki/Nemanja_Vidić,2026-08-02,1366114092
nemanja-vidic,Q163564,Nemanja Vidić,1981-10-21,Serbia,centre-back,CB,DEF,retired,2005–06,2005–06,2005,2006,split_year,24,manchester-united,Manchester United,premier-league,Premier League,11,0,domestic_league,False,professional_or_unknown,True,,Wikipedia,https://en.wikipedia.org/wiki/Nemanja_Vidić,2026-08-02,1366114092
nemanja-vidic,Q163564,Nemanja Vidić,1981-10-21,Serbia,centre-back,CB,DEF,retired,2006–07,2006–07,2006,2007,split_year,25,manchester-united,Manchester United,premier-league,Premier League,25,3,domestic_league,False,professional_or_unknown,True,,Wikipedia,https://en.wikipedia.org/wiki/Nemanja_Vidić,2026-08-02,1366114092
nemanja-vidic,Q163564,Nemanja Vidić,1981-10-21,Serbia,centre-back,CB,DEF,retired,2007–08,2007–08,2007,2008,split_year,26,manchester-united,Manchester United,premier-league,Premier League,32,1,domestic_league,False,professional_or_unknown,True,,Wikipedia,https://en.wikipedia.org/wiki/Nemanja_Vidić,2026-08-02,1366114092
nemanja-vidic,Q163564,Nemanja Vidić,1981-10-21,Serbia,centre-back,CB,DEF,retired,2008–09,2008–09,2008,2009,split_year,27,manchester-united,Manchester United,premier-league,Premier League,34,4,domestic_league,False,professional_or_unknown,True,,Wikipedia,https://en.wikipedia.org/wiki/Nemanja_Vidić,2026-08-02,1366114092
nemanja-vidic,Q163564,Nemanja Vidić,1981-10-21,Serbia,centre-back,CB,DEF,retired,2009–10,2009–10,2009,2010,split_year,28,manchester-united,Manchester United,premier-league,Premier League,24,1,domestic_league,False,professional_or_unknown,True,,Wikipedia,https://en.wikipedia.org/wiki/Nemanja_Vidić,2026-08-02,1366114092
nemanja-vidic,Q163564,Nemanja Vidić,1981-10-21,Serbia,centre-back,CB,DEF,retired,2010–11,2010–11,2010,2011,split_year,29,manchester-united,Manchester United,premier-league,Premier League,35,5,domestic_league,False,professional_or_unknown,True,,Wikipedia,https://en.wikipedia.org/wiki/Nemanja_Vidić,2026-08-02,1366114092
nemanja-vidic,Q163564,Nemanja Vidić,1981-10-21,Serbia,centre-back,CB,DEF,retired,2011–12,2011–12,2011,2012,split_year,30,manchester-united,Manchester United,premier-league,Premier League,6,0,domestic_league,False,professional_or_unknown,True,,Wikipedia,https://en.wikipedia.org/wiki/Nemanja_Vidić,2026-08-02,1366114092
nemanja-vidic,Q163564,Nemanja Vidić,1981-10-21,Serbia,centre-back,CB,DEF,retired,2012–13,2012–13,2012,2013,split_year,31,manchester-united,Manchester United,premier-league,Premier League,22,1,domestic_league,False,professional_or_unknown,True,,Wikipedia,https://en.wikipedia.org/wiki/Nemanja_Vidić,2026-08-02,1366114092
nemanja-vidic,Q163564,Nemanja Vidić,1981-10-21,Serbia,centre-back,CB,DEF,retired,2013–14,2013–14,2013,2014,split_year,32,manchester-united,Manchester United,premier-league,Premier League,25,0,domestic_league,False,professional_or_unknown,True,,Wikipedia,https://en.wikipedia.org/wiki/Nemanja_Vidić,2026-08-02,1366114092
nemanja-vidic,Q163564,Nemanja Vidić,1981-10-21,Serbia,centre-back,CB,DEF,retired,2014–15,2014–15,2014,2015,split_year,33,inter-milan,Inter Milan,serie-a,Serie A,23,1,domestic_league,False,professional_or_unknown,True,,Wikipedia,https://en.wikipedia.org/wiki/Nemanja_Vidić,2026-08-02,1366114092
nemanja-vidic,Q163564,Nemanja Vidić,1981-10-21,Serbia,centre-back,CB,DEF,retired,2015–16,2015–16,2015,2016,split_year,34,inter-milan,Inter Milan,serie-a,Serie A,0,0,domestic_league,False,professional_or_unknown,True,,Wikipedia,https://en.wikipedia.org/wiki/Nemanja_Vidić,2026-08-02,1366114092
neymar,Q142794,Neymar,1992-02-05,Brazil,wing half,WNG,WIDE,active,2009,2009,2009,2009,calendar_year,17,santos,Santos,serie-a,Série A,33,10,domestic_league,False,professional_or_unknown,True,,Wikipedia,https://en.wikipedia.org/wiki/Neymar,2026-08-02,1367373652
neymar,Q142794,Neymar,1992-02-05,Brazil,wing half,WNG,WIDE,active,2010,2010,2010,2010,calendar_year,18,santos,Santos,serie-a,Série A,31,17,domestic_league,False,professional_or_unknown,True,,Wikipedia,https://en.wikipedia.org/wiki/Neymar,2026-08-02,1367373652
neymar,Q142794,Neymar,1992-02-05,Brazil,wing half,WNG,WIDE,active,2011,2011,2011,2011,calendar_year,19,santos,Santos,serie-a,Série A,21,13,domestic_league,False,professional_or_unknown,True,,Wikipedia,https://en.wikipedia.org/wiki/Neymar,2026-08-02,1367373652
neymar,Q142794,Neymar,1992-02-05,Brazil,wing half,WNG,WIDE,active,2012,2012,2012,2012,calendar_year,20,santos,Santos,serie-a,Série A,17,14,domestic_league,False,professional_or_unknown,True,,Wikipedia,https://en.wikipedia.org/wiki/Neymar,2026-08-02,1367373652
neymar,Q142794,Neymar,1992-02-05,Brazil,wing half,WNG,WIDE,active,2013,2013,2013,2013,calendar_year,21,santos,Santos,serie-a,Série A,1,0,domestic_league,False,professional_or_unknown,True,,Wikipedia,https://en.wikipedia.org/wiki/Neymar,2026-08-02,1367373652
neymar,Q142794,Neymar,1992-02-05,Brazil,wing half,WNG,WIDE,active,2013–14,2013–14,2013,2014,split_year,21,barcelona,Barcelona,la-liga,La Liga,26,9,domestic_league,False,professional_or_unknown,True,,Wikipedia,https://en.wikipedia.org/wiki/Neymar,2026-08-02,1367373652
neymar,Q142794,Neymar,1992-02-05,Brazil,wing half,WNG,WIDE,active,2014–15,2014–15,2014,2015,split_year,22,barcelona,Barcelona,la-liga,La Liga,33,22,domestic_league,False,professional_or_unknown,True,,Wikipedia,https://en.wikipedia.org/wiki/Neymar,2026-08-02,1367373652
neymar,Q142794,Neymar,1992-02-05,Brazil,wing half,WNG,WIDE,active,2015–16,2015–16,2015,2016,split_year,23,barcelona,Barcelona,la-liga,La Liga,34,24,domestic_league,False,professional_or_unknown,True,,Wikipedia,https://en.wikipedia.org/wiki/Neymar,2026-08-02,1367373652
neymar,Q142794,Neymar,1992-02-05,Brazil,wing half,WNG,WIDE,active,2016–17,2016–17,2016,2017,split_year,24,barcelona,Barcelona,la-liga,La Liga,30,13,domestic_league,False,professional_or_unknown,True,,Wikipedia,https://en.wikipedia.org/wiki/Neymar,2026-08-02,1367373652
neymar,Q142794,Neymar,1992-02-05,Brazil,wing half,WNG,WIDE,active,2017–18,2017–18,2017,2018,split_year,25,paris-saint-germain,Paris Saint-Germain,ligue-1,Ligue 1,20,19,domestic_league,False,professional_or_unknown,True,,Wikipedia,https://en.wikipedia.org/wiki/Neymar,2026-08-02,1367373652
neymar,Q142794,Neymar,1992-02-05,Brazil,wing half,WNG,WIDE,active,2018–19,2018–19,2018,2019,split_year,26,paris-saint-germain,Paris Saint-Germain,ligue-1,Ligue 1,17,15,domestic_league,False,professional_or_unknown,True,,Wikipedia,https://en.wikipedia.org/wiki/Neymar,2026-08-02,1367373652
neymar,Q142794,Neymar,1992-02-05,Brazil,wing half,WNG,WIDE,active,2019–20,2019–20,2019,2020,split_year,27,paris-saint-germain,Paris Saint-Germain,ligue-1,Ligue 1,15,13,domestic_league,False,professional_or_unknown,True,,Wikipedia,https://en.wikipedia.org/wiki/Neymar,2026-08-02,1367373652
neymar,Q142794,Neymar,1992-02-05,Brazil,wing half,WNG,WIDE,active,2020–21,2020–21,2020,2021,split_year,28,paris-saint-germain,Paris Saint-Germain,ligue-1,Ligue 1,18,9,domestic_league,False,professional_or_unknown,True,,Wikipedia,https://en.wikipedia.org/wiki/Neymar,2026-08-02,1367373652
neymar,Q142794,Neymar,1992-02-05,Brazil,wing half,WNG,WIDE,active,2021–22,2021–22,2021,2022,split_year,29,paris-saint-germain,Paris Saint-Germain,ligue-1,Ligue 1,22,13,domestic_league,False,professional_or_unknown,True,,Wikipedia,https://en.wikipedia.org/wiki/Neymar,2026-08-02,1367373652
neymar,Q142794,Neymar,1992-02-05,Brazil,wing half,WNG,WIDE,active,2022–23,2022–23,2022,2023,split_year,30,paris-saint-germain,Paris Saint-Germain,ligue-1,Ligue 1,20,13,domestic_league,False,professional_or_unknown,True,,Wikipedia,https://en.wikipedia.org/wiki/Neymar,2026-08-02,1367373652
neymar,Q142794,Neymar,1992-02-05,Brazil,wing half,WNG,WIDE,active,2023–24,2023–24,2023,2024,split_year,31,al-hilal,Al-Hilal,saudi-pro-league,Saudi Pro League,3,0,domestic_league,False,professional_or_unknown,True,,Wikipedia,https://en.wikipedia.org/wiki/Neymar,2026-08-02,1367373652
neymar,Q142794,Neymar,1992-02-05,Brazil,wing half,WNG,WIDE,active,2024–25,2024–25,2024,2025,split_year,32,al-hilal,Al-Hilal,saudi-pro-league,Saudi Pro League,0,0,domestic_league,False,professional_or_unknown,True,,Wikipedia,https://en.wikipedia.org/wiki/Neymar,2026-08-02,1367373652
neymar,Q142794,Neymar,1992-02-05,Brazil,wing half,WNG,WIDE,active,2025,2025,2025,2025,calendar_year,33,santos,Santos,serie-a,Série A,20,8,domestic_league,False,professional_or_unknown,True,,Wikipedia,https://en.wikipedia.org/wiki/Neymar,2026-08-02,1367373652
neymar,Q142794,Neymar,1992-02-05,Brazil,wing half,WNG,WIDE,active,2026,2026,2026,2026,calendar_year,34,santos,Santos,serie-a,Série A,9,6,domestic_league,True,professional_or_unknown,True,,Wikipedia,https://en.wikipedia.org/wiki/Neymar,2026-08-02,1367373652
nicolo-barella,Q20090225,Nicolò Barella,1997-02-07,Italy,midfielder,CM,MID,active,2014–15,2014–15,2014,2015,split_year,17,cagliari,Cagliari,serie-a,Serie A,3,0,domestic_league,False,professional_or_unknown,True,,Wikipedia,https://en.wikipedia.org/wiki/Nicolò_Barella,2026-08-02,1365736435
nicolo-barella,Q20090225,Nicolò Barella,1997-02-07,Italy,midfielder,CM,MID,active,2015–16,2015–16,2015,2016,split_year,18,cagliari,Cagliari,serie-b,Serie B,5,0,domestic_league,False,professional_or_unknown,True,,Wikipedia,https://en.wikipedia.org/wiki/Nicolò_Barella,2026-08-02,1365736435
nicolo-barella,Q20090225,Nicolò Barella,1997-02-07,Italy,midfielder,CM,MID,active,2015–16,2015–16,2015,2016,split_year,18,como-loan,Como (loan),serie-b,Serie B,16,0,domestic_league,False,professional_or_unknown,True,,Wikipedia,https://en.wikipedia.org/wiki/Nicolò_Barella,2026-08-02,1365736435
nicolo-barella,Q20090225,Nicolò Barella,1997-02-07,Italy,midfielder,CM,MID,active,2016–17,2016–17,2016,2017,split_year,19,cagliari,Cagliari,serie-a,Serie A,28,0,domestic_league,False,professional_or_unknown,True,,Wikipedia,https://en.wikipedia.org/wiki/Nicolò_Barella,2026-08-02,1365736435
nicolo-barella,Q20090225,Nicolò Barella,1997-02-07,Italy,midfielder,CM,MID,active,2017–18,2017–18,2017,2018,split_year,20,cagliari,Cagliari,serie-a,Serie A,34,6,domestic_league,False,professional_or_unknown,True,,Wikipedia,https://en.wikipedia.org/wiki/Nicolò_Barella,2026-08-02,1365736435
nicolo-barella,Q20090225,Nicolò Barella,1997-02-07,Italy,midfielder,CM,MID,active,2018–19,2018–19,2018,2019,split_year,21,cagliari,Cagliari,serie-a,Serie A,35,1,domestic_league,False,professional_or_unknown,True,,Wikipedia,https://en.wikipedia.org/wiki/Nicolò_Barella,2026-08-02,1365736435
nicolo-barella,Q20090225,Nicolò Barella,1997-02-07,Italy,midfielder,CM,MID,active,2019–20,2019–20,2019,2020,split_year,22,inter-milan-loan,Inter Milan (loan),serie-a,Serie A,27,1,domestic_league,False,professional_or_unknown,True,,Wikipedia,https://en.wikipedia.org/wiki/Nicolò_Barella,2026-08-02,1365736435
nicolo-barella,Q20090225,Nicolò Barella,1997-02-07,Italy,midfielder,CM,MID,active,2020–21,2020–21,2020,2021,split_year,23,inter-milan,Inter Milan,serie-a,Serie A,36,3,domestic_league,False,professional_or_unknown,True,,Wikipedia,https://en.wikipedia.org/wiki/Nicolò_Barella,2026-08-02,1365736435
nicolo-barella,Q20090225,Nicolò Barella,1997-02-07,Italy,midfielder,CM,MID,active,2021–22,2021–22,2021,2022,split_year,24,inter-milan,Inter Milan,serie-a,Serie A,36,3,domestic_league,False,professional_or_unknown,True,,Wikipedia,https://en.wikipedia.org/wiki/Nicolò_Barella,2026-08-02,1365736435
nicolo-barella,Q20090225,Nicolò Barella,1997-02-07,Italy,midfielder,CM,MID,active,2022–23,2022–23,2022,2023,split_year,25,inter-milan,Inter Milan,serie-a,Serie A,35,6,domestic_league,False,professional_or_unknown,True,,Wikipedia,https://en.wikipedia.org/wiki/Nicolò_Barella,2026-08-02,1365736435
nicolo-barella,Q20090225,Nicolò Barella,1997-02-07,Italy,midfielder,CM,MID,active,2023–24,2023–24,2023,2024,split_year,26,inter-milan,Inter Milan,serie-a,Serie A,37,2,domestic_league,False,professional_or_unknown,True,,Wikipedia,https://en.wikipedia.org/wiki/Nicolò_Barella,2026-08-02,1365736435
nicolo-barella,Q20090225,Nicolò Barella,1997-02-07,Italy,midfielder,CM,MID,active,2024–25,2024–25,2024,2025,split_year,27,inter-milan,Inter Milan,serie-a,Serie A,33,3,domestic_league,False,professional_or_unknown,True,,Wikipedia,https://en.wikipedia.org/wiki/Nicolò_Barella,2026-08-02,1365736435
nicolo-barella,Q20090225,Nicolò Barella,1997-02-07,Italy,midfielder,CM,MID,active,2025–26,2025–26,2025,2026,split_year,28,inter-milan,Inter Milan,serie-a,Serie A,34,3,domestic_league,False,professional_or_unknown,True,,Wikipedia,https://en.wikipedia.org/wiki/Nicolò_Barella,2026-08-02,1365736435
nuno-mendes-footballer-born-2002,Q96396963,"Nuno Mendes (footballer, born 2002)",2002-06-19,Portugal,full-back,FB,DEF,active,2019–20,2019–20,2019,2020,split_year,17,sporting-cp,Sporting CP,primeira-liga,Primeira Liga,9,0,domestic_league,False,professional_or_unknown,True,,Wikipedia,"https://en.wikipedia.org/wiki/Nuno_Mendes_(footballer,_born_2002)",2026-08-02,1367109019
nuno-mendes-footballer-born-2002,Q96396963,"Nuno Mendes (footballer, born 2002)",2002-06-19,Portugal,full-back,FB,DEF,active,2020–21,2020–21,2020,2021,split_year,18,sporting-cp,Sporting CP,primeira-liga,Primeira Liga,29,1,domestic_league,False,professional_or_unknown,True,,Wikipedia,"https://en.wikipedia.org/wiki/Nuno_Mendes_(footballer,_born_2002)",2026-08-02,1367109019
nuno-mendes-footballer-born-2002,Q96396963,"Nuno Mendes (footballer, born 2002)",2002-06-19,Portugal,full-back,FB,DEF,active,2021–22,2021–22,2021,2022,split_year,19,paris-saint-germain-loan,Paris Saint-Germain (loan),ligue-1,Ligue 1,27,0,domestic_league,False,professional_or_unknown,True,,Wikipedia,"https://en.wikipedia.org/wiki/Nuno_Mendes_(footballer,_born_2002)",2026-08-02,1367109019
nuno-mendes-footballer-born-2002,Q96396963,"Nuno Mendes (footballer, born 2002)",2002-06-19,Portugal,full-back,FB,DEF,active,2021–22,2021–22,2021,2022,split_year,19,sporting-cp,Sporting CP,primeira-liga,Primeira Liga,2,0,domestic_league,False,professional_or_unknown,True,,Wikipedia,"https://en.wikipedia.org/wiki/Nuno_Mendes_(footballer,_born_2002)",2026-08-02,1367109019
nuno-mendes-footballer-born-2002,Q96396963,"Nuno Mendes (footballer, born 2002)",2002-06-19,Portugal,full-back,FB,DEF,active,2022–23,2022–23,2022,2023,split_year,20,paris-saint-germain,Paris Saint-Germain,ligue-1,Ligue 1,23,1,domestic_league,False,professional_or_unknown,True,,Wikipedia,"https://en.wikipedia.org/wiki/Nuno_Mendes_(footballer,_born_2002)",2026-08-02,1367109019
nuno-mendes-footballer-born-2002,Q96396963,"Nuno Mendes (footballer, born 2002)",2002-06-19,Portugal,full-back,FB,DEF,active,2023–24,2023–24,2023,2024,split_year,21,paris-saint-germain,Paris Saint-Germain,ligue-1,Ligue 1,6,1,domestic_league,False,professional_or_unknown,True,,Wikipedia,"https://en.wikipedia.org/wiki/Nuno_Mendes_(footballer,_born_2002)",2026-08-02,1367109019
nuno-mendes-footballer-born-2002,Q96396963,"Nuno Mendes (footballer, born 2002)",2002-06-19,Portugal,full-back,FB,DEF,active,2024–25,2024–25,2024,2025,split_year,22,paris-saint-germain,Paris Saint-Germain,ligue-1,Ligue 1,24,1,domestic_league,False,professional_or_unknown,True,,Wikipedia,"https://en.wikipedia.org/wiki/Nuno_Mendes_(footballer,_born_2002)",2026-08-02,1367109019
nuno-mendes-footballer-born-2002,Q96396963,"Nuno Mendes (footballer, born 2002)",2002-06-19,Portugal,full-back,FB,DEF,active,2025–26,2025–26,2025,2026,split_year,23,paris-saint-germain,Paris Saint-Germain,ligue-1,Ligue 1,20,4,domestic_league,False,professional_or_unknown,True,,Wikipedia,"https://en.wikipedia.org/wiki/Nuno_Mendes_(footballer,_born_2002)",2026-08-02,1367109019
ousmane-dembele,Q20851003,Ousmane Dembélé,1997-05-15,France,forward,WNG,WIDE,active,2015–16,2015–16,2015,2016,split_year,18,rennes,Rennes,ligue-1,Ligue 1,26,12,domestic_league,False,professional_or_unknown,True,,Wikipedia,https://en.wikipedia.org/wiki/Ousmane_Dembélé,2026-08-02,1367109198
ousmane-dembele,Q20851003,Ousmane Dembélé,1997-05-15,France,forward,WNG,WIDE,active,2016–17,2016–17,2016,2017,split_year,19,borussia-dortmund,Borussia Dortmund,bundesliga,Bundesliga,32,6,domestic_league,False,professional_or_unknown,True,,Wikipedia,https://en.wikipedia.org/wiki/Ousmane_Dembélé,2026-08-02,1367109198
ousmane-dembele,Q20851003,Ousmane Dembélé,1997-05-15,France,forward,WNG,WIDE,active,2017–18,2017–18,2017,2018,split_year,20,barcelona,Barcelona,la-liga,La Liga,17,3,domestic_league,False,professional_or_unknown,True,,Wikipedia,https://en.wikipedia.org/wiki/Ousmane_Dembélé,2026-08-02,1367109198
ousmane-dembele,Q20851003,Ousmane Dembélé,1997-05-15,France,forward,WNG,WIDE,active,2017–18,2017–18,2017,2018,split_year,20,borussia-dortmund,Borussia Dortmund,bundesliga,Bundesliga,0,0,domestic_league,False,professional_or_unknown,True,,Wikipedia,https://en.wikipedia.org/wiki/Ousmane_Dembélé,2026-08-02,1367109198
ousmane-dembele,Q20851003,Ousmane Dembélé,1997-05-15,France,forward,WNG,WIDE,active,2018–19,2018–19,2018,2019,split_year,21,barcelona,Barcelona,la-liga,La Liga,29,8,domestic_league,False,professional_or_unknown,True,,Wikipedia,https://en.wikipedia.org/wiki/Ousmane_Dembélé,2026-08-02,1367109198
ousmane-dembele,Q20851003,Ousmane Dembélé,1997-05-15,France,forward,WNG,WIDE,active,2019–20,2019–20,2019,2020,split_year,22,barcelona,Barcelona,la-liga,La Liga,5,1,domestic_league,False,professional_or_unknown,True,,Wikipedia,https://en.wikipedia.org/wiki/Ousmane_Dembélé,2026-08-02,1367109198
ousmane-dembele,Q20851003,Ousmane Dembélé,1997-05-15,France,forward,WNG,WIDE,active,2020–21,2020–21,2020,2021,split_year,23,barcelona,Barcelona,la-liga,La Liga,30,6,domestic_league,False,professional_or_unknown,True,,Wikipedia,https://en.wikipedia.org/wiki/Ousmane_Dembélé,2026-08-02,1367109198
ousmane-dembele,Q20851003,Ousmane Dembélé,1997-05-15,France,forward,WNG,WIDE,active,2021–22,2021–22,2021,2022,split_year,24,barcelona,Barcelona,la-liga,La Liga,21,1,domestic_league,False,professional_or_unknown,True,,Wikipedia,https://en.wikipedia.org/wiki/Ousmane_Dembélé,2026-08-02,1367109198
ousmane-dembele,Q20851003,Ousmane Dembélé,1997-05-15,France,forward,WNG,WIDE,active,2022–23,2022–23,2022,2023,split_year,25,barcelona,Barcelona,la-liga,La Liga,25,5,domestic_league,False,professional_or_unknown,True,,Wikipedia,https://en.wikipedia.org/wiki/Ousmane_Dembélé,2026-08-02,1367109198
ousmane-dembele,Q20851003,Ousmane Dembélé,1997-05-15,France,forward,WNG,WIDE,active,2023–24,2023–24,2023,2024,split_year,26,paris-saint-germain,Paris Saint-Germain,ligue-1,Ligue 1,26,3,domestic_league,False,professional_or_unknown,True,,Wikipedia,https://en.wikipedia.org/wiki/Ousmane_Dembélé,2026-08-02,1367109198
ousmane-dembele,Q20851003,Ousmane Dembélé,1997-05-15,France,forward,WNG,WIDE,active,2024–25,2024–25,2024,2025,split_year,27,paris-saint-germain,Paris Saint-Germain,ligue-1,Ligue 1,29,21,domestic_league,False,professional_or_unknown,True,,Wikipedia,https://en.wikipedia.org/wiki/Ousmane_Dembélé,2026-08-02,1367109198
ousmane-dembele,Q20851003,Ousmane Dembélé,1997-05-15,France,forward,WNG,WIDE,active,2025–26,2025–26,2025,2026,split_year,28,paris-saint-germain,Paris Saint-Germain,ligue-1,Ligue 1,22,10,domestic_league,False,professional_or_unknown,True,,Wikipedia,https://en.wikipedia.org/wiki/Ousmane_Dembélé,2026-08-02,1367109198
paolo-maldini,Q483027,Paolo Maldini,1968-06-26,Italy,centre-back,CB,DEF,retired,1984–85,1984–85,1984,1985,split_year,16,ac-milan,AC Milan,serie-a,Serie A,1,0,domestic_league,False,professional_or_unknown,True,,Wikipedia,https://en.wikipedia.org/wiki/Paolo_Maldini,2026-08-02,1367237249
paolo-maldini,Q483027,Paolo Maldini,1968-06-26,Italy,centre-back,CB,DEF,retired,1985–86,1985–86,1985,1986,split_year,17,ac-milan,AC Milan,serie-a,Serie A,27,0,domestic_league,False,professional_or_unknown,True,,Wikipedia,https://en.wikipedia.org/wiki/Paolo_Maldini,2026-08-02,1367237249
paolo-maldini,Q483027,Paolo Maldini,1968-06-26,Italy,centre-back,CB,DEF,retired,1986–87,1986–87,1986,1987,split_year,18,ac-milan,AC Milan,serie-a,Serie A,29,1,domestic_league,False,professional_or_unknown,True,,Wikipedia,https://en.wikipedia.org/wiki/Paolo_Maldini,2026-08-02,1367237249
paolo-maldini,Q483027,Paolo Maldini,1968-06-26,Italy,centre-back,CB,DEF,retired,1987–88,1987–88,1987,1988,split_year,19,ac-milan,AC Milan,serie-a,Serie A,26,2,domestic_league,False,professional_or_unknown,True,,Wikipedia,https://en.wikipedia.org/wiki/Paolo_Maldini,2026-08-02,1367237249
paolo-maldini,Q483027,Paolo Maldini,1968-06-26,Italy,centre-back,CB,DEF,retired,1988–89,1988–89,1988,1989,split_year,20,ac-milan,AC Milan,serie-a,Serie A,26,0,domestic_league,False,professional_or_unknown,True,,Wikipedia,https://en.wikipedia.org/wiki/Paolo_Maldini,2026-08-02,1367237249
paolo-maldini,Q483027,Paolo Maldini,1968-06-26,Italy,centre-back,CB,DEF,retired,1989–90,1989–90,1989,1990,split_year,21,ac-milan,AC Milan,serie-a,Serie A,30,1,domestic_league,False,professional_or_unknown,True,,Wikipedia,https://en.wikipedia.org/wiki/Paolo_Maldini,2026-08-02,1367237249
paolo-maldini,Q483027,Paolo Maldini,1968-06-26,Italy,centre-back,CB,DEF,retired,1990–91,1990–91,1990,1991,split_year,22,ac-milan,AC Milan,serie-a,Serie A,26,4,domestic_league,False,professional_or_unknown,True,,Wikipedia,https://en.wikipedia.org/wiki/Paolo_Maldini,2026-08-02,1367237249
paolo-maldini,Q483027,Paolo Maldini,1968-06-26,Italy,centre-back,CB,DEF,retired,1991–92,1991–92,1991,1992,split_year,23,ac-milan,AC Milan,serie-a,Serie A,31,3,domestic_league,False,professional_or_unknown,True,,Wikipedia,https://en.wikipedia.org/wiki/Paolo_Maldini,2026-08-02,1367237249
paolo-maldini,Q483027,Paolo Maldini,1968-06-26,Italy,centre-back,CB,DEF,retired,1992–93,1992–93,1992,1993,split_year,24,ac-milan,AC Milan,serie-a,Serie A,31,2,domestic_league,False,professional_or_unknown,True,,Wikipedia,https://en.wikipedia.org/wiki/Paolo_Maldini,2026-08-02,1367237249
paolo-maldini,Q483027,Paolo Maldini,1968-06-26,Italy,centre-back,CB,DEF,retired,1993–94,1993–94,1993,1994,split_year,25,ac-milan,AC Milan,serie-a,Serie A,30,1,domestic_league,False,professional_or_unknown,True,,Wikipedia,https://en.wikipedia.org/wiki/Paolo_Maldini,2026-08-02,1367237249
paolo-maldini,Q483027,Paolo Maldini,1968-06-26,Italy,centre-back,CB,DEF,retired,1994–95,1994–95,1994,1995,split_year,26,ac-milan,AC Milan,serie-a,Serie A,29,2,domestic_league,False,professional_or_unknown,True,,Wikipedia,https://en.wikipedia.org/wiki/Paolo_Maldini,2026-08-02,1367237249
paolo-maldini,Q483027,Paolo Maldini,1968-06-26,Italy,centre-back,CB,DEF,retired,1995–96,1995–96,1995,1996,split_year,27,ac-milan,AC Milan,serie-a,Serie A,30,3,domestic_league,False,professional_or_unknown,True,,Wikipedia,https://en.wikipedia.org/wiki/Paolo_Maldini,2026-08-02,1367237249
paolo-maldini,Q483027,Paolo Maldini,1968-06-26,Italy,centre-back,CB,DEF,retired,1996–97,1996–97,1996,1997,split_year,28,ac-milan,AC Milan,serie-a,Serie A,26,1,domestic_league,False,professional_or_unknown,True,,Wikipedia,https://en.wikipedia.org/wiki/Paolo_Maldini,2026-08-02,1367237249
paolo-maldini,Q483027,Paolo Maldini,1968-06-26,Italy,centre-back,CB,DEF,retired,1997–98,1997–98,1997,1998,split_year,29,ac-milan,AC Milan,serie-a,Serie A,30,0,domestic_league,False,professional_or_unknown,True,,Wikipedia,https://en.wikipedia.org/wiki/Paolo_Maldini,2026-08-02,1367237249
paolo-maldini,Q483027,Paolo Maldini,1968-06-26,Italy,centre-back,CB,DEF,retired,1998–99,1998–99,1998,1999,split_year,30,ac-milan,AC Milan,serie-a,Serie A,31,1,domestic_league,False,professional_or_unknown,True,,Wikipedia,https://en.wikipedia.org/wiki/Paolo_Maldini,2026-08-02,1367237249
paolo-maldini,Q483027,Paolo Maldini,1968-06-26,Italy,centre-back,CB,DEF,retired,1999–2000,1999–2000,1999,2000,split_year,31,ac-milan,AC Milan,serie-a,Serie A,27,1,domestic_league,False,professional_or_unknown,True,,Wikipedia,https://en.wikipedia.org/wiki/Paolo_Maldini,2026-08-02,1367237249
paolo-maldini,Q483027,Paolo Maldini,1968-06-26,Italy,centre-back,CB,DEF,retired,2000–01,2000–01,2000,2001,split_year,32,ac-milan,AC Milan,serie-a,Serie A,31,1,domestic_league,False,professional_or_unknown,True,,Wikipedia,https://en.wikipedia.org/wiki/Paolo_Maldini,2026-08-02,1367237249
paolo-maldini,Q483027,Paolo Maldini,1968-06-26,Italy,centre-back,CB,DEF,retired,2001–02,2001–02,2001,2002,split_year,33,ac-milan,AC Milan,serie-a,Serie A,15,0,domestic_league,False,professional_or_unknown,True,,Wikipedia,https://en.wikipedia.org/wiki/Paolo_Maldini,2026-08-02,1367237249
paolo-maldini,Q483027,Paolo Maldini,1968-06-26,Italy,centre-back,CB,DEF,retired,2002–03,2002–03,2002,2003,split_year,34,ac-milan,AC Milan,serie-a,Serie A,29,2,domestic_league,False,professional_or_unknown,True,,Wikipedia,https://en.wikipedia.org/wiki/Paolo_Maldini,2026-08-02,1367237249
paolo-maldini,Q483027,Paolo Maldini,1968-06-26,Italy,centre-back,CB,DEF,retired,2003–04,2003–04,2003,2004,split_year,35,ac-milan,AC Milan,serie-a,Serie A,30,0,domestic_league,False,professional_or_unknown,True,,Wikipedia,https://en.wikipedia.org/wiki/Paolo_Maldini,2026-08-02,1367237249
paolo-maldini,Q483027,Paolo Maldini,1968-06-26,Italy,centre-back,CB,DEF,retired,2004–05,2004–05,2004,2005,split_year,36,ac-milan,AC Milan,serie-a,Serie A,33,0,domestic_league,False,professional_or_unknown,True,,Wikipedia,https://en.wikipedia.org/wiki/Paolo_Maldini,2026-08-02,1367237249
paolo-maldini,Q483027,Paolo Maldini,1968-06-26,Italy,centre-back,CB,DEF,retired,2005–06,2005–06,2005,2006,split_year,37,ac-milan,AC Milan,serie-a,Serie A,14,2,domestic_league,False,professional_or_unknown,True,,Wikipedia,https://en.wikipedia.org/wiki/Paolo_Maldini,2026-08-02,1367237249
paolo-maldini,Q483027,Paolo Maldini,1968-06-26,Italy,centre-back,CB,DEF,retired,2006–07,2006–07,2006,2007,split_year,38,ac-milan,AC Milan,serie-a,Serie A,18,1,domestic_league,False,professional_or_unknown,True,,Wikipedia,https://en.wikipedia.org/wiki/Paolo_Maldini,2026-08-02,1367237249
paolo-maldini,Q483027,Paolo Maldini,1968-06-26,Italy,centre-back,CB,DEF,retired,2007–08,2007–08,2007,2008,split_year,39,ac-milan,AC Milan,serie-a,Serie A,17,1,domestic_league,False,professional_or_unknown,True,,Wikipedia,https://en.wikipedia.org/wiki/Paolo_Maldini,2026-08-02,1367237249
paolo-maldini,Q483027,Paolo Maldini,1968-06-26,Italy,centre-back,CB,DEF,retired,2008–09,2008–09,2008,2009,split_year,40,ac-milan,AC Milan,serie-a,Serie A,30,0,domestic_league,False,professional_or_unknown,True,,Wikipedia,https://en.wikipedia.org/wiki/Paolo_Maldini,2026-08-02,1367237249
patrice-evra,Q1916,Patrice Evra,1981-05-15,France,full-back,FB,DEF,retired,1999–2000,1999–2000,1999,2000,split_year,18,monza,Monza,serie-b,Serie B,3,0,domestic_league,False,professional_or_unknown,True,,Wikipedia,https://en.wikipedia.org/wiki/Patrice_Evra,2026-08-02,1367165052
patrice-evra,Q1916,Patrice Evra,1981-05-15,France,full-back,FB,DEF,retired,2000–01,2000–01,2000,2001,split_year,19,nice,Nice,french-division-2,French Division 2,5,0,domestic_league,False,professional_or_unknown,True,,Wikipedia,https://en.wikipedia.org/wiki/Patrice_Evra,2026-08-02,1367165052
patrice-evra,Q1916,Patrice Evra,1981-05-15,France,full-back,FB,DEF,retired,2001–02,2001–02,2001,2002,split_year,20,nice,Nice,french-division-2,French Division 2,35,1,domestic_league,False,professional_or_unknown,True,,Wikipedia,https://en.wikipedia.org/wiki/Patrice_Evra,2026-08-02,1367165052
patrice-evra,Q1916,Patrice Evra,1981-05-15,France,full-back,FB,DEF,retired,2002–03,2002–03,2002,2003,split_year,21,monaco,Monaco,ligue-1,Ligue 1,36,2,domestic_league,False,professional_or_unknown,True,,Wikipedia,https://en.wikipedia.org/wiki/Patrice_Evra,2026-08-02,1367165052
patrice-evra,Q1916,Patrice Evra,1981-05-15,France,full-back,FB,DEF,retired,2003–04,2003–04,2003,2004,split_year,22,monaco,Monaco,ligue-1,Ligue 1,33,0,domestic_league,False,professional_or_unknown,True,,Wikipedia,https://en.wikipedia.org/wiki/Patrice_Evra,2026-08-02,1367165052
patrice-evra,Q1916,Patrice Evra,1981-05-15,France,full-back,FB,DEF,retired,2004–05,2004–05,2004,2005,split_year,23,monaco,Monaco,ligue-1,Ligue 1,36,0,domestic_league,False,professional_or_unknown,True,,Wikipedia,https://en.wikipedia.org/wiki/Patrice_Evra,2026-08-02,1367165052
patrice-evra,Q1916,Patrice Evra,1981-05-15,France,full-back,FB,DEF,retired,2005–06,2005–06,2005,2006,split_year,24,manchester-united,Manchester United,premier-league,Premier League,11,0,domestic_league,False,professional_or_unknown,True,,Wikipedia,https://en.wikipedia.org/wiki/Patrice_Evra,2026-08-02,1367165052
patrice-evra,Q1916,Patrice Evra,1981-05-15,France,full-back,FB,DEF,retired,2005–06,2005–06,2005,2006,split_year,24,monaco,Monaco,ligue-1,Ligue 1,15,0,domestic_league,False,professional_or_unknown,True,,Wikipedia,https://en.wikipedia.org/wiki/Patrice_Evra,2026-08-02,1367165052
patrice-evra,Q1916,Patrice Evra,1981-05-15,France,full-back,FB,DEF,retired,2006–07,2006–07,2006,2007,split_year,25,manchester-united,Manchester United,premier-league,Premier League,24,1,domestic_league,False,professional_or_unknown,True,,Wikipedia,https://en.wikipedia.org/wiki/Patrice_Evra,2026-08-02,1367165052
patrice-evra,Q1916,Patrice Evra,1981-05-15,France,full-back,FB,DEF,retired,2007–08,2007–08,2007,2008,split_year,26,manchester-united,Manchester United,premier-league,Premier League,33,0,domestic_league,False,professional_or_unknown,True,,Wikipedia,https://en.wikipedia.org/wiki/Patrice_Evra,2026-08-02,1367165052
patrice-evra,Q1916,Patrice Evra,1981-05-15,France,full-back,FB,DEF,retired,2008–09,2008–09,2008,2009,split_year,27,manchester-united,Manchester United,premier-league,Premier League,28,0,domestic_league,False,professional_or_unknown,True,,Wikipedia,https://en.wikipedia.org/wiki/Patrice_Evra,2026-08-02,1367165052
patrice-evra,Q1916,Patrice Evra,1981-05-15,France,full-back,FB,DEF,retired,2009–10,2009–10,2009,2010,split_year,28,manchester-united,Manchester United,premier-league,Premier League,38,0,domestic_league,False,professional_or_unknown,True,,Wikipedia,https://en.wikipedia.org/wiki/Patrice_Evra,2026-08-02,1367165052
patrice-evra,Q1916,Patrice Evra,1981-05-15,France,full-back,FB,DEF,retired,2010–11,2010–11,2010,2011,split_year,29,manchester-united,Manchester United,premier-league,Premier League,35,1,domestic_league,False,professional_or_unknown,True,,Wikipedia,https://en.wikipedia.org/wiki/Patrice_Evra,2026-08-02,1367165052
patrice-evra,Q1916,Patrice Evra,1981-05-15,France,full-back,FB,DEF,retired,2011–12,2011–12,2011,2012,split_year,30,manchester-united,Manchester United,premier-league,Premier League,37,0,domestic_league,False,professional_or_unknown,True,,Wikipedia,https://en.wikipedia.org/wiki/Patrice_Evra,2026-08-02,1367165052
patrice-evra,Q1916,Patrice Evra,1981-05-15,France,full-back,FB,DEF,retired,2012–13,2012–13,2012,2013,split_year,31,manchester-united,Manchester United,premier-league,Premier League,34,4,domestic_league,False,professional_or_unknown,True,,Wikipedia,https://en.wikipedia.org/wiki/Patrice_Evra,2026-08-02,1367165052
patrice-evra,Q1916,Patrice Evra,1981-05-15,France,full-back,FB,DEF,retired,2013–14,2013–14,2013,2014,split_year,32,manchester-united,Manchester United,premier-league,Premier League,33,1,domestic_league,False,professional_or_unknown,True,,Wikipedia,https://en.wikipedia.org/wiki/Patrice_Evra,2026-08-02,1367165052
patrice-evra,Q1916,Patrice Evra,1981-05-15,France,full-back,FB,DEF,retired,2014–15,2014–15,2014,2015,split_year,33,juventus,Juventus,serie-a,Serie A,21,1,domestic_league,False,professional_or_unknown,True,,Wikipedia,https://en.wikipedia.org/wiki/Patrice_Evra,2026-08-02,1367165052
patrice-evra,Q1916,Patrice Evra,1981-05-15,France,full-back,FB,DEF,retired,2015–16,2015–16,2015,2016,split_year,34,juventus,Juventus,serie-a,Serie A,26,2,domestic_league,False,professional_or_unknown,True,,Wikipedia,https://en.wikipedia.org/wiki/Patrice_Evra,2026-08-02,1367165052
patrice-evra,Q1916,Patrice Evra,1981-05-15,France,full-back,FB,DEF,retired,2016–17,2016–17,2016,2017,split_year,35,juventus,Juventus,serie-a,Serie A,6,0,domestic_league,False,professional_or_unknown,True,,Wikipedia,https://en.wikipedia.org/wiki/Patrice_Evra,2026-08-02,1367165052
patrice-evra,Q1916,Patrice Evra,1981-05-15,France,full-back,FB,DEF,retired,2016–17,2016–17,2016,2017,split_year,35,marseille,Marseille,ligue-1,Ligue 1,11,1,domestic_league,False,professional_or_unknown,True,,Wikipedia,https://en.wikipedia.org/wiki/Patrice_Evra,2026-08-02,1367165052
patrice-evra,Q1916,Patrice Evra,1981-05-15,France,full-back,FB,DEF,retired,2017–18,2017–18,2017,2018,split_year,36,marseille,Marseille,ligue-1,Ligue 1,4,0,domestic_league,False,professional_or_unknown,True,,Wikipedia,https://en.wikipedia.org/wiki/Patrice_Evra,2026-08-02,1367165052
patrice-evra,Q1916,Patrice Evra,1981-05-15,France,full-back,FB,DEF,retired,2017–18,2017–18,2017,2018,split_year,36,west-ham-united,West Ham United,premier-league,Premier League,5,0,domestic_league,False,professional_or_unknown,True,,Wikipedia,https://en.wikipedia.org/wiki/Patrice_Evra,2026-08-02,1367165052
patrick-vieira,Q46347,Patrick Vieira,1976-06-23,France,defensive midfielder,DM,MID,retired,1993–94,1993–94,1993,1994,split_year,17,cannes,Cannes,division-1,Division 1,5,0,domestic_league,False,professional_or_unknown,True,,Wikipedia,https://en.wikipedia.org/wiki/Patrick_Vieira,2026-08-02,1367155892
patrick-vieira,Q46347,Patrick Vieira,1976-06-23,France,defensive midfielder,DM,MID,retired,1994–95,1994–95,1994,1995,split_year,18,cannes,Cannes,division-1,Division 1,31,2,domestic_league,False,professional_or_unknown,True,,Wikipedia,https://en.wikipedia.org/wiki/Patrick_Vieira,2026-08-02,1367155892
patrick-vieira,Q46347,Patrick Vieira,1976-06-23,France,defensive midfielder,DM,MID,retired,1995–96,1995–96,1995,1996,split_year,19,ac-milan,AC Milan,serie-a,Serie A,2,0,domestic_league,False,professional_or_unknown,True,,Wikipedia,https://en.wikipedia.org/wiki/Patrick_Vieira,2026-08-02,1367155892
patrick-vieira,Q46347,Patrick Vieira,1976-06-23,France,defensive midfielder,DM,MID,retired,1995–96,1995–96,1995,1996,split_year,19,cannes,Cannes,division-1,Division 1,13,0,domestic_league,False,professional_or_unknown,True,,Wikipedia,https://en.wikipedia.org/wiki/Patrick_Vieira,2026-08-02,1367155892
patrick-vieira,Q46347,Patrick Vieira,1976-06-23,France,defensive midfielder,DM,MID,retired,1996–97,1996–97,1996,1997,split_year,20,arsenal,Arsenal,premier-league,Premier League,31,2,domestic_league,False,professional_or_unknown,True,,Wikipedia,https://en.wikipedia.org/wiki/Patrick_Vieira,2026-08-02,1367155892
patrick-vieira,Q46347,Patrick Vieira,1976-06-23,France,defensive midfielder,DM,MID,retired,1997–98,1997–98,1997,1998,split_year,21,arsenal,Arsenal,premier-league,Premier League,33,2,domestic_league,False,professional_or_unknown,True,,Wikipedia,https://en.wikipedia.org/wiki/Patrick_Vieira,2026-08-02,1367155892
patrick-vieira,Q46347,Patrick Vieira,1976-06-23,France,defensive midfielder,DM,MID,retired,1998–99,1998–99,1998,1999,split_year,22,arsenal,Arsenal,premier-league,Premier League,34,3,domestic_league,False,professional_or_unknown,True,,Wikipedia,https://en.wikipedia.org/wiki/Patrick_Vieira,2026-08-02,1367155892
patrick-vieira,Q46347,Patrick Vieira,1976-06-23,France,defensive midfielder,DM,MID,retired,1999–2000,1999–2000,1999,2000,split_year,23,arsenal,Arsenal,premier-league,Premier League,30,2,domestic_league,False,professional_or_unknown,True,,Wikipedia,https://en.wikipedia.org/wiki/Patrick_Vieira,2026-08-02,1367155892
patrick-vieira,Q46347,Patrick Vieira,1976-06-23,France,defensive midfielder,DM,MID,retired,2000–01,2000–01,2000,2001,split_year,24,arsenal,Arsenal,premier-league,Premier League,30,5,domestic_league,False,professional_or_unknown,True,,Wikipedia,https://en.wikipedia.org/wiki/Patrick_Vieira,2026-08-02,1367155892
patrick-vieira,Q46347,Patrick Vieira,1976-06-23,France,defensive midfielder,DM,MID,retired,2001–02,2001–02,2001,2002,split_year,25,arsenal,Arsenal,premier-league,Premier League,36,2,domestic_league,False,professional_or_unknown,True,,Wikipedia,https://en.wikipedia.org/wiki/Patrick_Vieira,2026-08-02,1367155892
patrick-vieira,Q46347,Patrick Vieira,1976-06-23,France,defensive midfielder,DM,MID,retired,2002–03,2002–03,2002,2003,split_year,26,arsenal,Arsenal,premier-league,Premier League,24,3,domestic_league,False,professional_or_unknown,True,,Wikipedia,https://en.wikipedia.org/wiki/Patrick_Vieira,2026-08-02,1367155892
patrick-vieira,Q46347,Patrick Vieira,1976-06-23,France,defensive midfielder,DM,MID,retired,2003–04,2003–04,2003,2004,split_year,27,arsenal,Arsenal,premier-league,Premier League,29,3,domestic_league,False,professional_or_unknown,True,,Wikipedia,https://en.wikipedia.org/wiki/Patrick_Vieira,2026-08-02,1367155892
patrick-vieira,Q46347,Patrick Vieira,1976-06-23,France,defensive midfielder,DM,MID,retired,2004–05,2004–05,2004,2005,split_year,28,arsenal,Arsenal,premier-league,Premier League,32,6,domestic_league,False,professional_or_unknown,True,,Wikipedia,https://en.wikipedia.org/wiki/Patrick_Vieira,2026-08-02,1367155892
patrick-vieira,Q46347,Patrick Vieira,1976-06-23,France,defensive midfielder,DM,MID,retired,2005–06,2005–06,2005,2006,split_year,29,juventus,Juventus,serie-a,Serie A,31,5,domestic_league,False,professional_or_unknown,True,,Wikipedia,https://en.wikipedia.org/wiki/Patrick_Vieira,2026-08-02,1367155892
patrick-vieira,Q46347,Patrick Vieira,1976-06-23,France,defensive midfielder,DM,MID,retired,2006–07,2006–07,2006,2007,split_year,30,inter-milan,Inter Milan,serie-a,Serie A,20,1,domestic_league,False,professional_or_unknown,True,,Wikipedia,https://en.wikipedia.org/wiki/Patrick_Vieira,2026-08-02,1367155892
patrick-vieira,Q46347,Patrick Vieira,1976-06-23,France,defensive midfielder,DM,MID,retired,2007–08,2007–08,2007,2008,split_year,31,inter-milan,Inter Milan,serie-a,Serie A,16,3,domestic_league,False,professional_or_unknown,True,,Wikipedia,https://en.wikipedia.org/wiki/Patrick_Vieira,2026-08-02,1367155892
patrick-vieira,Q46347,Patrick Vieira,1976-06-23,France,defensive midfielder,DM,MID,retired,2008–09,2008–09,2008,2009,split_year,32,inter-milan,Inter Milan,serie-a,Serie A,19,1,domestic_league,False,professional_or_unknown,True,,Wikipedia,https://en.wikipedia.org/wiki/Patrick_Vieira,2026-08-02,1367155892
patrick-vieira,Q46347,Patrick Vieira,1976-06-23,France,defensive midfielder,DM,MID,retired,2009–10,2009–10,2009,2010,split_year,33,inter-milan,Inter Milan,serie-a,Serie A,12,1,domestic_league,False,professional_or_unknown,True,,Wikipedia,https://en.wikipedia.org/wiki/Patrick_Vieira,2026-08-02,1367155892
patrick-vieira,Q46347,Patrick Vieira,1976-06-23,France,defensive midfielder,DM,MID,retired,2009–10,2009–10,2009,2010,split_year,33,manchester-city,Manchester City,premier-league,Premier League,13,1,domestic_league,False,professional_or_unknown,True,,Wikipedia,https://en.wikipedia.org/wiki/Patrick_Vieira,2026-08-02,1367155892
patrick-vieira,Q46347,Patrick Vieira,1976-06-23,France,defensive midfielder,DM,MID,retired,2010–11,2010–11,2010,2011,split_year,34,manchester-city,Manchester City,premier-league,Premier League,15,2,domestic_league,False,professional_or_unknown,True,,Wikipedia,https://en.wikipedia.org/wiki/Patrick_Vieira,2026-08-02,1367155892
paul-scholes,Q45613,Paul Scholes,1974-11-16,United Kingdom,midfielder,CM,MID,retired,1994–95,1994–95,1994,1995,split_year,20,manchester-united,Manchester United,premier-league,Premier League,17,5,domestic_league,False,professional_or_unknown,True,,Wikipedia,https://en.wikipedia.org/wiki/Paul_Scholes,2026-08-02,1367177949
paul-scholes,Q45613,Paul Scholes,1974-11-16,United Kingdom,midfielder,CM,MID,retired,1995–96,1995–96,1995,1996,split_year,21,manchester-united,Manchester United,premier-league,Premier League,26,10,domestic_league,False,professional_or_unknown,True,,Wikipedia,https://en.wikipedia.org/wiki/Paul_Scholes,2026-08-02,1367177949
paul-scholes,Q45613,Paul Scholes,1974-11-16,United Kingdom,midfielder,CM,MID,retired,1996–97,1996–97,1996,1997,split_year,22,manchester-united,Manchester United,premier-league,Premier League,24,3,domestic_league,False,professional_or_unknown,True,,Wikipedia,https://en.wikipedia.org/wiki/Paul_Scholes,2026-08-02,1367177949
paul-scholes,Q45613,Paul Scholes,1974-11-16,United Kingdom,midfielder,CM,MID,retired,1997–98,1997–98,1997,1998,split_year,23,manchester-united,Manchester United,premier-league,Premier League,31,8,domestic_league,False,professional_or_unknown,True,,Wikipedia,https://en.wikipedia.org/wiki/Paul_Scholes,2026-08-02,1367177949
paul-scholes,Q45613,Paul Scholes,1974-11-16,United Kingdom,midfielder,CM,MID,retired,1998–99,1998–99,1998,1999,split_year,24,manchester-united,Manchester United,premier-league,Premier League,31,6,domestic_league,False,professional_or_unknown,True,,Wikipedia,https://en.wikipedia.org/wiki/Paul_Scholes,2026-08-02,1367177949
paul-scholes,Q45613,Paul Scholes,1974-11-16,United Kingdom,midfielder,CM,MID,retired,1999–2000,1999–2000,1999,2000,split_year,25,manchester-united,Manchester United,premier-league,Premier League,31,9,domestic_league,False,professional_or_unknown,True,,Wikipedia,https://en.wikipedia.org/wiki/Paul_Scholes,2026-08-02,1367177949
paul-scholes,Q45613,Paul Scholes,1974-11-16,United Kingdom,midfielder,CM,MID,retired,2000–01,2000–01,2000,2001,split_year,26,manchester-united,Manchester United,premier-league,Premier League,32,6,domestic_league,False,professional_or_unknown,True,,Wikipedia,https://en.wikipedia.org/wiki/Paul_Scholes,2026-08-02,1367177949
paul-scholes,Q45613,Paul Scholes,1974-11-16,United Kingdom,midfielder,CM,MID,retired,2001–02,2001–02,2001,2002,split_year,27,manchester-united,Manchester United,premier-league,Premier League,35,8,domestic_league,False,professional_or_unknown,True,,Wikipedia,https://en.wikipedia.org/wiki/Paul_Scholes,2026-08-02,1367177949
paul-scholes,Q45613,Paul Scholes,1974-11-16,United Kingdom,midfielder,CM,MID,retired,2002–03,2002–03,2002,2003,split_year,28,manchester-united,Manchester United,premier-league,Premier League,33,14,domestic_league,False,professional_or_unknown,True,,Wikipedia,https://en.wikipedia.org/wiki/Paul_Scholes,2026-08-02,1367177949
paul-scholes,Q45613,Paul Scholes,1974-11-16,United Kingdom,midfielder,CM,MID,retired,2003–04,2003–04,2003,2004,split_year,29,manchester-united,Manchester United,premier-league,Premier League,28,9,domestic_league,False,professional_or_unknown,True,,Wikipedia,https://en.wikipedia.org/wiki/Paul_Scholes,2026-08-02,1367177949
paul-scholes,Q45613,Paul Scholes,1974-11-16,United Kingdom,midfielder,CM,MID,retired,2004–05,2004–05,2004,2005,split_year,30,manchester-united,Manchester United,premier-league,Premier League,33,9,domestic_league,False,professional_or_unknown,True,,Wikipedia,https://en.wikipedia.org/wiki/Paul_Scholes,2026-08-02,1367177949
paul-scholes,Q45613,Paul Scholes,1974-11-16,United Kingdom,midfielder,CM,MID,retired,2005–06,2005–06,2005,2006,split_year,31,manchester-united,Manchester United,premier-league,Premier League,20,2,domestic_league,False,professional_or_unknown,True,,Wikipedia,https://en.wikipedia.org/wiki/Paul_Scholes,2026-08-02,1367177949
paul-scholes,Q45613,Paul Scholes,1974-11-16,United Kingdom,midfielder,CM,MID,retired,2006–07,2006–07,2006,2007,split_year,32,manchester-united,Manchester United,premier-league,Premier League,30,6,domestic_league,False,professional_or_unknown,True,,Wikipedia,https://en.wikipedia.org/wiki/Paul_Scholes,2026-08-02,1367177949
paul-scholes,Q45613,Paul Scholes,1974-11-16,United Kingdom,midfielder,CM,MID,retired,2007–08,2007–08,2007,2008,split_year,33,manchester-united,Manchester United,premier-league,Premier League,24,1,domestic_league,False,professional_or_unknown,True,,Wikipedia,https://en.wikipedia.org/wiki/Paul_Scholes,2026-08-02,1367177949
paul-scholes,Q45613,Paul Scholes,1974-11-16,United Kingdom,midfielder,CM,MID,retired,2008–09,2008–09,2008,2009,split_year,34,manchester-united,Manchester United,premier-league,Premier League,21,2,domestic_league,False,professional_or_unknown,True,,Wikipedia,https://en.wikipedia.org/wiki/Paul_Scholes,2026-08-02,1367177949
paul-scholes,Q45613,Paul Scholes,1974-11-16,United Kingdom,midfielder,CM,MID,retired,2009–10,2009–10,2009,2010,split_year,35,manchester-united,Manchester United,premier-league,Premier League,28,3,domestic_league,False,professional_or_unknown,True,,Wikipedia,https://en.wikipedia.org/wiki/Paul_Scholes,2026-08-02,1367177949
paul-scholes,Q45613,Paul Scholes,1974-11-16,United Kingdom,midfielder,CM,MID,retired,2010–11,2010–11,2010,2011,split_year,36,manchester-united,Manchester United,premier-league,Premier League,22,1,domestic_league,False,professional_or_unknown,True,,Wikipedia,https://en.wikipedia.org/wiki/Paul_Scholes,2026-08-02,1367177949
paul-scholes,Q45613,Paul Scholes,1974-11-16,United Kingdom,midfielder,CM,MID,retired,2011–12,2011–12,2011,2012,split_year,37,manchester-united,Manchester United,premier-league,Premier League,17,4,domestic_league,False,professional_or_unknown,True,,Wikipedia,https://en.wikipedia.org/wiki/Paul_Scholes,2026-08-02,1367177949
paul-scholes,Q45613,Paul Scholes,1974-11-16,United Kingdom,midfielder,CM,MID,retired,2012–13,2012–13,2012,2013,split_year,38,manchester-united,Manchester United,premier-league,Premier League,16,1,domestic_league,False,professional_or_unknown,True,,Wikipedia,https://en.wikipedia.org/wiki/Paul_Scholes,2026-08-02,1367177949
paul-scholes,Q45613,Paul Scholes,1974-11-16,United Kingdom,midfielder,CM,MID,retired,2018–19,2018–19,2018,2019,split_year,44,royton-town,Royton Town,mfl-premier-division,MFL Premier Division,2,0,domestic_league,False,amateur,False,amateur_or_non_league,Wikipedia,https://en.wikipedia.org/wiki/Paul_Scholes,2026-08-02,1367177949
paulo-dybala,Q166317,Paulo Dybala,1993-11-15,Argentina,forward,AM,MID,active,2011–12,2011–12,2011,2012,split_year,18,instituto-de-cordoba,Instituto de Córdoba,primera-b-nacional,Primera B Nacional,38,17,domestic_league,False,professional_or_unknown,True,,Wikipedia,https://en.wikipedia.org/wiki/Paulo_Dybala,2026-08-02,1364331039
paulo-dybala,Q166317,Paulo Dybala,1993-11-15,Argentina,forward,AM,MID,active,2012–13,2012–13,2012,2013,split_year,19,palermo,Palermo,serie-a,Serie A,27,3,domestic_league,False,professional_or_unknown,True,,Wikipedia,https://en.wikipedia.org/wiki/Paulo_Dybala,2026-08-02,1364331039
paulo-dybala,Q166317,Paulo Dybala,1993-11-15,Argentina,forward,AM,MID,active,2013–14,2013–14,2013,2014,split_year,20,palermo,Palermo,serie-b,Serie B,28,5,domestic_league,False,professional_or_unknown,True,,Wikipedia,https://en.wikipedia.org/wiki/Paulo_Dybala,2026-08-02,1364331039
paulo-dybala,Q166317,Paulo Dybala,1993-11-15,Argentina,forward,AM,MID,active,2014–15,2014–15,2014,2015,split_year,21,palermo,Palermo,serie-a,Serie A,34,13,domestic_league,False,professional_or_unknown,True,,Wikipedia,https://en.wikipedia.org/wiki/Paulo_Dybala,2026-08-02,1364331039
paulo-dybala,Q166317,Paulo Dybala,1993-11-15,Argentina,forward,AM,MID,active,2015–16,2015–16,2015,2016,split_year,22,juventus,Juventus,serie-a,Serie A,34,19,domestic_league,False,professional_or_unknown,True,,Wikipedia,https://en.wikipedia.org/wiki/Paulo_Dybala,2026-08-02,1364331039
paulo-dybala,Q166317,Paulo Dybala,1993-11-15,Argentina,forward,AM,MID,active,2016–17,2016–17,2016,2017,split_year,23,juventus,Juventus,serie-a,Serie A,31,11,domestic_league,False,professional_or_unknown,True,,Wikipedia,https://en.wikipedia.org/wiki/Paulo_Dybala,2026-08-02,1364331039
paulo-dybala,Q166317,Paulo Dybala,1993-11-15,Argentina,forward,AM,MID,active,2017–18,2017–18,2017,2018,split_year,24,juventus,Juventus,serie-a,Serie A,33,22,domestic_league,False,professional_or_unknown,True,,Wikipedia,https://en.wikipedia.org/wiki/Paulo_Dybala,2026-08-02,1364331039
paulo-dybala,Q166317,Paulo Dybala,1993-11-15,Argentina,forward,AM,MID,active,2018–19,2018–19,2018,2019,split_year,25,juventus,Juventus,serie-a,Serie A,30,5,domestic_league,False,professional_or_unknown,True,,Wikipedia,https://en.wikipedia.org/wiki/Paulo_Dybala,2026-08-02,1364331039
paulo-dybala,Q166317,Paulo Dybala,1993-11-15,Argentina,forward,AM,MID,active,2019–20,2019–20,2019,2020,split_year,26,juventus,Juventus,serie-a,Serie A,33,11,domestic_league,False,professional_or_unknown,True,,Wikipedia,https://en.wikipedia.org/wiki/Paulo_Dybala,2026-08-02,1364331039
paulo-dybala,Q166317,Paulo Dybala,1993-11-15,Argentina,forward,AM,MID,active,2020–21,2020–21,2020,2021,split_year,27,juventus,Juventus,serie-a,Serie A,20,4,domestic_league,False,professional_or_unknown,True,,Wikipedia,https://en.wikipedia.org/wiki/Paulo_Dybala,2026-08-02,1364331039
paulo-dybala,Q166317,Paulo Dybala,1993-11-15,Argentina,forward,AM,MID,active,2021–22,2021–22,2021,2022,split_year,28,juventus,Juventus,serie-a,Serie A,29,10,domestic_league,False,professional_or_unknown,True,,Wikipedia,https://en.wikipedia.org/wiki/Paulo_Dybala,2026-08-02,1364331039
paulo-dybala,Q166317,Paulo Dybala,1993-11-15,Argentina,forward,AM,MID,active,2022–23,2022–23,2022,2023,split_year,29,roma,Roma,serie-a,Serie A,25,12,domestic_league,False,professional_or_unknown,True,,Wikipedia,https://en.wikipedia.org/wiki/Paulo_Dybala,2026-08-02,1364331039
paulo-dybala,Q166317,Paulo Dybala,1993-11-15,Argentina,forward,AM,MID,active,2023–24,2023–24,2023,2024,split_year,30,roma,Roma,serie-a,Serie A,28,13,domestic_league,False,professional_or_unknown,True,,Wikipedia,https://en.wikipedia.org/wiki/Paulo_Dybala,2026-08-02,1364331039
paulo-dybala,Q166317,Paulo Dybala,1993-11-15,Argentina,forward,AM,MID,active,2024–25,2024–25,2024,2025,split_year,31,roma,Roma,serie-a,Serie A,24,6,domestic_league,False,professional_or_unknown,True,,Wikipedia,https://en.wikipedia.org/wiki/Paulo_Dybala,2026-08-02,1364331039
paulo-dybala,Q166317,Paulo Dybala,1993-11-15,Argentina,forward,AM,MID,active,2025–26,2025–26,2025,2026,split_year,32,roma,Roma,serie-a,Serie A,22,2,domestic_league,False,professional_or_unknown,True,,Wikipedia,https://en.wikipedia.org/wiki/Paulo_Dybala,2026-08-02,1364331039
paulo-dybala,Q166317,Paulo Dybala,1993-11-15,Argentina,forward,AM,MID,active,2026–27,2026–27,2026,2027,split_year,33,roma,Roma,serie-a,Serie A,0,0,domestic_league,True,professional_or_unknown,True,,Wikipedia,https://en.wikipedia.org/wiki/Paulo_Dybala,2026-08-02,1364331039
pedri,Q66606355,Pedri,2002-11-25,Spain,centerhalf,CM,MID,active,2019–20,2019–20,2019,2020,split_year,17,las-palmas,Las Palmas,segunda-division,Segunda División,36,4,domestic_league,False,professional_or_unknown,True,,Wikipedia,https://en.wikipedia.org/wiki/Pedri,2026-08-02,1367109367
pedri,Q66606355,Pedri,2002-11-25,Spain,centerhalf,CM,MID,active,2020–21,2020–21,2020,2021,split_year,18,barcelona,Barcelona,la-liga,La Liga,37,3,domestic_league,False,professional_or_unknown,True,,Wikipedia,https://en.wikipedia.org/wiki/Pedri,2026-08-02,1367109367
pedri,Q66606355,Pedri,2002-11-25,Spain,centerhalf,CM,MID,active,2021–22,2021–22,2021,2022,split_year,19,barcelona,Barcelona,la-liga,La Liga,12,3,domestic_league,False,professional_or_unknown,True,,Wikipedia,https://en.wikipedia.org/wiki/Pedri,2026-08-02,1367109367
pedri,Q66606355,Pedri,2002-11-25,Spain,centerhalf,CM,MID,active,2022–23,2022–23,2022,2023,split_year,20,barcelona,Barcelona,la-liga,La Liga,26,6,domestic_league,False,professional_or_unknown,True,,Wikipedia,https://en.wikipedia.org/wiki/Pedri,2026-08-02,1367109367
pedri,Q66606355,Pedri,2002-11-25,Spain,centerhalf,CM,MID,active,2023–24,2023–24,2023,2024,split_year,21,barcelona,Barcelona,la-liga,La Liga,24,4,domestic_league,False,professional_or_unknown,True,,Wikipedia,https://en.wikipedia.org/wiki/Pedri,2026-08-02,1367109367
pedri,Q66606355,Pedri,2002-11-25,Spain,centerhalf,CM,MID,active,2024–25,2024–25,2024,2025,split_year,22,barcelona,Barcelona,la-liga,La Liga,37,4,domestic_league,False,professional_or_unknown,True,,Wikipedia,https://en.wikipedia.org/wiki/Pedri,2026-08-02,1367109367
pedri,Q66606355,Pedri,2002-11-25,Spain,centerhalf,CM,MID,active,2025–26,2025–26,2025,2026,split_year,23,barcelona,Barcelona,la-liga,La Liga,29,2,domestic_league,False,professional_or_unknown,True,,Wikipedia,https://en.wikipedia.org/wiki/Pedri,2026-08-02,1367109367
pedro-footballer-born-1987,Q179773,"Pedro (footballer, born 1987)",1987-07-28,Spain,forward,WNG,WIDE,active,2007–08,2007–08,2007,2008,split_year,20,barcelona,Barcelona,la-liga,La Liga,2,0,domestic_league,False,professional_or_unknown,True,,Wikipedia,"https://en.wikipedia.org/wiki/Pedro_(footballer,_born_1987)",2026-08-02,1364770820
pedro-footballer-born-1987,Q179773,"Pedro (footballer, born 1987)",1987-07-28,Spain,forward,WNG,WIDE,active,2008–09,2008–09,2008,2009,split_year,21,barcelona,Barcelona,la-liga,La Liga,6,0,domestic_league,False,professional_or_unknown,True,,Wikipedia,"https://en.wikipedia.org/wiki/Pedro_(footballer,_born_1987)",2026-08-02,1364770820
pedro-footballer-born-1987,Q179773,"Pedro (footballer, born 1987)",1987-07-28,Spain,forward,WNG,WIDE,active,2009–10,2009–10,2009,2010,split_year,22,barcelona,Barcelona,la-liga,La Liga,34,12,domestic_league,False,professional_or_unknown,True,,Wikipedia,"https://en.wikipedia.org/wiki/Pedro_(footballer,_born_1987)",2026-08-02,1364770820
pedro-footballer-born-1987,Q179773,"Pedro (footballer, born 1987)",1987-07-28,Spain,forward,WNG,WIDE,active,2010–11,2010–11,2010,2011,split_year,23,barcelona,Barcelona,la-liga,La Liga,33,13,domestic_league,False,professional_or_unknown,True,,Wikipedia,"https://en.wikipedia.org/wiki/Pedro_(footballer,_born_1987)",2026-08-02,1364770820
pedro-footballer-born-1987,Q179773,"Pedro (footballer, born 1987)",1987-07-28,Spain,forward,WNG,WIDE,active,2011–12,2011–12,2011,2012,split_year,24,barcelona,Barcelona,la-liga,La Liga,29,5,domestic_league,False,professional_or_unknown,True,,Wikipedia,"https://en.wikipedia.org/wiki/Pedro_(footballer,_born_1987)",2026-08-02,1364770820
pedro-footballer-born-1987,Q179773,"Pedro (footballer, born 1987)",1987-07-28,Spain,forward,WNG,WIDE,active,2012–13,2012–13,2012,2013,split_year,25,barcelona,Barcelona,la-liga,La Liga,28,7,domestic_league,False,professional_or_unknown,True,,Wikipedia,"https://en.wikipedia.org/wiki/Pedro_(footballer,_born_1987)",2026-08-02,1364770820
pedro-footballer-born-1987,Q179773,"Pedro (footballer, born 1987)",1987-07-28,Spain,forward,WNG,WIDE,active,2013–14,2013–14,2013,2014,split_year,26,barcelona,Barcelona,la-liga,La Liga,37,15,domestic_league,False,professional_or_unknown,True,,Wikipedia,"https://en.wikipedia.org/wiki/Pedro_(footballer,_born_1987)",2026-08-02,1364770820
pedro-footballer-born-1987,Q179773,"Pedro (footballer, born 1987)",1987-07-28,Spain,forward,WNG,WIDE,active,2014–15,2014–15,2014,2015,split_year,27,barcelona,Barcelona,la-liga,La Liga,35,6,domestic_league,False,professional_or_unknown,True,,Wikipedia,"https://en.wikipedia.org/wiki/Pedro_(footballer,_born_1987)",2026-08-02,1364770820
pedro-footballer-born-1987,Q179773,"Pedro (footballer, born 1987)",1987-07-28,Spain,forward,WNG,WIDE,active,2015–16,2015–16,2015,2016,split_year,28,chelsea,Chelsea,premier-league,Premier League,29,7,domestic_league,False,professional_or_unknown,True,,Wikipedia,"https://en.wikipedia.org/wiki/Pedro_(footballer,_born_1987)",2026-08-02,1364770820
pedro-footballer-born-1987,Q179773,"Pedro (footballer, born 1987)",1987-07-28,Spain,forward,WNG,WIDE,active,2016–17,2016–17,2016,2017,split_year,29,chelsea,Chelsea,premier-league,Premier League,35,9,domestic_league,False,professional_or_unknown,True,,Wikipedia,"https://en.wikipedia.org/wiki/Pedro_(footballer,_born_1987)",2026-08-02,1364770820
pedro-footballer-born-1987,Q179773,"Pedro (footballer, born 1987)",1987-07-28,Spain,forward,WNG,WIDE,active,2017–18,2017–18,2017,2018,split_year,30,chelsea,Chelsea,premier-league,Premier League,31,4,domestic_league,False,professional_or_unknown,True,,Wikipedia,"https://en.wikipedia.org/wiki/Pedro_(footballer,_born_1987)",2026-08-02,1364770820
pedro-footballer-born-1987,Q179773,"Pedro (footballer, born 1987)",1987-07-28,Spain,forward,WNG,WIDE,active,2018–19,2018–19,2018,2019,split_year,31,chelsea,Chelsea,premier-league,Premier League,31,8,domestic_league,False,professional_or_unknown,True,,Wikipedia,"https://en.wikipedia.org/wiki/Pedro_(footballer,_born_1987)",2026-08-02,1364770820
pedro-footballer-born-1987,Q179773,"Pedro (footballer, born 1987)",1987-07-28,Spain,forward,WNG,WIDE,active,2019–20,2019–20,2019,2020,split_year,32,chelsea,Chelsea,premier-league,Premier League,11,1,domestic_league,False,professional_or_unknown,True,,Wikipedia,"https://en.wikipedia.org/wiki/Pedro_(footballer,_born_1987)",2026-08-02,1364770820
pedro-footballer-born-1987,Q179773,"Pedro (footballer, born 1987)",1987-07-28,Spain,forward,WNG,WIDE,active,2020–21,2020–21,2020,2021,split_year,33,roma,Roma,serie-a,Serie A,27,5,domestic_league,False,professional_or_unknown,True,,Wikipedia,"https://en.wikipedia.org/wiki/Pedro_(footballer,_born_1987)",2026-08-02,1364770820
pedro-footballer-born-1987,Q179773,"Pedro (footballer, born 1987)",1987-07-28,Spain,forward,WNG,WIDE,active,2021–22,2021–22,2021,2022,split_year,34,lazio,Lazio,serie-a,Serie A,32,9,domestic_league,False,professional_or_unknown,True,,Wikipedia,"https://en.wikipedia.org/wiki/Pedro_(footballer,_born_1987)",2026-08-02,1364770820
pedro-footballer-born-1987,Q179773,"Pedro (footballer, born 1987)",1987-07-28,Spain,forward,WNG,WIDE,active,2022–23,2022–23,2022,2023,split_year,35,lazio,Lazio,serie-a,Serie A,36,4,domestic_league,False,professional_or_unknown,True,,Wikipedia,"https://en.wikipedia.org/wiki/Pedro_(footballer,_born_1987)",2026-08-02,1364770820
pedro-footballer-born-1987,Q179773,"Pedro (footballer, born 1987)",1987-07-28,Spain,forward,WNG,WIDE,active,2023–24,2023–24,2023,2024,split_year,36,lazio,Lazio,serie-a,Serie A,33,1,domestic_league,False,professional_or_unknown,True,,Wikipedia,"https://en.wikipedia.org/wiki/Pedro_(footballer,_born_1987)",2026-08-02,1364770820
pedro-footballer-born-1987,Q179773,"Pedro (footballer, born 1987)",1987-07-28,Spain,forward,WNG,WIDE,active,2024–25,2024–25,2024,2025,split_year,37,lazio,Lazio,serie-a,Serie A,30,10,domestic_league,False,professional_or_unknown,True,,Wikipedia,"https://en.wikipedia.org/wiki/Pedro_(footballer,_born_1987)",2026-08-02,1364770820
pedro-footballer-born-1987,Q179773,"Pedro (footballer, born 1987)",1987-07-28,Spain,forward,WNG,WIDE,active,2025–26,2025–26,2025,2026,split_year,38,lazio,Lazio,serie-a,Serie A,29,5,domestic_league,False,professional_or_unknown,True,,Wikipedia,"https://en.wikipedia.org/wiki/Pedro_(footballer,_born_1987)",2026-08-02,1364770820
pepe-footballer-born-february-1983,Q485697,"Pepe (footballer, born February 1983)",1983-02-26,Portugal,centre-back,CB,DEF,inactive,2001–02,2001–02,2001,2002,split_year,18,maritimo,Marítimo,primeira-liga,Primeira Liga,4,0,domestic_league,False,professional_or_unknown,True,,Wikipedia,"https://en.wikipedia.org/wiki/Pepe_(footballer,_born_February_1983)",2026-08-02,1366150535
pepe-footballer-born-february-1983,Q485697,"Pepe (footballer, born February 1983)",1983-02-26,Portugal,centre-back,CB,DEF,inactive,2002–03,2002–03,2002,2003,split_year,19,maritimo,Marítimo,primeira-liga,Primeira Liga,29,2,domestic_league,False,professional_or_unknown,True,,Wikipedia,"https://en.wikipedia.org/wiki/Pepe_(footballer,_born_February_1983)",2026-08-02,1366150535
pepe-footballer-born-february-1983,Q485697,"Pepe (footballer, born February 1983)",1983-02-26,Portugal,centre-back,CB,DEF,inactive,2003–04,2003–04,2003,2004,split_year,20,maritimo,Marítimo,primeira-liga,Primeira Liga,30,1,domestic_league,False,professional_or_unknown,True,,Wikipedia,"https://en.wikipedia.org/wiki/Pepe_(footballer,_born_February_1983)",2026-08-02,1366150535
pepe-footballer-born-february-1983,Q485697,"Pepe (footballer, born February 1983)",1983-02-26,Portugal,centre-back,CB,DEF,inactive,2004–05,2004–05,2004,2005,split_year,21,porto,Porto,primeira-liga,Primeira Liga,15,1,domestic_league,False,professional_or_unknown,True,,Wikipedia,"https://en.wikipedia.org/wiki/Pepe_(footballer,_born_February_1983)",2026-08-02,1366150535
pepe-footballer-born-february-1983,Q485697,"Pepe (footballer, born February 1983)",1983-02-26,Portugal,centre-back,CB,DEF,inactive,2005–06,2005–06,2005,2006,split_year,22,porto,Porto,primeira-liga,Primeira Liga,24,1,domestic_league,False,professional_or_unknown,True,,Wikipedia,"https://en.wikipedia.org/wiki/Pepe_(footballer,_born_February_1983)",2026-08-02,1366150535
pepe-footballer-born-february-1983,Q485697,"Pepe (footballer, born February 1983)",1983-02-26,Portugal,centre-back,CB,DEF,inactive,2006–07,2006–07,2006,2007,split_year,23,porto,Porto,primeira-liga,Primeira Liga,25,4,domestic_league,False,professional_or_unknown,True,,Wikipedia,"https://en.wikipedia.org/wiki/Pepe_(footballer,_born_February_1983)",2026-08-02,1366150535
pepe-footballer-born-february-1983,Q485697,"Pepe (footballer, born February 1983)",1983-02-26,Portugal,centre-back,CB,DEF,inactive,2007–08,2007–08,2007,2008,split_year,24,real-madrid,Real Madrid,la-liga,La Liga,19,0,domestic_league,False,professional_or_unknown,True,,Wikipedia,"https://en.wikipedia.org/wiki/Pepe_(footballer,_born_February_1983)",2026-08-02,1366150535
pepe-footballer-born-february-1983,Q485697,"Pepe (footballer, born February 1983)",1983-02-26,Portugal,centre-back,CB,DEF,inactive,2008–09,2008–09,2008,2009,split_year,25,real-madrid,Real Madrid,la-liga,La Liga,26,0,domestic_league,False,professional_or_unknown,True,,Wikipedia,"https://en.wikipedia.org/wiki/Pepe_(footballer,_born_February_1983)",2026-08-02,1366150535
pepe-footballer-born-february-1983,Q485697,"Pepe (footballer, born February 1983)",1983-02-26,Portugal,centre-back,CB,DEF,inactive,2009–10,2009–10,2009,2010,split_year,26,real-madrid,Real Madrid,la-liga,La Liga,10,1,domestic_league,False,professional_or_unknown,True,,Wikipedia,"https://en.wikipedia.org/wiki/Pepe_(footballer,_born_February_1983)",2026-08-02,1366150535
pepe-footballer-born-february-1983,Q485697,"Pepe (footballer, born February 1983)",1983-02-26,Portugal,centre-back,CB,DEF,inactive,2010–11,2010–11,2010,2011,split_year,27,real-madrid,Real Madrid,la-liga,La Liga,26,1,domestic_league,False,professional_or_unknown,True,,Wikipedia,"https://en.wikipedia.org/wiki/Pepe_(footballer,_born_February_1983)",2026-08-02,1366150535
pepe-footballer-born-february-1983,Q485697,"Pepe (footballer, born February 1983)",1983-02-26,Portugal,centre-back,CB,DEF,inactive,2011–12,2011–12,2011,2012,split_year,28,real-madrid,Real Madrid,la-liga,La Liga,29,1,domestic_league,False,professional_or_unknown,True,,Wikipedia,"https://en.wikipedia.org/wiki/Pepe_(footballer,_born_February_1983)",2026-08-02,1366150535
pepe-footballer-born-february-1983,Q485697,"Pepe (footballer, born February 1983)",1983-02-26,Portugal,centre-back,CB,DEF,inactive,2012–13,2012–13,2012,2013,split_year,29,real-madrid,Real Madrid,la-liga,La Liga,28,1,domestic_league,False,professional_or_unknown,True,,Wikipedia,"https://en.wikipedia.org/wiki/Pepe_(footballer,_born_February_1983)",2026-08-02,1366150535
pepe-footballer-born-february-1983,Q485697,"Pepe (footballer, born February 1983)",1983-02-26,Portugal,centre-back,CB,DEF,inactive,2013–14,2013–14,2013,2014,split_year,30,real-madrid,Real Madrid,la-liga,La Liga,30,4,domestic_league,False,professional_or_unknown,True,,Wikipedia,"https://en.wikipedia.org/wiki/Pepe_(footballer,_born_February_1983)",2026-08-02,1366150535
pepe-footballer-born-february-1983,Q485697,"Pepe (footballer, born February 1983)",1983-02-26,Portugal,centre-back,CB,DEF,inactive,2014–15,2014–15,2014,2015,split_year,31,real-madrid,Real Madrid,la-liga,La Liga,27,2,domestic_league,False,professional_or_unknown,True,,Wikipedia,"https://en.wikipedia.org/wiki/Pepe_(footballer,_born_February_1983)",2026-08-02,1366150535
pepe-footballer-born-february-1983,Q485697,"Pepe (footballer, born February 1983)",1983-02-26,Portugal,centre-back,CB,DEF,inactive,2015–16,2015–16,2015,2016,split_year,32,real-madrid,Real Madrid,la-liga,La Liga,21,1,domestic_league,False,professional_or_unknown,True,,Wikipedia,"https://en.wikipedia.org/wiki/Pepe_(footballer,_born_February_1983)",2026-08-02,1366150535
pepe-footballer-born-february-1983,Q485697,"Pepe (footballer, born February 1983)",1983-02-26,Portugal,centre-back,CB,DEF,inactive,2016–17,2016–17,2016,2017,split_year,33,real-madrid,Real Madrid,la-liga,La Liga,13,2,domestic_league,False,professional_or_unknown,True,,Wikipedia,"https://en.wikipedia.org/wiki/Pepe_(footballer,_born_February_1983)",2026-08-02,1366150535
pepe-footballer-born-february-1983,Q485697,"Pepe (footballer, born February 1983)",1983-02-26,Portugal,centre-back,CB,DEF,inactive,2017–18,2017–18,2017,2018,split_year,34,besiktas,Beşiktaş,super-lig,Süper Lig,23,2,domestic_league,False,professional_or_unknown,True,,Wikipedia,"https://en.wikipedia.org/wiki/Pepe_(footballer,_born_February_1983)",2026-08-02,1366150535
pepe-footballer-born-february-1983,Q485697,"Pepe (footballer, born February 1983)",1983-02-26,Portugal,centre-back,CB,DEF,inactive,2018–19,2018–19,2018,2019,split_year,35,besiktas,Beşiktaş,super-lig,Süper Lig,10,3,domestic_league,False,professional_or_unknown,True,,Wikipedia,"https://en.wikipedia.org/wiki/Pepe_(footballer,_born_February_1983)",2026-08-02,1366150535
pepe-footballer-born-february-1983,Q485697,"Pepe (footballer, born February 1983)",1983-02-26,Portugal,centre-back,CB,DEF,inactive,2018–19,2018–19,2018,2019,split_year,35,porto,Porto,primeira-liga,Primeira Liga,13,2,domestic_league,False,professional_or_unknown,True,,Wikipedia,"https://en.wikipedia.org/wiki/Pepe_(footballer,_born_February_1983)",2026-08-02,1366150535
pepe-footballer-born-february-1983,Q485697,"Pepe (footballer, born February 1983)",1983-02-26,Portugal,centre-back,CB,DEF,inactive,2019–20,2019–20,2019,2020,split_year,36,porto,Porto,primeira-liga,Primeira Liga,25,1,domestic_league,False,professional_or_unknown,True,,Wikipedia,"https://en.wikipedia.org/wiki/Pepe_(footballer,_born_February_1983)",2026-08-02,1366150535
pepe-footballer-born-february-1983,Q485697,"Pepe (footballer, born February 1983)",1983-02-26,Portugal,centre-back,CB,DEF,inactive,2020–21,2020–21,2020,2021,split_year,37,porto,Porto,primeira-liga,Primeira Liga,27,2,domestic_league,False,professional_or_unknown,True,,Wikipedia,"https://en.wikipedia.org/wiki/Pepe_(footballer,_born_February_1983)",2026-08-02,1366150535
pepe-footballer-born-february-1983,Q485697,"Pepe (footballer, born February 1983)",1983-02-26,Portugal,centre-back,CB,DEF,inactive,2021–22,2021–22,2021,2022,split_year,38,porto,Porto,primeira-liga,Primeira Liga,21,1,domestic_league,False,professional_or_unknown,True,,Wikipedia,"https://en.wikipedia.org/wiki/Pepe_(footballer,_born_February_1983)",2026-08-02,1366150535
pepe-footballer-born-february-1983,Q485697,"Pepe (footballer, born February 1983)",1983-02-26,Portugal,centre-back,CB,DEF,inactive,2022–23,2022–23,2022,2023,split_year,39,porto,Porto,primeira-liga,Primeira Liga,24,0,domestic_league,False,professional_or_unknown,True,,Wikipedia,"https://en.wikipedia.org/wiki/Pepe_(footballer,_born_February_1983)",2026-08-02,1366150535
pepe-footballer-born-february-1983,Q485697,"Pepe (footballer, born February 1983)",1983-02-26,Portugal,centre-back,CB,DEF,inactive,2023–24,2023–24,2023,2024,split_year,40,porto,Porto,primeira-liga,Primeira Liga,22,1,domestic_league,False,professional_or_unknown,True,,Wikipedia,"https://en.wikipedia.org/wiki/Pepe_(footballer,_born_February_1983)",2026-08-02,1366150535
philipp-lahm,Q43682,Philipp Lahm,1983-11-11,Germany,full-back,FB,DEF,retired,2002–03,2002–03,2002,2003,split_year,19,bayern-munich,Bayern Munich,bundesliga,Bundesliga,0,0,domestic_league,False,professional_or_unknown,True,,Wikipedia,https://en.wikipedia.org/wiki/Philipp_Lahm,2026-08-02,1367109540
philipp-lahm,Q43682,Philipp Lahm,1983-11-11,Germany,full-back,FB,DEF,retired,2003–04,2003–04,2003,2004,split_year,20,stuttgart-loan,Stuttgart (loan),bundesliga,Bundesliga,31,1,domestic_league,False,professional_or_unknown,True,,Wikipedia,https://en.wikipedia.org/wiki/Philipp_Lahm,2026-08-02,1367109540
philipp-lahm,Q43682,Philipp Lahm,1983-11-11,Germany,full-back,FB,DEF,retired,2004–05,2004–05,2004,2005,split_year,21,stuttgart-loan,Stuttgart (loan),bundesliga,Bundesliga,22,1,domestic_league,False,professional_or_unknown,True,,Wikipedia,https://en.wikipedia.org/wiki/Philipp_Lahm,2026-08-02,1367109540
philipp-lahm,Q43682,Philipp Lahm,1983-11-11,Germany,full-back,FB,DEF,retired,2005–06,2005–06,2005,2006,split_year,22,bayern-munich,Bayern Munich,bundesliga,Bundesliga,20,0,domestic_league,False,professional_or_unknown,True,,Wikipedia,https://en.wikipedia.org/wiki/Philipp_Lahm,2026-08-02,1367109540
philipp-lahm,Q43682,Philipp Lahm,1983-11-11,Germany,full-back,FB,DEF,retired,2006–07,2006–07,2006,2007,split_year,23,bayern-munich,Bayern Munich,bundesliga,Bundesliga,34,1,domestic_league,False,professional_or_unknown,True,,Wikipedia,https://en.wikipedia.org/wiki/Philipp_Lahm,2026-08-02,1367109540
philipp-lahm,Q43682,Philipp Lahm,1983-11-11,Germany,full-back,FB,DEF,retired,2007–08,2007–08,2007,2008,split_year,24,bayern-munich,Bayern Munich,bundesliga,Bundesliga,22,0,domestic_league,False,professional_or_unknown,True,,Wikipedia,https://en.wikipedia.org/wiki/Philipp_Lahm,2026-08-02,1367109540
philipp-lahm,Q43682,Philipp Lahm,1983-11-11,Germany,full-back,FB,DEF,retired,2008–09,2008–09,2008,2009,split_year,25,bayern-munich,Bayern Munich,bundesliga,Bundesliga,28,3,domestic_league,False,professional_or_unknown,True,,Wikipedia,https://en.wikipedia.org/wiki/Philipp_Lahm,2026-08-02,1367109540
philipp-lahm,Q43682,Philipp Lahm,1983-11-11,Germany,full-back,FB,DEF,retired,2009–10,2009–10,2009,2010,split_year,26,bayern-munich,Bayern Munich,bundesliga,Bundesliga,34,0,domestic_league,False,professional_or_unknown,True,,Wikipedia,https://en.wikipedia.org/wiki/Philipp_Lahm,2026-08-02,1367109540
philipp-lahm,Q43682,Philipp Lahm,1983-11-11,Germany,full-back,FB,DEF,retired,2010–11,2010–11,2010,2011,split_year,27,bayern-munich,Bayern Munich,bundesliga,Bundesliga,34,3,domestic_league,False,professional_or_unknown,True,,Wikipedia,https://en.wikipedia.org/wiki/Philipp_Lahm,2026-08-02,1367109540
philipp-lahm,Q43682,Philipp Lahm,1983-11-11,Germany,full-back,FB,DEF,retired,2011–12,2011–12,2011,2012,split_year,28,bayern-munich,Bayern Munich,bundesliga,Bundesliga,31,0,domestic_league,False,professional_or_unknown,True,,Wikipedia,https://en.wikipedia.org/wiki/Philipp_Lahm,2026-08-02,1367109540
philipp-lahm,Q43682,Philipp Lahm,1983-11-11,Germany,full-back,FB,DEF,retired,2012–13,2012–13,2012,2013,split_year,29,bayern-munich,Bayern Munich,bundesliga,Bundesliga,29,0,domestic_league,False,professional_or_unknown,True,,Wikipedia,https://en.wikipedia.org/wiki/Philipp_Lahm,2026-08-02,1367109540
philipp-lahm,Q43682,Philipp Lahm,1983-11-11,Germany,full-back,FB,DEF,retired,2013–14,2013–14,2013,2014,split_year,30,bayern-munich,Bayern Munich,bundesliga,Bundesliga,28,1,domestic_league,False,professional_or_unknown,True,,Wikipedia,https://en.wikipedia.org/wiki/Philipp_Lahm,2026-08-02,1367109540
philipp-lahm,Q43682,Philipp Lahm,1983-11-11,Germany,full-back,FB,DEF,retired,2014–15,2014–15,2014,2015,split_year,31,bayern-munich,Bayern Munich,bundesliga,Bundesliga,20,2,domestic_league,False,professional_or_unknown,True,,Wikipedia,https://en.wikipedia.org/wiki/Philipp_Lahm,2026-08-02,1367109540
philipp-lahm,Q43682,Philipp Lahm,1983-11-11,Germany,full-back,FB,DEF,retired,2015–16,2015–16,2015,2016,split_year,32,bayern-munich,Bayern Munich,bundesliga,Bundesliga,26,1,domestic_league,False,professional_or_unknown,True,,Wikipedia,https://en.wikipedia.org/wiki/Philipp_Lahm,2026-08-02,1367109540
philipp-lahm,Q43682,Philipp Lahm,1983-11-11,Germany,full-back,FB,DEF,retired,2016–17,2016–17,2016,2017,split_year,33,bayern-munich,Bayern Munich,bundesliga,Bundesliga,26,1,domestic_league,False,professional_or_unknown,True,,Wikipedia,https://en.wikipedia.org/wiki/Philipp_Lahm,2026-08-02,1367109540
pierre-emerick-aubameyang,Q44977,Pierre-Emerick Aubameyang,1989-06-18,France,centre-forward,FW,FWD,active,2007–08,2007–08,2007,2008,split_year,18,ac-milan,AC Milan,serie-a,Serie A,0,0,domestic_league,False,professional_or_unknown,True,,Wikipedia,https://en.wikipedia.org/wiki/Pierre-Emerick_Aubameyang,2026-08-02,1367109583
pierre-emerick-aubameyang,Q44977,Pierre-Emerick Aubameyang,1989-06-18,France,centre-forward,FW,FWD,active,2008–09,2008–09,2008,2009,split_year,19,dijon-loan,Dijon (loan),ligue-2,Ligue 2,34,8,domestic_league,False,professional_or_unknown,True,,Wikipedia,https://en.wikipedia.org/wiki/Pierre-Emerick_Aubameyang,2026-08-02,1367109583
pierre-emerick-aubameyang,Q44977,Pierre-Emerick Aubameyang,1989-06-18,France,centre-forward,FW,FWD,active,2009–10,2009–10,2009,2010,split_year,20,lille-loan,Lille (loan),ligue-1,Ligue 1,14,2,domestic_league,False,professional_or_unknown,True,,Wikipedia,https://en.wikipedia.org/wiki/Pierre-Emerick_Aubameyang,2026-08-02,1367109583
pierre-emerick-aubameyang,Q44977,Pierre-Emerick Aubameyang,1989-06-18,France,centre-forward,FW,FWD,active,2010–11,2010–11,2010,2011,split_year,21,monaco-loan,Monaco (loan),ligue-1,Ligue 1,19,2,domestic_league,False,professional_or_unknown,True,,Wikipedia,https://en.wikipedia.org/wiki/Pierre-Emerick_Aubameyang,2026-08-02,1367109583
pierre-emerick-aubameyang,Q44977,Pierre-Emerick Aubameyang,1989-06-18,France,centre-forward,FW,FWD,active,2010–11,2010–11,2010,2011,split_year,21,saint-etienne,Saint-Étienne,ligue-1,Ligue 1,14,2,domestic_league,False,professional_or_unknown,True,,Wikipedia,https://en.wikipedia.org/wiki/Pierre-Emerick_Aubameyang,2026-08-02,1367109583
pierre-emerick-aubameyang,Q44977,Pierre-Emerick Aubameyang,1989-06-18,France,centre-forward,FW,FWD,active,2011–12,2011–12,2011,2012,split_year,22,saint-etienne,Saint-Étienne,ligue-1,Ligue 1,36,16,domestic_league,False,professional_or_unknown,True,,Wikipedia,https://en.wikipedia.org/wiki/Pierre-Emerick_Aubameyang,2026-08-02,1367109583
pierre-emerick-aubameyang,Q44977,Pierre-Emerick Aubameyang,1989-06-18,France,centre-forward,FW,FWD,active,2012–13,2012–13,2012,2013,split_year,23,saint-etienne,Saint-Étienne,ligue-1,Ligue 1,37,19,domestic_league,False,professional_or_unknown,True,,Wikipedia,https://en.wikipedia.org/wiki/Pierre-Emerick_Aubameyang,2026-08-02,1367109583
pierre-emerick-aubameyang,Q44977,Pierre-Emerick Aubameyang,1989-06-18,France,centre-forward,FW,FWD,active,2013–14,2013–14,2013,2014,split_year,24,borussia-dortmund,Borussia Dortmund,bundesliga,Bundesliga,32,13,domestic_league,False,professional_or_unknown,True,,Wikipedia,https://en.wikipedia.org/wiki/Pierre-Emerick_Aubameyang,2026-08-02,1367109583
pierre-emerick-aubameyang,Q44977,Pierre-Emerick Aubameyang,1989-06-18,France,centre-forward,FW,FWD,active,2014–15,2014–15,2014,2015,split_year,25,borussia-dortmund,Borussia Dortmund,bundesliga,Bundesliga,33,16,domestic_league,False,professional_or_unknown,True,,Wikipedia,https://en.wikipedia.org/wiki/Pierre-Emerick_Aubameyang,2026-08-02,1367109583
pierre-emerick-aubameyang,Q44977,Pierre-Emerick Aubameyang,1989-06-18,France,centre-forward,FW,FWD,active,2015–16,2015–16,2015,2016,split_year,26,borussia-dortmund,Borussia Dortmund,bundesliga,Bundesliga,31,25,domestic_league,False,professional_or_unknown,True,,Wikipedia,https://en.wikipedia.org/wiki/Pierre-Emerick_Aubameyang,2026-08-02,1367109583
pierre-emerick-aubameyang,Q44977,Pierre-Emerick Aubameyang,1989-06-18,France,centre-forward,FW,FWD,active,2016–17,2016–17,2016,2017,split_year,27,borussia-dortmund,Borussia Dortmund,bundesliga,Bundesliga,32,31,domestic_league,False,professional_or_unknown,True,,Wikipedia,https://en.wikipedia.org/wiki/Pierre-Emerick_Aubameyang,2026-08-02,1367109583
pierre-emerick-aubameyang,Q44977,Pierre-Emerick Aubameyang,1989-06-18,France,centre-forward,FW,FWD,active,2017–18,2017–18,2017,2018,split_year,28,arsenal,Arsenal,premier-league,Premier League,13,10,domestic_league,False,professional_or_unknown,True,,Wikipedia,https://en.wikipedia.org/wiki/Pierre-Emerick_Aubameyang,2026-08-02,1367109583
pierre-emerick-aubameyang,Q44977,Pierre-Emerick Aubameyang,1989-06-18,France,centre-forward,FW,FWD,active,2017–18,2017–18,2017,2018,split_year,28,borussia-dortmund,Borussia Dortmund,bundesliga,Bundesliga,16,13,domestic_league,False,professional_or_unknown,True,,Wikipedia,https://en.wikipedia.org/wiki/Pierre-Emerick_Aubameyang,2026-08-02,1367109583
pierre-emerick-aubameyang,Q44977,Pierre-Emerick Aubameyang,1989-06-18,France,centre-forward,FW,FWD,active,2018–19,2018–19,2018,2019,split_year,29,arsenal,Arsenal,premier-league,Premier League,36,22,domestic_league,False,professional_or_unknown,True,,Wikipedia,https://en.wikipedia.org/wiki/Pierre-Emerick_Aubameyang,2026-08-02,1367109583
pierre-emerick-aubameyang,Q44977,Pierre-Emerick Aubameyang,1989-06-18,France,centre-forward,FW,FWD,active,2019–20,2019–20,2019,2020,split_year,30,arsenal,Arsenal,premier-league,Premier League,36,22,domestic_league,False,professional_or_unknown,True,,Wikipedia,https://en.wikipedia.org/wiki/Pierre-Emerick_Aubameyang,2026-08-02,1367109583
pierre-emerick-aubameyang,Q44977,Pierre-Emerick Aubameyang,1989-06-18,France,centre-forward,FW,FWD,active,2020–21,2020–21,2020,2021,split_year,31,arsenal,Arsenal,premier-league,Premier League,29,10,domestic_league,False,professional_or_unknown,True,,Wikipedia,https://en.wikipedia.org/wiki/Pierre-Emerick_Aubameyang,2026-08-02,1367109583
pierre-emerick-aubameyang,Q44977,Pierre-Emerick Aubameyang,1989-06-18,France,centre-forward,FW,FWD,active,2021–22,2021–22,2021,2022,split_year,32,arsenal,Arsenal,premier-league,Premier League,14,4,domestic_league,False,professional_or_unknown,True,,Wikipedia,https://en.wikipedia.org/wiki/Pierre-Emerick_Aubameyang,2026-08-02,1367109583
pierre-emerick-aubameyang,Q44977,Pierre-Emerick Aubameyang,1989-06-18,France,centre-forward,FW,FWD,active,2021–22,2021–22,2021,2022,split_year,32,barcelona,Barcelona,la-liga,La Liga,17,11,domestic_league,False,professional_or_unknown,True,,Wikipedia,https://en.wikipedia.org/wiki/Pierre-Emerick_Aubameyang,2026-08-02,1367109583
pierre-emerick-aubameyang,Q44977,Pierre-Emerick Aubameyang,1989-06-18,France,centre-forward,FW,FWD,active,2022–23,2022–23,2022,2023,split_year,33,barcelona,Barcelona,la-liga,La Liga,1,0,domestic_league,False,professional_or_unknown,True,,Wikipedia,https://en.wikipedia.org/wiki/Pierre-Emerick_Aubameyang,2026-08-02,1367109583
pierre-emerick-aubameyang,Q44977,Pierre-Emerick Aubameyang,1989-06-18,France,centre-forward,FW,FWD,active,2022–23,2022–23,2022,2023,split_year,33,chelsea,Chelsea,premier-league,Premier League,15,1,domestic_league,False,professional_or_unknown,True,,Wikipedia,https://en.wikipedia.org/wiki/Pierre-Emerick_Aubameyang,2026-08-02,1367109583
pierre-emerick-aubameyang,Q44977,Pierre-Emerick Aubameyang,1989-06-18,France,centre-forward,FW,FWD,active,2023–24,2023–24,2023,2024,split_year,34,marseille,Marseille,ligue-1,Ligue 1,34,17,domestic_league,False,professional_or_unknown,True,,Wikipedia,https://en.wikipedia.org/wiki/Pierre-Emerick_Aubameyang,2026-08-02,1367109583
pierre-emerick-aubameyang,Q44977,Pierre-Emerick Aubameyang,1989-06-18,France,centre-forward,FW,FWD,active,2024–25,2024–25,2024,2025,split_year,35,al-qadsiah,Al-Qadsiah,saudi-pro-league,Saudi Pro League,32,17,domestic_league,False,professional_or_unknown,True,,Wikipedia,https://en.wikipedia.org/wiki/Pierre-Emerick_Aubameyang,2026-08-02,1367109583
pierre-emerick-aubameyang,Q44977,Pierre-Emerick Aubameyang,1989-06-18,France,centre-forward,FW,FWD,active,2025–26,2025–26,2025,2026,split_year,36,marseille,Marseille,ligue-1,Ligue 1,30,10,domestic_league,False,professional_or_unknown,True,,Wikipedia,https://en.wikipedia.org/wiki/Pierre-Emerick_Aubameyang,2026-08-02,1367109583
pierre-emerick-aubameyang,Q44977,Pierre-Emerick Aubameyang,1989-06-18,France,centre-forward,FW,FWD,active,2026–27,2026–27,2026,2027,split_year,37,deportivo-a-coruna,Deportivo A Coruña,la-liga,La Liga,0,0,domestic_league,True,professional_or_unknown,True,,Wikipedia,https://en.wikipedia.org/wiki/Pierre-Emerick_Aubameyang,2026-08-02,1367109583
radamel-falcao,Q138172,Radamel Falcao,1986-02-10,Colombia,forward,FW,FWD,active,2004–05,2004–05,2004,2005,split_year,18,river-plate,River Plate,argentine-primera-division,Argentine Primera División,4,0,domestic_league,False,professional_or_unknown,True,,Wikipedia,https://en.wikipedia.org/wiki/Radamel_Falcao,2026-08-02,1367198778
radamel-falcao,Q138172,Radamel Falcao,1986-02-10,Colombia,forward,FW,FWD,active,2005–06,2005–06,2005,2006,split_year,19,river-plate,River Plate,argentine-primera-division,Argentine Primera División,7,7,domestic_league,False,professional_or_unknown,True,,Wikipedia,https://en.wikipedia.org/wiki/Radamel_Falcao,2026-08-02,1367198778
radamel-falcao,Q138172,Radamel Falcao,1986-02-10,Colombia,forward,FW,FWD,active,2006–07,2006–07,2006,2007,split_year,20,river-plate,River Plate,argentine-primera-division,Argentine Primera División,20,3,domestic_league,False,professional_or_unknown,True,,Wikipedia,https://en.wikipedia.org/wiki/Radamel_Falcao,2026-08-02,1367198778
radamel-falcao,Q138172,Radamel Falcao,1986-02-10,Colombia,forward,FW,FWD,active,2007–08,2007–08,2007,2008,split_year,21,river-plate,River Plate,argentine-primera-division,Argentine Primera División,27,11,domestic_league,False,professional_or_unknown,True,,Wikipedia,https://en.wikipedia.org/wiki/Radamel_Falcao,2026-08-02,1367198778
radamel-falcao,Q138172,Radamel Falcao,1986-02-10,Colombia,forward,FW,FWD,active,2008–09,2008–09,2008,2009,split_year,22,river-plate,River Plate,argentine-primera-division,Argentine Primera División,32,13,domestic_league,False,professional_or_unknown,True,,Wikipedia,https://en.wikipedia.org/wiki/Radamel_Falcao,2026-08-02,1367198778
radamel-falcao,Q138172,Radamel Falcao,1986-02-10,Colombia,forward,FW,FWD,active,2009–10,2009–10,2009,2010,split_year,23,porto,Porto,primeira-liga,Primeira Liga,28,25,domestic_league,False,professional_or_unknown,True,,Wikipedia,https://en.wikipedia.org/wiki/Radamel_Falcao,2026-08-02,1367198778
radamel-falcao,Q138172,Radamel Falcao,1986-02-10,Colombia,forward,FW,FWD,active,2010–11,2010–11,2010,2011,split_year,24,porto,Porto,primeira-liga,Primeira Liga,22,16,domestic_league,False,professional_or_unknown,True,,Wikipedia,https://en.wikipedia.org/wiki/Radamel_Falcao,2026-08-02,1367198778
radamel-falcao,Q138172,Radamel Falcao,1986-02-10,Colombia,forward,FW,FWD,active,2011–12,2011–12,2011,2012,split_year,25,atletico-madrid,Atlético Madrid,la-liga,La Liga,34,24,domestic_league,False,professional_or_unknown,True,,Wikipedia,https://en.wikipedia.org/wiki/Radamel_Falcao,2026-08-02,1367198778
radamel-falcao,Q138172,Radamel Falcao,1986-02-10,Colombia,forward,FW,FWD,active,2011–12,2011–12,2011,2012,split_year,25,porto,Porto,primeira-liga,Primeira Liga,1,0,domestic_league,False,professional_or_unknown,True,,Wikipedia,https://en.wikipedia.org/wiki/Radamel_Falcao,2026-08-02,1367198778
radamel-falcao,Q138172,Radamel Falcao,1986-02-10,Colombia,forward,FW,FWD,active,2012–13,2012–13,2012,2013,split_year,26,atletico-madrid,Atlético Madrid,la-liga,La Liga,34,28,domestic_league,False,professional_or_unknown,True,,Wikipedia,https://en.wikipedia.org/wiki/Radamel_Falcao,2026-08-02,1367198778
radamel-falcao,Q138172,Radamel Falcao,1986-02-10,Colombia,forward,FW,FWD,active,2013–14,2013–14,2013,2014,split_year,27,monaco,Monaco,ligue-1,Ligue 1,17,9,domestic_league,False,professional_or_unknown,True,,Wikipedia,https://en.wikipedia.org/wiki/Radamel_Falcao,2026-08-02,1367198778
radamel-falcao,Q138172,Radamel Falcao,1986-02-10,Colombia,forward,FW,FWD,active,2014–15,2014–15,2014,2015,split_year,28,manchester-united-loan,Manchester United (loan),premier-league,Premier League,26,4,domestic_league,False,professional_or_unknown,True,,Wikipedia,https://en.wikipedia.org/wiki/Radamel_Falcao,2026-08-02,1367198778
radamel-falcao,Q138172,Radamel Falcao,1986-02-10,Colombia,forward,FW,FWD,active,2014–15,2014–15,2014,2015,split_year,28,monaco,Monaco,ligue-1,Ligue 1,3,2,domestic_league,False,professional_or_unknown,True,,Wikipedia,https://en.wikipedia.org/wiki/Radamel_Falcao,2026-08-02,1367198778
radamel-falcao,Q138172,Radamel Falcao,1986-02-10,Colombia,forward,FW,FWD,active,2015–16,2015–16,2015,2016,split_year,29,chelsea-loan,Chelsea (loan),premier-league,Premier League,10,1,domestic_league,False,professional_or_unknown,True,,Wikipedia,https://en.wikipedia.org/wiki/Radamel_Falcao,2026-08-02,1367198778
radamel-falcao,Q138172,Radamel Falcao,1986-02-10,Colombia,forward,FW,FWD,active,2016–17,2016–17,2016,2017,split_year,30,monaco,Monaco,ligue-1,Ligue 1,29,21,domestic_league,False,professional_or_unknown,True,,Wikipedia,https://en.wikipedia.org/wiki/Radamel_Falcao,2026-08-02,1367198778
radamel-falcao,Q138172,Radamel Falcao,1986-02-10,Colombia,forward,FW,FWD,active,2017–18,2017–18,2017,2018,split_year,31,monaco,Monaco,ligue-1,Ligue 1,26,18,domestic_league,False,professional_or_unknown,True,,Wikipedia,https://en.wikipedia.org/wiki/Radamel_Falcao,2026-08-02,1367198778
radamel-falcao,Q138172,Radamel Falcao,1986-02-10,Colombia,forward,FW,FWD,active,2018–19,2018–19,2018,2019,split_year,32,monaco,Monaco,ligue-1,Ligue 1,33,15,domestic_league,False,professional_or_unknown,True,,Wikipedia,https://en.wikipedia.org/wiki/Radamel_Falcao,2026-08-02,1367198778
radamel-falcao,Q138172,Radamel Falcao,1986-02-10,Colombia,forward,FW,FWD,active,2019–20,2019–20,2019,2020,split_year,33,galatasaray,Galatasaray,super-lig,Süper Lig,16,10,domestic_league,False,professional_or_unknown,True,,Wikipedia,https://en.wikipedia.org/wiki/Radamel_Falcao,2026-08-02,1367198778
radamel-falcao,Q138172,Radamel Falcao,1986-02-10,Colombia,forward,FW,FWD,active,2020–21,2020–21,2020,2021,split_year,34,galatasaray,Galatasaray,super-lig,Süper Lig,17,9,domestic_league,False,professional_or_unknown,True,,Wikipedia,https://en.wikipedia.org/wiki/Radamel_Falcao,2026-08-02,1367198778
radamel-falcao,Q138172,Radamel Falcao,1986-02-10,Colombia,forward,FW,FWD,active,2021–22,2021–22,2021,2022,split_year,35,galatasaray,Galatasaray,super-lig,Süper Lig,1,0,domestic_league,False,professional_or_unknown,True,,Wikipedia,https://en.wikipedia.org/wiki/Radamel_Falcao,2026-08-02,1367198778
radamel-falcao,Q138172,Radamel Falcao,1986-02-10,Colombia,forward,FW,FWD,active,2021–22,2021–22,2021,2022,split_year,35,rayo-vallecano,Rayo Vallecano,la-liga,La Liga,22,6,domestic_league,False,professional_or_unknown,True,,Wikipedia,https://en.wikipedia.org/wiki/Radamel_Falcao,2026-08-02,1367198778
radamel-falcao,Q138172,Radamel Falcao,1986-02-10,Colombia,forward,FW,FWD,active,2022–23,2022–23,2022,2023,split_year,36,rayo-vallecano,Rayo Vallecano,la-liga,La Liga,27,2,domestic_league,False,professional_or_unknown,True,,Wikipedia,https://en.wikipedia.org/wiki/Radamel_Falcao,2026-08-02,1367198778
radamel-falcao,Q138172,Radamel Falcao,1986-02-10,Colombia,forward,FW,FWD,active,2023–24,2023–24,2023,2024,split_year,37,rayo-vallecano,Rayo Vallecano,la-liga,La Liga,22,1,domestic_league,False,professional_or_unknown,True,,Wikipedia,https://en.wikipedia.org/wiki/Radamel_Falcao,2026-08-02,1367198778
radamel-falcao,Q138172,Radamel Falcao,1986-02-10,Colombia,forward,FW,FWD,active,2024,2024,2024,2024,calendar_year,38,millonarios,Millonarios,categoria-primera-a,Categoría Primera A,16,5,domestic_league,False,professional_or_unknown,True,,Wikipedia,https://en.wikipedia.org/wiki/Radamel_Falcao,2026-08-02,1367198778
radamel-falcao,Q138172,Radamel Falcao,1986-02-10,Colombia,forward,FW,FWD,active,2025,2025,2025,2025,calendar_year,39,millonarios,Millonarios,categoria-primera-a,Categoría Primera A,12,6,domestic_league,False,professional_or_unknown,True,,Wikipedia,https://en.wikipedia.org/wiki/Radamel_Falcao,2026-08-02,1367198778
rafael-leao,Q30055335,Rafael Leão,1999-06-10,Portugal,winger,WNG,WIDE,active,2017–18,2017–18,2017,2018,split_year,18,sporting-cp,Sporting CP,primeira-liga,Primeira Liga,3,1,domestic_league,False,professional_or_unknown,True,,Wikipedia,https://en.wikipedia.org/wiki/Rafael_Leão,2026-08-02,1365743417
rafael-leao,Q30055335,Rafael Leão,1999-06-10,Portugal,winger,WNG,WIDE,active,2018–19,2018–19,2018,2019,split_year,19,lille,Lille,ligue-1,Ligue 1,24,8,domestic_league,False,professional_or_unknown,True,,Wikipedia,https://en.wikipedia.org/wiki/Rafael_Leão,2026-08-02,1365743417
rafael-leao,Q30055335,Rafael Leão,1999-06-10,Portugal,winger,WNG,WIDE,active,2019–20,2019–20,2019,2020,split_year,20,ac-milan,AC Milan,serie-a,Serie A,31,6,domestic_league,False,professional_or_unknown,True,,Wikipedia,https://en.wikipedia.org/wiki/Rafael_Leão,2026-08-02,1365743417
rafael-leao,Q30055335,Rafael Leão,1999-06-10,Portugal,winger,WNG,WIDE,active,2020–21,2020–21,2020,2021,split_year,21,ac-milan,AC Milan,serie-a,Serie A,30,6,domestic_league,False,professional_or_unknown,True,,Wikipedia,https://en.wikipedia.org/wiki/Rafael_Leão,2026-08-02,1365743417
rafael-leao,Q30055335,Rafael Leão,1999-06-10,Portugal,winger,WNG,WIDE,active,2021–22,2021–22,2021,2022,split_year,22,ac-milan,AC Milan,serie-a,Serie A,34,11,domestic_league,False,professional_or_unknown,True,,Wikipedia,https://en.wikipedia.org/wiki/Rafael_Leão,2026-08-02,1365743417
rafael-leao,Q30055335,Rafael Leão,1999-06-10,Portugal,winger,WNG,WIDE,active,2022–23,2022–23,2022,2023,split_year,23,ac-milan,AC Milan,serie-a,Serie A,35,15,domestic_league,False,professional_or_unknown,True,,Wikipedia,https://en.wikipedia.org/wiki/Rafael_Leão,2026-08-02,1365743417
rafael-leao,Q30055335,Rafael Leão,1999-06-10,Portugal,winger,WNG,WIDE,active,2023–24,2023–24,2023,2024,split_year,24,ac-milan,AC Milan,serie-a,Serie A,34,9,domestic_league,False,professional_or_unknown,True,,Wikipedia,https://en.wikipedia.org/wiki/Rafael_Leão,2026-08-02,1365743417
rafael-leao,Q30055335,Rafael Leão,1999-06-10,Portugal,winger,WNG,WIDE,active,2024–25,2024–25,2024,2025,split_year,25,ac-milan,AC Milan,serie-a,Serie A,34,8,domestic_league,False,professional_or_unknown,True,,Wikipedia,https://en.wikipedia.org/wiki/Rafael_Leão,2026-08-02,1365743417
rafael-leao,Q30055335,Rafael Leão,1999-06-10,Portugal,winger,WNG,WIDE,active,2025–26,2025–26,2025,2026,split_year,26,ac-milan,AC Milan,serie-a,Serie A,29,9,domestic_league,False,professional_or_unknown,True,,Wikipedia,https://en.wikipedia.org/wiki/Rafael_Leão,2026-08-02,1365743417
raheem-sterling,Q312157,Raheem Sterling,1994-12-08,United Kingdom,winger,WNG,WIDE,active,2011–12,2011–12,2011,2012,split_year,17,liverpool,Liverpool,premier-league,Premier League,3,0,domestic_league,False,professional_or_unknown,True,,Wikipedia,https://en.wikipedia.org/wiki/Raheem_Sterling,2026-08-02,1367040399
raheem-sterling,Q312157,Raheem Sterling,1994-12-08,United Kingdom,winger,WNG,WIDE,active,2012–13,2012–13,2012,2013,split_year,18,liverpool,Liverpool,premier-league,Premier League,24,2,domestic_league,False,professional_or_unknown,True,,Wikipedia,https://en.wikipedia.org/wiki/Raheem_Sterling,2026-08-02,1367040399
raheem-sterling,Q312157,Raheem Sterling,1994-12-08,United Kingdom,winger,WNG,WIDE,active,2013–14,2013–14,2013,2014,split_year,19,liverpool,Liverpool,premier-league,Premier League,33,9,domestic_league,False,professional_or_unknown,True,,Wikipedia,https://en.wikipedia.org/wiki/Raheem_Sterling,2026-08-02,1367040399
raheem-sterling,Q312157,Raheem Sterling,1994-12-08,United Kingdom,winger,WNG,WIDE,active,2014–15,2014–15,2014,2015,split_year,20,liverpool,Liverpool,premier-league,Premier League,35,7,domestic_league,False,professional_or_unknown,True,,Wikipedia,https://en.wikipedia.org/wiki/Raheem_Sterling,2026-08-02,1367040399
raheem-sterling,Q312157,Raheem Sterling,1994-12-08,United Kingdom,winger,WNG,WIDE,active,2015–16,2015–16,2015,2016,split_year,21,manchester-city,Manchester City,premier-league,Premier League,31,6,domestic_league,False,professional_or_unknown,True,,Wikipedia,https://en.wikipedia.org/wiki/Raheem_Sterling,2026-08-02,1367040399
raheem-sterling,Q312157,Raheem Sterling,1994-12-08,United Kingdom,winger,WNG,WIDE,active,2016–17,2016–17,2016,2017,split_year,22,manchester-city,Manchester City,premier-league,Premier League,33,7,domestic_league,False,professional_or_unknown,True,,Wikipedia,https://en.wikipedia.org/wiki/Raheem_Sterling,2026-08-02,1367040399
raheem-sterling,Q312157,Raheem Sterling,1994-12-08,United Kingdom,winger,WNG,WIDE,active,2017–18,2017–18,2017,2018,split_year,23,manchester-city,Manchester City,premier-league,Premier League,33,18,domestic_league,False,professional_or_unknown,True,,Wikipedia,https://en.wikipedia.org/wiki/Raheem_Sterling,2026-08-02,1367040399
raheem-sterling,Q312157,Raheem Sterling,1994-12-08,United Kingdom,winger,WNG,WIDE,active,2018–19,2018–19,2018,2019,split_year,24,manchester-city,Manchester City,premier-league,Premier League,34,17,domestic_league,False,professional_or_unknown,True,,Wikipedia,https://en.wikipedia.org/wiki/Raheem_Sterling,2026-08-02,1367040399
raheem-sterling,Q312157,Raheem Sterling,1994-12-08,United Kingdom,winger,WNG,WIDE,active,2019–20,2019–20,2019,2020,split_year,25,manchester-city,Manchester City,premier-league,Premier League,33,20,domestic_league,False,professional_or_unknown,True,,Wikipedia,https://en.wikipedia.org/wiki/Raheem_Sterling,2026-08-02,1367040399
raheem-sterling,Q312157,Raheem Sterling,1994-12-08,United Kingdom,winger,WNG,WIDE,active,2020–21,2020–21,2020,2021,split_year,26,manchester-city,Manchester City,premier-league,Premier League,31,10,domestic_league,False,professional_or_unknown,True,,Wikipedia,https://en.wikipedia.org/wiki/Raheem_Sterling,2026-08-02,1367040399
raheem-sterling,Q312157,Raheem Sterling,1994-12-08,United Kingdom,winger,WNG,WIDE,active,2021–22,2021–22,2021,2022,split_year,27,manchester-city,Manchester City,premier-league,Premier League,30,13,domestic_league,False,professional_or_unknown,True,,Wikipedia,https://en.wikipedia.org/wiki/Raheem_Sterling,2026-08-02,1367040399
raheem-sterling,Q312157,Raheem Sterling,1994-12-08,United Kingdom,winger,WNG,WIDE,active,2022–23,2022–23,2022,2023,split_year,28,chelsea,Chelsea,premier-league,Premier League,28,6,domestic_league,False,professional_or_unknown,True,,Wikipedia,https://en.wikipedia.org/wiki/Raheem_Sterling,2026-08-02,1367040399
raheem-sterling,Q312157,Raheem Sterling,1994-12-08,United Kingdom,winger,WNG,WIDE,active,2023–24,2023–24,2023,2024,split_year,29,chelsea,Chelsea,premier-league,Premier League,31,8,domestic_league,False,professional_or_unknown,True,,Wikipedia,https://en.wikipedia.org/wiki/Raheem_Sterling,2026-08-02,1367040399
raheem-sterling,Q312157,Raheem Sterling,1994-12-08,United Kingdom,winger,WNG,WIDE,active,2024–25,2024–25,2024,2025,split_year,30,arsenal-loan,Arsenal (loan),premier-league,Premier League,17,0,domestic_league,False,professional_or_unknown,True,,Wikipedia,https://en.wikipedia.org/wiki/Raheem_Sterling,2026-08-02,1367040399
raheem-sterling,Q312157,Raheem Sterling,1994-12-08,United Kingdom,winger,WNG,WIDE,active,2025–26,2025–26,2025,2026,split_year,31,feyenoord,Feyenoord,eredivisie,Eredivisie,8,0,domestic_league,False,professional_or_unknown,True,,Wikipedia,https://en.wikipedia.org/wiki/Raheem_Sterling,2026-08-02,1367040399
raphael-varane,Q489039,Raphaël Varane,1993-04-25,France,centre-back,CB,DEF,active,2010–11,2010–11,2010,2011,split_year,17,lens,Lens,ligue-1,Ligue 1,23,2,domestic_league,False,professional_or_unknown,True,,Wikipedia,https://en.wikipedia.org/wiki/Raphaël_Varane,2026-08-02,1366571646
raphael-varane,Q489039,Raphaël Varane,1993-04-25,France,centre-back,CB,DEF,active,2011–12,2011–12,2011,2012,split_year,18,real-madrid,Real Madrid,la-liga,La Liga,9,1,domestic_league,False,professional_or_unknown,True,,Wikipedia,https://en.wikipedia.org/wiki/Raphaël_Varane,2026-08-02,1366571646
raphael-varane,Q489039,Raphaël Varane,1993-04-25,France,centre-back,CB,DEF,active,2012–13,2012–13,2012,2013,split_year,19,real-madrid,Real Madrid,la-liga,La Liga,15,0,domestic_league,False,professional_or_unknown,True,,Wikipedia,https://en.wikipedia.org/wiki/Raphaël_Varane,2026-08-02,1366571646
raphael-varane,Q489039,Raphaël Varane,1993-04-25,France,centre-back,CB,DEF,active,2013–14,2013–14,2013,2014,split_year,20,real-madrid,Real Madrid,la-liga,La Liga,14,0,domestic_league,False,professional_or_unknown,True,,Wikipedia,https://en.wikipedia.org/wiki/Raphaël_Varane,2026-08-02,1366571646
raphael-varane,Q489039,Raphaël Varane,1993-04-25,France,centre-back,CB,DEF,active,2014–15,2014–15,2014,2015,split_year,21,real-madrid,Real Madrid,la-liga,La Liga,27,0,domestic_league,False,professional_or_unknown,True,,Wikipedia,https://en.wikipedia.org/wiki/Raphaël_Varane,2026-08-02,1366571646
raphael-varane,Q489039,Raphaël Varane,1993-04-25,France,centre-back,CB,DEF,active,2015–16,2015–16,2015,2016,split_year,22,real-madrid,Real Madrid,la-liga,La Liga,26,0,domestic_league,False,professional_or_unknown,True,,Wikipedia,https://en.wikipedia.org/wiki/Raphaël_Varane,2026-08-02,1366571646
raphael-varane,Q489039,Raphaël Varane,1993-04-25,France,centre-back,CB,DEF,active,2016–17,2016–17,2016,2017,split_year,23,real-madrid,Real Madrid,la-liga,La Liga,23,1,domestic_league,False,professional_or_unknown,True,,Wikipedia,https://en.wikipedia.org/wiki/Raphaël_Varane,2026-08-02,1366571646
raphael-varane,Q489039,Raphaël Varane,1993-04-25,France,centre-back,CB,DEF,active,2017–18,2017–18,2017,2018,split_year,24,real-madrid,Real Madrid,la-liga,La Liga,27,0,domestic_league,False,professional_or_unknown,True,,Wikipedia,https://en.wikipedia.org/wiki/Raphaël_Varane,2026-08-02,1366571646
raphael-varane,Q489039,Raphaël Varane,1993-04-25,France,centre-back,CB,DEF,active,2018–19,2018–19,2018,2019,split_year,25,real-madrid,Real Madrid,la-liga,La Liga,32,2,domestic_league,False,professional_or_unknown,True,,Wikipedia,https://en.wikipedia.org/wiki/Raphaël_Varane,2026-08-02,1366571646
raphael-varane,Q489039,Raphaël Varane,1993-04-25,France,centre-back,CB,DEF,active,2019–20,2019–20,2019,2020,split_year,26,real-madrid,Real Madrid,la-liga,La Liga,32,2,domestic_league,False,professional_or_unknown,True,,Wikipedia,https://en.wikipedia.org/wiki/Raphaël_Varane,2026-08-02,1366571646
raphael-varane,Q489039,Raphaël Varane,1993-04-25,France,centre-back,CB,DEF,active,2020–21,2020–21,2020,2021,split_year,27,real-madrid,Real Madrid,la-liga,La Liga,31,2,domestic_league,False,professional_or_unknown,True,,Wikipedia,https://en.wikipedia.org/wiki/Raphaël_Varane,2026-08-02,1366571646
raphael-varane,Q489039,Raphaël Varane,1993-04-25,France,centre-back,CB,DEF,active,2021–22,2021–22,2021,2022,split_year,28,manchester-united,Manchester United,premier-league,Premier League,22,1,domestic_league,False,professional_or_unknown,True,,Wikipedia,https://en.wikipedia.org/wiki/Raphaël_Varane,2026-08-02,1366571646
raphael-varane,Q489039,Raphaël Varane,1993-04-25,France,centre-back,CB,DEF,active,2022–23,2022–23,2022,2023,split_year,29,manchester-united,Manchester United,premier-league,Premier League,24,0,domestic_league,False,professional_or_unknown,True,,Wikipedia,https://en.wikipedia.org/wiki/Raphaël_Varane,2026-08-02,1366571646
raphael-varane,Q489039,Raphaël Varane,1993-04-25,France,centre-back,CB,DEF,active,2023–24,2023–24,2023,2024,split_year,30,manchester-united,Manchester United,premier-league,Premier League,22,1,domestic_league,False,professional_or_unknown,True,,Wikipedia,https://en.wikipedia.org/wiki/Raphaël_Varane,2026-08-02,1366571646
raphael-varane,Q489039,Raphaël Varane,1993-04-25,France,centre-back,CB,DEF,active,2024–25,2024–25,2024,2025,split_year,31,como,Como,serie-a,Serie A,0,0,domestic_league,False,professional_or_unknown,True,,Wikipedia,https://en.wikipedia.org/wiki/Raphaël_Varane,2026-08-02,1366571646
reece-james,Q39076401,Reece James,1999-12-08,United Kingdom,full-back,FB,DEF,active,2018–19,2018–19,2018,2019,split_year,19,chelsea,Chelsea,premier-league,Premier League,0,0,domestic_league,False,professional_or_unknown,True,,Wikipedia,https://en.wikipedia.org/wiki/Reece_James,2026-08-02,1367177599
reece-james,Q39076401,Reece James,1999-12-08,United Kingdom,full-back,FB,DEF,active,2018–19,2018–19,2018,2019,split_year,19,wigan-athletic-loan,Wigan Athletic (loan),championship,Championship,45,3,domestic_league,False,professional_or_unknown,True,,Wikipedia,https://en.wikipedia.org/wiki/Reece_James,2026-08-02,1367177599
reece-james,Q39076401,Reece James,1999-12-08,United Kingdom,full-back,FB,DEF,active,2019–20,2019–20,2019,2020,split_year,20,chelsea,Chelsea,premier-league,Premier League,24,0,domestic_league,False,professional_or_unknown,True,,Wikipedia,https://en.wikipedia.org/wiki/Reece_James,2026-08-02,1367177599
reece-james,Q39076401,Reece James,1999-12-08,United Kingdom,full-back,FB,DEF,active,2020–21,2020–21,2020,2021,split_year,21,chelsea,Chelsea,premier-league,Premier League,32,1,domestic_league,False,professional_or_unknown,True,,Wikipedia,https://en.wikipedia.org/wiki/Reece_James,2026-08-02,1367177599
reece-james,Q39076401,Reece James,1999-12-08,United Kingdom,full-back,FB,DEF,active,2021–22,2021–22,2021,2022,split_year,22,chelsea,Chelsea,premier-league,Premier League,26,5,domestic_league,False,professional_or_unknown,True,,Wikipedia,https://en.wikipedia.org/wiki/Reece_James,2026-08-02,1367177599
reece-james,Q39076401,Reece James,1999-12-08,United Kingdom,full-back,FB,DEF,active,2022–23,2022–23,2022,2023,split_year,23,chelsea,Chelsea,premier-league,Premier League,16,1,domestic_league,False,professional_or_unknown,True,,Wikipedia,https://en.wikipedia.org/wiki/Reece_James,2026-08-02,1367177599
reece-james,Q39076401,Reece James,1999-12-08,United Kingdom,full-back,FB,DEF,active,2023–24,2023–24,2023,2024,split_year,24,chelsea,Chelsea,premier-league,Premier League,10,0,domestic_league,False,professional_or_unknown,True,,Wikipedia,https://en.wikipedia.org/wiki/Reece_James,2026-08-02,1367177599
reece-james,Q39076401,Reece James,1999-12-08,United Kingdom,full-back,FB,DEF,active,2024–25,2024–25,2024,2025,split_year,25,chelsea,Chelsea,premier-league,Premier League,19,1,domestic_league,False,professional_or_unknown,True,,Wikipedia,https://en.wikipedia.org/wiki/Reece_James,2026-08-02,1367177599
reece-james,Q39076401,Reece James,1999-12-08,United Kingdom,full-back,FB,DEF,active,2025–26,2025–26,2025,2026,split_year,26,chelsea,Chelsea,premier-league,Premier League,29,2,domestic_league,False,professional_or_unknown,True,,Wikipedia,https://en.wikipedia.org/wiki/Reece_James,2026-08-02,1367177599
reece-james,Q39076401,Reece James,1999-12-08,United Kingdom,full-back,FB,DEF,active,2026–27,2026–27,2026,2027,split_year,27,chelsea,Chelsea,premier-league,Premier League,0,0,domestic_league,True,professional_or_unknown,True,,Wikipedia,https://en.wikipedia.org/wiki/Reece_James,2026-08-02,1367177599
rio-ferdinand,Q483417,Rio Ferdinand,1978-11-07,United Kingdom,centre-back,CB,DEF,retired,1995–96,1995–96,1995,1996,split_year,17,west-ham-united,West Ham United,premier-league,Premier League,1,0,domestic_league,False,professional_or_unknown,True,,Wikipedia,https://en.wikipedia.org/wiki/Rio_Ferdinand,2026-08-02,1367155943
rio-ferdinand,Q483417,Rio Ferdinand,1978-11-07,United Kingdom,centre-back,CB,DEF,retired,1996–97,1996–97,1996,1997,split_year,18,afc-bournemouth-loan,AFC Bournemouth (loan),second-division,Second Division,10,0,domestic_league,False,professional_or_unknown,True,,Wikipedia,https://en.wikipedia.org/wiki/Rio_Ferdinand,2026-08-02,1367155943
rio-ferdinand,Q483417,Rio Ferdinand,1978-11-07,United Kingdom,centre-back,CB,DEF,retired,1996–97,1996–97,1996,1997,split_year,18,west-ham-united,West Ham United,premier-league,Premier League,15,2,domestic_league,False,professional_or_unknown,True,,Wikipedia,https://en.wikipedia.org/wiki/Rio_Ferdinand,2026-08-02,1367155943
rio-ferdinand,Q483417,Rio Ferdinand,1978-11-07,United Kingdom,centre-back,CB,DEF,retired,1997–98,1997–98,1997,1998,split_year,19,west-ham-united,West Ham United,premier-league,Premier League,35,0,domestic_league,False,professional_or_unknown,True,,Wikipedia,https://en.wikipedia.org/wiki/Rio_Ferdinand,2026-08-02,1367155943
rio-ferdinand,Q483417,Rio Ferdinand,1978-11-07,United Kingdom,centre-back,CB,DEF,retired,1998–99,1998–99,1998,1999,split_year,20,west-ham-united,West Ham United,premier-league,Premier League,31,0,domestic_league,False,professional_or_unknown,True,,Wikipedia,https://en.wikipedia.org/wiki/Rio_Ferdinand,2026-08-02,1367155943
rio-ferdinand,Q483417,Rio Ferdinand,1978-11-07,United Kingdom,centre-back,CB,DEF,retired,1999–2000,1999–2000,1999,2000,split_year,21,west-ham-united,West Ham United,premier-league,Premier League,33,0,domestic_league,False,professional_or_unknown,True,,Wikipedia,https://en.wikipedia.org/wiki/Rio_Ferdinand,2026-08-02,1367155943
rio-ferdinand,Q483417,Rio Ferdinand,1978-11-07,United Kingdom,centre-back,CB,DEF,retired,2000–01,2000–01,2000,2001,split_year,22,leeds-united,Leeds United,premier-league,Premier League,23,2,domestic_league,False,professional_or_unknown,True,,Wikipedia,https://en.wikipedia.org/wiki/Rio_Ferdinand,2026-08-02,1367155943
rio-ferdinand,Q483417,Rio Ferdinand,1978-11-07,United Kingdom,centre-back,CB,DEF,retired,2000–01,2000–01,2000,2001,split_year,22,west-ham-united,West Ham United,premier-league,Premier League,12,0,domestic_league,False,professional_or_unknown,True,,Wikipedia,https://en.wikipedia.org/wiki/Rio_Ferdinand,2026-08-02,1367155943
rio-ferdinand,Q483417,Rio Ferdinand,1978-11-07,United Kingdom,centre-back,CB,DEF,retired,2001–02,2001–02,2001,2002,split_year,23,leeds-united,Leeds United,premier-league,Premier League,31,0,domestic_league,False,professional_or_unknown,True,,Wikipedia,https://en.wikipedia.org/wiki/Rio_Ferdinand,2026-08-02,1367155943
rio-ferdinand,Q483417,Rio Ferdinand,1978-11-07,United Kingdom,centre-back,CB,DEF,retired,2002–03,2002–03,2002,2003,split_year,24,manchester-united,Manchester United,premier-league,Premier League,28,0,domestic_league,False,professional_or_unknown,True,,Wikipedia,https://en.wikipedia.org/wiki/Rio_Ferdinand,2026-08-02,1367155943
rio-ferdinand,Q483417,Rio Ferdinand,1978-11-07,United Kingdom,centre-back,CB,DEF,retired,2003–04,2003–04,2003,2004,split_year,25,manchester-united,Manchester United,premier-league,Premier League,20,0,domestic_league,False,professional_or_unknown,True,,Wikipedia,https://en.wikipedia.org/wiki/Rio_Ferdinand,2026-08-02,1367155943
rio-ferdinand,Q483417,Rio Ferdinand,1978-11-07,United Kingdom,centre-back,CB,DEF,retired,2004–05,2004–05,2004,2005,split_year,26,manchester-united,Manchester United,premier-league,Premier League,31,0,domestic_league,False,professional_or_unknown,True,,Wikipedia,https://en.wikipedia.org/wiki/Rio_Ferdinand,2026-08-02,1367155943
rio-ferdinand,Q483417,Rio Ferdinand,1978-11-07,United Kingdom,centre-back,CB,DEF,retired,2005–06,2005–06,2005,2006,split_year,27,manchester-united,Manchester United,premier-league,Premier League,37,3,domestic_league,False,professional_or_unknown,True,,Wikipedia,https://en.wikipedia.org/wiki/Rio_Ferdinand,2026-08-02,1367155943
rio-ferdinand,Q483417,Rio Ferdinand,1978-11-07,United Kingdom,centre-back,CB,DEF,retired,2006–07,2006–07,2006,2007,split_year,28,manchester-united,Manchester United,premier-league,Premier League,33,1,domestic_league,False,professional_or_unknown,True,,Wikipedia,https://en.wikipedia.org/wiki/Rio_Ferdinand,2026-08-02,1367155943
rio-ferdinand,Q483417,Rio Ferdinand,1978-11-07,United Kingdom,centre-back,CB,DEF,retired,2007–08,2007–08,2007,2008,split_year,29,manchester-united,Manchester United,premier-league,Premier League,35,2,domestic_league,False,professional_or_unknown,True,,Wikipedia,https://en.wikipedia.org/wiki/Rio_Ferdinand,2026-08-02,1367155943
rio-ferdinand,Q483417,Rio Ferdinand,1978-11-07,United Kingdom,centre-back,CB,DEF,retired,2008–09,2008–09,2008,2009,split_year,30,manchester-united,Manchester United,premier-league,Premier League,24,0,domestic_league,False,professional_or_unknown,True,,Wikipedia,https://en.wikipedia.org/wiki/Rio_Ferdinand,2026-08-02,1367155943
rio-ferdinand,Q483417,Rio Ferdinand,1978-11-07,United Kingdom,centre-back,CB,DEF,retired,2009–10,2009–10,2009,2010,split_year,31,manchester-united,Manchester United,premier-league,Premier League,13,0,domestic_league,False,professional_or_unknown,True,,Wikipedia,https://en.wikipedia.org/wiki/Rio_Ferdinand,2026-08-02,1367155943
rio-ferdinand,Q483417,Rio Ferdinand,1978-11-07,United Kingdom,centre-back,CB,DEF,retired,2010–11,2010–11,2010,2011,split_year,32,manchester-united,Manchester United,premier-league,Premier League,19,0,domestic_league,False,professional_or_unknown,True,,Wikipedia,https://en.wikipedia.org/wiki/Rio_Ferdinand,2026-08-02,1367155943
rio-ferdinand,Q483417,Rio Ferdinand,1978-11-07,United Kingdom,centre-back,CB,DEF,retired,2011–12,2011–12,2011,2012,split_year,33,manchester-united,Manchester United,premier-league,Premier League,30,0,domestic_league,False,professional_or_unknown,True,,Wikipedia,https://en.wikipedia.org/wiki/Rio_Ferdinand,2026-08-02,1367155943
rio-ferdinand,Q483417,Rio Ferdinand,1978-11-07,United Kingdom,centre-back,CB,DEF,retired,2012–13,2012–13,2012,2013,split_year,34,manchester-united,Manchester United,premier-league,Premier League,28,1,domestic_league,False,professional_or_unknown,True,,Wikipedia,https://en.wikipedia.org/wiki/Rio_Ferdinand,2026-08-02,1367155943
rio-ferdinand,Q483417,Rio Ferdinand,1978-11-07,United Kingdom,centre-back,CB,DEF,retired,2013–14,2013–14,2013,2014,split_year,35,manchester-united,Manchester United,premier-league,Premier League,14,0,domestic_league,False,professional_or_unknown,True,,Wikipedia,https://en.wikipedia.org/wiki/Rio_Ferdinand,2026-08-02,1367155943
rio-ferdinand,Q483417,Rio Ferdinand,1978-11-07,United Kingdom,centre-back,CB,DEF,retired,2014–15,2014–15,2014,2015,split_year,36,queens-park-rangers,Queens Park Rangers,premier-league,Premier League,11,0,domestic_league,False,professional_or_unknown,True,,Wikipedia,https://en.wikipedia.org/wiki/Rio_Ferdinand,2026-08-02,1367155943
riyad-mahrez,Q8338725,Riyad Mahrez,1991-02-21,Algeria,wing half,WNG,WIDE,active,2009–10,2009–10,2009,2010,split_year,18,quimper,Quimper,cfa,CFA,27,1,domestic_league,False,professional_or_unknown,True,,Wikipedia,https://en.wikipedia.org/wiki/Riyad_Mahrez,2026-08-02,1367109876
riyad-mahrez,Q8338725,Riyad Mahrez,1991-02-21,Algeria,wing half,WNG,WIDE,active,2011–12,2011–12,2011,2012,split_year,20,le-havre,Le Havre,ligue-2,Ligue 2,9,0,domestic_league,False,professional_or_unknown,True,,Wikipedia,https://en.wikipedia.org/wiki/Riyad_Mahrez,2026-08-02,1367109876
riyad-mahrez,Q8338725,Riyad Mahrez,1991-02-21,Algeria,wing half,WNG,WIDE,active,2012–13,2012–13,2012,2013,split_year,21,le-havre,Le Havre,ligue-2,Ligue 2,34,4,domestic_league,False,professional_or_unknown,True,,Wikipedia,https://en.wikipedia.org/wiki/Riyad_Mahrez,2026-08-02,1367109876
riyad-mahrez,Q8338725,Riyad Mahrez,1991-02-21,Algeria,wing half,WNG,WIDE,active,2013–14,2013–14,2013,2014,split_year,22,le-havre,Le Havre,ligue-2,Ligue 2,17,2,domestic_league,False,professional_or_unknown,True,,Wikipedia,https://en.wikipedia.org/wiki/Riyad_Mahrez,2026-08-02,1367109876
riyad-mahrez,Q8338725,Riyad Mahrez,1991-02-21,Algeria,wing half,WNG,WIDE,active,2013–14,2013–14,2013,2014,split_year,22,leicester-city,Leicester City,championship,Championship,19,3,domestic_league,False,professional_or_unknown,True,,Wikipedia,https://en.wikipedia.org/wiki/Riyad_Mahrez,2026-08-02,1367109876
riyad-mahrez,Q8338725,Riyad Mahrez,1991-02-21,Algeria,wing half,WNG,WIDE,active,2014–15,2014–15,2014,2015,split_year,23,leicester-city,Leicester City,premier-league,Premier League,30,4,domestic_league,False,professional_or_unknown,True,,Wikipedia,https://en.wikipedia.org/wiki/Riyad_Mahrez,2026-08-02,1367109876
riyad-mahrez,Q8338725,Riyad Mahrez,1991-02-21,Algeria,wing half,WNG,WIDE,active,2015–16,2015–16,2015,2016,split_year,24,leicester-city,Leicester City,premier-league,Premier League,37,17,domestic_league,False,professional_or_unknown,True,,Wikipedia,https://en.wikipedia.org/wiki/Riyad_Mahrez,2026-08-02,1367109876
riyad-mahrez,Q8338725,Riyad Mahrez,1991-02-21,Algeria,wing half,WNG,WIDE,active,2016–17,2016–17,2016,2017,split_year,25,leicester-city,Leicester City,premier-league,Premier League,36,6,domestic_league,False,professional_or_unknown,True,,Wikipedia,https://en.wikipedia.org/wiki/Riyad_Mahrez,2026-08-02,1367109876
riyad-mahrez,Q8338725,Riyad Mahrez,1991-02-21,Algeria,wing half,WNG,WIDE,active,2017–18,2017–18,2017,2018,split_year,26,leicester-city,Leicester City,premier-league,Premier League,36,12,domestic_league,False,professional_or_unknown,True,,Wikipedia,https://en.wikipedia.org/wiki/Riyad_Mahrez,2026-08-02,1367109876
riyad-mahrez,Q8338725,Riyad Mahrez,1991-02-21,Algeria,wing half,WNG,WIDE,active,2018–19,2018–19,2018,2019,split_year,27,manchester-city,Manchester City,premier-league,Premier League,27,7,domestic_league,False,professional_or_unknown,True,,Wikipedia,https://en.wikipedia.org/wiki/Riyad_Mahrez,2026-08-02,1367109876
riyad-mahrez,Q8338725,Riyad Mahrez,1991-02-21,Algeria,wing half,WNG,WIDE,active,2019–20,2019–20,2019,2020,split_year,28,manchester-city,Manchester City,premier-league,Premier League,33,11,domestic_league,False,professional_or_unknown,True,,Wikipedia,https://en.wikipedia.org/wiki/Riyad_Mahrez,2026-08-02,1367109876
riyad-mahrez,Q8338725,Riyad Mahrez,1991-02-21,Algeria,wing half,WNG,WIDE,active,2020–21,2020–21,2020,2021,split_year,29,manchester-city,Manchester City,premier-league,Premier League,27,9,domestic_league,False,professional_or_unknown,True,,Wikipedia,https://en.wikipedia.org/wiki/Riyad_Mahrez,2026-08-02,1367109876
riyad-mahrez,Q8338725,Riyad Mahrez,1991-02-21,Algeria,wing half,WNG,WIDE,active,2021–22,2021–22,2021,2022,split_year,30,manchester-city,Manchester City,premier-league,Premier League,28,11,domestic_league,False,professional_or_unknown,True,,Wikipedia,https://en.wikipedia.org/wiki/Riyad_Mahrez,2026-08-02,1367109876
riyad-mahrez,Q8338725,Riyad Mahrez,1991-02-21,Algeria,wing half,WNG,WIDE,active,2022–23,2022–23,2022,2023,split_year,31,manchester-city,Manchester City,premier-league,Premier League,30,5,domestic_league,False,professional_or_unknown,True,,Wikipedia,https://en.wikipedia.org/wiki/Riyad_Mahrez,2026-08-02,1367109876
riyad-mahrez,Q8338725,Riyad Mahrez,1991-02-21,Algeria,wing half,WNG,WIDE,active,2023–24,2023–24,2023,2024,split_year,32,al-ahli,Al-Ahli,saudi-pro-league,Saudi Pro League,32,11,domestic_league,False,professional_or_unknown,True,,Wikipedia,https://en.wikipedia.org/wiki/Riyad_Mahrez,2026-08-02,1367109876
riyad-mahrez,Q8338725,Riyad Mahrez,1991-02-21,Algeria,wing half,WNG,WIDE,active,2024–25,2024–25,2024,2025,split_year,33,al-ahli,Al-Ahli,saudi-pro-league,Saudi Pro League,31,8,domestic_league,False,professional_or_unknown,True,,Wikipedia,https://en.wikipedia.org/wiki/Riyad_Mahrez,2026-08-02,1367109876
riyad-mahrez,Q8338725,Riyad Mahrez,1991-02-21,Algeria,wing half,WNG,WIDE,active,2025–26,2025–26,2025,2026,split_year,34,al-ahli,Al-Ahli,saudi-pro-league,Saudi Pro League,27,4,domestic_league,False,professional_or_unknown,True,,Wikipedia,https://en.wikipedia.org/wiki/Riyad_Mahrez,2026-08-02,1367109876
robert-lewandowski,Q151269,Robert Lewandowski,1988-08-21,Poland,forward,FW,FWD,active,2004–05,2004–05,2004,2005,split_year,16,delta-warsaw,Delta Warsaw,iv-liga,IV liga,17,4,domestic_league,False,professional_or_unknown,True,,Wikipedia,https://en.wikipedia.org/wiki/Robert_Lewandowski,2026-08-02,1367283040
robert-lewandowski,Q151269,Robert Lewandowski,1988-08-21,Poland,forward,FW,FWD,active,2006–07,2006–07,2006,2007,split_year,18,znicz-ii-pruszkow,Znicz II Pruszków,klasa-a,Klasa A,4,8,domestic_league,False,professional_or_unknown,True,,Wikipedia,https://en.wikipedia.org/wiki/Robert_Lewandowski,2026-08-02,1367283040
robert-lewandowski,Q151269,Robert Lewandowski,1988-08-21,Poland,forward,FW,FWD,active,2006–07,2006–07,2006,2007,split_year,18,znicz-pruszkow,Znicz Pruszków,iii-liga,III liga,27,15,domestic_league,False,professional_or_unknown,True,,Wikipedia,https://en.wikipedia.org/wiki/Robert_Lewandowski,2026-08-02,1367283040
robert-lewandowski,Q151269,Robert Lewandowski,1988-08-21,Poland,forward,FW,FWD,active,2007–08,2007–08,2007,2008,split_year,19,znicz-pruszkow,Znicz Pruszków,ii-liga,II liga,32,21,domestic_league,False,professional_or_unknown,True,,Wikipedia,https://en.wikipedia.org/wiki/Robert_Lewandowski,2026-08-02,1367283040
robert-lewandowski,Q151269,Robert Lewandowski,1988-08-21,Poland,forward,FW,FWD,active,2008–09,2008–09,2008,2009,split_year,20,lech-poznan,Lech Poznań,ekstraklasa,Ekstraklasa,30,14,domestic_league,False,professional_or_unknown,True,,Wikipedia,https://en.wikipedia.org/wiki/Robert_Lewandowski,2026-08-02,1367283040
robert-lewandowski,Q151269,Robert Lewandowski,1988-08-21,Poland,forward,FW,FWD,active,2009–10,2009–10,2009,2010,split_year,21,lech-poznan,Lech Poznań,ekstraklasa,Ekstraklasa,28,18,domestic_league,False,professional_or_unknown,True,,Wikipedia,https://en.wikipedia.org/wiki/Robert_Lewandowski,2026-08-02,1367283040
robert-lewandowski,Q151269,Robert Lewandowski,1988-08-21,Poland,forward,FW,FWD,active,2010–11,2010–11,2010,2011,split_year,22,borussia-dortmund,Borussia Dortmund,bundesliga,Bundesliga,33,8,domestic_league,False,professional_or_unknown,True,,Wikipedia,https://en.wikipedia.org/wiki/Robert_Lewandowski,2026-08-02,1367283040
robert-lewandowski,Q151269,Robert Lewandowski,1988-08-21,Poland,forward,FW,FWD,active,2011–12,2011–12,2011,2012,split_year,23,borussia-dortmund,Borussia Dortmund,bundesliga,Bundesliga,34,22,domestic_league,False,professional_or_unknown,True,,Wikipedia,https://en.wikipedia.org/wiki/Robert_Lewandowski,2026-08-02,1367283040
robert-lewandowski,Q151269,Robert Lewandowski,1988-08-21,Poland,forward,FW,FWD,active,2012–13,2012–13,2012,2013,split_year,24,borussia-dortmund,Borussia Dortmund,bundesliga,Bundesliga,31,24,domestic_league,False,professional_or_unknown,True,,Wikipedia,https://en.wikipedia.org/wiki/Robert_Lewandowski,2026-08-02,1367283040
robert-lewandowski,Q151269,Robert Lewandowski,1988-08-21,Poland,forward,FW,FWD,active,2013–14,2013–14,2013,2014,split_year,25,borussia-dortmund,Borussia Dortmund,bundesliga,Bundesliga,33,20,domestic_league,False,professional_or_unknown,True,,Wikipedia,https://en.wikipedia.org/wiki/Robert_Lewandowski,2026-08-02,1367283040
robert-lewandowski,Q151269,Robert Lewandowski,1988-08-21,Poland,forward,FW,FWD,active,2014–15,2014–15,2014,2015,split_year,26,bayern-munich,Bayern Munich,bundesliga,Bundesliga,31,17,domestic_league,False,professional_or_unknown,True,,Wikipedia,https://en.wikipedia.org/wiki/Robert_Lewandowski,2026-08-02,1367283040
robert-lewandowski,Q151269,Robert Lewandowski,1988-08-21,Poland,forward,FW,FWD,active,2015–16,2015–16,2015,2016,split_year,27,bayern-munich,Bayern Munich,bundesliga,Bundesliga,32,30,domestic_league,False,professional_or_unknown,True,,Wikipedia,https://en.wikipedia.org/wiki/Robert_Lewandowski,2026-08-02,1367283040
robert-lewandowski,Q151269,Robert Lewandowski,1988-08-21,Poland,forward,FW,FWD,active,2016–17,2016–17,2016,2017,split_year,28,bayern-munich,Bayern Munich,bundesliga,Bundesliga,33,30,domestic_league,False,professional_or_unknown,True,,Wikipedia,https://en.wikipedia.org/wiki/Robert_Lewandowski,2026-08-02,1367283040
robert-lewandowski,Q151269,Robert Lewandowski,1988-08-21,Poland,forward,FW,FWD,active,2017–18,2017–18,2017,2018,split_year,29,bayern-munich,Bayern Munich,bundesliga,Bundesliga,30,29,domestic_league,False,professional_or_unknown,True,,Wikipedia,https://en.wikipedia.org/wiki/Robert_Lewandowski,2026-08-02,1367283040
robert-lewandowski,Q151269,Robert Lewandowski,1988-08-21,Poland,forward,FW,FWD,active,2018–19,2018–19,2018,2019,split_year,30,bayern-munich,Bayern Munich,bundesliga,Bundesliga,33,22,domestic_league,False,professional_or_unknown,True,,Wikipedia,https://en.wikipedia.org/wiki/Robert_Lewandowski,2026-08-02,1367283040
robert-lewandowski,Q151269,Robert Lewandowski,1988-08-21,Poland,forward,FW,FWD,active,2019–20,2019–20,2019,2020,split_year,31,bayern-munich,Bayern Munich,bundesliga,Bundesliga,31,34,domestic_league,False,professional_or_unknown,True,,Wikipedia,https://en.wikipedia.org/wiki/Robert_Lewandowski,2026-08-02,1367283040
robert-lewandowski,Q151269,Robert Lewandowski,1988-08-21,Poland,forward,FW,FWD,active,2020–21,2020–21,2020,2021,split_year,32,bayern-munich,Bayern Munich,bundesliga,Bundesliga,29,41,domestic_league,False,professional_or_unknown,True,,Wikipedia,https://en.wikipedia.org/wiki/Robert_Lewandowski,2026-08-02,1367283040
robert-lewandowski,Q151269,Robert Lewandowski,1988-08-21,Poland,forward,FW,FWD,active,2021–22,2021–22,2021,2022,split_year,33,bayern-munich,Bayern Munich,bundesliga,Bundesliga,34,35,domestic_league,False,professional_or_unknown,True,,Wikipedia,https://en.wikipedia.org/wiki/Robert_Lewandowski,2026-08-02,1367283040
robert-lewandowski,Q151269,Robert Lewandowski,1988-08-21,Poland,forward,FW,FWD,active,2022–23,2022–23,2022,2023,split_year,34,barcelona,Barcelona,la-liga,La Liga,34,23,domestic_league,False,professional_or_unknown,True,,Wikipedia,https://en.wikipedia.org/wiki/Robert_Lewandowski,2026-08-02,1367283040
robert-lewandowski,Q151269,Robert Lewandowski,1988-08-21,Poland,forward,FW,FWD,active,2023–24,2023–24,2023,2024,split_year,35,barcelona,Barcelona,la-liga,La Liga,35,19,domestic_league,False,professional_or_unknown,True,,Wikipedia,https://en.wikipedia.org/wiki/Robert_Lewandowski,2026-08-02,1367283040
robert-lewandowski,Q151269,Robert Lewandowski,1988-08-21,Poland,forward,FW,FWD,active,2024–25,2024–25,2024,2025,split_year,36,barcelona,Barcelona,la-liga,La Liga,34,27,domestic_league,False,professional_or_unknown,True,,Wikipedia,https://en.wikipedia.org/wiki/Robert_Lewandowski,2026-08-02,1367283040
robert-lewandowski,Q151269,Robert Lewandowski,1988-08-21,Poland,forward,FW,FWD,active,2025–26,2025–26,2025,2026,split_year,37,barcelona,Barcelona,la-liga,La Liga,31,14,domestic_league,False,professional_or_unknown,True,,Wikipedia,https://en.wikipedia.org/wiki/Robert_Lewandowski,2026-08-02,1367283040
robert-lewandowski,Q151269,Robert Lewandowski,1988-08-21,Poland,forward,FW,FWD,active,2026,2026,2026,2026,calendar_year,38,chicago-fire,Chicago Fire,major-league-soccer,Major League Soccer,3,2,domestic_league,True,professional_or_unknown,True,,Wikipedia,https://en.wikipedia.org/wiki/Robert_Lewandowski,2026-08-02,1367283040
roberto-carlos,Q429039,Roberto Carlos,1973-04-10,Brazil,full-back,FB,DEF,retired,1992,1992,1992,1992,calendar_year,19,uniao-sao-joao,União São João,serie-b,Série B,21,3,domestic_league,False,professional_or_unknown,True,,Wikipedia,https://en.wikipedia.org/wiki/Roberto_Carlos,2026-08-02,1367236904
roberto-carlos,Q429039,Roberto Carlos,1973-04-10,Brazil,full-back,FB,DEF,retired,1993,1993,1993,1993,calendar_year,20,palmeiras,Palmeiras,serie-a,Série A,20,1,domestic_league,False,professional_or_unknown,True,,Wikipedia,https://en.wikipedia.org/wiki/Roberto_Carlos,2026-08-02,1367236904
roberto-carlos,Q429039,Roberto Carlos,1973-04-10,Brazil,full-back,FB,DEF,retired,1994,1994,1994,1994,calendar_year,21,palmeiras,Palmeiras,serie-a,Série A,24,2,domestic_league,False,professional_or_unknown,True,,Wikipedia,https://en.wikipedia.org/wiki/Roberto_Carlos,2026-08-02,1367236904
roberto-carlos,Q429039,Roberto Carlos,1973-04-10,Brazil,full-back,FB,DEF,retired,1995,1995,1995,1995,calendar_year,22,palmeiras,Palmeiras,serie-a,Série A,0,0,domestic_league,False,professional_or_unknown,True,,Wikipedia,https://en.wikipedia.org/wiki/Roberto_Carlos,2026-08-02,1367236904
roberto-carlos,Q429039,Roberto Carlos,1973-04-10,Brazil,full-back,FB,DEF,retired,1995–96,1995–96,1995,1996,split_year,22,inter-milan,Inter Milan,serie-a,Serie A,30,5,domestic_league,False,professional_or_unknown,True,,Wikipedia,https://en.wikipedia.org/wiki/Roberto_Carlos,2026-08-02,1367236904
roberto-carlos,Q429039,Roberto Carlos,1973-04-10,Brazil,full-back,FB,DEF,retired,1996–97,1996–97,1996,1997,split_year,23,real-madrid,Real Madrid,la-liga,La Liga,37,5,domestic_league,False,professional_or_unknown,True,,Wikipedia,https://en.wikipedia.org/wiki/Roberto_Carlos,2026-08-02,1367236904
roberto-carlos,Q429039,Roberto Carlos,1973-04-10,Brazil,full-back,FB,DEF,retired,1997–98,1997–98,1997,1998,split_year,24,real-madrid,Real Madrid,la-liga,La Liga,35,4,domestic_league,False,professional_or_unknown,True,,Wikipedia,https://en.wikipedia.org/wiki/Roberto_Carlos,2026-08-02,1367236904
roberto-carlos,Q429039,Roberto Carlos,1973-04-10,Brazil,full-back,FB,DEF,retired,1998–99,1998–99,1998,1999,split_year,25,real-madrid,Real Madrid,la-liga,La Liga,35,5,domestic_league,False,professional_or_unknown,True,,Wikipedia,https://en.wikipedia.org/wiki/Roberto_Carlos,2026-08-02,1367236904
roberto-carlos,Q429039,Roberto Carlos,1973-04-10,Brazil,full-back,FB,DEF,retired,1999–2000,1999–2000,1999,2000,split_year,26,real-madrid,Real Madrid,la-liga,La Liga,35,4,domestic_league,False,professional_or_unknown,True,,Wikipedia,https://en.wikipedia.org/wiki/Roberto_Carlos,2026-08-02,1367236904
roberto-carlos,Q429039,Roberto Carlos,1973-04-10,Brazil,full-back,FB,DEF,retired,2000–01,2000–01,2000,2001,split_year,27,real-madrid,Real Madrid,la-liga,La Liga,36,5,domestic_league,False,professional_or_unknown,True,,Wikipedia,https://en.wikipedia.org/wiki/Roberto_Carlos,2026-08-02,1367236904
roberto-carlos,Q429039,Roberto Carlos,1973-04-10,Brazil,full-back,FB,DEF,retired,2001–02,2001–02,2001,2002,split_year,28,real-madrid,Real Madrid,la-liga,La Liga,31,3,domestic_league,False,professional_or_unknown,True,,Wikipedia,https://en.wikipedia.org/wiki/Roberto_Carlos,2026-08-02,1367236904
roberto-carlos,Q429039,Roberto Carlos,1973-04-10,Brazil,full-back,FB,DEF,retired,2002–03,2002–03,2002,2003,split_year,29,real-madrid,Real Madrid,la-liga,La Liga,37,5,domestic_league,False,professional_or_unknown,True,,Wikipedia,https://en.wikipedia.org/wiki/Roberto_Carlos,2026-08-02,1367236904
roberto-carlos,Q429039,Roberto Carlos,1973-04-10,Brazil,full-back,FB,DEF,retired,2003–04,2003–04,2003,2004,split_year,30,real-madrid,Real Madrid,la-liga,La Liga,32,5,domestic_league,False,professional_or_unknown,True,,Wikipedia,https://en.wikipedia.org/wiki/Roberto_Carlos,2026-08-02,1367236904
roberto-carlos,Q429039,Roberto Carlos,1973-04-10,Brazil,full-back,FB,DEF,retired,2004–05,2004–05,2004,2005,split_year,31,real-madrid,Real Madrid,la-liga,La Liga,34,3,domestic_league,False,professional_or_unknown,True,,Wikipedia,https://en.wikipedia.org/wiki/Roberto_Carlos,2026-08-02,1367236904
roberto-carlos,Q429039,Roberto Carlos,1973-04-10,Brazil,full-back,FB,DEF,retired,2005–06,2005–06,2005,2006,split_year,32,real-madrid,Real Madrid,la-liga,La Liga,35,5,domestic_league,False,professional_or_unknown,True,,Wikipedia,https://en.wikipedia.org/wiki/Roberto_Carlos,2026-08-02,1367236904
roberto-carlos,Q429039,Roberto Carlos,1973-04-10,Brazil,full-back,FB,DEF,retired,2006–07,2006–07,2006,2007,split_year,33,real-madrid,Real Madrid,la-liga,La Liga,23,3,domestic_league,False,professional_or_unknown,True,,Wikipedia,https://en.wikipedia.org/wiki/Roberto_Carlos,2026-08-02,1367236904
roberto-carlos,Q429039,Roberto Carlos,1973-04-10,Brazil,full-back,FB,DEF,retired,2007–08,2007–08,2007,2008,split_year,34,fenerbahce,Fenerbahçe,super-lig,Süper Lig,22,2,domestic_league,False,professional_or_unknown,True,,Wikipedia,https://en.wikipedia.org/wiki/Roberto_Carlos,2026-08-02,1367236904
roberto-carlos,Q429039,Roberto Carlos,1973-04-10,Brazil,full-back,FB,DEF,retired,2008–09,2008–09,2008,2009,split_year,35,fenerbahce,Fenerbahçe,super-lig,Süper Lig,32,4,domestic_league,False,professional_or_unknown,True,,Wikipedia,https://en.wikipedia.org/wiki/Roberto_Carlos,2026-08-02,1367236904
roberto-carlos,Q429039,Roberto Carlos,1973-04-10,Brazil,full-back,FB,DEF,retired,2009–10,2009–10,2009,2010,split_year,36,fenerbahce,Fenerbahçe,super-lig,Süper Lig,11,0,domestic_league,False,professional_or_unknown,True,,Wikipedia,https://en.wikipedia.org/wiki/Roberto_Carlos,2026-08-02,1367236904
roberto-carlos,Q429039,Roberto Carlos,1973-04-10,Brazil,full-back,FB,DEF,retired,2010,2010,2010,2010,calendar_year,37,corinthians,Corinthians,serie-a,Série A,35,1,domestic_league,False,professional_or_unknown,True,,Wikipedia,https://en.wikipedia.org/wiki/Roberto_Carlos,2026-08-02,1367236904
roberto-carlos,Q429039,Roberto Carlos,1973-04-10,Brazil,full-back,FB,DEF,retired,2011,2011,2011,2011,calendar_year,38,corinthians,Corinthians,serie-a,Série A,0,0,domestic_league,False,professional_or_unknown,True,,Wikipedia,https://en.wikipedia.org/wiki/Roberto_Carlos,2026-08-02,1367236904
roberto-carlos,Q429039,Roberto Carlos,1973-04-10,Brazil,full-back,FB,DEF,retired,2011–12,2011–12,2011,2012,split_year,38,anzhi,Anzhi,russian-premier-league,Russian Premier League,25,4,domestic_league,False,professional_or_unknown,True,,Wikipedia,https://en.wikipedia.org/wiki/Roberto_Carlos,2026-08-02,1367236904
roberto-carlos,Q429039,Roberto Carlos,1973-04-10,Brazil,full-back,FB,DEF,retired,2015,2015,2015,2015,calendar_year,42,delhi-dynamos,Delhi Dynamos,indian-super-league,Indian Super League,3,0,domestic_league,False,post_retirement_cameo,False,post_retirement_cameo,Wikipedia,https://en.wikipedia.org/wiki/Roberto_Carlos,2026-08-02,1367236904
robin-van-persie,Q2339,Robin van Persie,1983-08-06,Kingdom of the Netherlands,forward,FW,FWD,retired,2001–02,2001–02,2001,2002,split_year,18,feyenoord,Feyenoord,eredivisie,Eredivisie,10,0,domestic_league,False,professional_or_unknown,True,,Wikipedia,https://en.wikipedia.org/wiki/Robin_van_Persie,2026-08-02,1363725249
robin-van-persie,Q2339,Robin van Persie,1983-08-06,Kingdom of the Netherlands,forward,FW,FWD,retired,2002–03,2002–03,2002,2003,split_year,19,feyenoord,Feyenoord,eredivisie,Eredivisie,23,8,domestic_league,False,professional_or_unknown,True,,Wikipedia,https://en.wikipedia.org/wiki/Robin_van_Persie,2026-08-02,1363725249
robin-van-persie,Q2339,Robin van Persie,1983-08-06,Kingdom of the Netherlands,forward,FW,FWD,retired,2003–04,2003–04,2003,2004,split_year,20,feyenoord,Feyenoord,eredivisie,Eredivisie,28,6,domestic_league,False,professional_or_unknown,True,,Wikipedia,https://en.wikipedia.org/wiki/Robin_van_Persie,2026-08-02,1363725249
robin-van-persie,Q2339,Robin van Persie,1983-08-06,Kingdom of the Netherlands,forward,FW,FWD,retired,2004–05,2004–05,2004,2005,split_year,21,arsenal,Arsenal,premier-league,Premier League,26,5,domestic_league,False,professional_or_unknown,True,,Wikipedia,https://en.wikipedia.org/wiki/Robin_van_Persie,2026-08-02,1363725249
robin-van-persie,Q2339,Robin van Persie,1983-08-06,Kingdom of the Netherlands,forward,FW,FWD,retired,2005–06,2005–06,2005,2006,split_year,22,arsenal,Arsenal,premier-league,Premier League,24,5,domestic_league,False,professional_or_unknown,True,,Wikipedia,https://en.wikipedia.org/wiki/Robin_van_Persie,2026-08-02,1363725249
robin-van-persie,Q2339,Robin van Persie,1983-08-06,Kingdom of the Netherlands,forward,FW,FWD,retired,2006–07,2006–07,2006,2007,split_year,23,arsenal,Arsenal,premier-league,Premier League,22,11,domestic_league,False,professional_or_unknown,True,,Wikipedia,https://en.wikipedia.org/wiki/Robin_van_Persie,2026-08-02,1363725249
robin-van-persie,Q2339,Robin van Persie,1983-08-06,Kingdom of the Netherlands,forward,FW,FWD,retired,2007–08,2007–08,2007,2008,split_year,24,arsenal,Arsenal,premier-league,Premier League,15,7,domestic_league,False,professional_or_unknown,True,,Wikipedia,https://en.wikipedia.org/wiki/Robin_van_Persie,2026-08-02,1363725249
robin-van-persie,Q2339,Robin van Persie,1983-08-06,Kingdom of the Netherlands,forward,FW,FWD,retired,2008–09,2008–09,2008,2009,split_year,25,arsenal,Arsenal,premier-league,Premier League,28,11,domestic_league,False,professional_or_unknown,True,,Wikipedia,https://en.wikipedia.org/wiki/Robin_van_Persie,2026-08-02,1363725249
robin-van-persie,Q2339,Robin van Persie,1983-08-06,Kingdom of the Netherlands,forward,FW,FWD,retired,2009–10,2009–10,2009,2010,split_year,26,arsenal,Arsenal,premier-league,Premier League,16,9,domestic_league,False,professional_or_unknown,True,,Wikipedia,https://en.wikipedia.org/wiki/Robin_van_Persie,2026-08-02,1363725249
robin-van-persie,Q2339,Robin van Persie,1983-08-06,Kingdom of the Netherlands,forward,FW,FWD,retired,2010–11,2010–11,2010,2011,split_year,27,arsenal,Arsenal,premier-league,Premier League,25,18,domestic_league,False,professional_or_unknown,True,,Wikipedia,https://en.wikipedia.org/wiki/Robin_van_Persie,2026-08-02,1363725249
robin-van-persie,Q2339,Robin van Persie,1983-08-06,Kingdom of the Netherlands,forward,FW,FWD,retired,2011–12,2011–12,2011,2012,split_year,28,arsenal,Arsenal,premier-league,Premier League,38,30,domestic_league,False,professional_or_unknown,True,,Wikipedia,https://en.wikipedia.org/wiki/Robin_van_Persie,2026-08-02,1363725249
robin-van-persie,Q2339,Robin van Persie,1983-08-06,Kingdom of the Netherlands,forward,FW,FWD,retired,2012–13,2012–13,2012,2013,split_year,29,manchester-united,Manchester United,premier-league,Premier League,38,26,domestic_league,False,professional_or_unknown,True,,Wikipedia,https://en.wikipedia.org/wiki/Robin_van_Persie,2026-08-02,1363725249
robin-van-persie,Q2339,Robin van Persie,1983-08-06,Kingdom of the Netherlands,forward,FW,FWD,retired,2013–14,2013–14,2013,2014,split_year,30,manchester-united,Manchester United,premier-league,Premier League,21,12,domestic_league,False,professional_or_unknown,True,,Wikipedia,https://en.wikipedia.org/wiki/Robin_van_Persie,2026-08-02,1363725249
robin-van-persie,Q2339,Robin van Persie,1983-08-06,Kingdom of the Netherlands,forward,FW,FWD,retired,2014–15,2014–15,2014,2015,split_year,31,manchester-united,Manchester United,premier-league,Premier League,27,10,domestic_league,False,professional_or_unknown,True,,Wikipedia,https://en.wikipedia.org/wiki/Robin_van_Persie,2026-08-02,1363725249
robin-van-persie,Q2339,Robin van Persie,1983-08-06,Kingdom of the Netherlands,forward,FW,FWD,retired,2015–16,2015–16,2015,2016,split_year,32,fenerbahce,Fenerbahçe,super-lig,Süper Lig,31,16,domestic_league,False,professional_or_unknown,True,,Wikipedia,https://en.wikipedia.org/wiki/Robin_van_Persie,2026-08-02,1363725249
robin-van-persie,Q2339,Robin van Persie,1983-08-06,Kingdom of the Netherlands,forward,FW,FWD,retired,2016–17,2016–17,2016,2017,split_year,33,fenerbahce,Fenerbahçe,super-lig,Süper Lig,24,9,domestic_league,False,professional_or_unknown,True,,Wikipedia,https://en.wikipedia.org/wiki/Robin_van_Persie,2026-08-02,1363725249
robin-van-persie,Q2339,Robin van Persie,1983-08-06,Kingdom of the Netherlands,forward,FW,FWD,retired,2017–18,2017–18,2017,2018,split_year,34,fenerbahce,Fenerbahçe,super-lig,Süper Lig,2,0,domestic_league,False,professional_or_unknown,True,,Wikipedia,https://en.wikipedia.org/wiki/Robin_van_Persie,2026-08-02,1363725249
robin-van-persie,Q2339,Robin van Persie,1983-08-06,Kingdom of the Netherlands,forward,FW,FWD,retired,2017–18,2017–18,2017,2018,split_year,34,feyenoord,Feyenoord,eredivisie,Eredivisie,12,5,domestic_league,False,professional_or_unknown,True,,Wikipedia,https://en.wikipedia.org/wiki/Robin_van_Persie,2026-08-02,1363725249
robin-van-persie,Q2339,Robin van Persie,1983-08-06,Kingdom of the Netherlands,forward,FW,FWD,retired,2018–19,2018–19,2018,2019,split_year,35,feyenoord,Feyenoord,eredivisie,Eredivisie,25,16,domestic_league,False,professional_or_unknown,True,,Wikipedia,https://en.wikipedia.org/wiki/Robin_van_Persie,2026-08-02,1363725249
rodri-footballer-born-1996,Q20994118,"Rodri (footballer, born 1996)",1996-06-22,Spain,defensive midfielder,DM,MID,active,2015–16,2015–16,2015,2016,split_year,19,villarreal,Villarreal,la-liga,La Liga,3,0,domestic_league,False,professional_or_unknown,True,,Wikipedia,"https://en.wikipedia.org/wiki/Rodri_(footballer,_born_1996)",2026-08-02,1367110049
rodri-footballer-born-1996,Q20994118,"Rodri (footballer, born 1996)",1996-06-22,Spain,defensive midfielder,DM,MID,active,2016–17,2016–17,2016,2017,split_year,20,villarreal,Villarreal,la-liga,La Liga,23,0,domestic_league,False,professional_or_unknown,True,,Wikipedia,"https://en.wikipedia.org/wiki/Rodri_(footballer,_born_1996)",2026-08-02,1367110049
rodri-footballer-born-1996,Q20994118,"Rodri (footballer, born 1996)",1996-06-22,Spain,defensive midfielder,DM,MID,active,2017–18,2017–18,2017,2018,split_year,21,villarreal,Villarreal,la-liga,La Liga,37,1,domestic_league,False,professional_or_unknown,True,,Wikipedia,"https://en.wikipedia.org/wiki/Rodri_(footballer,_born_1996)",2026-08-02,1367110049
rodri-footballer-born-1996,Q20994118,"Rodri (footballer, born 1996)",1996-06-22,Spain,defensive midfielder,DM,MID,active,2018–19,2018–19,2018,2019,split_year,22,atletico-madrid,Atlético Madrid,la-liga,La Liga,34,3,domestic_league,False,professional_or_unknown,True,,Wikipedia,"https://en.wikipedia.org/wiki/Rodri_(footballer,_born_1996)",2026-08-02,1367110049
rodri-footballer-born-1996,Q20994118,"Rodri (footballer, born 1996)",1996-06-22,Spain,defensive midfielder,DM,MID,active,2019–20,2019–20,2019,2020,split_year,23,manchester-city,Manchester City,premier-league,Premier League,35,3,domestic_league,False,professional_or_unknown,True,,Wikipedia,"https://en.wikipedia.org/wiki/Rodri_(footballer,_born_1996)",2026-08-02,1367110049
rodri-footballer-born-1996,Q20994118,"Rodri (footballer, born 1996)",1996-06-22,Spain,defensive midfielder,DM,MID,active,2020–21,2020–21,2020,2021,split_year,24,manchester-city,Manchester City,premier-league,Premier League,34,2,domestic_league,False,professional_or_unknown,True,,Wikipedia,"https://en.wikipedia.org/wiki/Rodri_(footballer,_born_1996)",2026-08-02,1367110049
rodri-footballer-born-1996,Q20994118,"Rodri (footballer, born 1996)",1996-06-22,Spain,defensive midfielder,DM,MID,active,2021–22,2021–22,2021,2022,split_year,25,manchester-city,Manchester City,premier-league,Premier League,33,7,domestic_league,False,professional_or_unknown,True,,Wikipedia,"https://en.wikipedia.org/wiki/Rodri_(footballer,_born_1996)",2026-08-02,1367110049
rodri-footballer-born-1996,Q20994118,"Rodri (footballer, born 1996)",1996-06-22,Spain,defensive midfielder,DM,MID,active,2022–23,2022–23,2022,2023,split_year,26,manchester-city,Manchester City,premier-league,Premier League,36,2,domestic_league,False,professional_or_unknown,True,,Wikipedia,"https://en.wikipedia.org/wiki/Rodri_(footballer,_born_1996)",2026-08-02,1367110049
rodri-footballer-born-1996,Q20994118,"Rodri (footballer, born 1996)",1996-06-22,Spain,defensive midfielder,DM,MID,active,2023–24,2023–24,2023,2024,split_year,27,manchester-city,Manchester City,premier-league,Premier League,34,8,domestic_league,False,professional_or_unknown,True,,Wikipedia,"https://en.wikipedia.org/wiki/Rodri_(footballer,_born_1996)",2026-08-02,1367110049
rodri-footballer-born-1996,Q20994118,"Rodri (footballer, born 1996)",1996-06-22,Spain,defensive midfielder,DM,MID,active,2024–25,2024–25,2024,2025,split_year,28,manchester-city,Manchester City,premier-league,Premier League,3,0,domestic_league,False,professional_or_unknown,True,,Wikipedia,"https://en.wikipedia.org/wiki/Rodri_(footballer,_born_1996)",2026-08-02,1367110049
rodri-footballer-born-1996,Q20994118,"Rodri (footballer, born 1996)",1996-06-22,Spain,defensive midfielder,DM,MID,active,2025–26,2025–26,2025,2026,split_year,29,manchester-city,Manchester City,premier-league,Premier League,21,1,domestic_league,False,professional_or_unknown,True,,Wikipedia,"https://en.wikipedia.org/wiki/Rodri_(footballer,_born_1996)",2026-08-02,1367110049
rodrygo,Q42728914,Rodrygo,2001-01-09,Brazil,winger,WNG,WIDE,active,2017,2017,2017,2017,calendar_year,16,santos,Santos,serie-a,Série A,2,0,domestic_league,False,professional_or_unknown,True,,Wikipedia,https://en.wikipedia.org/wiki/Rodrygo,2026-08-02,1367257877
rodrygo,Q42728914,Rodrygo,2001-01-09,Brazil,winger,WNG,WIDE,active,2018,2018,2018,2018,calendar_year,17,santos,Santos,serie-a,Série A,35,8,domestic_league,False,professional_or_unknown,True,,Wikipedia,https://en.wikipedia.org/wiki/Rodrygo,2026-08-02,1367257877
rodrygo,Q42728914,Rodrygo,2001-01-09,Brazil,winger,WNG,WIDE,active,2019,2019,2019,2019,calendar_year,18,santos,Santos,serie-a,Série A,4,1,domestic_league,False,professional_or_unknown,True,,Wikipedia,https://en.wikipedia.org/wiki/Rodrygo,2026-08-02,1367257877
rodrygo,Q42728914,Rodrygo,2001-01-09,Brazil,winger,WNG,WIDE,active,2019–20,2019–20,2019,2020,split_year,18,real-madrid,Real Madrid,la-liga,La Liga,19,2,domestic_league,False,professional_or_unknown,True,,Wikipedia,https://en.wikipedia.org/wiki/Rodrygo,2026-08-02,1367257877
rodrygo,Q42728914,Rodrygo,2001-01-09,Brazil,winger,WNG,WIDE,active,2020–21,2020–21,2020,2021,split_year,19,real-madrid,Real Madrid,la-liga,La Liga,22,1,domestic_league,False,professional_or_unknown,True,,Wikipedia,https://en.wikipedia.org/wiki/Rodrygo,2026-08-02,1367257877
rodrygo,Q42728914,Rodrygo,2001-01-09,Brazil,winger,WNG,WIDE,active,2021–22,2021–22,2021,2022,split_year,20,real-madrid,Real Madrid,la-liga,La Liga,33,4,domestic_league,False,professional_or_unknown,True,,Wikipedia,https://en.wikipedia.org/wiki/Rodrygo,2026-08-02,1367257877
rodrygo,Q42728914,Rodrygo,2001-01-09,Brazil,winger,WNG,WIDE,active,2022–23,2022–23,2022,2023,split_year,21,real-madrid,Real Madrid,la-liga,La Liga,34,9,domestic_league,False,professional_or_unknown,True,,Wikipedia,https://en.wikipedia.org/wiki/Rodrygo,2026-08-02,1367257877
rodrygo,Q42728914,Rodrygo,2001-01-09,Brazil,winger,WNG,WIDE,active,2023–24,2023–24,2023,2024,split_year,22,real-madrid,Real Madrid,la-liga,La Liga,34,10,domestic_league,False,professional_or_unknown,True,,Wikipedia,https://en.wikipedia.org/wiki/Rodrygo,2026-08-02,1367257877
rodrygo,Q42728914,Rodrygo,2001-01-09,Brazil,winger,WNG,WIDE,active,2024–25,2024–25,2024,2025,split_year,23,real-madrid,Real Madrid,la-liga,La Liga,30,6,domestic_league,False,professional_or_unknown,True,,Wikipedia,https://en.wikipedia.org/wiki/Rodrygo,2026-08-02,1367257877
rodrygo,Q42728914,Rodrygo,2001-01-09,Brazil,winger,WNG,WIDE,active,2025–26,2025–26,2025,2026,split_year,24,real-madrid,Real Madrid,la-liga,La Liga,19,1,domestic_league,False,professional_or_unknown,True,,Wikipedia,https://en.wikipedia.org/wiki/Rodrygo,2026-08-02,1367257877
rodrygo,Q42728914,Rodrygo,2001-01-09,Brazil,winger,WNG,WIDE,active,2026–27,2026–27,2026,2027,split_year,25,real-madrid,Real Madrid,la-liga,La Liga,0,0,domestic_league,True,professional_or_unknown,True,,Wikipedia,https://en.wikipedia.org/wiki/Rodrygo,2026-08-02,1367257877
romelu-lukaku,Q313316,Romelu Lukaku,1993-05-13,Belgium,forward,FW,FWD,active,2008–09,2008–09,2008,2009,split_year,15,anderlecht,Anderlecht,belgian-first-division,Belgian First Division,1,0,domestic_league,False,professional_or_unknown,True,,Wikipedia,https://en.wikipedia.org/wiki/Romelu_Lukaku,2026-08-02,1367110118
romelu-lukaku,Q313316,Romelu Lukaku,1993-05-13,Belgium,forward,FW,FWD,active,2009–10,2009–10,2009,2010,split_year,16,anderlecht,Anderlecht,belgian-pro-league,Belgian Pro League,33,15,domestic_league,False,professional_or_unknown,True,,Wikipedia,https://en.wikipedia.org/wiki/Romelu_Lukaku,2026-08-02,1367110118
romelu-lukaku,Q313316,Romelu Lukaku,1993-05-13,Belgium,forward,FW,FWD,active,2010–11,2010–11,2010,2011,split_year,17,anderlecht,Anderlecht,belgian-pro-league,Belgian Pro League,37,16,domestic_league,False,professional_or_unknown,True,,Wikipedia,https://en.wikipedia.org/wiki/Romelu_Lukaku,2026-08-02,1367110118
romelu-lukaku,Q313316,Romelu Lukaku,1993-05-13,Belgium,forward,FW,FWD,active,2011–12,2011–12,2011,2012,split_year,18,anderlecht,Anderlecht,belgian-pro-league,Belgian Pro League,2,2,domestic_league,False,professional_or_unknown,True,,Wikipedia,https://en.wikipedia.org/wiki/Romelu_Lukaku,2026-08-02,1367110118
romelu-lukaku,Q313316,Romelu Lukaku,1993-05-13,Belgium,forward,FW,FWD,active,2011–12,2011–12,2011,2012,split_year,18,chelsea,Chelsea,premier-league,Premier League,8,0,domestic_league,False,professional_or_unknown,True,,Wikipedia,https://en.wikipedia.org/wiki/Romelu_Lukaku,2026-08-02,1367110118
romelu-lukaku,Q313316,Romelu Lukaku,1993-05-13,Belgium,forward,FW,FWD,active,2012–13,2012–13,2012,2013,split_year,19,west-bromwich-albion-loan,West Bromwich Albion (loan),premier-league,Premier League,35,17,domestic_league,False,professional_or_unknown,True,,Wikipedia,https://en.wikipedia.org/wiki/Romelu_Lukaku,2026-08-02,1367110118
romelu-lukaku,Q313316,Romelu Lukaku,1993-05-13,Belgium,forward,FW,FWD,active,2013–14,2013–14,2013,2014,split_year,20,chelsea,Chelsea,premier-league,Premier League,2,0,domestic_league,False,professional_or_unknown,True,,Wikipedia,https://en.wikipedia.org/wiki/Romelu_Lukaku,2026-08-02,1367110118
romelu-lukaku,Q313316,Romelu Lukaku,1993-05-13,Belgium,forward,FW,FWD,active,2013–14,2013–14,2013,2014,split_year,20,everton-loan,Everton (loan),premier-league,Premier League,31,15,domestic_league,False,professional_or_unknown,True,,Wikipedia,https://en.wikipedia.org/wiki/Romelu_Lukaku,2026-08-02,1367110118
romelu-lukaku,Q313316,Romelu Lukaku,1993-05-13,Belgium,forward,FW,FWD,active,2014–15,2014–15,2014,2015,split_year,21,everton,Everton,premier-league,Premier League,36,10,domestic_league,False,professional_or_unknown,True,,Wikipedia,https://en.wikipedia.org/wiki/Romelu_Lukaku,2026-08-02,1367110118
romelu-lukaku,Q313316,Romelu Lukaku,1993-05-13,Belgium,forward,FW,FWD,active,2015–16,2015–16,2015,2016,split_year,22,everton,Everton,premier-league,Premier League,37,18,domestic_league,False,professional_or_unknown,True,,Wikipedia,https://en.wikipedia.org/wiki/Romelu_Lukaku,2026-08-02,1367110118
romelu-lukaku,Q313316,Romelu Lukaku,1993-05-13,Belgium,forward,FW,FWD,active,2016–17,2016–17,2016,2017,split_year,23,everton,Everton,premier-league,Premier League,37,25,domestic_league,False,professional_or_unknown,True,,Wikipedia,https://en.wikipedia.org/wiki/Romelu_Lukaku,2026-08-02,1367110118
romelu-lukaku,Q313316,Romelu Lukaku,1993-05-13,Belgium,forward,FW,FWD,active,2017–18,2017–18,2017,2018,split_year,24,manchester-united,Manchester United,premier-league,Premier League,34,16,domestic_league,False,professional_or_unknown,True,,Wikipedia,https://en.wikipedia.org/wiki/Romelu_Lukaku,2026-08-02,1367110118
romelu-lukaku,Q313316,Romelu Lukaku,1993-05-13,Belgium,forward,FW,FWD,active,2018–19,2018–19,2018,2019,split_year,25,manchester-united,Manchester United,premier-league,Premier League,32,12,domestic_league,False,professional_or_unknown,True,,Wikipedia,https://en.wikipedia.org/wiki/Romelu_Lukaku,2026-08-02,1367110118
romelu-lukaku,Q313316,Romelu Lukaku,1993-05-13,Belgium,forward,FW,FWD,active,2019–20,2019–20,2019,2020,split_year,26,inter-milan,Inter Milan,serie-a,Serie A,36,23,domestic_league,False,professional_or_unknown,True,,Wikipedia,https://en.wikipedia.org/wiki/Romelu_Lukaku,2026-08-02,1367110118
romelu-lukaku,Q313316,Romelu Lukaku,1993-05-13,Belgium,forward,FW,FWD,active,2020–21,2020–21,2020,2021,split_year,27,inter-milan,Inter Milan,serie-a,Serie A,36,24,domestic_league,False,professional_or_unknown,True,,Wikipedia,https://en.wikipedia.org/wiki/Romelu_Lukaku,2026-08-02,1367110118
romelu-lukaku,Q313316,Romelu Lukaku,1993-05-13,Belgium,forward,FW,FWD,active,2021–22,2021–22,2021,2022,split_year,28,chelsea,Chelsea,premier-league,Premier League,26,8,domestic_league,False,professional_or_unknown,True,,Wikipedia,https://en.wikipedia.org/wiki/Romelu_Lukaku,2026-08-02,1367110118
romelu-lukaku,Q313316,Romelu Lukaku,1993-05-13,Belgium,forward,FW,FWD,active,2022–23,2022–23,2022,2023,split_year,29,inter-milan-loan,Inter Milan (loan),serie-a,Serie A,25,10,domestic_league,False,professional_or_unknown,True,,Wikipedia,https://en.wikipedia.org/wiki/Romelu_Lukaku,2026-08-02,1367110118
romelu-lukaku,Q313316,Romelu Lukaku,1993-05-13,Belgium,forward,FW,FWD,active,2023–24,2023–24,2023,2024,split_year,30,roma-loan,Roma (loan),serie-a,Serie A,32,13,domestic_league,False,professional_or_unknown,True,,Wikipedia,https://en.wikipedia.org/wiki/Romelu_Lukaku,2026-08-02,1367110118
romelu-lukaku,Q313316,Romelu Lukaku,1993-05-13,Belgium,forward,FW,FWD,active,2024–25,2024–25,2024,2025,split_year,31,napoli,Napoli,serie-a,Serie A,36,14,domestic_league,False,professional_or_unknown,True,,Wikipedia,https://en.wikipedia.org/wiki/Romelu_Lukaku,2026-08-02,1367110118
romelu-lukaku,Q313316,Romelu Lukaku,1993-05-13,Belgium,forward,FW,FWD,active,2025–26,2025–26,2025,2026,split_year,32,napoli,Napoli,serie-a,Serie A,5,1,domestic_league,False,professional_or_unknown,True,,Wikipedia,https://en.wikipedia.org/wiki/Romelu_Lukaku,2026-08-02,1367110118
ronald-araujo,Q56332606,Ronald Araújo,1999-03-07,Uruguay,defender,CB,DEF,active,2016,2016,2016,2016,calendar_year,17,rentistas,Rentistas,uruguayan-segunda-division,Uruguayan Segunda División,3,1,domestic_league,False,professional_or_unknown,True,,Wikipedia,https://en.wikipedia.org/wiki/Ronald_Araújo,2026-08-02,1367110133
ronald-araujo,Q56332606,Ronald Araújo,1999-03-07,Uruguay,defender,CB,DEF,active,2017,2017,2017,2017,calendar_year,18,boston-river,Boston River,uruguayan-primera-division,Uruguayan Primera División,9,0,domestic_league,False,professional_or_unknown,True,,Wikipedia,https://en.wikipedia.org/wiki/Ronald_Araújo,2026-08-02,1367110133
ronald-araujo,Q56332606,Ronald Araújo,1999-03-07,Uruguay,defender,CB,DEF,active,2017,2017,2017,2017,calendar_year,18,rentistas,Rentistas,uruguayan-segunda-division,Uruguayan Segunda División,14,6,domestic_league,False,professional_or_unknown,True,,Wikipedia,https://en.wikipedia.org/wiki/Ronald_Araújo,2026-08-02,1367110133
ronald-araujo,Q56332606,Ronald Araújo,1999-03-07,Uruguay,defender,CB,DEF,active,2018,2018,2018,2018,calendar_year,19,boston-river,Boston River,uruguayan-primera-division,Uruguayan Primera División,18,0,domestic_league,False,professional_or_unknown,True,,Wikipedia,https://en.wikipedia.org/wiki/Ronald_Araújo,2026-08-02,1367110133
ronald-araujo,Q56332606,Ronald Araújo,1999-03-07,Uruguay,defender,CB,DEF,active,2019–20,2019–20,2019,2020,split_year,20,barcelona,Barcelona,la-liga,La Liga,6,0,domestic_league,False,professional_or_unknown,True,,Wikipedia,https://en.wikipedia.org/wiki/Ronald_Araújo,2026-08-02,1367110133
ronald-araujo,Q56332606,Ronald Araújo,1999-03-07,Uruguay,defender,CB,DEF,active,2020–21,2020–21,2020,2021,split_year,21,barcelona,Barcelona,la-liga,La Liga,24,2,domestic_league,False,professional_or_unknown,True,,Wikipedia,https://en.wikipedia.org/wiki/Ronald_Araújo,2026-08-02,1367110133
ronald-araujo,Q56332606,Ronald Araújo,1999-03-07,Uruguay,defender,CB,DEF,active,2021–22,2021–22,2021,2022,split_year,22,barcelona,Barcelona,la-liga,La Liga,30,4,domestic_league,False,professional_or_unknown,True,,Wikipedia,https://en.wikipedia.org/wiki/Ronald_Araújo,2026-08-02,1367110133
ronald-araujo,Q56332606,Ronald Araújo,1999-03-07,Uruguay,defender,CB,DEF,active,2022–23,2022–23,2022,2023,split_year,23,barcelona,Barcelona,la-liga,La Liga,22,0,domestic_league,False,professional_or_unknown,True,,Wikipedia,https://en.wikipedia.org/wiki/Ronald_Araújo,2026-08-02,1367110133
ronald-araujo,Q56332606,Ronald Araújo,1999-03-07,Uruguay,defender,CB,DEF,active,2023–24,2023–24,2023,2024,split_year,24,barcelona,Barcelona,la-liga,La Liga,25,1,domestic_league,False,professional_or_unknown,True,,Wikipedia,https://en.wikipedia.org/wiki/Ronald_Araújo,2026-08-02,1367110133
ronald-araujo,Q56332606,Ronald Araújo,1999-03-07,Uruguay,defender,CB,DEF,active,2024–25,2024–25,2024,2025,split_year,25,barcelona,Barcelona,la-liga,La Liga,12,1,domestic_league,False,professional_or_unknown,True,,Wikipedia,https://en.wikipedia.org/wiki/Ronald_Araújo,2026-08-02,1367110133
ronald-araujo,Q56332606,Ronald Araújo,1999-03-07,Uruguay,defender,CB,DEF,active,2025–26,2025–26,2025,2026,split_year,26,barcelona,Barcelona,la-liga,La Liga,24,3,domestic_league,False,professional_or_unknown,True,,Wikipedia,https://en.wikipedia.org/wiki/Ronald_Araújo,2026-08-02,1367110133
ronaldinho,Q39444,Ronaldinho,1980-03-21,Brazil,winger,WNG,WIDE,retired,1998,1998,1998,1998,calendar_year,18,gremio,Grêmio,brasileirao,Brasileirão,14,1,domestic_league,False,professional_or_unknown,True,,Wikipedia,https://en.wikipedia.org/wiki/Ronaldinho,2026-08-02,1367182229
ronaldinho,Q39444,Ronaldinho,1980-03-21,Brazil,winger,WNG,WIDE,retired,1999,1999,1999,1999,calendar_year,19,gremio,Grêmio,brasileirao,Brasileirão,17,4,domestic_league,False,professional_or_unknown,True,,Wikipedia,https://en.wikipedia.org/wiki/Ronaldinho,2026-08-02,1367182229
ronaldinho,Q39444,Ronaldinho,1980-03-21,Brazil,winger,WNG,WIDE,retired,2000,2000,2000,2000,calendar_year,20,gremio,Grêmio,brasileirao,Brasileirão,21,14,domestic_league,False,professional_or_unknown,True,,Wikipedia,https://en.wikipedia.org/wiki/Ronaldinho,2026-08-02,1367182229
ronaldinho,Q39444,Ronaldinho,1980-03-21,Brazil,winger,WNG,WIDE,retired,2001–02,2001–02,2001,2002,split_year,21,paris-saint-germain,Paris Saint-Germain,ligue-1,Ligue 1,28,9,domestic_league,False,professional_or_unknown,True,,Wikipedia,https://en.wikipedia.org/wiki/Ronaldinho,2026-08-02,1367182229
ronaldinho,Q39444,Ronaldinho,1980-03-21,Brazil,winger,WNG,WIDE,retired,2002–03,2002–03,2002,2003,split_year,22,paris-saint-germain,Paris Saint-Germain,ligue-1,Ligue 1,27,8,domestic_league,False,professional_or_unknown,True,,Wikipedia,https://en.wikipedia.org/wiki/Ronaldinho,2026-08-02,1367182229
ronaldinho,Q39444,Ronaldinho,1980-03-21,Brazil,winger,WNG,WIDE,retired,2003–04,2003–04,2003,2004,split_year,23,barcelona,Barcelona,la-liga,La Liga,32,15,domestic_league,False,professional_or_unknown,True,,Wikipedia,https://en.wikipedia.org/wiki/Ronaldinho,2026-08-02,1367182229
ronaldinho,Q39444,Ronaldinho,1980-03-21,Brazil,winger,WNG,WIDE,retired,2004–05,2004–05,2004,2005,split_year,24,barcelona,Barcelona,la-liga,La Liga,35,9,domestic_league,False,professional_or_unknown,True,,Wikipedia,https://en.wikipedia.org/wiki/Ronaldinho,2026-08-02,1367182229
ronaldinho,Q39444,Ronaldinho,1980-03-21,Brazil,winger,WNG,WIDE,retired,2005–06,2005–06,2005,2006,split_year,25,barcelona,Barcelona,la-liga,La Liga,29,17,domestic_league,False,professional_or_unknown,True,,Wikipedia,https://en.wikipedia.org/wiki/Ronaldinho,2026-08-02,1367182229
ronaldinho,Q39444,Ronaldinho,1980-03-21,Brazil,winger,WNG,WIDE,retired,2006–07,2006–07,2006,2007,split_year,26,barcelona,Barcelona,la-liga,La Liga,32,21,domestic_league,False,professional_or_unknown,True,,Wikipedia,https://en.wikipedia.org/wiki/Ronaldinho,2026-08-02,1367182229
ronaldinho,Q39444,Ronaldinho,1980-03-21,Brazil,winger,WNG,WIDE,retired,2007–08,2007–08,2007,2008,split_year,27,barcelona,Barcelona,la-liga,La Liga,17,8,domestic_league,False,professional_or_unknown,True,,Wikipedia,https://en.wikipedia.org/wiki/Ronaldinho,2026-08-02,1367182229
ronaldinho,Q39444,Ronaldinho,1980-03-21,Brazil,winger,WNG,WIDE,retired,2008–09,2008–09,2008,2009,split_year,28,ac-milan,AC Milan,serie-a,Serie A,29,8,domestic_league,False,professional_or_unknown,True,,Wikipedia,https://en.wikipedia.org/wiki/Ronaldinho,2026-08-02,1367182229
ronaldinho,Q39444,Ronaldinho,1980-03-21,Brazil,winger,WNG,WIDE,retired,2009–10,2009–10,2009,2010,split_year,29,ac-milan,AC Milan,serie-a,Serie A,36,12,domestic_league,False,professional_or_unknown,True,,Wikipedia,https://en.wikipedia.org/wiki/Ronaldinho,2026-08-02,1367182229
ronaldinho,Q39444,Ronaldinho,1980-03-21,Brazil,winger,WNG,WIDE,retired,2010–11,2010–11,2010,2011,split_year,30,ac-milan,AC Milan,serie-a,Serie A,11,0,domestic_league,False,professional_or_unknown,True,,Wikipedia,https://en.wikipedia.org/wiki/Ronaldinho,2026-08-02,1367182229
ronaldinho,Q39444,Ronaldinho,1980-03-21,Brazil,winger,WNG,WIDE,retired,2011,2011,2011,2011,calendar_year,31,flamengo,Flamengo,brasileirao,Brasileirão,31,14,domestic_league,False,professional_or_unknown,True,,Wikipedia,https://en.wikipedia.org/wiki/Ronaldinho,2026-08-02,1367182229
ronaldinho,Q39444,Ronaldinho,1980-03-21,Brazil,winger,WNG,WIDE,retired,2012,2012,2012,2012,calendar_year,32,atletico-mineiro,Atlético Mineiro,brasileirao,Brasileirão,32,9,domestic_league,False,professional_or_unknown,True,,Wikipedia,https://en.wikipedia.org/wiki/Ronaldinho,2026-08-02,1367182229
ronaldinho,Q39444,Ronaldinho,1980-03-21,Brazil,winger,WNG,WIDE,retired,2012,2012,2012,2012,calendar_year,32,flamengo,Flamengo,brasileirao,Brasileirão,2,1,domestic_league,False,professional_or_unknown,True,,Wikipedia,https://en.wikipedia.org/wiki/Ronaldinho,2026-08-02,1367182229
ronaldinho,Q39444,Ronaldinho,1980-03-21,Brazil,winger,WNG,WIDE,retired,2013,2013,2013,2013,calendar_year,33,atletico-mineiro,Atlético Mineiro,brasileirao,Brasileirão,14,7,domestic_league,False,professional_or_unknown,True,,Wikipedia,https://en.wikipedia.org/wiki/Ronaldinho,2026-08-02,1367182229
ronaldinho,Q39444,Ronaldinho,1980-03-21,Brazil,winger,WNG,WIDE,retired,2014,2014,2014,2014,calendar_year,34,atletico-mineiro,Atlético Mineiro,brasileirao,Brasileirão,2,0,domestic_league,False,professional_or_unknown,True,,Wikipedia,https://en.wikipedia.org/wiki/Ronaldinho,2026-08-02,1367182229
ronaldinho,Q39444,Ronaldinho,1980-03-21,Brazil,winger,WNG,WIDE,retired,2014–15,2014–15,2014,2015,split_year,34,queretaro,Querétaro,liga-mx,Liga MX,25,8,domestic_league,False,professional_or_unknown,True,,Wikipedia,https://en.wikipedia.org/wiki/Ronaldinho,2026-08-02,1367182229
ronaldinho,Q39444,Ronaldinho,1980-03-21,Brazil,winger,WNG,WIDE,retired,2015,2015,2015,2015,calendar_year,35,fluminense,Fluminense,brasileirao,Brasileirão,7,0,domestic_league,False,professional_or_unknown,True,,Wikipedia,https://en.wikipedia.org/wiki/Ronaldinho,2026-08-02,1367182229
ronaldo-brazilian-footballer,Q529207,Ronaldo (Brazilian footballer),1976-09-22,Brazil,forward,FW,FWD,retired,1993,1993,1993,1993,calendar_year,17,cruzeiro,Cruzeiro,serie-a,Série A,14,12,domestic_league,False,professional_or_unknown,True,,Wikipedia,https://en.wikipedia.org/wiki/Ronaldo_(Brazilian_footballer),2026-08-02,1367110210
ronaldo-brazilian-footballer,Q529207,Ronaldo (Brazilian footballer),1976-09-22,Brazil,forward,FW,FWD,retired,1994–95,1994–95,1994,1995,split_year,18,psv,PSV,eredivisie,Eredivisie,33,30,domestic_league,False,professional_or_unknown,True,,Wikipedia,https://en.wikipedia.org/wiki/Ronaldo_(Brazilian_footballer),2026-08-02,1367110210
ronaldo-brazilian-footballer,Q529207,Ronaldo (Brazilian footballer),1976-09-22,Brazil,forward,FW,FWD,retired,1995–96,1995–96,1995,1996,split_year,19,psv,PSV,eredivisie,Eredivisie,13,12,domestic_league,False,professional_or_unknown,True,,Wikipedia,https://en.wikipedia.org/wiki/Ronaldo_(Brazilian_footballer),2026-08-02,1367110210
ronaldo-brazilian-footballer,Q529207,Ronaldo (Brazilian footballer),1976-09-22,Brazil,forward,FW,FWD,retired,1996–97,1996–97,1996,1997,split_year,20,barcelona,Barcelona,la-liga,La Liga,37,34,domestic_league,False,professional_or_unknown,True,,Wikipedia,https://en.wikipedia.org/wiki/Ronaldo_(Brazilian_footballer),2026-08-02,1367110210
ronaldo-brazilian-footballer,Q529207,Ronaldo (Brazilian footballer),1976-09-22,Brazil,forward,FW,FWD,retired,1997–98,1997–98,1997,1998,split_year,21,inter-milan,Inter Milan,serie-a,Serie A,32,25,domestic_league,False,professional_or_unknown,True,,Wikipedia,https://en.wikipedia.org/wiki/Ronaldo_(Brazilian_footballer),2026-08-02,1367110210
ronaldo-brazilian-footballer,Q529207,Ronaldo (Brazilian footballer),1976-09-22,Brazil,forward,FW,FWD,retired,1998–99,1998–99,1998,1999,split_year,22,inter-milan,Inter Milan,serie-a,Serie A,19,14,domestic_league,False,professional_or_unknown,True,,Wikipedia,https://en.wikipedia.org/wiki/Ronaldo_(Brazilian_footballer),2026-08-02,1367110210
ronaldo-brazilian-footballer,Q529207,Ronaldo (Brazilian footballer),1976-09-22,Brazil,forward,FW,FWD,retired,1999–2000,1999–2000,1999,2000,split_year,23,inter-milan,Inter Milan,serie-a,Serie A,7,3,domestic_league,False,professional_or_unknown,True,,Wikipedia,https://en.wikipedia.org/wiki/Ronaldo_(Brazilian_footballer),2026-08-02,1367110210
ronaldo-brazilian-footballer,Q529207,Ronaldo (Brazilian footballer),1976-09-22,Brazil,forward,FW,FWD,retired,2000–01,2000–01,2000,2001,split_year,24,inter-milan,Inter Milan,serie-a,Serie A,0,0,domestic_league,False,professional_or_unknown,True,,Wikipedia,https://en.wikipedia.org/wiki/Ronaldo_(Brazilian_footballer),2026-08-02,1367110210
ronaldo-brazilian-footballer,Q529207,Ronaldo (Brazilian footballer),1976-09-22,Brazil,forward,FW,FWD,retired,2001–02,2001–02,2001,2002,split_year,25,inter-milan,Inter Milan,serie-a,Serie A,10,7,domestic_league,False,professional_or_unknown,True,,Wikipedia,https://en.wikipedia.org/wiki/Ronaldo_(Brazilian_footballer),2026-08-02,1367110210
ronaldo-brazilian-footballer,Q529207,Ronaldo (Brazilian footballer),1976-09-22,Brazil,forward,FW,FWD,retired,2002–03,2002–03,2002,2003,split_year,26,real-madrid,Real Madrid,la-liga,La Liga,31,23,domestic_league,False,professional_or_unknown,True,,Wikipedia,https://en.wikipedia.org/wiki/Ronaldo_(Brazilian_footballer),2026-08-02,1367110210
ronaldo-brazilian-footballer,Q529207,Ronaldo (Brazilian footballer),1976-09-22,Brazil,forward,FW,FWD,retired,2003–04,2003–04,2003,2004,split_year,27,real-madrid,Real Madrid,la-liga,La Liga,32,24,domestic_league,False,professional_or_unknown,True,,Wikipedia,https://en.wikipedia.org/wiki/Ronaldo_(Brazilian_footballer),2026-08-02,1367110210
ronaldo-brazilian-footballer,Q529207,Ronaldo (Brazilian footballer),1976-09-22,Brazil,forward,FW,FWD,retired,2004–05,2004–05,2004,2005,split_year,28,real-madrid,Real Madrid,la-liga,La Liga,34,21,domestic_league,False,professional_or_unknown,True,,Wikipedia,https://en.wikipedia.org/wiki/Ronaldo_(Brazilian_footballer),2026-08-02,1367110210
ronaldo-brazilian-footballer,Q529207,Ronaldo (Brazilian footballer),1976-09-22,Brazil,forward,FW,FWD,retired,2005–06,2005–06,2005,2006,split_year,29,real-madrid,Real Madrid,la-liga,La Liga,23,14,domestic_league,False,professional_or_unknown,True,,Wikipedia,https://en.wikipedia.org/wiki/Ronaldo_(Brazilian_footballer),2026-08-02,1367110210
ronaldo-brazilian-footballer,Q529207,Ronaldo (Brazilian footballer),1976-09-22,Brazil,forward,FW,FWD,retired,2006–07,2006–07,2006,2007,split_year,30,ac-milan,AC Milan,serie-a,Serie A,14,7,domestic_league,False,professional_or_unknown,True,,Wikipedia,https://en.wikipedia.org/wiki/Ronaldo_(Brazilian_footballer),2026-08-02,1367110210
ronaldo-brazilian-footballer,Q529207,Ronaldo (Brazilian footballer),1976-09-22,Brazil,forward,FW,FWD,retired,2006–07,2006–07,2006,2007,split_year,30,real-madrid,Real Madrid,la-liga,La Liga,7,1,domestic_league,False,professional_or_unknown,True,,Wikipedia,https://en.wikipedia.org/wiki/Ronaldo_(Brazilian_footballer),2026-08-02,1367110210
ronaldo-brazilian-footballer,Q529207,Ronaldo (Brazilian footballer),1976-09-22,Brazil,forward,FW,FWD,retired,2007–08,2007–08,2007,2008,split_year,31,ac-milan,AC Milan,serie-a,Serie A,6,2,domestic_league,False,professional_or_unknown,True,,Wikipedia,https://en.wikipedia.org/wiki/Ronaldo_(Brazilian_footballer),2026-08-02,1367110210
ronaldo-brazilian-footballer,Q529207,Ronaldo (Brazilian footballer),1976-09-22,Brazil,forward,FW,FWD,retired,2009,2009,2009,2009,calendar_year,33,corinthians,Corinthians,serie-a,Série A,20,12,domestic_league,False,professional_or_unknown,True,,Wikipedia,https://en.wikipedia.org/wiki/Ronaldo_(Brazilian_footballer),2026-08-02,1367110210
ronaldo-brazilian-footballer,Q529207,Ronaldo (Brazilian footballer),1976-09-22,Brazil,forward,FW,FWD,retired,2010,2010,2010,2010,calendar_year,34,corinthians,Corinthians,serie-a,Série A,11,6,domestic_league,False,professional_or_unknown,True,,Wikipedia,https://en.wikipedia.org/wiki/Ronaldo_(Brazilian_footballer),2026-08-02,1367110210
roy-keane,Q188632,Roy Keane,1971-08-10,Ireland,midfielder,DM,MID,retired,1989–90,1989–90,1989,1990,split_year,18,cobh-ramblers,Cobh Ramblers,loi-first-division,LOI First Division,23,1,domestic_league,False,professional_or_unknown,True,,Wikipedia,https://en.wikipedia.org/wiki/Roy_Keane,2026-08-02,1367333012
roy-keane,Q188632,Roy Keane,1971-08-10,Ireland,midfielder,DM,MID,retired,1990–91,1990–91,1990,1991,split_year,19,nottingham-forest,Nottingham Forest,first-division,First Division,35,8,domestic_league,False,professional_or_unknown,True,,Wikipedia,https://en.wikipedia.org/wiki/Roy_Keane,2026-08-02,1367333012
roy-keane,Q188632,Roy Keane,1971-08-10,Ireland,midfielder,DM,MID,retired,1991–92,1991–92,1991,1992,split_year,20,nottingham-forest,Nottingham Forest,first-division,First Division,39,8,domestic_league,False,professional_or_unknown,True,,Wikipedia,https://en.wikipedia.org/wiki/Roy_Keane,2026-08-02,1367333012
roy-keane,Q188632,Roy Keane,1971-08-10,Ireland,midfielder,DM,MID,retired,1992–93,1992–93,1992,1993,split_year,21,nottingham-forest,Nottingham Forest,premier-league,Premier League,40,6,domestic_league,False,professional_or_unknown,True,,Wikipedia,https://en.wikipedia.org/wiki/Roy_Keane,2026-08-02,1367333012
roy-keane,Q188632,Roy Keane,1971-08-10,Ireland,midfielder,DM,MID,retired,1993–94,1993–94,1993,1994,split_year,22,manchester-united,Manchester United,premier-league,Premier League,37,5,domestic_league,False,professional_or_unknown,True,,Wikipedia,https://en.wikipedia.org/wiki/Roy_Keane,2026-08-02,1367333012
roy-keane,Q188632,Roy Keane,1971-08-10,Ireland,midfielder,DM,MID,retired,1994–95,1994–95,1994,1995,split_year,23,manchester-united,Manchester United,premier-league,Premier League,25,2,domestic_league,False,professional_or_unknown,True,,Wikipedia,https://en.wikipedia.org/wiki/Roy_Keane,2026-08-02,1367333012
roy-keane,Q188632,Roy Keane,1971-08-10,Ireland,midfielder,DM,MID,retired,1995–96,1995–96,1995,1996,split_year,24,manchester-united,Manchester United,premier-league,Premier League,29,6,domestic_league,False,professional_or_unknown,True,,Wikipedia,https://en.wikipedia.org/wiki/Roy_Keane,2026-08-02,1367333012
roy-keane,Q188632,Roy Keane,1971-08-10,Ireland,midfielder,DM,MID,retired,1996–97,1996–97,1996,1997,split_year,25,manchester-united,Manchester United,premier-league,Premier League,21,2,domestic_league,False,professional_or_unknown,True,,Wikipedia,https://en.wikipedia.org/wiki/Roy_Keane,2026-08-02,1367333012
roy-keane,Q188632,Roy Keane,1971-08-10,Ireland,midfielder,DM,MID,retired,1997–98,1997–98,1997,1998,split_year,26,manchester-united,Manchester United,premier-league,Premier League,9,2,domestic_league,False,professional_or_unknown,True,,Wikipedia,https://en.wikipedia.org/wiki/Roy_Keane,2026-08-02,1367333012
roy-keane,Q188632,Roy Keane,1971-08-10,Ireland,midfielder,DM,MID,retired,1998–99,1998–99,1998,1999,split_year,27,manchester-united,Manchester United,premier-league,Premier League,35,2,domestic_league,False,professional_or_unknown,True,,Wikipedia,https://en.wikipedia.org/wiki/Roy_Keane,2026-08-02,1367333012
roy-keane,Q188632,Roy Keane,1971-08-10,Ireland,midfielder,DM,MID,retired,1999–2000,1999–2000,1999,2000,split_year,28,manchester-united,Manchester United,premier-league,Premier League,29,5,domestic_league,False,professional_or_unknown,True,,Wikipedia,https://en.wikipedia.org/wiki/Roy_Keane,2026-08-02,1367333012
roy-keane,Q188632,Roy Keane,1971-08-10,Ireland,midfielder,DM,MID,retired,2000–01,2000–01,2000,2001,split_year,29,manchester-united,Manchester United,premier-league,Premier League,28,2,domestic_league,False,professional_or_unknown,True,,Wikipedia,https://en.wikipedia.org/wiki/Roy_Keane,2026-08-02,1367333012
roy-keane,Q188632,Roy Keane,1971-08-10,Ireland,midfielder,DM,MID,retired,2001–02,2001–02,2001,2002,split_year,30,manchester-united,Manchester United,premier-league,Premier League,28,3,domestic_league,False,professional_or_unknown,True,,Wikipedia,https://en.wikipedia.org/wiki/Roy_Keane,2026-08-02,1367333012
roy-keane,Q188632,Roy Keane,1971-08-10,Ireland,midfielder,DM,MID,retired,2002–03,2002–03,2002,2003,split_year,31,manchester-united,Manchester United,premier-league,Premier League,21,0,domestic_league,False,professional_or_unknown,True,,Wikipedia,https://en.wikipedia.org/wiki/Roy_Keane,2026-08-02,1367333012
roy-keane,Q188632,Roy Keane,1971-08-10,Ireland,midfielder,DM,MID,retired,2003–04,2003–04,2003,2004,split_year,32,manchester-united,Manchester United,premier-league,Premier League,28,3,domestic_league,False,professional_or_unknown,True,,Wikipedia,https://en.wikipedia.org/wiki/Roy_Keane,2026-08-02,1367333012
roy-keane,Q188632,Roy Keane,1971-08-10,Ireland,midfielder,DM,MID,retired,2004–05,2004–05,2004,2005,split_year,33,manchester-united,Manchester United,premier-league,Premier League,31,1,domestic_league,False,professional_or_unknown,True,,Wikipedia,https://en.wikipedia.org/wiki/Roy_Keane,2026-08-02,1367333012
roy-keane,Q188632,Roy Keane,1971-08-10,Ireland,midfielder,DM,MID,retired,2005–06,2005–06,2005,2006,split_year,34,celtic,Celtic,scottish-premier-league,Scottish Premier League,10,1,domestic_league,False,professional_or_unknown,True,,Wikipedia,https://en.wikipedia.org/wiki/Roy_Keane,2026-08-02,1367333012
roy-keane,Q188632,Roy Keane,1971-08-10,Ireland,midfielder,DM,MID,retired,2005–06,2005–06,2005,2006,split_year,34,manchester-united,Manchester United,premier-league,Premier League,5,0,domestic_league,False,professional_or_unknown,True,,Wikipedia,https://en.wikipedia.org/wiki/Roy_Keane,2026-08-02,1367333012
ruben-dias,Q21621168,Rúben Dias,1997-05-14,Portugal,centre-back,CB,DEF,active,2017–18,2017–18,2017,2018,split_year,20,benfica,Benfica,primeira-liga,Primeira Liga,24,3,domestic_league,False,professional_or_unknown,True,,Wikipedia,https://en.wikipedia.org/wiki/Rúben_Dias,2026-08-02,1367110316
ruben-dias,Q21621168,Rúben Dias,1997-05-14,Portugal,centre-back,CB,DEF,active,2018–19,2018–19,2018,2019,split_year,21,benfica,Benfica,primeira-liga,Primeira Liga,32,3,domestic_league,False,professional_or_unknown,True,,Wikipedia,https://en.wikipedia.org/wiki/Rúben_Dias,2026-08-02,1367110316
ruben-dias,Q21621168,Rúben Dias,1997-05-14,Portugal,centre-back,CB,DEF,active,2019–20,2019–20,2019,2020,split_year,22,benfica,Benfica,primeira-liga,Primeira Liga,33,2,domestic_league,False,professional_or_unknown,True,,Wikipedia,https://en.wikipedia.org/wiki/Rúben_Dias,2026-08-02,1367110316
ruben-dias,Q21621168,Rúben Dias,1997-05-14,Portugal,centre-back,CB,DEF,active,2020–21,2020–21,2020,2021,split_year,23,benfica,Benfica,primeira-liga,Primeira Liga,2,1,domestic_league,False,professional_or_unknown,True,,Wikipedia,https://en.wikipedia.org/wiki/Rúben_Dias,2026-08-02,1367110316
ruben-dias,Q21621168,Rúben Dias,1997-05-14,Portugal,centre-back,CB,DEF,active,2020–21,2020–21,2020,2021,split_year,23,manchester-city,Manchester City,premier-league,Premier League,32,1,domestic_league,False,professional_or_unknown,True,,Wikipedia,https://en.wikipedia.org/wiki/Rúben_Dias,2026-08-02,1367110316
ruben-dias,Q21621168,Rúben Dias,1997-05-14,Portugal,centre-back,CB,DEF,active,2021–22,2021–22,2021,2022,split_year,24,manchester-city,Manchester City,premier-league,Premier League,29,2,domestic_league,False,professional_or_unknown,True,,Wikipedia,https://en.wikipedia.org/wiki/Rúben_Dias,2026-08-02,1367110316
ruben-dias,Q21621168,Rúben Dias,1997-05-14,Portugal,centre-back,CB,DEF,active,2022–23,2022–23,2022,2023,split_year,25,manchester-city,Manchester City,premier-league,Premier League,26,0,domestic_league,False,professional_or_unknown,True,,Wikipedia,https://en.wikipedia.org/wiki/Rúben_Dias,2026-08-02,1367110316
ruben-dias,Q21621168,Rúben Dias,1997-05-14,Portugal,centre-back,CB,DEF,active,2023–24,2023–24,2023,2024,split_year,26,manchester-city,Manchester City,premier-league,Premier League,30,0,domestic_league,False,professional_or_unknown,True,,Wikipedia,https://en.wikipedia.org/wiki/Rúben_Dias,2026-08-02,1367110316
ruben-dias,Q21621168,Rúben Dias,1997-05-14,Portugal,centre-back,CB,DEF,active,2024–25,2024–25,2024,2025,split_year,27,manchester-city,Manchester City,premier-league,Premier League,27,0,domestic_league,False,professional_or_unknown,True,,Wikipedia,https://en.wikipedia.org/wiki/Rúben_Dias,2026-08-02,1367110316
ruben-dias,Q21621168,Rúben Dias,1997-05-14,Portugal,centre-back,CB,DEF,active,2025–26,2025–26,2025,2026,split_year,28,manchester-city,Manchester City,premier-league,Premier League,26,2,domestic_league,False,professional_or_unknown,True,,Wikipedia,https://en.wikipedia.org/wiki/Rúben_Dias,2026-08-02,1367110316
ruud-van-nistelrooy,Q45626,Ruud van Nistelrooy,1976-07-01,Kingdom of the Netherlands,forward,FW,FWD,retired,1993–94,1993–94,1993,1994,split_year,17,den-bosch,Den Bosch,eerste-divisie,Eerste Divisie,2,0,domestic_league,False,professional_or_unknown,True,,Wikipedia,https://en.wikipedia.org/wiki/Ruud_van_Nistelrooy,2026-08-02,1361787826
ruud-van-nistelrooy,Q45626,Ruud van Nistelrooy,1976-07-01,Kingdom of the Netherlands,forward,FW,FWD,retired,1994–95,1994–95,1994,1995,split_year,18,den-bosch,Den Bosch,eerste-divisie,Eerste Divisie,15,3,domestic_league,False,professional_or_unknown,True,,Wikipedia,https://en.wikipedia.org/wiki/Ruud_van_Nistelrooy,2026-08-02,1361787826
ruud-van-nistelrooy,Q45626,Ruud van Nistelrooy,1976-07-01,Kingdom of the Netherlands,forward,FW,FWD,retired,1995–96,1995–96,1995,1996,split_year,19,den-bosch,Den Bosch,eerste-divisie,Eerste Divisie,21,2,domestic_league,False,professional_or_unknown,True,,Wikipedia,https://en.wikipedia.org/wiki/Ruud_van_Nistelrooy,2026-08-02,1361787826
ruud-van-nistelrooy,Q45626,Ruud van Nistelrooy,1976-07-01,Kingdom of the Netherlands,forward,FW,FWD,retired,1996–97,1996–97,1996,1997,split_year,20,den-bosch,Den Bosch,eerste-divisie,Eerste Divisie,31,12,domestic_league,False,professional_or_unknown,True,,Wikipedia,https://en.wikipedia.org/wiki/Ruud_van_Nistelrooy,2026-08-02,1361787826
ruud-van-nistelrooy,Q45626,Ruud van Nistelrooy,1976-07-01,Kingdom of the Netherlands,forward,FW,FWD,retired,1997–98,1997–98,1997,1998,split_year,21,heerenveen,Heerenveen,eredivisie,Eredivisie,31,13,domestic_league,False,professional_or_unknown,True,,Wikipedia,https://en.wikipedia.org/wiki/Ruud_van_Nistelrooy,2026-08-02,1361787826
ruud-van-nistelrooy,Q45626,Ruud van Nistelrooy,1976-07-01,Kingdom of the Netherlands,forward,FW,FWD,retired,1998–99,1998–99,1998,1999,split_year,22,psv,PSV,eredivisie,Eredivisie,34,31,domestic_league,False,professional_or_unknown,True,,Wikipedia,https://en.wikipedia.org/wiki/Ruud_van_Nistelrooy,2026-08-02,1361787826
ruud-van-nistelrooy,Q45626,Ruud van Nistelrooy,1976-07-01,Kingdom of the Netherlands,forward,FW,FWD,retired,1999–2000,1999–2000,1999,2000,split_year,23,psv,PSV,eredivisie,Eredivisie,23,29,domestic_league,False,professional_or_unknown,True,,Wikipedia,https://en.wikipedia.org/wiki/Ruud_van_Nistelrooy,2026-08-02,1361787826
ruud-van-nistelrooy,Q45626,Ruud van Nistelrooy,1976-07-01,Kingdom of the Netherlands,forward,FW,FWD,retired,2000–01,2000–01,2000,2001,split_year,24,psv,PSV,eredivisie,Eredivisie,10,2,domestic_league,False,professional_or_unknown,True,,Wikipedia,https://en.wikipedia.org/wiki/Ruud_van_Nistelrooy,2026-08-02,1361787826
ruud-van-nistelrooy,Q45626,Ruud van Nistelrooy,1976-07-01,Kingdom of the Netherlands,forward,FW,FWD,retired,2001–02,2001–02,2001,2002,split_year,25,manchester-united,Manchester United,premier-league,Premier League,32,23,domestic_league,False,professional_or_unknown,True,,Wikipedia,https://en.wikipedia.org/wiki/Ruud_van_Nistelrooy,2026-08-02,1361787826
ruud-van-nistelrooy,Q45626,Ruud van Nistelrooy,1976-07-01,Kingdom of the Netherlands,forward,FW,FWD,retired,2002–03,2002–03,2002,2003,split_year,26,manchester-united,Manchester United,premier-league,Premier League,34,25,domestic_league,False,professional_or_unknown,True,,Wikipedia,https://en.wikipedia.org/wiki/Ruud_van_Nistelrooy,2026-08-02,1361787826
ruud-van-nistelrooy,Q45626,Ruud van Nistelrooy,1976-07-01,Kingdom of the Netherlands,forward,FW,FWD,retired,2003–04,2003–04,2003,2004,split_year,27,manchester-united,Manchester United,premier-league,Premier League,32,20,domestic_league,False,professional_or_unknown,True,,Wikipedia,https://en.wikipedia.org/wiki/Ruud_van_Nistelrooy,2026-08-02,1361787826
ruud-van-nistelrooy,Q45626,Ruud van Nistelrooy,1976-07-01,Kingdom of the Netherlands,forward,FW,FWD,retired,2004–05,2004–05,2004,2005,split_year,28,manchester-united,Manchester United,premier-league,Premier League,17,6,domestic_league,False,professional_or_unknown,True,,Wikipedia,https://en.wikipedia.org/wiki/Ruud_van_Nistelrooy,2026-08-02,1361787826
ruud-van-nistelrooy,Q45626,Ruud van Nistelrooy,1976-07-01,Kingdom of the Netherlands,forward,FW,FWD,retired,2005–06,2005–06,2005,2006,split_year,29,manchester-united,Manchester United,premier-league,Premier League,35,21,domestic_league,False,professional_or_unknown,True,,Wikipedia,https://en.wikipedia.org/wiki/Ruud_van_Nistelrooy,2026-08-02,1361787826
ruud-van-nistelrooy,Q45626,Ruud van Nistelrooy,1976-07-01,Kingdom of the Netherlands,forward,FW,FWD,retired,2006–07,2006–07,2006,2007,split_year,30,real-madrid,Real Madrid,la-liga,La Liga,37,25,domestic_league,False,professional_or_unknown,True,,Wikipedia,https://en.wikipedia.org/wiki/Ruud_van_Nistelrooy,2026-08-02,1361787826
ruud-van-nistelrooy,Q45626,Ruud van Nistelrooy,1976-07-01,Kingdom of the Netherlands,forward,FW,FWD,retired,2007–08,2007–08,2007,2008,split_year,31,real-madrid,Real Madrid,la-liga,La Liga,24,16,domestic_league,False,professional_or_unknown,True,,Wikipedia,https://en.wikipedia.org/wiki/Ruud_van_Nistelrooy,2026-08-02,1361787826
ruud-van-nistelrooy,Q45626,Ruud van Nistelrooy,1976-07-01,Kingdom of the Netherlands,forward,FW,FWD,retired,2008–09,2008–09,2008,2009,split_year,32,real-madrid,Real Madrid,la-liga,La Liga,6,4,domestic_league,False,professional_or_unknown,True,,Wikipedia,https://en.wikipedia.org/wiki/Ruud_van_Nistelrooy,2026-08-02,1361787826
ruud-van-nistelrooy,Q45626,Ruud van Nistelrooy,1976-07-01,Kingdom of the Netherlands,forward,FW,FWD,retired,2009–10,2009–10,2009,2010,split_year,33,hamburger-sv,Hamburger SV,bundesliga,Bundesliga,11,5,domestic_league,False,professional_or_unknown,True,,Wikipedia,https://en.wikipedia.org/wiki/Ruud_van_Nistelrooy,2026-08-02,1361787826
ruud-van-nistelrooy,Q45626,Ruud van Nistelrooy,1976-07-01,Kingdom of the Netherlands,forward,FW,FWD,retired,2009–10,2009–10,2009,2010,split_year,33,real-madrid,Real Madrid,la-liga,La Liga,1,1,domestic_league,False,professional_or_unknown,True,,Wikipedia,https://en.wikipedia.org/wiki/Ruud_van_Nistelrooy,2026-08-02,1361787826
ruud-van-nistelrooy,Q45626,Ruud van Nistelrooy,1976-07-01,Kingdom of the Netherlands,forward,FW,FWD,retired,2010–11,2010–11,2010,2011,split_year,34,hamburger-sv,Hamburger SV,bundesliga,Bundesliga,25,7,domestic_league,False,professional_or_unknown,True,,Wikipedia,https://en.wikipedia.org/wiki/Ruud_van_Nistelrooy,2026-08-02,1361787826
ruud-van-nistelrooy,Q45626,Ruud van Nistelrooy,1976-07-01,Kingdom of the Netherlands,forward,FW,FWD,retired,2011–12,2011–12,2011,2012,split_year,35,malaga,Málaga,la-liga,La Liga,28,4,domestic_league,False,professional_or_unknown,True,,Wikipedia,https://en.wikipedia.org/wiki/Ruud_van_Nistelrooy,2026-08-02,1361787826
ryan-giggs,Q10524,Ryan Giggs,1973-11-29,United Kingdom,midfielder,WNG,WIDE,retired,1990–91,1990–91,1990,1991,split_year,17,manchester-united,Manchester United,first-division,First Division,2,1,domestic_league,False,professional_or_unknown,True,,Wikipedia,https://en.wikipedia.org/wiki/Ryan_Giggs,2026-08-02,1367207486
ryan-giggs,Q10524,Ryan Giggs,1973-11-29,United Kingdom,midfielder,WNG,WIDE,retired,1991–92,1991–92,1991,1992,split_year,18,manchester-united,Manchester United,first-division,First Division,38,4,domestic_league,False,professional_or_unknown,True,,Wikipedia,https://en.wikipedia.org/wiki/Ryan_Giggs,2026-08-02,1367207486
ryan-giggs,Q10524,Ryan Giggs,1973-11-29,United Kingdom,midfielder,WNG,WIDE,retired,1992–93,1992–93,1992,1993,split_year,19,manchester-united,Manchester United,premier-league,Premier League,41,9,domestic_league,False,professional_or_unknown,True,,Wikipedia,https://en.wikipedia.org/wiki/Ryan_Giggs,2026-08-02,1367207486
ryan-giggs,Q10524,Ryan Giggs,1973-11-29,United Kingdom,midfielder,WNG,WIDE,retired,1993–94,1993–94,1993,1994,split_year,20,manchester-united,Manchester United,premier-league,Premier League,38,13,domestic_league,False,professional_or_unknown,True,,Wikipedia,https://en.wikipedia.org/wiki/Ryan_Giggs,2026-08-02,1367207486
ryan-giggs,Q10524,Ryan Giggs,1973-11-29,United Kingdom,midfielder,WNG,WIDE,retired,1994–95,1994–95,1994,1995,split_year,21,manchester-united,Manchester United,premier-league,Premier League,29,1,domestic_league,False,professional_or_unknown,True,,Wikipedia,https://en.wikipedia.org/wiki/Ryan_Giggs,2026-08-02,1367207486
ryan-giggs,Q10524,Ryan Giggs,1973-11-29,United Kingdom,midfielder,WNG,WIDE,retired,1995–96,1995–96,1995,1996,split_year,22,manchester-united,Manchester United,premier-league,Premier League,33,11,domestic_league,False,professional_or_unknown,True,,Wikipedia,https://en.wikipedia.org/wiki/Ryan_Giggs,2026-08-02,1367207486
ryan-giggs,Q10524,Ryan Giggs,1973-11-29,United Kingdom,midfielder,WNG,WIDE,retired,1996–97,1996–97,1996,1997,split_year,23,manchester-united,Manchester United,premier-league,Premier League,26,3,domestic_league,False,professional_or_unknown,True,,Wikipedia,https://en.wikipedia.org/wiki/Ryan_Giggs,2026-08-02,1367207486
ryan-giggs,Q10524,Ryan Giggs,1973-11-29,United Kingdom,midfielder,WNG,WIDE,retired,1997–98,1997–98,1997,1998,split_year,24,manchester-united,Manchester United,premier-league,Premier League,29,8,domestic_league,False,professional_or_unknown,True,,Wikipedia,https://en.wikipedia.org/wiki/Ryan_Giggs,2026-08-02,1367207486
ryan-giggs,Q10524,Ryan Giggs,1973-11-29,United Kingdom,midfielder,WNG,WIDE,retired,1998–99,1998–99,1998,1999,split_year,25,manchester-united,Manchester United,premier-league,Premier League,24,3,domestic_league,False,professional_or_unknown,True,,Wikipedia,https://en.wikipedia.org/wiki/Ryan_Giggs,2026-08-02,1367207486
ryan-giggs,Q10524,Ryan Giggs,1973-11-29,United Kingdom,midfielder,WNG,WIDE,retired,1999–2000,1999–2000,1999,2000,split_year,26,manchester-united,Manchester United,premier-league,Premier League,30,6,domestic_league,False,professional_or_unknown,True,,Wikipedia,https://en.wikipedia.org/wiki/Ryan_Giggs,2026-08-02,1367207486
ryan-giggs,Q10524,Ryan Giggs,1973-11-29,United Kingdom,midfielder,WNG,WIDE,retired,2000–01,2000–01,2000,2001,split_year,27,manchester-united,Manchester United,premier-league,Premier League,31,5,domestic_league,False,professional_or_unknown,True,,Wikipedia,https://en.wikipedia.org/wiki/Ryan_Giggs,2026-08-02,1367207486
ryan-giggs,Q10524,Ryan Giggs,1973-11-29,United Kingdom,midfielder,WNG,WIDE,retired,2001–02,2001–02,2001,2002,split_year,28,manchester-united,Manchester United,premier-league,Premier League,25,7,domestic_league,False,professional_or_unknown,True,,Wikipedia,https://en.wikipedia.org/wiki/Ryan_Giggs,2026-08-02,1367207486
ryan-giggs,Q10524,Ryan Giggs,1973-11-29,United Kingdom,midfielder,WNG,WIDE,retired,2002–03,2002–03,2002,2003,split_year,29,manchester-united,Manchester United,premier-league,Premier League,36,8,domestic_league,False,professional_or_unknown,True,,Wikipedia,https://en.wikipedia.org/wiki/Ryan_Giggs,2026-08-02,1367207486
ryan-giggs,Q10524,Ryan Giggs,1973-11-29,United Kingdom,midfielder,WNG,WIDE,retired,2003–04,2003–04,2003,2004,split_year,30,manchester-united,Manchester United,premier-league,Premier League,33,7,domestic_league,False,professional_or_unknown,True,,Wikipedia,https://en.wikipedia.org/wiki/Ryan_Giggs,2026-08-02,1367207486
ryan-giggs,Q10524,Ryan Giggs,1973-11-29,United Kingdom,midfielder,WNG,WIDE,retired,2004–05,2004–05,2004,2005,split_year,31,manchester-united,Manchester United,premier-league,Premier League,32,5,domestic_league,False,professional_or_unknown,True,,Wikipedia,https://en.wikipedia.org/wiki/Ryan_Giggs,2026-08-02,1367207486
ryan-giggs,Q10524,Ryan Giggs,1973-11-29,United Kingdom,midfielder,WNG,WIDE,retired,2005–06,2005–06,2005,2006,split_year,32,manchester-united,Manchester United,premier-league,Premier League,27,3,domestic_league,False,professional_or_unknown,True,,Wikipedia,https://en.wikipedia.org/wiki/Ryan_Giggs,2026-08-02,1367207486
ryan-giggs,Q10524,Ryan Giggs,1973-11-29,United Kingdom,midfielder,WNG,WIDE,retired,2006–07,2006–07,2006,2007,split_year,33,manchester-united,Manchester United,premier-league,Premier League,30,4,domestic_league,False,professional_or_unknown,True,,Wikipedia,https://en.wikipedia.org/wiki/Ryan_Giggs,2026-08-02,1367207486
ryan-giggs,Q10524,Ryan Giggs,1973-11-29,United Kingdom,midfielder,WNG,WIDE,retired,2007–08,2007–08,2007,2008,split_year,34,manchester-united,Manchester United,premier-league,Premier League,31,3,domestic_league,False,professional_or_unknown,True,,Wikipedia,https://en.wikipedia.org/wiki/Ryan_Giggs,2026-08-02,1367207486
ryan-giggs,Q10524,Ryan Giggs,1973-11-29,United Kingdom,midfielder,WNG,WIDE,retired,2008–09,2008–09,2008,2009,split_year,35,manchester-united,Manchester United,premier-league,Premier League,28,2,domestic_league,False,professional_or_unknown,True,,Wikipedia,https://en.wikipedia.org/wiki/Ryan_Giggs,2026-08-02,1367207486
ryan-giggs,Q10524,Ryan Giggs,1973-11-29,United Kingdom,midfielder,WNG,WIDE,retired,2009–10,2009–10,2009,2010,split_year,36,manchester-united,Manchester United,premier-league,Premier League,25,5,domestic_league,False,professional_or_unknown,True,,Wikipedia,https://en.wikipedia.org/wiki/Ryan_Giggs,2026-08-02,1367207486
ryan-giggs,Q10524,Ryan Giggs,1973-11-29,United Kingdom,midfielder,WNG,WIDE,retired,2010–11,2010–11,2010,2011,split_year,37,manchester-united,Manchester United,premier-league,Premier League,25,2,domestic_league,False,professional_or_unknown,True,,Wikipedia,https://en.wikipedia.org/wiki/Ryan_Giggs,2026-08-02,1367207486
ryan-giggs,Q10524,Ryan Giggs,1973-11-29,United Kingdom,midfielder,WNG,WIDE,retired,2011–12,2011–12,2011,2012,split_year,38,manchester-united,Manchester United,premier-league,Premier League,25,2,domestic_league,False,professional_or_unknown,True,,Wikipedia,https://en.wikipedia.org/wiki/Ryan_Giggs,2026-08-02,1367207486
ryan-giggs,Q10524,Ryan Giggs,1973-11-29,United Kingdom,midfielder,WNG,WIDE,retired,2012–13,2012–13,2012,2013,split_year,39,manchester-united,Manchester United,premier-league,Premier League,22,2,domestic_league,False,professional_or_unknown,True,,Wikipedia,https://en.wikipedia.org/wiki/Ryan_Giggs,2026-08-02,1367207486
ryan-giggs,Q10524,Ryan Giggs,1973-11-29,United Kingdom,midfielder,WNG,WIDE,retired,2013–14,2013–14,2013,2014,split_year,40,manchester-united,Manchester United,premier-league,Premier League,12,0,domestic_league,False,professional_or_unknown,True,,Wikipedia,https://en.wikipedia.org/wiki/Ryan_Giggs,2026-08-02,1367207486
sadio-mane,Q209942,Sadio Mané,1992-04-10,Senegal,winger,WNG,WIDE,active,2011–12,2011–12,2011,2012,split_year,19,metz,Metz,ligue-2,Ligue 2,19,1,domestic_league,False,professional_or_unknown,True,,Wikipedia,https://en.wikipedia.org/wiki/Sadio_Mané,2026-08-02,1367110367
sadio-mane,Q209942,Sadio Mané,1992-04-10,Senegal,winger,WNG,WIDE,active,2012–13,2012–13,2012,2013,split_year,20,metz,Metz,championnat-national,Championnat National,3,1,domestic_league,False,professional_or_unknown,True,,Wikipedia,https://en.wikipedia.org/wiki/Sadio_Mané,2026-08-02,1367110367
sadio-mane,Q209942,Sadio Mané,1992-04-10,Senegal,winger,WNG,WIDE,active,2012–13,2012–13,2012,2013,split_year,20,red-bull-salzburg,Red Bull Salzburg,austrian-bundesliga,Austrian Bundesliga,26,16,domestic_league,False,professional_or_unknown,True,,Wikipedia,https://en.wikipedia.org/wiki/Sadio_Mané,2026-08-02,1367110367
sadio-mane,Q209942,Sadio Mané,1992-04-10,Senegal,winger,WNG,WIDE,active,2013–14,2013–14,2013,2014,split_year,21,red-bull-salzburg,Red Bull Salzburg,austrian-bundesliga,Austrian Bundesliga,33,13,domestic_league,False,professional_or_unknown,True,,Wikipedia,https://en.wikipedia.org/wiki/Sadio_Mané,2026-08-02,1367110367
sadio-mane,Q209942,Sadio Mané,1992-04-10,Senegal,winger,WNG,WIDE,active,2014–15,2014–15,2014,2015,split_year,22,red-bull-salzburg,Red Bull Salzburg,austrian-bundesliga,Austrian Bundesliga,4,2,domestic_league,False,professional_or_unknown,True,,Wikipedia,https://en.wikipedia.org/wiki/Sadio_Mané,2026-08-02,1367110367
sadio-mane,Q209942,Sadio Mané,1992-04-10,Senegal,winger,WNG,WIDE,active,2014–15,2014–15,2014,2015,split_year,22,southampton,Southampton,premier-league,Premier League,30,10,domestic_league,False,professional_or_unknown,True,,Wikipedia,https://en.wikipedia.org/wiki/Sadio_Mané,2026-08-02,1367110367
sadio-mane,Q209942,Sadio Mané,1992-04-10,Senegal,winger,WNG,WIDE,active,2015–16,2015–16,2015,2016,split_year,23,southampton,Southampton,premier-league,Premier League,37,11,domestic_league,False,professional_or_unknown,True,,Wikipedia,https://en.wikipedia.org/wiki/Sadio_Mané,2026-08-02,1367110367
sadio-mane,Q209942,Sadio Mané,1992-04-10,Senegal,winger,WNG,WIDE,active,2016–17,2016–17,2016,2017,split_year,24,liverpool,Liverpool,premier-league,Premier League,27,13,domestic_league,False,professional_or_unknown,True,,Wikipedia,https://en.wikipedia.org/wiki/Sadio_Mané,2026-08-02,1367110367
sadio-mane,Q209942,Sadio Mané,1992-04-10,Senegal,winger,WNG,WIDE,active,2017–18,2017–18,2017,2018,split_year,25,liverpool,Liverpool,premier-league,Premier League,29,10,domestic_league,False,professional_or_unknown,True,,Wikipedia,https://en.wikipedia.org/wiki/Sadio_Mané,2026-08-02,1367110367
sadio-mane,Q209942,Sadio Mané,1992-04-10,Senegal,winger,WNG,WIDE,active,2018–19,2018–19,2018,2019,split_year,26,liverpool,Liverpool,premier-league,Premier League,36,22,domestic_league,False,professional_or_unknown,True,,Wikipedia,https://en.wikipedia.org/wiki/Sadio_Mané,2026-08-02,1367110367
sadio-mane,Q209942,Sadio Mané,1992-04-10,Senegal,winger,WNG,WIDE,active,2019–20,2019–20,2019,2020,split_year,27,liverpool,Liverpool,premier-league,Premier League,35,18,domestic_league,False,professional_or_unknown,True,,Wikipedia,https://en.wikipedia.org/wiki/Sadio_Mané,2026-08-02,1367110367
sadio-mane,Q209942,Sadio Mané,1992-04-10,Senegal,winger,WNG,WIDE,active,2020–21,2020–21,2020,2021,split_year,28,liverpool,Liverpool,premier-league,Premier League,35,11,domestic_league,False,professional_or_unknown,True,,Wikipedia,https://en.wikipedia.org/wiki/Sadio_Mané,2026-08-02,1367110367
sadio-mane,Q209942,Sadio Mané,1992-04-10,Senegal,winger,WNG,WIDE,active,2021–22,2021–22,2021,2022,split_year,29,liverpool,Liverpool,premier-league,Premier League,34,16,domestic_league,False,professional_or_unknown,True,,Wikipedia,https://en.wikipedia.org/wiki/Sadio_Mané,2026-08-02,1367110367
sadio-mane,Q209942,Sadio Mané,1992-04-10,Senegal,winger,WNG,WIDE,active,2022–23,2022–23,2022,2023,split_year,30,bayern-munich,Bayern Munich,bundesliga,Bundesliga,25,7,domestic_league,False,professional_or_unknown,True,,Wikipedia,https://en.wikipedia.org/wiki/Sadio_Mané,2026-08-02,1367110367
sadio-mane,Q209942,Sadio Mané,1992-04-10,Senegal,winger,WNG,WIDE,active,2023–24,2023–24,2023,2024,split_year,31,al-nassr,Al Nassr,saudi-pro-league,Saudi Pro League,32,13,domestic_league,False,professional_or_unknown,True,,Wikipedia,https://en.wikipedia.org/wiki/Sadio_Mané,2026-08-02,1367110367
sadio-mane,Q209942,Sadio Mané,1992-04-10,Senegal,winger,WNG,WIDE,active,2024–25,2024–25,2024,2025,split_year,32,al-nassr,Al Nassr,saudi-pro-league,Saudi Pro League,32,14,domestic_league,False,professional_or_unknown,True,,Wikipedia,https://en.wikipedia.org/wiki/Sadio_Mané,2026-08-02,1367110367
sadio-mane,Q209942,Sadio Mané,1992-04-10,Senegal,winger,WNG,WIDE,active,2025–26,2025–26,2025,2026,split_year,33,al-nassr,Al Nassr,saudi-pro-league,Saudi Pro League,25,10,domestic_league,False,professional_or_unknown,True,,Wikipedia,https://en.wikipedia.org/wiki/Sadio_Mané,2026-08-02,1367110367
samuel-eto-o,Q1255625,Samuel Eto'o,1981-03-10,Cameroon,forward,FW,FWD,retired,1997–98,1997–98,1997,1998,split_year,16,leganes-loan,Leganés (loan),segunda-division,Segunda División,28,3,domestic_league,False,professional_or_unknown,True,,Wikipedia,https://en.wikipedia.org/wiki/Samuel_Eto'o,2026-08-02,1367110427
samuel-eto-o,Q1255625,Samuel Eto'o,1981-03-10,Cameroon,forward,FW,FWD,retired,1998–99,1998–99,1998,1999,split_year,17,espanyol-loan,Espanyol (loan),la-liga,La Liga,0,0,domestic_league,False,professional_or_unknown,True,,Wikipedia,https://en.wikipedia.org/wiki/Samuel_Eto'o,2026-08-02,1367110427
samuel-eto-o,Q1255625,Samuel Eto'o,1981-03-10,Cameroon,forward,FW,FWD,retired,1998–99,1998–99,1998,1999,split_year,17,real-madrid,Real Madrid,la-liga,La Liga,1,0,domestic_league,False,professional_or_unknown,True,,Wikipedia,https://en.wikipedia.org/wiki/Samuel_Eto'o,2026-08-02,1367110427
samuel-eto-o,Q1255625,Samuel Eto'o,1981-03-10,Cameroon,forward,FW,FWD,retired,1999–2000,1999–2000,1999,2000,split_year,18,real-madrid,Real Madrid,la-liga,La Liga,2,0,domestic_league,False,professional_or_unknown,True,,Wikipedia,https://en.wikipedia.org/wiki/Samuel_Eto'o,2026-08-02,1367110427
samuel-eto-o,Q1255625,Samuel Eto'o,1981-03-10,Cameroon,forward,FW,FWD,retired,1999–2000 (loan),1999–2000 (loan),1999,2000,split_year,18,mallorca,Mallorca,la-liga,La Liga,13,6,domestic_league,False,professional_or_unknown,True,,Wikipedia,https://en.wikipedia.org/wiki/Samuel_Eto'o,2026-08-02,1367110427
samuel-eto-o,Q1255625,Samuel Eto'o,1981-03-10,Cameroon,forward,FW,FWD,retired,2000–01,2000–01,2000,2001,split_year,19,mallorca,Mallorca,la-liga,La Liga,28,11,domestic_league,False,professional_or_unknown,True,,Wikipedia,https://en.wikipedia.org/wiki/Samuel_Eto'o,2026-08-02,1367110427
samuel-eto-o,Q1255625,Samuel Eto'o,1981-03-10,Cameroon,forward,FW,FWD,retired,2001–02,2001–02,2001,2002,split_year,20,mallorca,Mallorca,la-liga,La Liga,30,6,domestic_league,False,professional_or_unknown,True,,Wikipedia,https://en.wikipedia.org/wiki/Samuel_Eto'o,2026-08-02,1367110427
samuel-eto-o,Q1255625,Samuel Eto'o,1981-03-10,Cameroon,forward,FW,FWD,retired,2002–03,2002–03,2002,2003,split_year,21,mallorca,Mallorca,la-liga,La Liga,30,14,domestic_league,False,professional_or_unknown,True,,Wikipedia,https://en.wikipedia.org/wiki/Samuel_Eto'o,2026-08-02,1367110427
samuel-eto-o,Q1255625,Samuel Eto'o,1981-03-10,Cameroon,forward,FW,FWD,retired,2003–04,2003–04,2003,2004,split_year,22,mallorca,Mallorca,la-liga,La Liga,32,17,domestic_league,False,professional_or_unknown,True,,Wikipedia,https://en.wikipedia.org/wiki/Samuel_Eto'o,2026-08-02,1367110427
samuel-eto-o,Q1255625,Samuel Eto'o,1981-03-10,Cameroon,forward,FW,FWD,retired,2004–05,2004–05,2004,2005,split_year,23,barcelona,Barcelona,la-liga,La Liga,37,25,domestic_league,False,professional_or_unknown,True,,Wikipedia,https://en.wikipedia.org/wiki/Samuel_Eto'o,2026-08-02,1367110427
samuel-eto-o,Q1255625,Samuel Eto'o,1981-03-10,Cameroon,forward,FW,FWD,retired,2005–06,2005–06,2005,2006,split_year,24,barcelona,Barcelona,la-liga,La Liga,34,26,domestic_league,False,professional_or_unknown,True,,Wikipedia,https://en.wikipedia.org/wiki/Samuel_Eto'o,2026-08-02,1367110427
samuel-eto-o,Q1255625,Samuel Eto'o,1981-03-10,Cameroon,forward,FW,FWD,retired,2006–07,2006–07,2006,2007,split_year,25,barcelona,Barcelona,la-liga,La Liga,19,11,domestic_league,False,professional_or_unknown,True,,Wikipedia,https://en.wikipedia.org/wiki/Samuel_Eto'o,2026-08-02,1367110427
samuel-eto-o,Q1255625,Samuel Eto'o,1981-03-10,Cameroon,forward,FW,FWD,retired,2007–08,2007–08,2007,2008,split_year,26,barcelona,Barcelona,la-liga,La Liga,18,16,domestic_league,False,professional_or_unknown,True,,Wikipedia,https://en.wikipedia.org/wiki/Samuel_Eto'o,2026-08-02,1367110427
samuel-eto-o,Q1255625,Samuel Eto'o,1981-03-10,Cameroon,forward,FW,FWD,retired,2008–09,2008–09,2008,2009,split_year,27,barcelona,Barcelona,la-liga,La Liga,36,30,domestic_league,False,professional_or_unknown,True,,Wikipedia,https://en.wikipedia.org/wiki/Samuel_Eto'o,2026-08-02,1367110427
samuel-eto-o,Q1255625,Samuel Eto'o,1981-03-10,Cameroon,forward,FW,FWD,retired,2009–10,2009–10,2009,2010,split_year,28,inter-milan,Inter Milan,serie-a,Serie A,32,12,domestic_league,False,professional_or_unknown,True,,Wikipedia,https://en.wikipedia.org/wiki/Samuel_Eto'o,2026-08-02,1367110427
samuel-eto-o,Q1255625,Samuel Eto'o,1981-03-10,Cameroon,forward,FW,FWD,retired,2010–11,2010–11,2010,2011,split_year,29,inter-milan,Inter Milan,serie-a,Serie A,35,21,domestic_league,False,professional_or_unknown,True,,Wikipedia,https://en.wikipedia.org/wiki/Samuel_Eto'o,2026-08-02,1367110427
samuel-eto-o,Q1255625,Samuel Eto'o,1981-03-10,Cameroon,forward,FW,FWD,retired,2011–12,2011–12,2011,2012,split_year,30,anzhi-makhachkala,Anzhi Makhachkala,russian-premier-league,Russian Premier League,22,13,domestic_league,False,professional_or_unknown,True,,Wikipedia,https://en.wikipedia.org/wiki/Samuel_Eto'o,2026-08-02,1367110427
samuel-eto-o,Q1255625,Samuel Eto'o,1981-03-10,Cameroon,forward,FW,FWD,retired,2011–12,2011–12,2011,2012,split_year,30,inter-milan,Inter Milan,serie-a,Serie A,0,0,domestic_league,False,professional_or_unknown,True,,Wikipedia,https://en.wikipedia.org/wiki/Samuel_Eto'o,2026-08-02,1367110427
samuel-eto-o,Q1255625,Samuel Eto'o,1981-03-10,Cameroon,forward,FW,FWD,retired,2012–13,2012–13,2012,2013,split_year,31,anzhi-makhachkala,Anzhi Makhachkala,russian-premier-league,Russian Premier League,25,10,domestic_league,False,professional_or_unknown,True,,Wikipedia,https://en.wikipedia.org/wiki/Samuel_Eto'o,2026-08-02,1367110427
samuel-eto-o,Q1255625,Samuel Eto'o,1981-03-10,Cameroon,forward,FW,FWD,retired,2013–14,2013–14,2013,2014,split_year,32,anzhi-makhachkala,Anzhi Makhachkala,russian-premier-league,Russian Premier League,6,2,domestic_league,False,professional_or_unknown,True,,Wikipedia,https://en.wikipedia.org/wiki/Samuel_Eto'o,2026-08-02,1367110427
samuel-eto-o,Q1255625,Samuel Eto'o,1981-03-10,Cameroon,forward,FW,FWD,retired,2013–14,2013–14,2013,2014,split_year,32,chelsea,Chelsea,premier-league,Premier League,21,9,domestic_league,False,professional_or_unknown,True,,Wikipedia,https://en.wikipedia.org/wiki/Samuel_Eto'o,2026-08-02,1367110427
samuel-eto-o,Q1255625,Samuel Eto'o,1981-03-10,Cameroon,forward,FW,FWD,retired,2014–15,2014–15,2014,2015,split_year,33,everton,Everton,premier-league,Premier League,14,3,domestic_league,False,professional_or_unknown,True,,Wikipedia,https://en.wikipedia.org/wiki/Samuel_Eto'o,2026-08-02,1367110427
samuel-eto-o,Q1255625,Samuel Eto'o,1981-03-10,Cameroon,forward,FW,FWD,retired,2014–15,2014–15,2014,2015,split_year,33,sampdoria,Sampdoria,serie-a,Serie A,18,2,domestic_league,False,professional_or_unknown,True,,Wikipedia,https://en.wikipedia.org/wiki/Samuel_Eto'o,2026-08-02,1367110427
samuel-eto-o,Q1255625,Samuel Eto'o,1981-03-10,Cameroon,forward,FW,FWD,retired,2015–16,2015–16,2015,2016,split_year,34,antalyaspor,Antalyaspor,super-lig,Süper Lig,31,20,domestic_league,False,professional_or_unknown,True,,Wikipedia,https://en.wikipedia.org/wiki/Samuel_Eto'o,2026-08-02,1367110427
samuel-eto-o,Q1255625,Samuel Eto'o,1981-03-10,Cameroon,forward,FW,FWD,retired,2016–17,2016–17,2016,2017,split_year,35,antalyaspor,Antalyaspor,super-lig,Süper Lig,30,18,domestic_league,False,professional_or_unknown,True,,Wikipedia,https://en.wikipedia.org/wiki/Samuel_Eto'o,2026-08-02,1367110427
samuel-eto-o,Q1255625,Samuel Eto'o,1981-03-10,Cameroon,forward,FW,FWD,retired,2017–18,2017–18,2017,2018,split_year,36,antalyaspor,Antalyaspor,super-lig,Süper Lig,15,6,domestic_league,False,professional_or_unknown,True,,Wikipedia,https://en.wikipedia.org/wiki/Samuel_Eto'o,2026-08-02,1367110427
samuel-eto-o,Q1255625,Samuel Eto'o,1981-03-10,Cameroon,forward,FW,FWD,retired,2017–18,2017–18,2017,2018,split_year,36,konyaspor,Konyaspor,super-lig,Süper Lig,13,6,domestic_league,False,professional_or_unknown,True,,Wikipedia,https://en.wikipedia.org/wiki/Samuel_Eto'o,2026-08-02,1367110427
samuel-eto-o,Q1255625,Samuel Eto'o,1981-03-10,Cameroon,forward,FW,FWD,retired,2018–19,2018–19,2018,2019,split_year,37,qatar-sc,Qatar SC,qatar-stars-league,Qatar Stars League,17,6,domestic_league,False,professional_or_unknown,True,,Wikipedia,https://en.wikipedia.org/wiki/Samuel_Eto'o,2026-08-02,1367110427
sandro-tonali,Q43402334,Sandro Tonali,2000-05-08,Italy,midfielder,DM,MID,active,2017–18,2017–18,2017,2018,split_year,17,brescia,Brescia,serie-b,Serie B,19,2,domestic_league,False,professional_or_unknown,True,,Wikipedia,https://en.wikipedia.org/wiki/Sandro_Tonali,2026-08-02,1367110479
sandro-tonali,Q43402334,Sandro Tonali,2000-05-08,Italy,midfielder,DM,MID,active,2018–19,2018–19,2018,2019,split_year,18,brescia,Brescia,serie-b,Serie B,34,3,domestic_league,False,professional_or_unknown,True,,Wikipedia,https://en.wikipedia.org/wiki/Sandro_Tonali,2026-08-02,1367110479
sandro-tonali,Q43402334,Sandro Tonali,2000-05-08,Italy,midfielder,DM,MID,active,2019–20,2019–20,2019,2020,split_year,19,brescia,Brescia,serie-a,Serie A,35,1,domestic_league,False,professional_or_unknown,True,,Wikipedia,https://en.wikipedia.org/wiki/Sandro_Tonali,2026-08-02,1367110479
sandro-tonali,Q43402334,Sandro Tonali,2000-05-08,Italy,midfielder,DM,MID,active,2020–21,2020–21,2020,2021,split_year,20,ac-milan-loan,AC Milan (loan),serie-a,Serie A,25,0,domestic_league,False,professional_or_unknown,True,,Wikipedia,https://en.wikipedia.org/wiki/Sandro_Tonali,2026-08-02,1367110479
sandro-tonali,Q43402334,Sandro Tonali,2000-05-08,Italy,midfielder,DM,MID,active,2021–22,2021–22,2021,2022,split_year,21,ac-milan,AC Milan,serie-a,Serie A,36,5,domestic_league,False,professional_or_unknown,True,,Wikipedia,https://en.wikipedia.org/wiki/Sandro_Tonali,2026-08-02,1367110479
sandro-tonali,Q43402334,Sandro Tonali,2000-05-08,Italy,midfielder,DM,MID,active,2022–23,2022–23,2022,2023,split_year,22,ac-milan,AC Milan,serie-a,Serie A,34,2,domestic_league,False,professional_or_unknown,True,,Wikipedia,https://en.wikipedia.org/wiki/Sandro_Tonali,2026-08-02,1367110479
sandro-tonali,Q43402334,Sandro Tonali,2000-05-08,Italy,midfielder,DM,MID,active,2023–24,2023–24,2023,2024,split_year,23,newcastle-united,Newcastle United,premier-league,Premier League,8,1,domestic_league,False,professional_or_unknown,True,,Wikipedia,https://en.wikipedia.org/wiki/Sandro_Tonali,2026-08-02,1367110479
sandro-tonali,Q43402334,Sandro Tonali,2000-05-08,Italy,midfielder,DM,MID,active,2024–25,2024–25,2024,2025,split_year,24,newcastle-united,Newcastle United,premier-league,Premier League,36,4,domestic_league,False,professional_or_unknown,True,,Wikipedia,https://en.wikipedia.org/wiki/Sandro_Tonali,2026-08-02,1367110479
sandro-tonali,Q43402334,Sandro Tonali,2000-05-08,Italy,midfielder,DM,MID,active,2025–26,2025–26,2025,2026,split_year,25,newcastle-united,Newcastle United,premier-league,Premier League,35,0,domestic_league,False,professional_or_unknown,True,,Wikipedia,https://en.wikipedia.org/wiki/Sandro_Tonali,2026-08-02,1367110479
sandro-tonali,Q43402334,Sandro Tonali,2000-05-08,Italy,midfielder,DM,MID,active,2026–27,2026–27,2026,2027,split_year,26,tottenham-hotspur,Tottenham Hotspur,premier-league,Premier League,0,0,domestic_league,True,professional_or_unknown,True,,Wikipedia,https://en.wikipedia.org/wiki/Sandro_Tonali,2026-08-02,1367110479
sergio-aguero,Q119562,Sergio Agüero,1988-06-02,Argentina,centre-forward,FW,FWD,retired,2003–04,2003–04,2003,2004,split_year,15,independiente,Independiente,argentine-primera-division,Argentine Primera División,5,0,domestic_league,False,professional_or_unknown,True,,Wikipedia,https://en.wikipedia.org/wiki/Sergio_Agüero,2026-08-02,1367110650
sergio-aguero,Q119562,Sergio Agüero,1988-06-02,Argentina,centre-forward,FW,FWD,retired,2004–05,2004–05,2004,2005,split_year,16,independiente,Independiente,argentine-primera-division,Argentine Primera División,12,5,domestic_league,False,professional_or_unknown,True,,Wikipedia,https://en.wikipedia.org/wiki/Sergio_Agüero,2026-08-02,1367110650
sergio-aguero,Q119562,Sergio Agüero,1988-06-02,Argentina,centre-forward,FW,FWD,retired,2005–06,2005–06,2005,2006,split_year,17,independiente,Independiente,argentine-primera-division,Argentine Primera División,36,18,domestic_league,False,professional_or_unknown,True,,Wikipedia,https://en.wikipedia.org/wiki/Sergio_Agüero,2026-08-02,1367110650
sergio-aguero,Q119562,Sergio Agüero,1988-06-02,Argentina,centre-forward,FW,FWD,retired,2006–07,2006–07,2006,2007,split_year,18,atletico-madrid,Atlético Madrid,la-liga,La Liga,38,6,domestic_league,False,professional_or_unknown,True,,Wikipedia,https://en.wikipedia.org/wiki/Sergio_Agüero,2026-08-02,1367110650
sergio-aguero,Q119562,Sergio Agüero,1988-06-02,Argentina,centre-forward,FW,FWD,retired,2007–08,2007–08,2007,2008,split_year,19,atletico-madrid,Atlético Madrid,la-liga,La Liga,37,19,domestic_league,False,professional_or_unknown,True,,Wikipedia,https://en.wikipedia.org/wiki/Sergio_Agüero,2026-08-02,1367110650
sergio-aguero,Q119562,Sergio Agüero,1988-06-02,Argentina,centre-forward,FW,FWD,retired,2008–09,2008–09,2008,2009,split_year,20,atletico-madrid,Atlético Madrid,la-liga,La Liga,37,17,domestic_league,False,professional_or_unknown,True,,Wikipedia,https://en.wikipedia.org/wiki/Sergio_Agüero,2026-08-02,1367110650
sergio-aguero,Q119562,Sergio Agüero,1988-06-02,Argentina,centre-forward,FW,FWD,retired,2009–10,2009–10,2009,2010,split_year,21,atletico-madrid,Atlético Madrid,la-liga,La Liga,31,12,domestic_league,False,professional_or_unknown,True,,Wikipedia,https://en.wikipedia.org/wiki/Sergio_Agüero,2026-08-02,1367110650
sergio-aguero,Q119562,Sergio Agüero,1988-06-02,Argentina,centre-forward,FW,FWD,retired,2010–11,2010–11,2010,2011,split_year,22,atletico-madrid,Atlético Madrid,la-liga,La Liga,32,20,domestic_league,False,professional_or_unknown,True,,Wikipedia,https://en.wikipedia.org/wiki/Sergio_Agüero,2026-08-02,1367110650
sergio-aguero,Q119562,Sergio Agüero,1988-06-02,Argentina,centre-forward,FW,FWD,retired,2011–12,2011–12,2011,2012,split_year,23,manchester-city,Manchester City,premier-league,Premier League,34,23,domestic_league,False,professional_or_unknown,True,,Wikipedia,https://en.wikipedia.org/wiki/Sergio_Agüero,2026-08-02,1367110650
sergio-aguero,Q119562,Sergio Agüero,1988-06-02,Argentina,centre-forward,FW,FWD,retired,2012–13,2012–13,2012,2013,split_year,24,manchester-city,Manchester City,premier-league,Premier League,30,12,domestic_league,False,professional_or_unknown,True,,Wikipedia,https://en.wikipedia.org/wiki/Sergio_Agüero,2026-08-02,1367110650
sergio-aguero,Q119562,Sergio Agüero,1988-06-02,Argentina,centre-forward,FW,FWD,retired,2013–14,2013–14,2013,2014,split_year,25,manchester-city,Manchester City,premier-league,Premier League,23,17,domestic_league,False,professional_or_unknown,True,,Wikipedia,https://en.wikipedia.org/wiki/Sergio_Agüero,2026-08-02,1367110650
sergio-aguero,Q119562,Sergio Agüero,1988-06-02,Argentina,centre-forward,FW,FWD,retired,2014–15,2014–15,2014,2015,split_year,26,manchester-city,Manchester City,premier-league,Premier League,33,26,domestic_league,False,professional_or_unknown,True,,Wikipedia,https://en.wikipedia.org/wiki/Sergio_Agüero,2026-08-02,1367110650
sergio-aguero,Q119562,Sergio Agüero,1988-06-02,Argentina,centre-forward,FW,FWD,retired,2015–16,2015–16,2015,2016,split_year,27,manchester-city,Manchester City,premier-league,Premier League,30,24,domestic_league,False,professional_or_unknown,True,,Wikipedia,https://en.wikipedia.org/wiki/Sergio_Agüero,2026-08-02,1367110650
sergio-aguero,Q119562,Sergio Agüero,1988-06-02,Argentina,centre-forward,FW,FWD,retired,2016–17,2016–17,2016,2017,split_year,28,manchester-city,Manchester City,premier-league,Premier League,31,20,domestic_league,False,professional_or_unknown,True,,Wikipedia,https://en.wikipedia.org/wiki/Sergio_Agüero,2026-08-02,1367110650
sergio-aguero,Q119562,Sergio Agüero,1988-06-02,Argentina,centre-forward,FW,FWD,retired,2017–18,2017–18,2017,2018,split_year,29,manchester-city,Manchester City,premier-league,Premier League,25,21,domestic_league,False,professional_or_unknown,True,,Wikipedia,https://en.wikipedia.org/wiki/Sergio_Agüero,2026-08-02,1367110650
sergio-aguero,Q119562,Sergio Agüero,1988-06-02,Argentina,centre-forward,FW,FWD,retired,2018–19,2018–19,2018,2019,split_year,30,manchester-city,Manchester City,premier-league,Premier League,33,21,domestic_league,False,professional_or_unknown,True,,Wikipedia,https://en.wikipedia.org/wiki/Sergio_Agüero,2026-08-02,1367110650
sergio-aguero,Q119562,Sergio Agüero,1988-06-02,Argentina,centre-forward,FW,FWD,retired,2019–20,2019–20,2019,2020,split_year,31,manchester-city,Manchester City,premier-league,Premier League,24,16,domestic_league,False,professional_or_unknown,True,,Wikipedia,https://en.wikipedia.org/wiki/Sergio_Agüero,2026-08-02,1367110650
sergio-aguero,Q119562,Sergio Agüero,1988-06-02,Argentina,centre-forward,FW,FWD,retired,2020–21,2020–21,2020,2021,split_year,32,manchester-city,Manchester City,premier-league,Premier League,12,4,domestic_league,False,professional_or_unknown,True,,Wikipedia,https://en.wikipedia.org/wiki/Sergio_Agüero,2026-08-02,1367110650
sergio-aguero,Q119562,Sergio Agüero,1988-06-02,Argentina,centre-forward,FW,FWD,retired,2021–22,2021–22,2021,2022,split_year,33,barcelona,Barcelona,la-liga,La Liga,4,1,domestic_league,False,professional_or_unknown,True,,Wikipedia,https://en.wikipedia.org/wiki/Sergio_Agüero,2026-08-02,1367110650
sergio-busquets,Q49704,Sergio Busquets,1988-07-16,Spain,defensive midfielder,DM,MID,active,2008–09,2008–09,2008,2009,split_year,20,barcelona,Barcelona,la-liga,La Liga,24,1,domestic_league,False,professional_or_unknown,True,,Wikipedia,https://en.wikipedia.org/wiki/Sergio_Busquets,2026-08-02,1366792192
sergio-busquets,Q49704,Sergio Busquets,1988-07-16,Spain,defensive midfielder,DM,MID,active,2009–10,2009–10,2009,2010,split_year,21,barcelona,Barcelona,la-liga,La Liga,33,0,domestic_league,False,professional_or_unknown,True,,Wikipedia,https://en.wikipedia.org/wiki/Sergio_Busquets,2026-08-02,1366792192
sergio-busquets,Q49704,Sergio Busquets,1988-07-16,Spain,defensive midfielder,DM,MID,active,2010–11,2010–11,2010,2011,split_year,22,barcelona,Barcelona,la-liga,La Liga,28,1,domestic_league,False,professional_or_unknown,True,,Wikipedia,https://en.wikipedia.org/wiki/Sergio_Busquets,2026-08-02,1366792192
sergio-busquets,Q49704,Sergio Busquets,1988-07-16,Spain,defensive midfielder,DM,MID,active,2011–12,2011–12,2011,2012,split_year,23,barcelona,Barcelona,la-liga,La Liga,31,1,domestic_league,False,professional_or_unknown,True,,Wikipedia,https://en.wikipedia.org/wiki/Sergio_Busquets,2026-08-02,1366792192
sergio-busquets,Q49704,Sergio Busquets,1988-07-16,Spain,defensive midfielder,DM,MID,active,2012–13,2012–13,2012,2013,split_year,24,barcelona,Barcelona,la-liga,La Liga,31,1,domestic_league,False,professional_or_unknown,True,,Wikipedia,https://en.wikipedia.org/wiki/Sergio_Busquets,2026-08-02,1366792192
sergio-busquets,Q49704,Sergio Busquets,1988-07-16,Spain,defensive midfielder,DM,MID,active,2013–14,2013–14,2013,2014,split_year,25,barcelona,Barcelona,la-liga,La Liga,32,1,domestic_league,False,professional_or_unknown,True,,Wikipedia,https://en.wikipedia.org/wiki/Sergio_Busquets,2026-08-02,1366792192
sergio-busquets,Q49704,Sergio Busquets,1988-07-16,Spain,defensive midfielder,DM,MID,active,2014–15,2014–15,2014,2015,split_year,26,barcelona,Barcelona,la-liga,La Liga,33,1,domestic_league,False,professional_or_unknown,True,,Wikipedia,https://en.wikipedia.org/wiki/Sergio_Busquets,2026-08-02,1366792192
sergio-busquets,Q49704,Sergio Busquets,1988-07-16,Spain,defensive midfielder,DM,MID,active,2015–16,2015–16,2015,2016,split_year,27,barcelona,Barcelona,la-liga,La Liga,35,0,domestic_league,False,professional_or_unknown,True,,Wikipedia,https://en.wikipedia.org/wiki/Sergio_Busquets,2026-08-02,1366792192
sergio-busquets,Q49704,Sergio Busquets,1988-07-16,Spain,defensive midfielder,DM,MID,active,2016–17,2016–17,2016,2017,split_year,28,barcelona,Barcelona,la-liga,La Liga,33,0,domestic_league,False,professional_or_unknown,True,,Wikipedia,https://en.wikipedia.org/wiki/Sergio_Busquets,2026-08-02,1366792192
sergio-busquets,Q49704,Sergio Busquets,1988-07-16,Spain,defensive midfielder,DM,MID,active,2017–18,2017–18,2017,2018,split_year,29,barcelona,Barcelona,la-liga,La Liga,31,1,domestic_league,False,professional_or_unknown,True,,Wikipedia,https://en.wikipedia.org/wiki/Sergio_Busquets,2026-08-02,1366792192
sergio-busquets,Q49704,Sergio Busquets,1988-07-16,Spain,defensive midfielder,DM,MID,active,2018–19,2018–19,2018,2019,split_year,30,barcelona,Barcelona,la-liga,La Liga,35,0,domestic_league,False,professional_or_unknown,True,,Wikipedia,https://en.wikipedia.org/wiki/Sergio_Busquets,2026-08-02,1366792192
sergio-busquets,Q49704,Sergio Busquets,1988-07-16,Spain,defensive midfielder,DM,MID,active,2019–20,2019–20,2019,2020,split_year,31,barcelona,Barcelona,la-liga,La Liga,33,2,domestic_league,False,professional_or_unknown,True,,Wikipedia,https://en.wikipedia.org/wiki/Sergio_Busquets,2026-08-02,1366792192
sergio-busquets,Q49704,Sergio Busquets,1988-07-16,Spain,defensive midfielder,DM,MID,active,2020–21,2020–21,2020,2021,split_year,32,barcelona,Barcelona,la-liga,La Liga,36,0,domestic_league,False,professional_or_unknown,True,,Wikipedia,https://en.wikipedia.org/wiki/Sergio_Busquets,2026-08-02,1366792192
sergio-busquets,Q49704,Sergio Busquets,1988-07-16,Spain,defensive midfielder,DM,MID,active,2021–22,2021–22,2021,2022,split_year,33,barcelona,Barcelona,la-liga,La Liga,36,2,domestic_league,False,professional_or_unknown,True,,Wikipedia,https://en.wikipedia.org/wiki/Sergio_Busquets,2026-08-02,1366792192
sergio-busquets,Q49704,Sergio Busquets,1988-07-16,Spain,defensive midfielder,DM,MID,active,2022–23,2022–23,2022,2023,split_year,34,barcelona,Barcelona,la-liga,La Liga,30,0,domestic_league,False,professional_or_unknown,True,,Wikipedia,https://en.wikipedia.org/wiki/Sergio_Busquets,2026-08-02,1366792192
sergio-busquets,Q49704,Sergio Busquets,1988-07-16,Spain,defensive midfielder,DM,MID,active,2023,2023,2023,2023,calendar_year,35,inter-miami,Inter Miami,mls,MLS,11,0,domestic_league,False,professional_or_unknown,True,,Wikipedia,https://en.wikipedia.org/wiki/Sergio_Busquets,2026-08-02,1366792192
sergio-busquets,Q49704,Sergio Busquets,1988-07-16,Spain,defensive midfielder,DM,MID,active,2024,2024,2024,2024,calendar_year,36,inter-miami,Inter Miami,mls,MLS,30,1,domestic_league,False,professional_or_unknown,True,,Wikipedia,https://en.wikipedia.org/wiki/Sergio_Busquets,2026-08-02,1366792192
sergio-busquets,Q49704,Sergio Busquets,1988-07-16,Spain,defensive midfielder,DM,MID,active,2025,2025,2025,2025,calendar_year,37,inter-miami,Inter Miami,mls,MLS,33,0,domestic_league,False,professional_or_unknown,True,,Wikipedia,https://en.wikipedia.org/wiki/Sergio_Busquets,2026-08-02,1366792192
sergio-ramos,Q483309,Sergio Ramos,1986-03-30,Spain,centre-back,CB,DEF,active,2003–04,2003–04,2003,2004,split_year,17,sevilla,Sevilla,la-liga,La Liga,7,0,domestic_league,False,professional_or_unknown,True,,Wikipedia,https://en.wikipedia.org/wiki/Sergio_Ramos,2026-08-02,1367286903
sergio-ramos,Q483309,Sergio Ramos,1986-03-30,Spain,centre-back,CB,DEF,active,2004–05,2004–05,2004,2005,split_year,18,sevilla,Sevilla,la-liga,La Liga,31,2,domestic_league,False,professional_or_unknown,True,,Wikipedia,https://en.wikipedia.org/wiki/Sergio_Ramos,2026-08-02,1367286903
sergio-ramos,Q483309,Sergio Ramos,1986-03-30,Spain,centre-back,CB,DEF,active,2005–06,2005–06,2005,2006,split_year,19,real-madrid,Real Madrid,la-liga,La Liga,33,4,domestic_league,False,professional_or_unknown,True,,Wikipedia,https://en.wikipedia.org/wiki/Sergio_Ramos,2026-08-02,1367286903
sergio-ramos,Q483309,Sergio Ramos,1986-03-30,Spain,centre-back,CB,DEF,active,2005–06,2005–06,2005,2006,split_year,19,sevilla,Sevilla,la-liga,La Liga,1,0,domestic_league,False,professional_or_unknown,True,,Wikipedia,https://en.wikipedia.org/wiki/Sergio_Ramos,2026-08-02,1367286903
sergio-ramos,Q483309,Sergio Ramos,1986-03-30,Spain,centre-back,CB,DEF,active,2006–07,2006–07,2006,2007,split_year,20,real-madrid,Real Madrid,la-liga,La Liga,33,5,domestic_league,False,professional_or_unknown,True,,Wikipedia,https://en.wikipedia.org/wiki/Sergio_Ramos,2026-08-02,1367286903
sergio-ramos,Q483309,Sergio Ramos,1986-03-30,Spain,centre-back,CB,DEF,active,2007–08,2007–08,2007,2008,split_year,21,real-madrid,Real Madrid,la-liga,La Liga,33,5,domestic_league,False,professional_or_unknown,True,,Wikipedia,https://en.wikipedia.org/wiki/Sergio_Ramos,2026-08-02,1367286903
sergio-ramos,Q483309,Sergio Ramos,1986-03-30,Spain,centre-back,CB,DEF,active,2008–09,2008–09,2008,2009,split_year,22,real-madrid,Real Madrid,la-liga,La Liga,32,4,domestic_league,False,professional_or_unknown,True,,Wikipedia,https://en.wikipedia.org/wiki/Sergio_Ramos,2026-08-02,1367286903
sergio-ramos,Q483309,Sergio Ramos,1986-03-30,Spain,centre-back,CB,DEF,active,2009–10,2009–10,2009,2010,split_year,23,real-madrid,Real Madrid,la-liga,La Liga,33,4,domestic_league,False,professional_or_unknown,True,,Wikipedia,https://en.wikipedia.org/wiki/Sergio_Ramos,2026-08-02,1367286903
sergio-ramos,Q483309,Sergio Ramos,1986-03-30,Spain,centre-back,CB,DEF,active,2010–11,2010–11,2010,2011,split_year,24,real-madrid,Real Madrid,la-liga,La Liga,31,3,domestic_league,False,professional_or_unknown,True,,Wikipedia,https://en.wikipedia.org/wiki/Sergio_Ramos,2026-08-02,1367286903
sergio-ramos,Q483309,Sergio Ramos,1986-03-30,Spain,centre-back,CB,DEF,active,2011–12,2011–12,2011,2012,split_year,25,real-madrid,Real Madrid,la-liga,La Liga,34,3,domestic_league,False,professional_or_unknown,True,,Wikipedia,https://en.wikipedia.org/wiki/Sergio_Ramos,2026-08-02,1367286903
sergio-ramos,Q483309,Sergio Ramos,1986-03-30,Spain,centre-back,CB,DEF,active,2012–13,2012–13,2012,2013,split_year,26,real-madrid,Real Madrid,la-liga,La Liga,26,4,domestic_league,False,professional_or_unknown,True,,Wikipedia,https://en.wikipedia.org/wiki/Sergio_Ramos,2026-08-02,1367286903
sergio-ramos,Q483309,Sergio Ramos,1986-03-30,Spain,centre-back,CB,DEF,active,2013–14,2013–14,2013,2014,split_year,27,real-madrid,Real Madrid,la-liga,La Liga,32,4,domestic_league,False,professional_or_unknown,True,,Wikipedia,https://en.wikipedia.org/wiki/Sergio_Ramos,2026-08-02,1367286903
sergio-ramos,Q483309,Sergio Ramos,1986-03-30,Spain,centre-back,CB,DEF,active,2014–15,2014–15,2014,2015,split_year,28,real-madrid,Real Madrid,la-liga,La Liga,27,4,domestic_league,False,professional_or_unknown,True,,Wikipedia,https://en.wikipedia.org/wiki/Sergio_Ramos,2026-08-02,1367286903
sergio-ramos,Q483309,Sergio Ramos,1986-03-30,Spain,centre-back,CB,DEF,active,2015–16,2015–16,2015,2016,split_year,29,real-madrid,Real Madrid,la-liga,La Liga,23,2,domestic_league,False,professional_or_unknown,True,,Wikipedia,https://en.wikipedia.org/wiki/Sergio_Ramos,2026-08-02,1367286903
sergio-ramos,Q483309,Sergio Ramos,1986-03-30,Spain,centre-back,CB,DEF,active,2016–17,2016–17,2016,2017,split_year,30,real-madrid,Real Madrid,la-liga,La Liga,28,7,domestic_league,False,professional_or_unknown,True,,Wikipedia,https://en.wikipedia.org/wiki/Sergio_Ramos,2026-08-02,1367286903
sergio-ramos,Q483309,Sergio Ramos,1986-03-30,Spain,centre-back,CB,DEF,active,2017–18,2017–18,2017,2018,split_year,31,real-madrid,Real Madrid,la-liga,La Liga,26,4,domestic_league,False,professional_or_unknown,True,,Wikipedia,https://en.wikipedia.org/wiki/Sergio_Ramos,2026-08-02,1367286903
sergio-ramos,Q483309,Sergio Ramos,1986-03-30,Spain,centre-back,CB,DEF,active,2018–19,2018–19,2018,2019,split_year,32,real-madrid,Real Madrid,la-liga,La Liga,28,6,domestic_league,False,professional_or_unknown,True,,Wikipedia,https://en.wikipedia.org/wiki/Sergio_Ramos,2026-08-02,1367286903
sergio-ramos,Q483309,Sergio Ramos,1986-03-30,Spain,centre-back,CB,DEF,active,2019–20,2019–20,2019,2020,split_year,33,real-madrid,Real Madrid,la-liga,La Liga,35,11,domestic_league,False,professional_or_unknown,True,,Wikipedia,https://en.wikipedia.org/wiki/Sergio_Ramos,2026-08-02,1367286903
sergio-ramos,Q483309,Sergio Ramos,1986-03-30,Spain,centre-back,CB,DEF,active,2020–21,2020–21,2020,2021,split_year,34,real-madrid,Real Madrid,la-liga,La Liga,15,2,domestic_league,False,professional_or_unknown,True,,Wikipedia,https://en.wikipedia.org/wiki/Sergio_Ramos,2026-08-02,1367286903
sergio-ramos,Q483309,Sergio Ramos,1986-03-30,Spain,centre-back,CB,DEF,active,2021–22,2021–22,2021,2022,split_year,35,paris-saint-germain,Paris Saint-Germain,ligue-1,Ligue 1,12,2,domestic_league,False,professional_or_unknown,True,,Wikipedia,https://en.wikipedia.org/wiki/Sergio_Ramos,2026-08-02,1367286903
sergio-ramos,Q483309,Sergio Ramos,1986-03-30,Spain,centre-back,CB,DEF,active,2022–23,2022–23,2022,2023,split_year,36,paris-saint-germain,Paris Saint-Germain,ligue-1,Ligue 1,33,2,domestic_league,False,professional_or_unknown,True,,Wikipedia,https://en.wikipedia.org/wiki/Sergio_Ramos,2026-08-02,1367286903
sergio-ramos,Q483309,Sergio Ramos,1986-03-30,Spain,centre-back,CB,DEF,active,2023–24,2023–24,2023,2024,split_year,37,sevilla,Sevilla,la-liga,La Liga,28,3,domestic_league,False,professional_or_unknown,True,,Wikipedia,https://en.wikipedia.org/wiki/Sergio_Ramos,2026-08-02,1367286903
sergio-ramos,Q483309,Sergio Ramos,1986-03-30,Spain,centre-back,CB,DEF,active,2024–25,2024–25,2024,2025,split_year,38,monterrey,Monterrey,liga-mx,Liga MX,8,3,domestic_league,False,professional_or_unknown,True,,Wikipedia,https://en.wikipedia.org/wiki/Sergio_Ramos,2026-08-02,1367286903
sergio-ramos,Q483309,Sergio Ramos,1986-03-30,Spain,centre-back,CB,DEF,active,2025–26,2025–26,2025,2026,split_year,39,monterrey,Monterrey,liga-mx,Liga MX,19,3,domestic_league,False,professional_or_unknown,True,,Wikipedia,https://en.wikipedia.org/wiki/Sergio_Ramos,2026-08-02,1367286903
son-heung-min,Q439722,Son Heung-min,1992-07-08,South Korea,forward,WNG,WIDE,active,2010–11,2010–11,2010,2011,split_year,18,hamburger-sv,Hamburger SV,bundesliga,Bundesliga,13,3,domestic_league,False,professional_or_unknown,True,,Wikipedia,https://en.wikipedia.org/wiki/Son_Heung-min,2026-08-02,1367309734
son-heung-min,Q439722,Son Heung-min,1992-07-08,South Korea,forward,WNG,WIDE,active,2011–12,2011–12,2011,2012,split_year,19,hamburger-sv,Hamburger SV,bundesliga,Bundesliga,27,5,domestic_league,False,professional_or_unknown,True,,Wikipedia,https://en.wikipedia.org/wiki/Son_Heung-min,2026-08-02,1367309734
son-heung-min,Q439722,Son Heung-min,1992-07-08,South Korea,forward,WNG,WIDE,active,2012–13,2012–13,2012,2013,split_year,20,hamburger-sv,Hamburger SV,bundesliga,Bundesliga,33,12,domestic_league,False,professional_or_unknown,True,,Wikipedia,https://en.wikipedia.org/wiki/Son_Heung-min,2026-08-02,1367309734
son-heung-min,Q439722,Son Heung-min,1992-07-08,South Korea,forward,WNG,WIDE,active,2013–14,2013–14,2013,2014,split_year,21,bayer-leverkusen,Bayer Leverkusen,bundesliga,Bundesliga,31,10,domestic_league,False,professional_or_unknown,True,,Wikipedia,https://en.wikipedia.org/wiki/Son_Heung-min,2026-08-02,1367309734
son-heung-min,Q439722,Son Heung-min,1992-07-08,South Korea,forward,WNG,WIDE,active,2014–15,2014–15,2014,2015,split_year,22,bayer-leverkusen,Bayer Leverkusen,bundesliga,Bundesliga,30,11,domestic_league,False,professional_or_unknown,True,,Wikipedia,https://en.wikipedia.org/wiki/Son_Heung-min,2026-08-02,1367309734
son-heung-min,Q439722,Son Heung-min,1992-07-08,South Korea,forward,WNG,WIDE,active,2015–16,2015–16,2015,2016,split_year,23,bayer-leverkusen,Bayer Leverkusen,bundesliga,Bundesliga,1,0,domestic_league,False,professional_or_unknown,True,,Wikipedia,https://en.wikipedia.org/wiki/Son_Heung-min,2026-08-02,1367309734
son-heung-min,Q439722,Son Heung-min,1992-07-08,South Korea,forward,WNG,WIDE,active,2015–16,2015–16,2015,2016,split_year,23,tottenham-hotspur,Tottenham Hotspur,premier-league,Premier League,28,4,domestic_league,False,professional_or_unknown,True,,Wikipedia,https://en.wikipedia.org/wiki/Son_Heung-min,2026-08-02,1367309734
son-heung-min,Q439722,Son Heung-min,1992-07-08,South Korea,forward,WNG,WIDE,active,2016–17,2016–17,2016,2017,split_year,24,tottenham-hotspur,Tottenham Hotspur,premier-league,Premier League,34,14,domestic_league,False,professional_or_unknown,True,,Wikipedia,https://en.wikipedia.org/wiki/Son_Heung-min,2026-08-02,1367309734
son-heung-min,Q439722,Son Heung-min,1992-07-08,South Korea,forward,WNG,WIDE,active,2017–18,2017–18,2017,2018,split_year,25,tottenham-hotspur,Tottenham Hotspur,premier-league,Premier League,37,12,domestic_league,False,professional_or_unknown,True,,Wikipedia,https://en.wikipedia.org/wiki/Son_Heung-min,2026-08-02,1367309734
son-heung-min,Q439722,Son Heung-min,1992-07-08,South Korea,forward,WNG,WIDE,active,2018–19,2018–19,2018,2019,split_year,26,tottenham-hotspur,Tottenham Hotspur,premier-league,Premier League,31,12,domestic_league,False,professional_or_unknown,True,,Wikipedia,https://en.wikipedia.org/wiki/Son_Heung-min,2026-08-02,1367309734
son-heung-min,Q439722,Son Heung-min,1992-07-08,South Korea,forward,WNG,WIDE,active,2019–20,2019–20,2019,2020,split_year,27,tottenham-hotspur,Tottenham Hotspur,premier-league,Premier League,30,11,domestic_league,False,professional_or_unknown,True,,Wikipedia,https://en.wikipedia.org/wiki/Son_Heung-min,2026-08-02,1367309734
son-heung-min,Q439722,Son Heung-min,1992-07-08,South Korea,forward,WNG,WIDE,active,2020–21,2020–21,2020,2021,split_year,28,tottenham-hotspur,Tottenham Hotspur,premier-league,Premier League,37,17,domestic_league,False,professional_or_unknown,True,,Wikipedia,https://en.wikipedia.org/wiki/Son_Heung-min,2026-08-02,1367309734
son-heung-min,Q439722,Son Heung-min,1992-07-08,South Korea,forward,WNG,WIDE,active,2021–22,2021–22,2021,2022,split_year,29,tottenham-hotspur,Tottenham Hotspur,premier-league,Premier League,35,23,domestic_league,False,professional_or_unknown,True,,Wikipedia,https://en.wikipedia.org/wiki/Son_Heung-min,2026-08-02,1367309734
son-heung-min,Q439722,Son Heung-min,1992-07-08,South Korea,forward,WNG,WIDE,active,2022–23,2022–23,2022,2023,split_year,30,tottenham-hotspur,Tottenham Hotspur,premier-league,Premier League,36,10,domestic_league,False,professional_or_unknown,True,,Wikipedia,https://en.wikipedia.org/wiki/Son_Heung-min,2026-08-02,1367309734
son-heung-min,Q439722,Son Heung-min,1992-07-08,South Korea,forward,WNG,WIDE,active,2023–24,2023–24,2023,2024,split_year,31,tottenham-hotspur,Tottenham Hotspur,premier-league,Premier League,35,17,domestic_league,False,professional_or_unknown,True,,Wikipedia,https://en.wikipedia.org/wiki/Son_Heung-min,2026-08-02,1367309734
son-heung-min,Q439722,Son Heung-min,1992-07-08,South Korea,forward,WNG,WIDE,active,2024–25,2024–25,2024,2025,split_year,32,tottenham-hotspur,Tottenham Hotspur,premier-league,Premier League,30,7,domestic_league,False,professional_or_unknown,True,,Wikipedia,https://en.wikipedia.org/wiki/Son_Heung-min,2026-08-02,1367309734
son-heung-min,Q439722,Son Heung-min,1992-07-08,South Korea,forward,WNG,WIDE,active,2025,2025,2025,2025,calendar_year,33,los-angeles-fc,Los Angeles FC,major-league-soccer,Major League Soccer,10,9,domestic_league,False,professional_or_unknown,True,,Wikipedia,https://en.wikipedia.org/wiki/Son_Heung-min,2026-08-02,1367309734
son-heung-min,Q439722,Son Heung-min,1992-07-08,South Korea,forward,WNG,WIDE,active,2026,2026,2026,2026,calendar_year,34,los-angeles-fc,Los Angeles FC,major-league-soccer,Major League Soccer,17,4,domestic_league,True,professional_or_unknown,True,,Wikipedia,https://en.wikipedia.org/wiki/Son_Heung-min,2026-08-02,1367309734
steven-gerrard,Q459830,Steven Gerrard,1980-05-30,United Kingdom,midfielder,CM,MID,retired,1998–99,1998–99,1998,1999,split_year,18,liverpool,Liverpool,premier-league,Premier League,12,0,domestic_league,False,professional_or_unknown,True,,Wikipedia,https://en.wikipedia.org/wiki/Steven_Gerrard,2026-08-02,1367155939
steven-gerrard,Q459830,Steven Gerrard,1980-05-30,United Kingdom,midfielder,CM,MID,retired,1999–2000,1999–2000,1999,2000,split_year,19,liverpool,Liverpool,premier-league,Premier League,29,1,domestic_league,False,professional_or_unknown,True,,Wikipedia,https://en.wikipedia.org/wiki/Steven_Gerrard,2026-08-02,1367155939
steven-gerrard,Q459830,Steven Gerrard,1980-05-30,United Kingdom,midfielder,CM,MID,retired,2000–01,2000–01,2000,2001,split_year,20,liverpool,Liverpool,premier-league,Premier League,33,7,domestic_league,False,professional_or_unknown,True,,Wikipedia,https://en.wikipedia.org/wiki/Steven_Gerrard,2026-08-02,1367155939
steven-gerrard,Q459830,Steven Gerrard,1980-05-30,United Kingdom,midfielder,CM,MID,retired,2001–02,2001–02,2001,2002,split_year,21,liverpool,Liverpool,premier-league,Premier League,28,3,domestic_league,False,professional_or_unknown,True,,Wikipedia,https://en.wikipedia.org/wiki/Steven_Gerrard,2026-08-02,1367155939
steven-gerrard,Q459830,Steven Gerrard,1980-05-30,United Kingdom,midfielder,CM,MID,retired,2002–03,2002–03,2002,2003,split_year,22,liverpool,Liverpool,premier-league,Premier League,34,5,domestic_league,False,professional_or_unknown,True,,Wikipedia,https://en.wikipedia.org/wiki/Steven_Gerrard,2026-08-02,1367155939
steven-gerrard,Q459830,Steven Gerrard,1980-05-30,United Kingdom,midfielder,CM,MID,retired,2003–04,2003–04,2003,2004,split_year,23,liverpool,Liverpool,premier-league,Premier League,34,4,domestic_league,False,professional_or_unknown,True,,Wikipedia,https://en.wikipedia.org/wiki/Steven_Gerrard,2026-08-02,1367155939
steven-gerrard,Q459830,Steven Gerrard,1980-05-30,United Kingdom,midfielder,CM,MID,retired,2004–05,2004–05,2004,2005,split_year,24,liverpool,Liverpool,premier-league,Premier League,30,7,domestic_league,False,professional_or_unknown,True,,Wikipedia,https://en.wikipedia.org/wiki/Steven_Gerrard,2026-08-02,1367155939
steven-gerrard,Q459830,Steven Gerrard,1980-05-30,United Kingdom,midfielder,CM,MID,retired,2005–06,2005–06,2005,2006,split_year,25,liverpool,Liverpool,premier-league,Premier League,32,10,domestic_league,False,professional_or_unknown,True,,Wikipedia,https://en.wikipedia.org/wiki/Steven_Gerrard,2026-08-02,1367155939
steven-gerrard,Q459830,Steven Gerrard,1980-05-30,United Kingdom,midfielder,CM,MID,retired,2006–07,2006–07,2006,2007,split_year,26,liverpool,Liverpool,premier-league,Premier League,36,7,domestic_league,False,professional_or_unknown,True,,Wikipedia,https://en.wikipedia.org/wiki/Steven_Gerrard,2026-08-02,1367155939
steven-gerrard,Q459830,Steven Gerrard,1980-05-30,United Kingdom,midfielder,CM,MID,retired,2007–08,2007–08,2007,2008,split_year,27,liverpool,Liverpool,premier-league,Premier League,34,11,domestic_league,False,professional_or_unknown,True,,Wikipedia,https://en.wikipedia.org/wiki/Steven_Gerrard,2026-08-02,1367155939
steven-gerrard,Q459830,Steven Gerrard,1980-05-30,United Kingdom,midfielder,CM,MID,retired,2008–09,2008–09,2008,2009,split_year,28,liverpool,Liverpool,premier-league,Premier League,31,16,domestic_league,False,professional_or_unknown,True,,Wikipedia,https://en.wikipedia.org/wiki/Steven_Gerrard,2026-08-02,1367155939
steven-gerrard,Q459830,Steven Gerrard,1980-05-30,United Kingdom,midfielder,CM,MID,retired,2009–10,2009–10,2009,2010,split_year,29,liverpool,Liverpool,premier-league,Premier League,33,9,domestic_league,False,professional_or_unknown,True,,Wikipedia,https://en.wikipedia.org/wiki/Steven_Gerrard,2026-08-02,1367155939
steven-gerrard,Q459830,Steven Gerrard,1980-05-30,United Kingdom,midfielder,CM,MID,retired,2010–11,2010–11,2010,2011,split_year,30,liverpool,Liverpool,premier-league,Premier League,21,4,domestic_league,False,professional_or_unknown,True,,Wikipedia,https://en.wikipedia.org/wiki/Steven_Gerrard,2026-08-02,1367155939
steven-gerrard,Q459830,Steven Gerrard,1980-05-30,United Kingdom,midfielder,CM,MID,retired,2011–12,2011–12,2011,2012,split_year,31,liverpool,Liverpool,premier-league,Premier League,18,5,domestic_league,False,professional_or_unknown,True,,Wikipedia,https://en.wikipedia.org/wiki/Steven_Gerrard,2026-08-02,1367155939
steven-gerrard,Q459830,Steven Gerrard,1980-05-30,United Kingdom,midfielder,CM,MID,retired,2012–13,2012–13,2012,2013,split_year,32,liverpool,Liverpool,premier-league,Premier League,36,9,domestic_league,False,professional_or_unknown,True,,Wikipedia,https://en.wikipedia.org/wiki/Steven_Gerrard,2026-08-02,1367155939
steven-gerrard,Q459830,Steven Gerrard,1980-05-30,United Kingdom,midfielder,CM,MID,retired,2013–14,2013–14,2013,2014,split_year,33,liverpool,Liverpool,premier-league,Premier League,34,13,domestic_league,False,professional_or_unknown,True,,Wikipedia,https://en.wikipedia.org/wiki/Steven_Gerrard,2026-08-02,1367155939
steven-gerrard,Q459830,Steven Gerrard,1980-05-30,United Kingdom,midfielder,CM,MID,retired,2014–15,2014–15,2014,2015,split_year,34,liverpool,Liverpool,premier-league,Premier League,29,9,domestic_league,False,professional_or_unknown,True,,Wikipedia,https://en.wikipedia.org/wiki/Steven_Gerrard,2026-08-02,1367155939
steven-gerrard,Q459830,Steven Gerrard,1980-05-30,United Kingdom,midfielder,CM,MID,retired,2015,2015,2015,2015,calendar_year,35,la-galaxy,LA Galaxy,major-league-soccer,Major League Soccer,13,2,domestic_league,False,professional_or_unknown,True,,Wikipedia,https://en.wikipedia.org/wiki/Steven_Gerrard,2026-08-02,1367155939
steven-gerrard,Q459830,Steven Gerrard,1980-05-30,United Kingdom,midfielder,CM,MID,retired,2016,2016,2016,2016,calendar_year,36,la-galaxy,LA Galaxy,major-league-soccer,Major League Soccer,21,3,domestic_league,False,professional_or_unknown,True,,Wikipedia,https://en.wikipedia.org/wiki/Steven_Gerrard,2026-08-02,1367155939
theo-hernandez,Q23703372,Théo Hernandez,1997-10-06,France,full-back,FB,DEF,active,2016–17,2016–17,2016,2017,split_year,19,alaves-loan,Alavés (loan),la-liga,La Liga,32,1,domestic_league,False,professional_or_unknown,True,,Wikipedia,https://en.wikipedia.org/wiki/Théo_Hernandez,2026-08-02,1366802018
theo-hernandez,Q23703372,Théo Hernandez,1997-10-06,France,full-back,FB,DEF,active,2017–18,2017–18,2017,2018,split_year,20,real-madrid,Real Madrid,la-liga,La Liga,13,0,domestic_league,False,professional_or_unknown,True,,Wikipedia,https://en.wikipedia.org/wiki/Théo_Hernandez,2026-08-02,1366802018
theo-hernandez,Q23703372,Théo Hernandez,1997-10-06,France,full-back,FB,DEF,active,2018–19,2018–19,2018,2019,split_year,21,real-sociedad-loan,Real Sociedad (loan),la-liga,La Liga,24,1,domestic_league,False,professional_or_unknown,True,,Wikipedia,https://en.wikipedia.org/wiki/Théo_Hernandez,2026-08-02,1366802018
theo-hernandez,Q23703372,Théo Hernandez,1997-10-06,France,full-back,FB,DEF,active,2019–20,2019–20,2019,2020,split_year,22,ac-milan,AC Milan,serie-a,Serie A,33,6,domestic_league,False,professional_or_unknown,True,,Wikipedia,https://en.wikipedia.org/wiki/Théo_Hernandez,2026-08-02,1366802018
theo-hernandez,Q23703372,Théo Hernandez,1997-10-06,France,full-back,FB,DEF,active,2020–21,2020–21,2020,2021,split_year,23,ac-milan,AC Milan,serie-a,Serie A,33,7,domestic_league,False,professional_or_unknown,True,,Wikipedia,https://en.wikipedia.org/wiki/Théo_Hernandez,2026-08-02,1366802018
theo-hernandez,Q23703372,Théo Hernandez,1997-10-06,France,full-back,FB,DEF,active,2021–22,2021–22,2021,2022,split_year,24,ac-milan,AC Milan,serie-a,Serie A,32,5,domestic_league,False,professional_or_unknown,True,,Wikipedia,https://en.wikipedia.org/wiki/Théo_Hernandez,2026-08-02,1366802018
theo-hernandez,Q23703372,Théo Hernandez,1997-10-06,France,full-back,FB,DEF,active,2022–23,2022–23,2022,2023,split_year,25,ac-milan,AC Milan,serie-a,Serie A,32,4,domestic_league,False,professional_or_unknown,True,,Wikipedia,https://en.wikipedia.org/wiki/Théo_Hernandez,2026-08-02,1366802018
theo-hernandez,Q23703372,Théo Hernandez,1997-10-06,France,full-back,FB,DEF,active,2023–24,2023–24,2023,2024,split_year,26,ac-milan,AC Milan,serie-a,Serie A,32,5,domestic_league,False,professional_or_unknown,True,,Wikipedia,https://en.wikipedia.org/wiki/Théo_Hernandez,2026-08-02,1366802018
theo-hernandez,Q23703372,Théo Hernandez,1997-10-06,France,full-back,FB,DEF,active,2024–25,2024–25,2024,2025,split_year,27,ac-milan,AC Milan,serie-a,Serie A,33,4,domestic_league,False,professional_or_unknown,True,,Wikipedia,https://en.wikipedia.org/wiki/Théo_Hernandez,2026-08-02,1366802018
theo-hernandez,Q23703372,Théo Hernandez,1997-10-06,France,full-back,FB,DEF,active,2025–26,2025–26,2025,2026,split_year,28,al-hilal,Al Hilal,saudi-pro-league,Saudi Pro League,31,5,domestic_league,False,professional_or_unknown,True,,Wikipedia,https://en.wikipedia.org/wiki/Théo_Hernandez,2026-08-02,1366802018
thiago-alcantara,Q17493,Thiago Alcântara,1991-04-11,Spain,midfielder,CM,MID,inactive,2008–09,2008–09,2008,2009,split_year,17,barcelona,Barcelona,la-liga,La Liga,1,0,domestic_league,False,professional_or_unknown,True,,Wikipedia,https://en.wikipedia.org/wiki/Thiago_Alcântara,2026-08-02,1367110969
thiago-alcantara,Q17493,Thiago Alcântara,1991-04-11,Spain,midfielder,CM,MID,inactive,2009–10,2009–10,2009,2010,split_year,18,barcelona,Barcelona,la-liga,La Liga,1,1,domestic_league,False,professional_or_unknown,True,,Wikipedia,https://en.wikipedia.org/wiki/Thiago_Alcântara,2026-08-02,1367110969
thiago-alcantara,Q17493,Thiago Alcântara,1991-04-11,Spain,midfielder,CM,MID,inactive,2010–11,2010–11,2010,2011,split_year,19,barcelona,Barcelona,la-liga,La Liga,12,2,domestic_league,False,professional_or_unknown,True,,Wikipedia,https://en.wikipedia.org/wiki/Thiago_Alcântara,2026-08-02,1367110969
thiago-alcantara,Q17493,Thiago Alcântara,1991-04-11,Spain,midfielder,CM,MID,inactive,2011–12,2011–12,2011,2012,split_year,20,barcelona,Barcelona,la-liga,La Liga,27,2,domestic_league,False,professional_or_unknown,True,,Wikipedia,https://en.wikipedia.org/wiki/Thiago_Alcântara,2026-08-02,1367110969
thiago-alcantara,Q17493,Thiago Alcântara,1991-04-11,Spain,midfielder,CM,MID,inactive,2012–13,2012–13,2012,2013,split_year,21,barcelona,Barcelona,la-liga,La Liga,27,2,domestic_league,False,professional_or_unknown,True,,Wikipedia,https://en.wikipedia.org/wiki/Thiago_Alcântara,2026-08-02,1367110969
thiago-alcantara,Q17493,Thiago Alcântara,1991-04-11,Spain,midfielder,CM,MID,inactive,2013–14,2013–14,2013,2014,split_year,22,bayern-munich,Bayern Munich,bundesliga,Bundesliga,16,2,domestic_league,False,professional_or_unknown,True,,Wikipedia,https://en.wikipedia.org/wiki/Thiago_Alcântara,2026-08-02,1367110969
thiago-alcantara,Q17493,Thiago Alcântara,1991-04-11,Spain,midfielder,CM,MID,inactive,2014–15,2014–15,2014,2015,split_year,23,bayern-munich,Bayern Munich,bundesliga,Bundesliga,7,0,domestic_league,False,professional_or_unknown,True,,Wikipedia,https://en.wikipedia.org/wiki/Thiago_Alcântara,2026-08-02,1367110969
thiago-alcantara,Q17493,Thiago Alcântara,1991-04-11,Spain,midfielder,CM,MID,inactive,2015–16,2015–16,2015,2016,split_year,24,bayern-munich,Bayern Munich,bundesliga,Bundesliga,27,2,domestic_league,False,professional_or_unknown,True,,Wikipedia,https://en.wikipedia.org/wiki/Thiago_Alcântara,2026-08-02,1367110969
thiago-alcantara,Q17493,Thiago Alcântara,1991-04-11,Spain,midfielder,CM,MID,inactive,2016–17,2016–17,2016,2017,split_year,25,bayern-munich,Bayern Munich,bundesliga,Bundesliga,27,6,domestic_league,False,professional_or_unknown,True,,Wikipedia,https://en.wikipedia.org/wiki/Thiago_Alcântara,2026-08-02,1367110969
thiago-alcantara,Q17493,Thiago Alcântara,1991-04-11,Spain,midfielder,CM,MID,inactive,2017–18,2017–18,2017,2018,split_year,26,bayern-munich,Bayern Munich,bundesliga,Bundesliga,19,2,domestic_league,False,professional_or_unknown,True,,Wikipedia,https://en.wikipedia.org/wiki/Thiago_Alcântara,2026-08-02,1367110969
thiago-alcantara,Q17493,Thiago Alcântara,1991-04-11,Spain,midfielder,CM,MID,inactive,2018–19,2018–19,2018,2019,split_year,27,bayern-munich,Bayern Munich,bundesliga,Bundesliga,30,2,domestic_league,False,professional_or_unknown,True,,Wikipedia,https://en.wikipedia.org/wiki/Thiago_Alcântara,2026-08-02,1367110969
thiago-alcantara,Q17493,Thiago Alcântara,1991-04-11,Spain,midfielder,CM,MID,inactive,2019–20,2019–20,2019,2020,split_year,28,bayern-munich,Bayern Munich,bundesliga,Bundesliga,24,3,domestic_league,False,professional_or_unknown,True,,Wikipedia,https://en.wikipedia.org/wiki/Thiago_Alcântara,2026-08-02,1367110969
thiago-alcantara,Q17493,Thiago Alcântara,1991-04-11,Spain,midfielder,CM,MID,inactive,2020–21,2020–21,2020,2021,split_year,29,liverpool,Liverpool,premier-league,Premier League,24,1,domestic_league,False,professional_or_unknown,True,,Wikipedia,https://en.wikipedia.org/wiki/Thiago_Alcântara,2026-08-02,1367110969
thiago-alcantara,Q17493,Thiago Alcântara,1991-04-11,Spain,midfielder,CM,MID,inactive,2021–22,2021–22,2021,2022,split_year,30,liverpool,Liverpool,premier-league,Premier League,25,1,domestic_league,False,professional_or_unknown,True,,Wikipedia,https://en.wikipedia.org/wiki/Thiago_Alcântara,2026-08-02,1367110969
thiago-alcantara,Q17493,Thiago Alcântara,1991-04-11,Spain,midfielder,CM,MID,inactive,2022–23,2022–23,2022,2023,split_year,31,liverpool,Liverpool,premier-league,Premier League,18,0,domestic_league,False,professional_or_unknown,True,,Wikipedia,https://en.wikipedia.org/wiki/Thiago_Alcântara,2026-08-02,1367110969
thiago-alcantara,Q17493,Thiago Alcântara,1991-04-11,Spain,midfielder,CM,MID,inactive,2023–24,2023–24,2023,2024,split_year,32,liverpool,Liverpool,premier-league,Premier League,1,0,domestic_league,False,professional_or_unknown,True,,Wikipedia,https://en.wikipedia.org/wiki/Thiago_Alcântara,2026-08-02,1367110969
thiago-silva,Q210453,Thiago Silva,1984-09-22,Brazil,centre-back,CB,DEF,active,2004,2004,2004,2004,calendar_year,20,juventude,Juventude,serie-a,Série A,28,3,domestic_league,False,professional_or_unknown,True,,Wikipedia,https://en.wikipedia.org/wiki/Thiago_Silva,2026-08-02,1367160980
thiago-silva,Q210453,Thiago Silva,1984-09-22,Brazil,centre-back,CB,DEF,active,2005,2005,2005,2005,calendar_year,21,dynamo-moscow,Dynamo Moscow,russian-premier-league,Russian Premier League,0,0,domestic_league,False,professional_or_unknown,True,,Wikipedia,https://en.wikipedia.org/wiki/Thiago_Silva,2026-08-02,1367160980
thiago-silva,Q210453,Thiago Silva,1984-09-22,Brazil,centre-back,CB,DEF,active,2006,2006,2006,2006,calendar_year,22,fluminense-loan,Fluminense (loan),serie-a,Série A,31,0,domestic_league,False,professional_or_unknown,True,,Wikipedia,https://en.wikipedia.org/wiki/Thiago_Silva,2026-08-02,1367160980
thiago-silva,Q210453,Thiago Silva,1984-09-22,Brazil,centre-back,CB,DEF,active,2007,2007,2007,2007,calendar_year,23,fluminense,Fluminense,serie-a,Série A,30,5,domestic_league,False,professional_or_unknown,True,,Wikipedia,https://en.wikipedia.org/wiki/Thiago_Silva,2026-08-02,1367160980
thiago-silva,Q210453,Thiago Silva,1984-09-22,Brazil,centre-back,CB,DEF,active,2008,2008,2008,2008,calendar_year,24,fluminense,Fluminense,serie-a,Série A,20,1,domestic_league,False,professional_or_unknown,True,,Wikipedia,https://en.wikipedia.org/wiki/Thiago_Silva,2026-08-02,1367160980
thiago-silva,Q210453,Thiago Silva,1984-09-22,Brazil,centre-back,CB,DEF,active,2009–10,2009–10,2009,2010,split_year,25,ac-milan,AC Milan,serie-a,Serie A,33,2,domestic_league,False,professional_or_unknown,True,,Wikipedia,https://en.wikipedia.org/wiki/Thiago_Silva,2026-08-02,1367160980
thiago-silva,Q210453,Thiago Silva,1984-09-22,Brazil,centre-back,CB,DEF,active,2010–11,2010–11,2010,2011,split_year,26,ac-milan,AC Milan,serie-a,Serie A,33,1,domestic_league,False,professional_or_unknown,True,,Wikipedia,https://en.wikipedia.org/wiki/Thiago_Silva,2026-08-02,1367160980
thiago-silva,Q210453,Thiago Silva,1984-09-22,Brazil,centre-back,CB,DEF,active,2011–12,2011–12,2011,2012,split_year,27,ac-milan,AC Milan,serie-a,Serie A,27,2,domestic_league,False,professional_or_unknown,True,,Wikipedia,https://en.wikipedia.org/wiki/Thiago_Silva,2026-08-02,1367160980
thiago-silva,Q210453,Thiago Silva,1984-09-22,Brazil,centre-back,CB,DEF,active,2012–13,2012–13,2012,2013,split_year,28,paris-saint-germain,Paris Saint-Germain,ligue-1,Ligue 1,22,0,domestic_league,False,professional_or_unknown,True,,Wikipedia,https://en.wikipedia.org/wiki/Thiago_Silva,2026-08-02,1367160980
thiago-silva,Q210453,Thiago Silva,1984-09-22,Brazil,centre-back,CB,DEF,active,2013–14,2013–14,2013,2014,split_year,29,paris-saint-germain,Paris Saint-Germain,ligue-1,Ligue 1,28,3,domestic_league,False,professional_or_unknown,True,,Wikipedia,https://en.wikipedia.org/wiki/Thiago_Silva,2026-08-02,1367160980
thiago-silva,Q210453,Thiago Silva,1984-09-22,Brazil,centre-back,CB,DEF,active,2014–15,2014–15,2014,2015,split_year,30,paris-saint-germain,Paris Saint-Germain,ligue-1,Ligue 1,26,1,domestic_league,False,professional_or_unknown,True,,Wikipedia,https://en.wikipedia.org/wiki/Thiago_Silva,2026-08-02,1367160980
thiago-silva,Q210453,Thiago Silva,1984-09-22,Brazil,centre-back,CB,DEF,active,2015–16,2015–16,2015,2016,split_year,31,paris-saint-germain,Paris Saint-Germain,ligue-1,Ligue 1,30,1,domestic_league,False,professional_or_unknown,True,,Wikipedia,https://en.wikipedia.org/wiki/Thiago_Silva,2026-08-02,1367160980
thiago-silva,Q210453,Thiago Silva,1984-09-22,Brazil,centre-back,CB,DEF,active,2016–17,2016–17,2016,2017,split_year,32,paris-saint-germain,Paris Saint-Germain,ligue-1,Ligue 1,27,3,domestic_league,False,professional_or_unknown,True,,Wikipedia,https://en.wikipedia.org/wiki/Thiago_Silva,2026-08-02,1367160980
thiago-silva,Q210453,Thiago Silva,1984-09-22,Brazil,centre-back,CB,DEF,active,2017–18,2017–18,2017,2018,split_year,33,paris-saint-germain,Paris Saint-Germain,ligue-1,Ligue 1,25,1,domestic_league,False,professional_or_unknown,True,,Wikipedia,https://en.wikipedia.org/wiki/Thiago_Silva,2026-08-02,1367160980
thiago-silva,Q210453,Thiago Silva,1984-09-22,Brazil,centre-back,CB,DEF,active,2018–19,2018–19,2018,2019,split_year,34,paris-saint-germain,Paris Saint-Germain,ligue-1,Ligue 1,25,0,domestic_league,False,professional_or_unknown,True,,Wikipedia,https://en.wikipedia.org/wiki/Thiago_Silva,2026-08-02,1367160980
thiago-silva,Q210453,Thiago Silva,1984-09-22,Brazil,centre-back,CB,DEF,active,2019–20,2019–20,2019,2020,split_year,35,paris-saint-germain,Paris Saint-Germain,ligue-1,Ligue 1,21,0,domestic_league,False,professional_or_unknown,True,,Wikipedia,https://en.wikipedia.org/wiki/Thiago_Silva,2026-08-02,1367160980
thiago-silva,Q210453,Thiago Silva,1984-09-22,Brazil,centre-back,CB,DEF,active,2020–21,2020–21,2020,2021,split_year,36,chelsea,Chelsea,premier-league,Premier League,23,2,domestic_league,False,professional_or_unknown,True,,Wikipedia,https://en.wikipedia.org/wiki/Thiago_Silva,2026-08-02,1367160980
thiago-silva,Q210453,Thiago Silva,1984-09-22,Brazil,centre-back,CB,DEF,active,2021–22,2021–22,2021,2022,split_year,37,chelsea,Chelsea,premier-league,Premier League,32,3,domestic_league,False,professional_or_unknown,True,,Wikipedia,https://en.wikipedia.org/wiki/Thiago_Silva,2026-08-02,1367160980
thiago-silva,Q210453,Thiago Silva,1984-09-22,Brazil,centre-back,CB,DEF,active,2022–23,2022–23,2022,2023,split_year,38,chelsea,Chelsea,premier-league,Premier League,27,0,domestic_league,False,professional_or_unknown,True,,Wikipedia,https://en.wikipedia.org/wiki/Thiago_Silva,2026-08-02,1367160980
thiago-silva,Q210453,Thiago Silva,1984-09-22,Brazil,centre-back,CB,DEF,active,2023–24,2023–24,2023,2024,split_year,39,chelsea,Chelsea,premier-league,Premier League,31,3,domestic_league,False,professional_or_unknown,True,,Wikipedia,https://en.wikipedia.org/wiki/Thiago_Silva,2026-08-02,1367160980
thiago-silva,Q210453,Thiago Silva,1984-09-22,Brazil,centre-back,CB,DEF,active,2024,2024,2024,2024,calendar_year,40,fluminense,Fluminense,serie-a,Série A,15,0,domestic_league,False,professional_or_unknown,True,,Wikipedia,https://en.wikipedia.org/wiki/Thiago_Silva,2026-08-02,1367160980
thiago-silva,Q210453,Thiago Silva,1984-09-22,Brazil,centre-back,CB,DEF,active,2025,2025,2025,2025,calendar_year,41,fluminense,Fluminense,serie-a,Série A,25,2,domestic_league,False,professional_or_unknown,True,,Wikipedia,https://en.wikipedia.org/wiki/Thiago_Silva,2026-08-02,1367160980
thiago-silva,Q210453,Thiago Silva,1984-09-22,Brazil,centre-back,CB,DEF,active,2025–26,2025–26,2025,2026,split_year,41,porto,Porto,primeira-liga,Primeira Liga,8,0,domestic_league,False,professional_or_unknown,True,,Wikipedia,https://en.wikipedia.org/wiki/Thiago_Silva,2026-08-02,1367160980
thiago-silva,Q210453,Thiago Silva,1984-09-22,Brazil,centre-back,CB,DEF,active,2026,2026,2026,2026,calendar_year,42,fluminense,Fluminense,serie-a,Série A,2,0,domestic_league,True,professional_or_unknown,True,,Wikipedia,https://en.wikipedia.org/wiki/Thiago_Silva,2026-08-02,1367160980
thierry-henry,Q45901,Thierry Henry,1977-08-17,France,forward,FW,FWD,retired,1994–95,1994–95,1994,1995,split_year,17,monaco,Monaco,division-1,Division 1,8,3,domestic_league,False,professional_or_unknown,True,,Wikipedia,https://en.wikipedia.org/wiki/Thierry_Henry,2026-08-02,1366366173
thierry-henry,Q45901,Thierry Henry,1977-08-17,France,forward,FW,FWD,retired,1995–96,1995–96,1995,1996,split_year,18,monaco,Monaco,division-1,Division 1,18,3,domestic_league,False,professional_or_unknown,True,,Wikipedia,https://en.wikipedia.org/wiki/Thierry_Henry,2026-08-02,1366366173
thierry-henry,Q45901,Thierry Henry,1977-08-17,France,forward,FW,FWD,retired,1996–97,1996–97,1996,1997,split_year,19,monaco,Monaco,division-1,Division 1,36,9,domestic_league,False,professional_or_unknown,True,,Wikipedia,https://en.wikipedia.org/wiki/Thierry_Henry,2026-08-02,1366366173
thierry-henry,Q45901,Thierry Henry,1977-08-17,France,forward,FW,FWD,retired,1997–98,1997–98,1997,1998,split_year,20,monaco,Monaco,division-1,Division 1,30,4,domestic_league,False,professional_or_unknown,True,,Wikipedia,https://en.wikipedia.org/wiki/Thierry_Henry,2026-08-02,1366366173
thierry-henry,Q45901,Thierry Henry,1977-08-17,France,forward,FW,FWD,retired,1998–99,1998–99,1998,1999,split_year,21,juventus,Juventus,serie-a,Serie A,16,3,domestic_league,False,professional_or_unknown,True,,Wikipedia,https://en.wikipedia.org/wiki/Thierry_Henry,2026-08-02,1366366173
thierry-henry,Q45901,Thierry Henry,1977-08-17,France,forward,FW,FWD,retired,1998–99,1998–99,1998,1999,split_year,21,monaco,Monaco,division-1,Division 1,13,1,domestic_league,False,professional_or_unknown,True,,Wikipedia,https://en.wikipedia.org/wiki/Thierry_Henry,2026-08-02,1366366173
thierry-henry,Q45901,Thierry Henry,1977-08-17,France,forward,FW,FWD,retired,1999–2000,1999–2000,1999,2000,split_year,22,arsenal,Arsenal,premier-league,Premier League,31,17,domestic_league,False,professional_or_unknown,True,,Wikipedia,https://en.wikipedia.org/wiki/Thierry_Henry,2026-08-02,1366366173
thierry-henry,Q45901,Thierry Henry,1977-08-17,France,forward,FW,FWD,retired,1999–2000,1999–2000,1999,2000,split_year,22,juventus,Juventus,serie-a,Serie A,0,0,domestic_league,False,professional_or_unknown,True,,Wikipedia,https://en.wikipedia.org/wiki/Thierry_Henry,2026-08-02,1366366173
thierry-henry,Q45901,Thierry Henry,1977-08-17,France,forward,FW,FWD,retired,2000–01,2000–01,2000,2001,split_year,23,arsenal,Arsenal,premier-league,Premier League,35,17,domestic_league,False,professional_or_unknown,True,,Wikipedia,https://en.wikipedia.org/wiki/Thierry_Henry,2026-08-02,1366366173
thierry-henry,Q45901,Thierry Henry,1977-08-17,France,forward,FW,FWD,retired,2001–02,2001–02,2001,2002,split_year,24,arsenal,Arsenal,premier-league,Premier League,33,24,domestic_league,False,professional_or_unknown,True,,Wikipedia,https://en.wikipedia.org/wiki/Thierry_Henry,2026-08-02,1366366173
thierry-henry,Q45901,Thierry Henry,1977-08-17,France,forward,FW,FWD,retired,2002–03,2002–03,2002,2003,split_year,25,arsenal,Arsenal,premier-league,Premier League,37,24,domestic_league,False,professional_or_unknown,True,,Wikipedia,https://en.wikipedia.org/wiki/Thierry_Henry,2026-08-02,1366366173
thierry-henry,Q45901,Thierry Henry,1977-08-17,France,forward,FW,FWD,retired,2003–04,2003–04,2003,2004,split_year,26,arsenal,Arsenal,premier-league,Premier League,37,30,domestic_league,False,professional_or_unknown,True,,Wikipedia,https://en.wikipedia.org/wiki/Thierry_Henry,2026-08-02,1366366173
thierry-henry,Q45901,Thierry Henry,1977-08-17,France,forward,FW,FWD,retired,2004–05,2004–05,2004,2005,split_year,27,arsenal,Arsenal,premier-league,Premier League,32,25,domestic_league,False,professional_or_unknown,True,,Wikipedia,https://en.wikipedia.org/wiki/Thierry_Henry,2026-08-02,1366366173
thierry-henry,Q45901,Thierry Henry,1977-08-17,France,forward,FW,FWD,retired,2005–06,2005–06,2005,2006,split_year,28,arsenal,Arsenal,premier-league,Premier League,32,27,domestic_league,False,professional_or_unknown,True,,Wikipedia,https://en.wikipedia.org/wiki/Thierry_Henry,2026-08-02,1366366173
thierry-henry,Q45901,Thierry Henry,1977-08-17,France,forward,FW,FWD,retired,2006–07,2006–07,2006,2007,split_year,29,arsenal,Arsenal,premier-league,Premier League,17,10,domestic_league,False,professional_or_unknown,True,,Wikipedia,https://en.wikipedia.org/wiki/Thierry_Henry,2026-08-02,1366366173
thierry-henry,Q45901,Thierry Henry,1977-08-17,France,forward,FW,FWD,retired,2007–08,2007–08,2007,2008,split_year,30,barcelona,Barcelona,la-liga,La Liga,30,12,domestic_league,False,professional_or_unknown,True,,Wikipedia,https://en.wikipedia.org/wiki/Thierry_Henry,2026-08-02,1366366173
thierry-henry,Q45901,Thierry Henry,1977-08-17,France,forward,FW,FWD,retired,2008–09,2008–09,2008,2009,split_year,31,barcelona,Barcelona,la-liga,La Liga,29,19,domestic_league,False,professional_or_unknown,True,,Wikipedia,https://en.wikipedia.org/wiki/Thierry_Henry,2026-08-02,1366366173
thierry-henry,Q45901,Thierry Henry,1977-08-17,France,forward,FW,FWD,retired,2009–10,2009–10,2009,2010,split_year,32,barcelona,Barcelona,la-liga,La Liga,21,4,domestic_league,False,professional_or_unknown,True,,Wikipedia,https://en.wikipedia.org/wiki/Thierry_Henry,2026-08-02,1366366173
thierry-henry,Q45901,Thierry Henry,1977-08-17,France,forward,FW,FWD,retired,2010,2010,2010,2010,calendar_year,33,new-york-red-bulls,New York Red Bulls,major-league-soccer,Major League Soccer,11,2,domestic_league,False,professional_or_unknown,True,,Wikipedia,https://en.wikipedia.org/wiki/Thierry_Henry,2026-08-02,1366366173
thierry-henry,Q45901,Thierry Henry,1977-08-17,France,forward,FW,FWD,retired,2011,2011,2011,2011,calendar_year,34,new-york-red-bulls,New York Red Bulls,major-league-soccer,Major League Soccer,26,14,domestic_league,False,professional_or_unknown,True,,Wikipedia,https://en.wikipedia.org/wiki/Thierry_Henry,2026-08-02,1366366173
thierry-henry,Q45901,Thierry Henry,1977-08-17,France,forward,FW,FWD,retired,2011–12,2011–12,2011,2012,split_year,34,arsenal-loan,Arsenal (loan),premier-league,Premier League,4,1,domestic_league,False,professional_or_unknown,True,,Wikipedia,https://en.wikipedia.org/wiki/Thierry_Henry,2026-08-02,1366366173
thierry-henry,Q45901,Thierry Henry,1977-08-17,France,forward,FW,FWD,retired,2012,2012,2012,2012,calendar_year,35,new-york-red-bulls,New York Red Bulls,major-league-soccer,Major League Soccer,25,15,domestic_league,False,professional_or_unknown,True,,Wikipedia,https://en.wikipedia.org/wiki/Thierry_Henry,2026-08-02,1366366173
thierry-henry,Q45901,Thierry Henry,1977-08-17,France,forward,FW,FWD,retired,2013,2013,2013,2013,calendar_year,36,new-york-red-bulls,New York Red Bulls,major-league-soccer,Major League Soccer,30,10,domestic_league,False,professional_or_unknown,True,,Wikipedia,https://en.wikipedia.org/wiki/Thierry_Henry,2026-08-02,1366366173
thierry-henry,Q45901,Thierry Henry,1977-08-17,France,forward,FW,FWD,retired,2014,2014,2014,2014,calendar_year,37,new-york-red-bulls,New York Red Bulls,major-league-soccer,Major League Soccer,30,10,domestic_league,False,professional_or_unknown,True,,Wikipedia,https://en.wikipedia.org/wiki/Thierry_Henry,2026-08-02,1366366173
thomas-muller,Q43666,Thomas Müller,1989-09-13,Germany,forward,AM,MID,active,2008–09,2008–09,2008,2009,split_year,19,bayern-munich,Bayern Munich,bundesliga,Bundesliga,4,0,domestic_league,False,professional_or_unknown,True,,Wikipedia,https://en.wikipedia.org/wiki/Thomas_Müller,2026-08-02,1367368691
thomas-muller,Q43666,Thomas Müller,1989-09-13,Germany,forward,AM,MID,active,2009–10,2009–10,2009,2010,split_year,20,bayern-munich,Bayern Munich,bundesliga,Bundesliga,34,13,domestic_league,False,professional_or_unknown,True,,Wikipedia,https://en.wikipedia.org/wiki/Thomas_Müller,2026-08-02,1367368691
thomas-muller,Q43666,Thomas Müller,1989-09-13,Germany,forward,AM,MID,active,2010–11,2010–11,2010,2011,split_year,21,bayern-munich,Bayern Munich,bundesliga,Bundesliga,34,12,domestic_league,False,professional_or_unknown,True,,Wikipedia,https://en.wikipedia.org/wiki/Thomas_Müller,2026-08-02,1367368691
thomas-muller,Q43666,Thomas Müller,1989-09-13,Germany,forward,AM,MID,active,2011–12,2011–12,2011,2012,split_year,22,bayern-munich,Bayern Munich,bundesliga,Bundesliga,34,7,domestic_league,False,professional_or_unknown,True,,Wikipedia,https://en.wikipedia.org/wiki/Thomas_Müller,2026-08-02,1367368691
thomas-muller,Q43666,Thomas Müller,1989-09-13,Germany,forward,AM,MID,active,2012–13,2012–13,2012,2013,split_year,23,bayern-munich,Bayern Munich,bundesliga,Bundesliga,28,13,domestic_league,False,professional_or_unknown,True,,Wikipedia,https://en.wikipedia.org/wiki/Thomas_Müller,2026-08-02,1367368691
thomas-muller,Q43666,Thomas Müller,1989-09-13,Germany,forward,AM,MID,active,2013–14,2013–14,2013,2014,split_year,24,bayern-munich,Bayern Munich,bundesliga,Bundesliga,31,13,domestic_league,False,professional_or_unknown,True,,Wikipedia,https://en.wikipedia.org/wiki/Thomas_Müller,2026-08-02,1367368691
thomas-muller,Q43666,Thomas Müller,1989-09-13,Germany,forward,AM,MID,active,2014–15,2014–15,2014,2015,split_year,25,bayern-munich,Bayern Munich,bundesliga,Bundesliga,32,13,domestic_league,False,professional_or_unknown,True,,Wikipedia,https://en.wikipedia.org/wiki/Thomas_Müller,2026-08-02,1367368691
thomas-muller,Q43666,Thomas Müller,1989-09-13,Germany,forward,AM,MID,active,2015–16,2015–16,2015,2016,split_year,26,bayern-munich,Bayern Munich,bundesliga,Bundesliga,31,20,domestic_league,False,professional_or_unknown,True,,Wikipedia,https://en.wikipedia.org/wiki/Thomas_Müller,2026-08-02,1367368691
thomas-muller,Q43666,Thomas Müller,1989-09-13,Germany,forward,AM,MID,active,2016–17,2016–17,2016,2017,split_year,27,bayern-munich,Bayern Munich,bundesliga,Bundesliga,29,5,domestic_league,False,professional_or_unknown,True,,Wikipedia,https://en.wikipedia.org/wiki/Thomas_Müller,2026-08-02,1367368691
thomas-muller,Q43666,Thomas Müller,1989-09-13,Germany,forward,AM,MID,active,2017–18,2017–18,2017,2018,split_year,28,bayern-munich,Bayern Munich,bundesliga,Bundesliga,29,8,domestic_league,False,professional_or_unknown,True,,Wikipedia,https://en.wikipedia.org/wiki/Thomas_Müller,2026-08-02,1367368691
thomas-muller,Q43666,Thomas Müller,1989-09-13,Germany,forward,AM,MID,active,2018–19,2018–19,2018,2019,split_year,29,bayern-munich,Bayern Munich,bundesliga,Bundesliga,32,6,domestic_league,False,professional_or_unknown,True,,Wikipedia,https://en.wikipedia.org/wiki/Thomas_Müller,2026-08-02,1367368691
thomas-muller,Q43666,Thomas Müller,1989-09-13,Germany,forward,AM,MID,active,2019–20,2019–20,2019,2020,split_year,30,bayern-munich,Bayern Munich,bundesliga,Bundesliga,33,8,domestic_league,False,professional_or_unknown,True,,Wikipedia,https://en.wikipedia.org/wiki/Thomas_Müller,2026-08-02,1367368691
thomas-muller,Q43666,Thomas Müller,1989-09-13,Germany,forward,AM,MID,active,2020–21,2020–21,2020,2021,split_year,31,bayern-munich,Bayern Munich,bundesliga,Bundesliga,32,11,domestic_league,False,professional_or_unknown,True,,Wikipedia,https://en.wikipedia.org/wiki/Thomas_Müller,2026-08-02,1367368691
thomas-muller,Q43666,Thomas Müller,1989-09-13,Germany,forward,AM,MID,active,2021–22,2021–22,2021,2022,split_year,32,bayern-munich,Bayern Munich,bundesliga,Bundesliga,32,8,domestic_league,False,professional_or_unknown,True,,Wikipedia,https://en.wikipedia.org/wiki/Thomas_Müller,2026-08-02,1367368691
thomas-muller,Q43666,Thomas Müller,1989-09-13,Germany,forward,AM,MID,active,2022–23,2022–23,2022,2023,split_year,33,bayern-munich,Bayern Munich,bundesliga,Bundesliga,27,7,domestic_league,False,professional_or_unknown,True,,Wikipedia,https://en.wikipedia.org/wiki/Thomas_Müller,2026-08-02,1367368691
thomas-muller,Q43666,Thomas Müller,1989-09-13,Germany,forward,AM,MID,active,2023–24,2023–24,2023,2024,split_year,34,bayern-munich,Bayern Munich,bundesliga,Bundesliga,31,5,domestic_league,False,professional_or_unknown,True,,Wikipedia,https://en.wikipedia.org/wiki/Thomas_Müller,2026-08-02,1367368691
thomas-muller,Q43666,Thomas Müller,1989-09-13,Germany,forward,AM,MID,active,2024–25,2024–25,2024,2025,split_year,35,bayern-munich,Bayern Munich,bundesliga,Bundesliga,30,1,domestic_league,False,professional_or_unknown,True,,Wikipedia,https://en.wikipedia.org/wiki/Thomas_Müller,2026-08-02,1367368691
thomas-muller,Q43666,Thomas Müller,1989-09-13,Germany,forward,AM,MID,active,2025,2025,2025,2025,calendar_year,36,vancouver-whitecaps-fc,Vancouver Whitecaps FC,mls,MLS,7,7,domestic_league,False,professional_or_unknown,True,,Wikipedia,https://en.wikipedia.org/wiki/Thomas_Müller,2026-08-02,1367368691
thomas-muller,Q43666,Thomas Müller,1989-09-13,Germany,forward,AM,MID,active,2026,2026,2026,2026,calendar_year,37,vancouver-whitecaps-fc,Vancouver Whitecaps FC,mls,MLS,14,5,domestic_league,True,professional_or_unknown,True,,Wikipedia,https://en.wikipedia.org/wiki/Thomas_Müller,2026-08-02,1367368691
toni-kroos,Q131234,Toni Kroos,1990-01-04,Germany,midfielder,CM,MID,inactive,2007–08,2007–08,2007,2008,split_year,17,bayern-munich,Bayern Munich,bundesliga,Bundesliga,12,0,domestic_league,False,professional_or_unknown,True,,Wikipedia,https://en.wikipedia.org/wiki/Toni_Kroos,2026-08-02,1367287020
toni-kroos,Q131234,Toni Kroos,1990-01-04,Germany,midfielder,CM,MID,inactive,2008–09,2008–09,2008,2009,split_year,18,bayer-leverkusen-loan,Bayer Leverkusen (loan),bundesliga,Bundesliga,10,1,domestic_league,False,professional_or_unknown,True,,Wikipedia,https://en.wikipedia.org/wiki/Toni_Kroos,2026-08-02,1367287020
toni-kroos,Q131234,Toni Kroos,1990-01-04,Germany,midfielder,CM,MID,inactive,2008–09,2008–09,2008,2009,split_year,18,bayern-munich,Bayern Munich,bundesliga,Bundesliga,7,0,domestic_league,False,professional_or_unknown,True,,Wikipedia,https://en.wikipedia.org/wiki/Toni_Kroos,2026-08-02,1367287020
toni-kroos,Q131234,Toni Kroos,1990-01-04,Germany,midfielder,CM,MID,inactive,2009–10,2009–10,2009,2010,split_year,19,bayer-leverkusen-loan,Bayer Leverkusen (loan),bundesliga,Bundesliga,33,9,domestic_league,False,professional_or_unknown,True,,Wikipedia,https://en.wikipedia.org/wiki/Toni_Kroos,2026-08-02,1367287020
toni-kroos,Q131234,Toni Kroos,1990-01-04,Germany,midfielder,CM,MID,inactive,2010–11,2010–11,2010,2011,split_year,20,bayern-munich,Bayern Munich,bundesliga,Bundesliga,27,1,domestic_league,False,professional_or_unknown,True,,Wikipedia,https://en.wikipedia.org/wiki/Toni_Kroos,2026-08-02,1367287020
toni-kroos,Q131234,Toni Kroos,1990-01-04,Germany,midfielder,CM,MID,inactive,2011–12,2011–12,2011,2012,split_year,21,bayern-munich,Bayern Munich,bundesliga,Bundesliga,31,4,domestic_league,False,professional_or_unknown,True,,Wikipedia,https://en.wikipedia.org/wiki/Toni_Kroos,2026-08-02,1367287020
toni-kroos,Q131234,Toni Kroos,1990-01-04,Germany,midfielder,CM,MID,inactive,2012–13,2012–13,2012,2013,split_year,22,bayern-munich,Bayern Munich,bundesliga,Bundesliga,24,6,domestic_league,False,professional_or_unknown,True,,Wikipedia,https://en.wikipedia.org/wiki/Toni_Kroos,2026-08-02,1367287020
toni-kroos,Q131234,Toni Kroos,1990-01-04,Germany,midfielder,CM,MID,inactive,2013–14,2013–14,2013,2014,split_year,23,bayern-munich,Bayern Munich,bundesliga,Bundesliga,29,2,domestic_league,False,professional_or_unknown,True,,Wikipedia,https://en.wikipedia.org/wiki/Toni_Kroos,2026-08-02,1367287020
toni-kroos,Q131234,Toni Kroos,1990-01-04,Germany,midfielder,CM,MID,inactive,2014–15,2014–15,2014,2015,split_year,24,real-madrid,Real Madrid,la-liga,La Liga,36,2,domestic_league,False,professional_or_unknown,True,,Wikipedia,https://en.wikipedia.org/wiki/Toni_Kroos,2026-08-02,1367287020
toni-kroos,Q131234,Toni Kroos,1990-01-04,Germany,midfielder,CM,MID,inactive,2015–16,2015–16,2015,2016,split_year,25,real-madrid,Real Madrid,la-liga,La Liga,32,1,domestic_league,False,professional_or_unknown,True,,Wikipedia,https://en.wikipedia.org/wiki/Toni_Kroos,2026-08-02,1367287020
toni-kroos,Q131234,Toni Kroos,1990-01-04,Germany,midfielder,CM,MID,inactive,2016–17,2016–17,2016,2017,split_year,26,real-madrid,Real Madrid,la-liga,La Liga,29,3,domestic_league,False,professional_or_unknown,True,,Wikipedia,https://en.wikipedia.org/wiki/Toni_Kroos,2026-08-02,1367287020
toni-kroos,Q131234,Toni Kroos,1990-01-04,Germany,midfielder,CM,MID,inactive,2017–18,2017–18,2017,2018,split_year,27,real-madrid,Real Madrid,la-liga,La Liga,27,5,domestic_league,False,professional_or_unknown,True,,Wikipedia,https://en.wikipedia.org/wiki/Toni_Kroos,2026-08-02,1367287020
toni-kroos,Q131234,Toni Kroos,1990-01-04,Germany,midfielder,CM,MID,inactive,2018–19,2018–19,2018,2019,split_year,28,real-madrid,Real Madrid,la-liga,La Liga,28,0,domestic_league,False,professional_or_unknown,True,,Wikipedia,https://en.wikipedia.org/wiki/Toni_Kroos,2026-08-02,1367287020
toni-kroos,Q131234,Toni Kroos,1990-01-04,Germany,midfielder,CM,MID,inactive,2019–20,2019–20,2019,2020,split_year,29,real-madrid,Real Madrid,la-liga,La Liga,35,4,domestic_league,False,professional_or_unknown,True,,Wikipedia,https://en.wikipedia.org/wiki/Toni_Kroos,2026-08-02,1367287020
toni-kroos,Q131234,Toni Kroos,1990-01-04,Germany,midfielder,CM,MID,inactive,2020–21,2020–21,2020,2021,split_year,30,real-madrid,Real Madrid,la-liga,La Liga,28,3,domestic_league,False,professional_or_unknown,True,,Wikipedia,https://en.wikipedia.org/wiki/Toni_Kroos,2026-08-02,1367287020
toni-kroos,Q131234,Toni Kroos,1990-01-04,Germany,midfielder,CM,MID,inactive,2021–22,2021–22,2021,2022,split_year,31,real-madrid,Real Madrid,la-liga,La Liga,28,1,domestic_league,False,professional_or_unknown,True,,Wikipedia,https://en.wikipedia.org/wiki/Toni_Kroos,2026-08-02,1367287020
toni-kroos,Q131234,Toni Kroos,1990-01-04,Germany,midfielder,CM,MID,inactive,2022–23,2022–23,2022,2023,split_year,32,real-madrid,Real Madrid,la-liga,La Liga,30,2,domestic_league,False,professional_or_unknown,True,,Wikipedia,https://en.wikipedia.org/wiki/Toni_Kroos,2026-08-02,1367287020
toni-kroos,Q131234,Toni Kroos,1990-01-04,Germany,midfielder,CM,MID,inactive,2023–24,2023–24,2023,2024,split_year,33,real-madrid,Real Madrid,la-liga,La Liga,33,1,domestic_league,False,professional_or_unknown,True,,Wikipedia,https://en.wikipedia.org/wiki/Toni_Kroos,2026-08-02,1367287020
trent-alexander-arnold,Q27569376,Trent Alexander-Arnold,1998-10-07,United Kingdom,full-back,FB,DEF,active,2016–17,2016–17,2016,2017,split_year,18,liverpool,Liverpool,premier-league,Premier League,7,0,domestic_league,False,professional_or_unknown,True,,Wikipedia,https://en.wikipedia.org/wiki/Trent_Alexander-Arnold,2026-08-02,1367111108
trent-alexander-arnold,Q27569376,Trent Alexander-Arnold,1998-10-07,United Kingdom,full-back,FB,DEF,active,2017–18,2017–18,2017,2018,split_year,19,liverpool,Liverpool,premier-league,Premier League,19,1,domestic_league,False,professional_or_unknown,True,,Wikipedia,https://en.wikipedia.org/wiki/Trent_Alexander-Arnold,2026-08-02,1367111108
trent-alexander-arnold,Q27569376,Trent Alexander-Arnold,1998-10-07,United Kingdom,full-back,FB,DEF,active,2018–19,2018–19,2018,2019,split_year,20,liverpool,Liverpool,premier-league,Premier League,29,1,domestic_league,False,professional_or_unknown,True,,Wikipedia,https://en.wikipedia.org/wiki/Trent_Alexander-Arnold,2026-08-02,1367111108
trent-alexander-arnold,Q27569376,Trent Alexander-Arnold,1998-10-07,United Kingdom,full-back,FB,DEF,active,2019–20,2019–20,2019,2020,split_year,21,liverpool,Liverpool,premier-league,Premier League,38,4,domestic_league,False,professional_or_unknown,True,,Wikipedia,https://en.wikipedia.org/wiki/Trent_Alexander-Arnold,2026-08-02,1367111108
trent-alexander-arnold,Q27569376,Trent Alexander-Arnold,1998-10-07,United Kingdom,full-back,FB,DEF,active,2020–21,2020–21,2020,2021,split_year,22,liverpool,Liverpool,premier-league,Premier League,36,2,domestic_league,False,professional_or_unknown,True,,Wikipedia,https://en.wikipedia.org/wiki/Trent_Alexander-Arnold,2026-08-02,1367111108
trent-alexander-arnold,Q27569376,Trent Alexander-Arnold,1998-10-07,United Kingdom,full-back,FB,DEF,active,2021–22,2021–22,2021,2022,split_year,23,liverpool,Liverpool,premier-league,Premier League,32,2,domestic_league,False,professional_or_unknown,True,,Wikipedia,https://en.wikipedia.org/wiki/Trent_Alexander-Arnold,2026-08-02,1367111108
trent-alexander-arnold,Q27569376,Trent Alexander-Arnold,1998-10-07,United Kingdom,full-back,FB,DEF,active,2022–23,2022–23,2022,2023,split_year,24,liverpool,Liverpool,premier-league,Premier League,37,2,domestic_league,False,professional_or_unknown,True,,Wikipedia,https://en.wikipedia.org/wiki/Trent_Alexander-Arnold,2026-08-02,1367111108
trent-alexander-arnold,Q27569376,Trent Alexander-Arnold,1998-10-07,United Kingdom,full-back,FB,DEF,active,2023–24,2023–24,2023,2024,split_year,25,liverpool,Liverpool,premier-league,Premier League,28,3,domestic_league,False,professional_or_unknown,True,,Wikipedia,https://en.wikipedia.org/wiki/Trent_Alexander-Arnold,2026-08-02,1367111108
trent-alexander-arnold,Q27569376,Trent Alexander-Arnold,1998-10-07,United Kingdom,full-back,FB,DEF,active,2024–25,2024–25,2024,2025,split_year,26,liverpool,Liverpool,premier-league,Premier League,33,3,domestic_league,False,professional_or_unknown,True,,Wikipedia,https://en.wikipedia.org/wiki/Trent_Alexander-Arnold,2026-08-02,1367111108
trent-alexander-arnold,Q27569376,Trent Alexander-Arnold,1998-10-07,United Kingdom,full-back,FB,DEF,active,2025–26,2025–26,2025,2026,split_year,27,real-madrid,Real Madrid,la-liga,La Liga,21,0,domestic_league,False,professional_or_unknown,True,,Wikipedia,https://en.wikipedia.org/wiki/Trent_Alexander-Arnold,2026-08-02,1367111108
trent-alexander-arnold,Q27569376,Trent Alexander-Arnold,1998-10-07,United Kingdom,full-back,FB,DEF,active,2026–27,2026–27,2026,2027,split_year,28,real-madrid,Real Madrid,la-liga,La Liga,0,0,domestic_league,True,professional_or_unknown,True,,Wikipedia,https://en.wikipedia.org/wiki/Trent_Alexander-Arnold,2026-08-02,1367111108
victor-osimhen,Q25253293,Victor Osimhen,1998-12-29,Nigeria,forward,FW,FWD,active,2016–17,2016–17,2016,2017,split_year,18,vfl-wolfsburg,VfL Wolfsburg,bundesliga,Bundesliga,2,0,domestic_league,False,professional_or_unknown,True,,Wikipedia,https://en.wikipedia.org/wiki/Victor_Osimhen,2026-08-02,1367365203
victor-osimhen,Q25253293,Victor Osimhen,1998-12-29,Nigeria,forward,FW,FWD,active,2017–18,2017–18,2017,2018,split_year,19,vfl-wolfsburg,VfL Wolfsburg,bundesliga,Bundesliga,12,0,domestic_league,False,professional_or_unknown,True,,Wikipedia,https://en.wikipedia.org/wiki/Victor_Osimhen,2026-08-02,1367365203
victor-osimhen,Q25253293,Victor Osimhen,1998-12-29,Nigeria,forward,FW,FWD,active,2018–19,2018–19,2018,2019,split_year,20,charleroi-loan,Charleroi (loan),belgian-pro-league,Belgian Pro League,25,12,domestic_league,False,professional_or_unknown,True,,Wikipedia,https://en.wikipedia.org/wiki/Victor_Osimhen,2026-08-02,1367365203
victor-osimhen,Q25253293,Victor Osimhen,1998-12-29,Nigeria,forward,FW,FWD,active,2019–20,2019–20,2019,2020,split_year,21,lille,Lille,ligue-1,Ligue 1,27,13,domestic_league,False,professional_or_unknown,True,,Wikipedia,https://en.wikipedia.org/wiki/Victor_Osimhen,2026-08-02,1367365203
victor-osimhen,Q25253293,Victor Osimhen,1998-12-29,Nigeria,forward,FW,FWD,active,2020–21,2020–21,2020,2021,split_year,22,napoli,Napoli,serie-a,Serie A,24,10,domestic_league,False,professional_or_unknown,True,,Wikipedia,https://en.wikipedia.org/wiki/Victor_Osimhen,2026-08-02,1367365203
victor-osimhen,Q25253293,Victor Osimhen,1998-12-29,Nigeria,forward,FW,FWD,active,2021–22,2021–22,2021,2022,split_year,23,napoli,Napoli,serie-a,Serie A,27,14,domestic_league,False,professional_or_unknown,True,,Wikipedia,https://en.wikipedia.org/wiki/Victor_Osimhen,2026-08-02,1367365203
victor-osimhen,Q25253293,Victor Osimhen,1998-12-29,Nigeria,forward,FW,FWD,active,2022–23,2022–23,2022,2023,split_year,24,napoli,Napoli,serie-a,Serie A,32,26,domestic_league,False,professional_or_unknown,True,,Wikipedia,https://en.wikipedia.org/wiki/Victor_Osimhen,2026-08-02,1367365203
victor-osimhen,Q25253293,Victor Osimhen,1998-12-29,Nigeria,forward,FW,FWD,active,2023–24,2023–24,2023,2024,split_year,25,napoli,Napoli,serie-a,Serie A,25,15,domestic_league,False,professional_or_unknown,True,,Wikipedia,https://en.wikipedia.org/wiki/Victor_Osimhen,2026-08-02,1367365203
victor-osimhen,Q25253293,Victor Osimhen,1998-12-29,Nigeria,forward,FW,FWD,active,2024–25,2024–25,2024,2025,split_year,26,galatasaray-loan,Galatasaray (loan),super-lig,Süper Lig,30,26,domestic_league,False,professional_or_unknown,True,,Wikipedia,https://en.wikipedia.org/wiki/Victor_Osimhen,2026-08-02,1367365203
victor-osimhen,Q25253293,Victor Osimhen,1998-12-29,Nigeria,forward,FW,FWD,active,2025–26,2025–26,2025,2026,split_year,27,galatasaray,Galatasaray,super-lig,Süper Lig,22,15,domestic_league,False,professional_or_unknown,True,,Wikipedia,https://en.wikipedia.org/wiki/Victor_Osimhen,2026-08-02,1367365203
vincent-kompany,Q201381,Vincent Kompany,1986-04-10,Belgium,centre-back,CB,DEF,retired,2003–04,2003–04,2003,2004,split_year,17,anderlecht,Anderlecht,belgian-first-division,Belgian First Division,29,2,domestic_league,False,professional_or_unknown,True,,Wikipedia,https://en.wikipedia.org/wiki/Vincent_Kompany,2026-08-02,1367201542
vincent-kompany,Q201381,Vincent Kompany,1986-04-10,Belgium,centre-back,CB,DEF,retired,2004–05,2004–05,2004,2005,split_year,18,anderlecht,Anderlecht,belgian-first-division,Belgian First Division,32,2,domestic_league,False,professional_or_unknown,True,,Wikipedia,https://en.wikipedia.org/wiki/Vincent_Kompany,2026-08-02,1367201542
vincent-kompany,Q201381,Vincent Kompany,1986-04-10,Belgium,centre-back,CB,DEF,retired,2005–06,2005–06,2005,2006,split_year,19,anderlecht,Anderlecht,belgian-first-division,Belgian First Division,12,1,domestic_league,False,professional_or_unknown,True,,Wikipedia,https://en.wikipedia.org/wiki/Vincent_Kompany,2026-08-02,1367201542
vincent-kompany,Q201381,Vincent Kompany,1986-04-10,Belgium,centre-back,CB,DEF,retired,2006–07,2006–07,2006,2007,split_year,20,hamburger-sv,Hamburger SV,bundesliga,Bundesliga,6,0,domestic_league,False,professional_or_unknown,True,,Wikipedia,https://en.wikipedia.org/wiki/Vincent_Kompany,2026-08-02,1367201542
vincent-kompany,Q201381,Vincent Kompany,1986-04-10,Belgium,centre-back,CB,DEF,retired,2007–08,2007–08,2007,2008,split_year,21,hamburger-sv,Hamburger SV,bundesliga,Bundesliga,22,1,domestic_league,False,professional_or_unknown,True,,Wikipedia,https://en.wikipedia.org/wiki/Vincent_Kompany,2026-08-02,1367201542
vincent-kompany,Q201381,Vincent Kompany,1986-04-10,Belgium,centre-back,CB,DEF,retired,2008–09,2008–09,2008,2009,split_year,22,hamburger-sv,Hamburger SV,bundesliga,Bundesliga,1,0,domestic_league,False,professional_or_unknown,True,,Wikipedia,https://en.wikipedia.org/wiki/Vincent_Kompany,2026-08-02,1367201542
vincent-kompany,Q201381,Vincent Kompany,1986-04-10,Belgium,centre-back,CB,DEF,retired,2008–09,2008–09,2008,2009,split_year,22,manchester-city,Manchester City,premier-league,Premier League,34,1,domestic_league,False,professional_or_unknown,True,,Wikipedia,https://en.wikipedia.org/wiki/Vincent_Kompany,2026-08-02,1367201542
vincent-kompany,Q201381,Vincent Kompany,1986-04-10,Belgium,centre-back,CB,DEF,retired,2009–10,2009–10,2009,2010,split_year,23,manchester-city,Manchester City,premier-league,Premier League,25,2,domestic_league,False,professional_or_unknown,True,,Wikipedia,https://en.wikipedia.org/wiki/Vincent_Kompany,2026-08-02,1367201542
vincent-kompany,Q201381,Vincent Kompany,1986-04-10,Belgium,centre-back,CB,DEF,retired,2010–11,2010–11,2010,2011,split_year,24,manchester-city,Manchester City,premier-league,Premier League,37,0,domestic_league,False,professional_or_unknown,True,,Wikipedia,https://en.wikipedia.org/wiki/Vincent_Kompany,2026-08-02,1367201542
vincent-kompany,Q201381,Vincent Kompany,1986-04-10,Belgium,centre-back,CB,DEF,retired,2011–12,2011–12,2011,2012,split_year,25,manchester-city,Manchester City,premier-league,Premier League,31,3,domestic_league,False,professional_or_unknown,True,,Wikipedia,https://en.wikipedia.org/wiki/Vincent_Kompany,2026-08-02,1367201542
vincent-kompany,Q201381,Vincent Kompany,1986-04-10,Belgium,centre-back,CB,DEF,retired,2012–13,2012–13,2012,2013,split_year,26,manchester-city,Manchester City,premier-league,Premier League,26,1,domestic_league,False,professional_or_unknown,True,,Wikipedia,https://en.wikipedia.org/wiki/Vincent_Kompany,2026-08-02,1367201542
vincent-kompany,Q201381,Vincent Kompany,1986-04-10,Belgium,centre-back,CB,DEF,retired,2013–14,2013–14,2013,2014,split_year,27,manchester-city,Manchester City,premier-league,Premier League,28,4,domestic_league,False,professional_or_unknown,True,,Wikipedia,https://en.wikipedia.org/wiki/Vincent_Kompany,2026-08-02,1367201542
vincent-kompany,Q201381,Vincent Kompany,1986-04-10,Belgium,centre-back,CB,DEF,retired,2014–15,2014–15,2014,2015,split_year,28,manchester-city,Manchester City,premier-league,Premier League,25,0,domestic_league,False,professional_or_unknown,True,,Wikipedia,https://en.wikipedia.org/wiki/Vincent_Kompany,2026-08-02,1367201542
vincent-kompany,Q201381,Vincent Kompany,1986-04-10,Belgium,centre-back,CB,DEF,retired,2015–16,2015–16,2015,2016,split_year,29,manchester-city,Manchester City,premier-league,Premier League,14,2,domestic_league,False,professional_or_unknown,True,,Wikipedia,https://en.wikipedia.org/wiki/Vincent_Kompany,2026-08-02,1367201542
vincent-kompany,Q201381,Vincent Kompany,1986-04-10,Belgium,centre-back,CB,DEF,retired,2016–17,2016–17,2016,2017,split_year,30,manchester-city,Manchester City,premier-league,Premier League,11,3,domestic_league,False,professional_or_unknown,True,,Wikipedia,https://en.wikipedia.org/wiki/Vincent_Kompany,2026-08-02,1367201542
vincent-kompany,Q201381,Vincent Kompany,1986-04-10,Belgium,centre-back,CB,DEF,retired,2017–18,2017–18,2017,2018,split_year,31,manchester-city,Manchester City,premier-league,Premier League,17,1,domestic_league,False,professional_or_unknown,True,,Wikipedia,https://en.wikipedia.org/wiki/Vincent_Kompany,2026-08-02,1367201542
vincent-kompany,Q201381,Vincent Kompany,1986-04-10,Belgium,centre-back,CB,DEF,retired,2018–19,2018–19,2018,2019,split_year,32,manchester-city,Manchester City,premier-league,Premier League,17,1,domestic_league,False,professional_or_unknown,True,,Wikipedia,https://en.wikipedia.org/wiki/Vincent_Kompany,2026-08-02,1367201542
vincent-kompany,Q201381,Vincent Kompany,1986-04-10,Belgium,centre-back,CB,DEF,retired,2019–20,2019–20,2019,2020,split_year,33,anderlecht,Anderlecht,belgian-first-division-a,Belgian First Division A,15,1,domestic_league,False,professional_or_unknown,True,,Wikipedia,https://en.wikipedia.org/wiki/Vincent_Kompany,2026-08-02,1367201542
vinicius-junior,Q28973866,Vinícius Júnior,2000-07-12,Brazil,wing half,WNG,WIDE,active,2017,2017,2017,2017,calendar_year,17,flamengo,Flamengo,serie-a,Série A,25,3,domestic_league,False,professional_or_unknown,True,,Wikipedia,https://en.wikipedia.org/wiki/Vinícius_Júnior,2026-08-02,1367111312
vinicius-junior,Q28973866,Vinícius Júnior,2000-07-12,Brazil,wing half,WNG,WIDE,active,2018,2018,2018,2018,calendar_year,18,flamengo,Flamengo,serie-a,Série A,12,4,domestic_league,False,professional_or_unknown,True,,Wikipedia,https://en.wikipedia.org/wiki/Vinícius_Júnior,2026-08-02,1367111312
vinicius-junior,Q28973866,Vinícius Júnior,2000-07-12,Brazil,wing half,WNG,WIDE,active,2018–19,2018–19,2018,2019,split_year,18,real-madrid,Real Madrid,la-liga,La Liga,18,2,domestic_league,False,professional_or_unknown,True,,Wikipedia,https://en.wikipedia.org/wiki/Vinícius_Júnior,2026-08-02,1367111312
vinicius-junior,Q28973866,Vinícius Júnior,2000-07-12,Brazil,wing half,WNG,WIDE,active,2019–20,2019–20,2019,2020,split_year,19,real-madrid,Real Madrid,la-liga,La Liga,29,3,domestic_league,False,professional_or_unknown,True,,Wikipedia,https://en.wikipedia.org/wiki/Vinícius_Júnior,2026-08-02,1367111312
vinicius-junior,Q28973866,Vinícius Júnior,2000-07-12,Brazil,wing half,WNG,WIDE,active,2020–21,2020–21,2020,2021,split_year,20,real-madrid,Real Madrid,la-liga,La Liga,35,3,domestic_league,False,professional_or_unknown,True,,Wikipedia,https://en.wikipedia.org/wiki/Vinícius_Júnior,2026-08-02,1367111312
vinicius-junior,Q28973866,Vinícius Júnior,2000-07-12,Brazil,wing half,WNG,WIDE,active,2021–22,2021–22,2021,2022,split_year,21,real-madrid,Real Madrid,la-liga,La Liga,35,17,domestic_league,False,professional_or_unknown,True,,Wikipedia,https://en.wikipedia.org/wiki/Vinícius_Júnior,2026-08-02,1367111312
vinicius-junior,Q28973866,Vinícius Júnior,2000-07-12,Brazil,wing half,WNG,WIDE,active,2022–23,2022–23,2022,2023,split_year,22,real-madrid,Real Madrid,la-liga,La Liga,33,10,domestic_league,False,professional_or_unknown,True,,Wikipedia,https://en.wikipedia.org/wiki/Vinícius_Júnior,2026-08-02,1367111312
vinicius-junior,Q28973866,Vinícius Júnior,2000-07-12,Brazil,wing half,WNG,WIDE,active,2023–24,2023–24,2023,2024,split_year,23,real-madrid,Real Madrid,la-liga,La Liga,26,15,domestic_league,False,professional_or_unknown,True,,Wikipedia,https://en.wikipedia.org/wiki/Vinícius_Júnior,2026-08-02,1367111312
vinicius-junior,Q28973866,Vinícius Júnior,2000-07-12,Brazil,wing half,WNG,WIDE,active,2024–25,2024–25,2024,2025,split_year,24,real-madrid,Real Madrid,la-liga,La Liga,30,11,domestic_league,False,professional_or_unknown,True,,Wikipedia,https://en.wikipedia.org/wiki/Vinícius_Júnior,2026-08-02,1367111312
vinicius-junior,Q28973866,Vinícius Júnior,2000-07-12,Brazil,wing half,WNG,WIDE,active,2025–26,2025–26,2025,2026,split_year,25,real-madrid,Real Madrid,la-liga,La Liga,36,16,domestic_league,False,professional_or_unknown,True,,Wikipedia,https://en.wikipedia.org/wiki/Vinícius_Júnior,2026-08-02,1367111312
vinicius-junior,Q28973866,Vinícius Júnior,2000-07-12,Brazil,wing half,WNG,WIDE,active,2026–27,2026–27,2026,2027,split_year,26,real-madrid,Real Madrid,la-liga,La Liga,0,0,domestic_league,True,professional_or_unknown,True,,Wikipedia,https://en.wikipedia.org/wiki/Vinícius_Júnior,2026-08-02,1367111312
virgil-van-dijk,Q133903,Virgil van Dijk,1991-07-08,Kingdom of the Netherlands,defender,CB,DEF,active,2010–11,2010–11,2010,2011,split_year,19,groningen,Groningen,eredivisie,Eredivisie,5,2,domestic_league,False,professional_or_unknown,True,,Wikipedia,https://en.wikipedia.org/wiki/Virgil_van_Dijk,2026-07-27,1365267151
virgil-van-dijk,Q133903,Virgil van Dijk,1991-07-08,Kingdom of the Netherlands,defender,CB,DEF,active,2011–12,2011–12,2011,2012,split_year,20,groningen,Groningen,eredivisie,Eredivisie,23,3,domestic_league,False,professional_or_unknown,True,,Wikipedia,https://en.wikipedia.org/wiki/Virgil_van_Dijk,2026-07-27,1365267151
virgil-van-dijk,Q133903,Virgil van Dijk,1991-07-08,Kingdom of the Netherlands,defender,CB,DEF,active,2012–13,2012–13,2012,2013,split_year,21,groningen,Groningen,eredivisie,Eredivisie,34,2,domestic_league,False,professional_or_unknown,True,,Wikipedia,https://en.wikipedia.org/wiki/Virgil_van_Dijk,2026-07-27,1365267151
virgil-van-dijk,Q133903,Virgil van Dijk,1991-07-08,Kingdom of the Netherlands,defender,CB,DEF,active,2013–14,2013–14,2013,2014,split_year,22,celtic,Celtic,scottish-premiership,Scottish Premiership,36,5,domestic_league,False,professional_or_unknown,True,,Wikipedia,https://en.wikipedia.org/wiki/Virgil_van_Dijk,2026-07-27,1365267151
virgil-van-dijk,Q133903,Virgil van Dijk,1991-07-08,Kingdom of the Netherlands,defender,CB,DEF,active,2014–15,2014–15,2014,2015,split_year,23,celtic,Celtic,scottish-premiership,Scottish Premiership,35,4,domestic_league,False,professional_or_unknown,True,,Wikipedia,https://en.wikipedia.org/wiki/Virgil_van_Dijk,2026-07-27,1365267151
virgil-van-dijk,Q133903,Virgil van Dijk,1991-07-08,Kingdom of the Netherlands,defender,CB,DEF,active,2015–16,2015–16,2015,2016,split_year,24,celtic,Celtic,scottish-premiership,Scottish Premiership,5,0,domestic_league,False,professional_or_unknown,True,,Wikipedia,https://en.wikipedia.org/wiki/Virgil_van_Dijk,2026-07-27,1365267151
virgil-van-dijk,Q133903,Virgil van Dijk,1991-07-08,Kingdom of the Netherlands,defender,CB,DEF,active,2015–16,2015–16,2015,2016,split_year,24,southampton,Southampton,premier-league,Premier League,34,3,domestic_league,False,professional_or_unknown,True,,Wikipedia,https://en.wikipedia.org/wiki/Virgil_van_Dijk,2026-07-27,1365267151
virgil-van-dijk,Q133903,Virgil van Dijk,1991-07-08,Kingdom of the Netherlands,defender,CB,DEF,active,2016–17,2016–17,2016,2017,split_year,25,southampton,Southampton,premier-league,Premier League,21,1,domestic_league,False,professional_or_unknown,True,,Wikipedia,https://en.wikipedia.org/wiki/Virgil_van_Dijk,2026-07-27,1365267151
virgil-van-dijk,Q133903,Virgil van Dijk,1991-07-08,Kingdom of the Netherlands,defender,CB,DEF,active,2017–18,2017–18,2017,2018,split_year,26,liverpool,Liverpool,premier-league,Premier League,14,0,domestic_league,False,professional_or_unknown,True,,Wikipedia,https://en.wikipedia.org/wiki/Virgil_van_Dijk,2026-07-27,1365267151
virgil-van-dijk,Q133903,Virgil van Dijk,1991-07-08,Kingdom of the Netherlands,defender,CB,DEF,active,2017–18,2017–18,2017,2018,split_year,26,southampton,Southampton,premier-league,Premier League,12,0,domestic_league,False,professional_or_unknown,True,,Wikipedia,https://en.wikipedia.org/wiki/Virgil_van_Dijk,2026-07-27,1365267151
virgil-van-dijk,Q133903,Virgil van Dijk,1991-07-08,Kingdom of the Netherlands,defender,CB,DEF,active,2018–19,2018–19,2018,2019,split_year,27,liverpool,Liverpool,premier-league,Premier League,38,4,domestic_league,False,professional_or_unknown,True,,Wikipedia,https://en.wikipedia.org/wiki/Virgil_van_Dijk,2026-07-27,1365267151
virgil-van-dijk,Q133903,Virgil van Dijk,1991-07-08,Kingdom of the Netherlands,defender,CB,DEF,active,2019–20,2019–20,2019,2020,split_year,28,liverpool,Liverpool,premier-league,Premier League,38,5,domestic_league,False,professional_or_unknown,True,,Wikipedia,https://en.wikipedia.org/wiki/Virgil_van_Dijk,2026-07-27,1365267151
virgil-van-dijk,Q133903,Virgil van Dijk,1991-07-08,Kingdom of the Netherlands,defender,CB,DEF,active,2020–21,2020–21,2020,2021,split_year,29,liverpool,Liverpool,premier-league,Premier League,5,1,domestic_league,False,professional_or_unknown,True,,Wikipedia,https://en.wikipedia.org/wiki/Virgil_van_Dijk,2026-07-27,1365267151
virgil-van-dijk,Q133903,Virgil van Dijk,1991-07-08,Kingdom of the Netherlands,defender,CB,DEF,active,2021–22,2021–22,2021,2022,split_year,30,liverpool,Liverpool,premier-league,Premier League,34,3,domestic_league,False,professional_or_unknown,True,,Wikipedia,https://en.wikipedia.org/wiki/Virgil_van_Dijk,2026-07-27,1365267151
virgil-van-dijk,Q133903,Virgil van Dijk,1991-07-08,Kingdom of the Netherlands,defender,CB,DEF,active,2022–23,2022–23,2022,2023,split_year,31,liverpool,Liverpool,premier-league,Premier League,32,3,domestic_league,False,professional_or_unknown,True,,Wikipedia,https://en.wikipedia.org/wiki/Virgil_van_Dijk,2026-07-27,1365267151
virgil-van-dijk,Q133903,Virgil van Dijk,1991-07-08,Kingdom of the Netherlands,defender,CB,DEF,active,2023–24,2023–24,2023,2024,split_year,32,liverpool,Liverpool,premier-league,Premier League,36,2,domestic_league,False,professional_or_unknown,True,,Wikipedia,https://en.wikipedia.org/wiki/Virgil_van_Dijk,2026-07-27,1365267151
virgil-van-dijk,Q133903,Virgil van Dijk,1991-07-08,Kingdom of the Netherlands,defender,CB,DEF,active,2024–25,2024–25,2024,2025,split_year,33,liverpool,Liverpool,premier-league,Premier League,37,3,domestic_league,False,professional_or_unknown,True,,Wikipedia,https://en.wikipedia.org/wiki/Virgil_van_Dijk,2026-07-27,1365267151
virgil-van-dijk,Q133903,Virgil van Dijk,1991-07-08,Kingdom of the Netherlands,defender,CB,DEF,active,2025–26,2025–26,2025,2026,split_year,34,liverpool,Liverpool,premier-league,Premier League,38,6,domestic_league,False,professional_or_unknown,True,,Wikipedia,https://en.wikipedia.org/wiki/Virgil_van_Dijk,2026-07-27,1365267151
wayne-rooney,Q266613,Wayne Rooney,1985-10-24,United Kingdom,forward,FW,FWD,retired,2002–03,2002–03,2002,2003,split_year,17,everton,Everton,premier-league,Premier League,33,6,domestic_league,False,professional_or_unknown,True,,Wikipedia,https://en.wikipedia.org/wiki/Wayne_Rooney,2026-08-02,1367228953
wayne-rooney,Q266613,Wayne Rooney,1985-10-24,United Kingdom,forward,FW,FWD,retired,2003–04,2003–04,2003,2004,split_year,18,everton,Everton,premier-league,Premier League,34,9,domestic_league,False,professional_or_unknown,True,,Wikipedia,https://en.wikipedia.org/wiki/Wayne_Rooney,2026-08-02,1367228953
wayne-rooney,Q266613,Wayne Rooney,1985-10-24,United Kingdom,forward,FW,FWD,retired,2004–05,2004–05,2004,2005,split_year,19,manchester-united,Manchester United,premier-league,Premier League,29,11,domestic_league,False,professional_or_unknown,True,,Wikipedia,https://en.wikipedia.org/wiki/Wayne_Rooney,2026-08-02,1367228953
wayne-rooney,Q266613,Wayne Rooney,1985-10-24,United Kingdom,forward,FW,FWD,retired,2005–06,2005–06,2005,2006,split_year,20,manchester-united,Manchester United,premier-league,Premier League,36,16,domestic_league,False,professional_or_unknown,True,,Wikipedia,https://en.wikipedia.org/wiki/Wayne_Rooney,2026-08-02,1367228953
wayne-rooney,Q266613,Wayne Rooney,1985-10-24,United Kingdom,forward,FW,FWD,retired,2006–07,2006–07,2006,2007,split_year,21,manchester-united,Manchester United,premier-league,Premier League,35,14,domestic_league,False,professional_or_unknown,True,,Wikipedia,https://en.wikipedia.org/wiki/Wayne_Rooney,2026-08-02,1367228953
wayne-rooney,Q266613,Wayne Rooney,1985-10-24,United Kingdom,forward,FW,FWD,retired,2007–08,2007–08,2007,2008,split_year,22,manchester-united,Manchester United,premier-league,Premier League,27,12,domestic_league,False,professional_or_unknown,True,,Wikipedia,https://en.wikipedia.org/wiki/Wayne_Rooney,2026-08-02,1367228953
wayne-rooney,Q266613,Wayne Rooney,1985-10-24,United Kingdom,forward,FW,FWD,retired,2008–09,2008–09,2008,2009,split_year,23,manchester-united,Manchester United,premier-league,Premier League,30,12,domestic_league,False,professional_or_unknown,True,,Wikipedia,https://en.wikipedia.org/wiki/Wayne_Rooney,2026-08-02,1367228953
wayne-rooney,Q266613,Wayne Rooney,1985-10-24,United Kingdom,forward,FW,FWD,retired,2009–10,2009–10,2009,2010,split_year,24,manchester-united,Manchester United,premier-league,Premier League,32,26,domestic_league,False,professional_or_unknown,True,,Wikipedia,https://en.wikipedia.org/wiki/Wayne_Rooney,2026-08-02,1367228953
wayne-rooney,Q266613,Wayne Rooney,1985-10-24,United Kingdom,forward,FW,FWD,retired,2010–11,2010–11,2010,2011,split_year,25,manchester-united,Manchester United,premier-league,Premier League,28,11,domestic_league,False,professional_or_unknown,True,,Wikipedia,https://en.wikipedia.org/wiki/Wayne_Rooney,2026-08-02,1367228953
wayne-rooney,Q266613,Wayne Rooney,1985-10-24,United Kingdom,forward,FW,FWD,retired,2011–12,2011–12,2011,2012,split_year,26,manchester-united,Manchester United,premier-league,Premier League,34,27,domestic_league,False,professional_or_unknown,True,,Wikipedia,https://en.wikipedia.org/wiki/Wayne_Rooney,2026-08-02,1367228953
wayne-rooney,Q266613,Wayne Rooney,1985-10-24,United Kingdom,forward,FW,FWD,retired,2012–13,2012–13,2012,2013,split_year,27,manchester-united,Manchester United,premier-league,Premier League,27,12,domestic_league,False,professional_or_unknown,True,,Wikipedia,https://en.wikipedia.org/wiki/Wayne_Rooney,2026-08-02,1367228953
wayne-rooney,Q266613,Wayne Rooney,1985-10-24,United Kingdom,forward,FW,FWD,retired,2013–14,2013–14,2013,2014,split_year,28,manchester-united,Manchester United,premier-league,Premier League,29,17,domestic_league,False,professional_or_unknown,True,,Wikipedia,https://en.wikipedia.org/wiki/Wayne_Rooney,2026-08-02,1367228953
wayne-rooney,Q266613,Wayne Rooney,1985-10-24,United Kingdom,forward,FW,FWD,retired,2014–15,2014–15,2014,2015,split_year,29,manchester-united,Manchester United,premier-league,Premier League,33,12,domestic_league,False,professional_or_unknown,True,,Wikipedia,https://en.wikipedia.org/wiki/Wayne_Rooney,2026-08-02,1367228953
wayne-rooney,Q266613,Wayne Rooney,1985-10-24,United Kingdom,forward,FW,FWD,retired,2015–16,2015–16,2015,2016,split_year,30,manchester-united,Manchester United,premier-league,Premier League,28,8,domestic_league,False,professional_or_unknown,True,,Wikipedia,https://en.wikipedia.org/wiki/Wayne_Rooney,2026-08-02,1367228953
wayne-rooney,Q266613,Wayne Rooney,1985-10-24,United Kingdom,forward,FW,FWD,retired,2016–17,2016–17,2016,2017,split_year,31,manchester-united,Manchester United,premier-league,Premier League,25,5,domestic_league,False,professional_or_unknown,True,,Wikipedia,https://en.wikipedia.org/wiki/Wayne_Rooney,2026-08-02,1367228953
wayne-rooney,Q266613,Wayne Rooney,1985-10-24,United Kingdom,forward,FW,FWD,retired,2017–18,2017–18,2017,2018,split_year,32,everton,Everton,premier-league,Premier League,31,10,domestic_league,False,professional_or_unknown,True,,Wikipedia,https://en.wikipedia.org/wiki/Wayne_Rooney,2026-08-02,1367228953
wayne-rooney,Q266613,Wayne Rooney,1985-10-24,United Kingdom,forward,FW,FWD,retired,2018,2018,2018,2018,calendar_year,33,d-c-united,D.C. United,mls,MLS,20,12,domestic_league,False,professional_or_unknown,True,,Wikipedia,https://en.wikipedia.org/wiki/Wayne_Rooney,2026-08-02,1367228953
wayne-rooney,Q266613,Wayne Rooney,1985-10-24,United Kingdom,forward,FW,FWD,retired,2019,2019,2019,2019,calendar_year,34,d-c-united,D.C. United,mls,MLS,28,11,domestic_league,False,professional_or_unknown,True,,Wikipedia,https://en.wikipedia.org/wiki/Wayne_Rooney,2026-08-02,1367228953
wayne-rooney,Q266613,Wayne Rooney,1985-10-24,United Kingdom,forward,FW,FWD,retired,2019–20,2019–20,2019,2020,split_year,34,derby-county,Derby County,championship,Championship,20,5,domestic_league,False,professional_or_unknown,True,,Wikipedia,https://en.wikipedia.org/wiki/Wayne_Rooney,2026-08-02,1367228953
wayne-rooney,Q266613,Wayne Rooney,1985-10-24,United Kingdom,forward,FW,FWD,retired,2020–21,2020–21,2020,2021,split_year,35,derby-county,Derby County,championship,Championship,10,1,domestic_league,False,professional_or_unknown,True,,Wikipedia,https://en.wikipedia.org/wiki/Wayne_Rooney,2026-08-02,1367228953
wesley-sneijder,Q124086,Wesley Sneijder,1984-06-09,Kingdom of the Netherlands,midfielder,CM,MID,retired,2002–03,2002–03,2002,2003,split_year,18,ajax,Ajax,eredivisie,Eredivisie,17,4,domestic_league,False,professional_or_unknown,True,,Wikipedia,https://en.wikipedia.org/wiki/Wesley_Sneijder,2026-08-02,1364483537
wesley-sneijder,Q124086,Wesley Sneijder,1984-06-09,Kingdom of the Netherlands,midfielder,CM,MID,retired,2003–04,2003–04,2003,2004,split_year,19,ajax,Ajax,eredivisie,Eredivisie,30,9,domestic_league,False,professional_or_unknown,True,,Wikipedia,https://en.wikipedia.org/wiki/Wesley_Sneijder,2026-08-02,1364483537
wesley-sneijder,Q124086,Wesley Sneijder,1984-06-09,Kingdom of the Netherlands,midfielder,CM,MID,retired,2004–05,2004–05,2004,2005,split_year,20,ajax,Ajax,eredivisie,Eredivisie,30,7,domestic_league,False,professional_or_unknown,True,,Wikipedia,https://en.wikipedia.org/wiki/Wesley_Sneijder,2026-08-02,1364483537
wesley-sneijder,Q124086,Wesley Sneijder,1984-06-09,Kingdom of the Netherlands,midfielder,CM,MID,retired,2005–06,2005–06,2005,2006,split_year,21,ajax,Ajax,eredivisie,Eredivisie,19,5,domestic_league,False,professional_or_unknown,True,,Wikipedia,https://en.wikipedia.org/wiki/Wesley_Sneijder,2026-08-02,1364483537
wesley-sneijder,Q124086,Wesley Sneijder,1984-06-09,Kingdom of the Netherlands,midfielder,CM,MID,retired,2006–07,2006–07,2006,2007,split_year,22,ajax,Ajax,eredivisie,Eredivisie,30,18,domestic_league,False,professional_or_unknown,True,,Wikipedia,https://en.wikipedia.org/wiki/Wesley_Sneijder,2026-08-02,1364483537
wesley-sneijder,Q124086,Wesley Sneijder,1984-06-09,Kingdom of the Netherlands,midfielder,CM,MID,retired,2007–08,2007–08,2007,2008,split_year,23,real-madrid,Real Madrid,la-liga,La Liga,30,9,domestic_league,False,professional_or_unknown,True,,Wikipedia,https://en.wikipedia.org/wiki/Wesley_Sneijder,2026-08-02,1364483537
wesley-sneijder,Q124086,Wesley Sneijder,1984-06-09,Kingdom of the Netherlands,midfielder,CM,MID,retired,2008–09,2008–09,2008,2009,split_year,24,real-madrid,Real Madrid,la-liga,La Liga,22,2,domestic_league,False,professional_or_unknown,True,,Wikipedia,https://en.wikipedia.org/wiki/Wesley_Sneijder,2026-08-02,1364483537
wesley-sneijder,Q124086,Wesley Sneijder,1984-06-09,Kingdom of the Netherlands,midfielder,CM,MID,retired,2009–10,2009–10,2009,2010,split_year,25,inter-milan,Inter Milan,serie-a,Serie A,26,4,domestic_league,False,professional_or_unknown,True,,Wikipedia,https://en.wikipedia.org/wiki/Wesley_Sneijder,2026-08-02,1364483537
wesley-sneijder,Q124086,Wesley Sneijder,1984-06-09,Kingdom of the Netherlands,midfielder,CM,MID,retired,2010–11,2010–11,2010,2011,split_year,26,inter-milan,Inter Milan,serie-a,Serie A,25,4,domestic_league,False,professional_or_unknown,True,,Wikipedia,https://en.wikipedia.org/wiki/Wesley_Sneijder,2026-08-02,1364483537
wesley-sneijder,Q124086,Wesley Sneijder,1984-06-09,Kingdom of the Netherlands,midfielder,CM,MID,retired,2011–12,2011–12,2011,2012,split_year,27,inter-milan,Inter Milan,serie-a,Serie A,20,4,domestic_league,False,professional_or_unknown,True,,Wikipedia,https://en.wikipedia.org/wiki/Wesley_Sneijder,2026-08-02,1364483537
wesley-sneijder,Q124086,Wesley Sneijder,1984-06-09,Kingdom of the Netherlands,midfielder,CM,MID,retired,2012–13,2012–13,2012,2013,split_year,28,galatasaray,Galatasaray,super-lig,Süper Lig,12,3,domestic_league,False,professional_or_unknown,True,,Wikipedia,https://en.wikipedia.org/wiki/Wesley_Sneijder,2026-08-02,1364483537
wesley-sneijder,Q124086,Wesley Sneijder,1984-06-09,Kingdom of the Netherlands,midfielder,CM,MID,retired,2012–13,2012–13,2012,2013,split_year,28,inter-milan,Inter Milan,serie-a,Serie A,5,1,domestic_league,False,professional_or_unknown,True,,Wikipedia,https://en.wikipedia.org/wiki/Wesley_Sneijder,2026-08-02,1364483537
wesley-sneijder,Q124086,Wesley Sneijder,1984-06-09,Kingdom of the Netherlands,midfielder,CM,MID,retired,2013–14,2013–14,2013,2014,split_year,29,galatasaray,Galatasaray,super-lig,Süper Lig,28,12,domestic_league,False,professional_or_unknown,True,,Wikipedia,https://en.wikipedia.org/wiki/Wesley_Sneijder,2026-08-02,1364483537
wesley-sneijder,Q124086,Wesley Sneijder,1984-06-09,Kingdom of the Netherlands,midfielder,CM,MID,retired,2014–15,2014–15,2014,2015,split_year,30,galatasaray,Galatasaray,super-lig,Süper Lig,31,10,domestic_league,False,professional_or_unknown,True,,Wikipedia,https://en.wikipedia.org/wiki/Wesley_Sneijder,2026-08-02,1364483537
wesley-sneijder,Q124086,Wesley Sneijder,1984-06-09,Kingdom of the Netherlands,midfielder,CM,MID,retired,2015–16,2015–16,2015,2016,split_year,31,galatasaray,Galatasaray,super-lig,Süper Lig,25,5,domestic_league,False,professional_or_unknown,True,,Wikipedia,https://en.wikipedia.org/wiki/Wesley_Sneijder,2026-08-02,1364483537
wesley-sneijder,Q124086,Wesley Sneijder,1984-06-09,Kingdom of the Netherlands,midfielder,CM,MID,retired,2016–17,2016–17,2016,2017,split_year,32,galatasaray,Galatasaray,super-lig,Süper Lig,28,5,domestic_league,False,professional_or_unknown,True,,Wikipedia,https://en.wikipedia.org/wiki/Wesley_Sneijder,2026-08-02,1364483537
wesley-sneijder,Q124086,Wesley Sneijder,1984-06-09,Kingdom of the Netherlands,midfielder,CM,MID,retired,2017–18,2017–18,2017,2018,split_year,33,al-gharafa,Al-Gharafa,qatar-stars-league,Qatar Stars League,11,9,domestic_league,False,professional_or_unknown,True,,Wikipedia,https://en.wikipedia.org/wiki/Wesley_Sneijder,2026-08-02,1364483537
wesley-sneijder,Q124086,Wesley Sneijder,1984-06-09,Kingdom of the Netherlands,midfielder,CM,MID,retired,2017–18,2017–18,2017,2018,split_year,33,nice,Nice,ligue-1,Ligue 1,5,0,domestic_league,False,professional_or_unknown,True,,Wikipedia,https://en.wikipedia.org/wiki/Wesley_Sneijder,2026-08-02,1364483537
wesley-sneijder,Q124086,Wesley Sneijder,1984-06-09,Kingdom of the Netherlands,midfielder,CM,MID,retired,2018–19,2018–19,2018,2019,split_year,34,al-gharafa,Al-Gharafa,qatar-stars-league,Qatar Stars League,11,6,domestic_league,False,professional_or_unknown,True,,Wikipedia,https://en.wikipedia.org/wiki/Wesley_Sneijder,2026-08-02,1364483537
william-saliba,Q56868118,William Saliba,2001-03-24,France,defender,CB,DEF,active,2018–19,2018–19,2018,2019,split_year,17,saint-etienne,Saint-Étienne,ligue-1,Ligue 1,16,0,domestic_league,False,professional_or_unknown,True,,Wikipedia,https://en.wikipedia.org/wiki/William_Saliba,2026-08-02,1366138732
william-saliba,Q56868118,William Saliba,2001-03-24,France,defender,CB,DEF,active,2019–20,2019–20,2019,2020,split_year,18,saint-etienne-loan,Saint-Étienne (loan),ligue-1,Ligue 1,12,0,domestic_league,False,professional_or_unknown,True,,Wikipedia,https://en.wikipedia.org/wiki/William_Saliba,2026-08-02,1366138732
william-saliba,Q56868118,William Saliba,2001-03-24,France,defender,CB,DEF,active,2020–21,2020–21,2020,2021,split_year,19,nice-loan,Nice (loan),ligue-1,Ligue 1,20,1,domestic_league,False,professional_or_unknown,True,,Wikipedia,https://en.wikipedia.org/wiki/William_Saliba,2026-08-02,1366138732
william-saliba,Q56868118,William Saliba,2001-03-24,France,defender,CB,DEF,active,2021–22,2021–22,2021,2022,split_year,20,marseille-loan,Marseille (loan),ligue-1,Ligue 1,36,0,domestic_league,False,professional_or_unknown,True,,Wikipedia,https://en.wikipedia.org/wiki/William_Saliba,2026-08-02,1366138732
william-saliba,Q56868118,William Saliba,2001-03-24,France,defender,CB,DEF,active,2022–23,2022–23,2022,2023,split_year,21,arsenal,Arsenal,premier-league,Premier League,27,2,domestic_league,False,professional_or_unknown,True,,Wikipedia,https://en.wikipedia.org/wiki/William_Saliba,2026-08-02,1366138732
william-saliba,Q56868118,William Saliba,2001-03-24,France,defender,CB,DEF,active,2023–24,2023–24,2023,2024,split_year,22,arsenal,Arsenal,premier-league,Premier League,38,2,domestic_league,False,professional_or_unknown,True,,Wikipedia,https://en.wikipedia.org/wiki/William_Saliba,2026-08-02,1366138732
william-saliba,Q56868118,William Saliba,2001-03-24,France,defender,CB,DEF,active,2024–25,2024–25,2024,2025,split_year,23,arsenal,Arsenal,premier-league,Premier League,35,2,domestic_league,False,professional_or_unknown,True,,Wikipedia,https://en.wikipedia.org/wiki/William_Saliba,2026-08-02,1366138732
william-saliba,Q56868118,William Saliba,2001-03-24,France,defender,CB,DEF,active,2025–26,2025–26,2025,2026,split_year,24,arsenal,Arsenal,premier-league,Premier League,31,1,domestic_league,False,professional_or_unknown,True,,Wikipedia,https://en.wikipedia.org/wiki/William_Saliba,2026-08-02,1366138732
xabi-alonso,Q208104,Xabi Alonso,1981-11-25,Spain,midfielder,DM,MID,retired,1999–2000,1999–2000,1999,2000,split_year,18,real-sociedad,Real Sociedad,la-liga,La Liga,0,0,domestic_league,False,professional_or_unknown,True,,Wikipedia,https://en.wikipedia.org/wiki/Xabi_Alonso,2026-08-02,1365317628
xabi-alonso,Q208104,Xabi Alonso,1981-11-25,Spain,midfielder,DM,MID,retired,2000–01,2000–01,2000,2001,split_year,19,eibar-loan,Eibar (loan),segunda-division,Segunda División,14,0,domestic_league,False,professional_or_unknown,True,,Wikipedia,https://en.wikipedia.org/wiki/Xabi_Alonso,2026-08-02,1365317628
xabi-alonso,Q208104,Xabi Alonso,1981-11-25,Spain,midfielder,DM,MID,retired,2000–01,2000–01,2000,2001,split_year,19,real-sociedad,Real Sociedad,la-liga,La Liga,18,0,domestic_league,False,professional_or_unknown,True,,Wikipedia,https://en.wikipedia.org/wiki/Xabi_Alonso,2026-08-02,1365317628
xabi-alonso,Q208104,Xabi Alonso,1981-11-25,Spain,midfielder,DM,MID,retired,2001–02,2001–02,2001,2002,split_year,20,real-sociedad,Real Sociedad,la-liga,La Liga,29,3,domestic_league,False,professional_or_unknown,True,,Wikipedia,https://en.wikipedia.org/wiki/Xabi_Alonso,2026-08-02,1365317628
xabi-alonso,Q208104,Xabi Alonso,1981-11-25,Spain,midfielder,DM,MID,retired,2002–03,2002–03,2002,2003,split_year,21,real-sociedad,Real Sociedad,la-liga,La Liga,33,3,domestic_league,False,professional_or_unknown,True,,Wikipedia,https://en.wikipedia.org/wiki/Xabi_Alonso,2026-08-02,1365317628
xabi-alonso,Q208104,Xabi Alonso,1981-11-25,Spain,midfielder,DM,MID,retired,2003–04,2003–04,2003,2004,split_year,22,real-sociedad,Real Sociedad,la-liga,La Liga,34,3,domestic_league,False,professional_or_unknown,True,,Wikipedia,https://en.wikipedia.org/wiki/Xabi_Alonso,2026-08-02,1365317628
xabi-alonso,Q208104,Xabi Alonso,1981-11-25,Spain,midfielder,DM,MID,retired,2004–05,2004–05,2004,2005,split_year,23,liverpool,Liverpool,premier-league,Premier League,24,2,domestic_league,False,professional_or_unknown,True,,Wikipedia,https://en.wikipedia.org/wiki/Xabi_Alonso,2026-08-02,1365317628
xabi-alonso,Q208104,Xabi Alonso,1981-11-25,Spain,midfielder,DM,MID,retired,2005–06,2005–06,2005,2006,split_year,24,liverpool,Liverpool,premier-league,Premier League,35,3,domestic_league,False,professional_or_unknown,True,,Wikipedia,https://en.wikipedia.org/wiki/Xabi_Alonso,2026-08-02,1365317628
xabi-alonso,Q208104,Xabi Alonso,1981-11-25,Spain,midfielder,DM,MID,retired,2006–07,2006–07,2006,2007,split_year,25,liverpool,Liverpool,premier-league,Premier League,32,4,domestic_league,False,professional_or_unknown,True,,Wikipedia,https://en.wikipedia.org/wiki/Xabi_Alonso,2026-08-02,1365317628
xabi-alonso,Q208104,Xabi Alonso,1981-11-25,Spain,midfielder,DM,MID,retired,2007–08,2007–08,2007,2008,split_year,26,liverpool,Liverpool,premier-league,Premier League,19,2,domestic_league,False,professional_or_unknown,True,,Wikipedia,https://en.wikipedia.org/wiki/Xabi_Alonso,2026-08-02,1365317628
xabi-alonso,Q208104,Xabi Alonso,1981-11-25,Spain,midfielder,DM,MID,retired,2008–09,2008–09,2008,2009,split_year,27,liverpool,Liverpool,premier-league,Premier League,33,4,domestic_league,False,professional_or_unknown,True,,Wikipedia,https://en.wikipedia.org/wiki/Xabi_Alonso,2026-08-02,1365317628
xabi-alonso,Q208104,Xabi Alonso,1981-11-25,Spain,midfielder,DM,MID,retired,2009–10,2009–10,2009,2010,split_year,28,real-madrid,Real Madrid,la-liga,La Liga,34,3,domestic_league,False,professional_or_unknown,True,,Wikipedia,https://en.wikipedia.org/wiki/Xabi_Alonso,2026-08-02,1365317628
xabi-alonso,Q208104,Xabi Alonso,1981-11-25,Spain,midfielder,DM,MID,retired,2010–11,2010–11,2010,2011,split_year,29,real-madrid,Real Madrid,la-liga,La Liga,34,0,domestic_league,False,professional_or_unknown,True,,Wikipedia,https://en.wikipedia.org/wiki/Xabi_Alonso,2026-08-02,1365317628
xabi-alonso,Q208104,Xabi Alonso,1981-11-25,Spain,midfielder,DM,MID,retired,2011–12,2011–12,2011,2012,split_year,30,real-madrid,Real Madrid,la-liga,La Liga,36,1,domestic_league,False,professional_or_unknown,True,,Wikipedia,https://en.wikipedia.org/wiki/Xabi_Alonso,2026-08-02,1365317628
xabi-alonso,Q208104,Xabi Alonso,1981-11-25,Spain,midfielder,DM,MID,retired,2012–13,2012–13,2012,2013,split_year,31,real-madrid,Real Madrid,la-liga,La Liga,28,0,domestic_league,False,professional_or_unknown,True,,Wikipedia,https://en.wikipedia.org/wiki/Xabi_Alonso,2026-08-02,1365317628
xabi-alonso,Q208104,Xabi Alonso,1981-11-25,Spain,midfielder,DM,MID,retired,2013–14,2013–14,2013,2014,split_year,32,real-madrid,Real Madrid,la-liga,La Liga,26,0,domestic_league,False,professional_or_unknown,True,,Wikipedia,https://en.wikipedia.org/wiki/Xabi_Alonso,2026-08-02,1365317628
xabi-alonso,Q208104,Xabi Alonso,1981-11-25,Spain,midfielder,DM,MID,retired,2014–15,2014–15,2014,2015,split_year,33,bayern-munich,Bayern Munich,bundesliga,Bundesliga,26,2,domestic_league,False,professional_or_unknown,True,,Wikipedia,https://en.wikipedia.org/wiki/Xabi_Alonso,2026-08-02,1365317628
xabi-alonso,Q208104,Xabi Alonso,1981-11-25,Spain,midfielder,DM,MID,retired,2014–15,2014–15,2014,2015,split_year,33,real-madrid,Real Madrid,la-liga,La Liga,0,0,domestic_league,False,professional_or_unknown,True,,Wikipedia,https://en.wikipedia.org/wiki/Xabi_Alonso,2026-08-02,1365317628
xabi-alonso,Q208104,Xabi Alonso,1981-11-25,Spain,midfielder,DM,MID,retired,2015–16,2015–16,2015,2016,split_year,34,bayern-munich,Bayern Munich,bundesliga,Bundesliga,26,0,domestic_league,False,professional_or_unknown,True,,Wikipedia,https://en.wikipedia.org/wiki/Xabi_Alonso,2026-08-02,1365317628
xabi-alonso,Q208104,Xabi Alonso,1981-11-25,Spain,midfielder,DM,MID,retired,2016–17,2016–17,2016,2017,split_year,35,bayern-munich,Bayern Munich,bundesliga,Bundesliga,27,3,domestic_league,False,professional_or_unknown,True,,Wikipedia,https://en.wikipedia.org/wiki/Xabi_Alonso,2026-08-02,1365317628
xavi-footballer-born-1980,Q17500,"Xavi (footballer, born 1980)",1980-01-25,Spain,midfielder,CM,MID,retired,1998–99,1998–99,1998,1999,split_year,18,barcelona,Barcelona,la-liga,La Liga,17,1,domestic_league,False,professional_or_unknown,True,,Wikipedia,"https://en.wikipedia.org/wiki/Xavi_(footballer,_born_1980)",2026-08-02,1367111691
xavi-footballer-born-1980,Q17500,"Xavi (footballer, born 1980)",1980-01-25,Spain,midfielder,CM,MID,retired,1999–2000,1999–2000,1999,2000,split_year,19,barcelona,Barcelona,la-liga,La Liga,24,0,domestic_league,False,professional_or_unknown,True,,Wikipedia,"https://en.wikipedia.org/wiki/Xavi_(footballer,_born_1980)",2026-08-02,1367111691
xavi-footballer-born-1980,Q17500,"Xavi (footballer, born 1980)",1980-01-25,Spain,midfielder,CM,MID,retired,2000–01,2000–01,2000,2001,split_year,20,barcelona,Barcelona,la-liga,La Liga,20,2,domestic_league,False,professional_or_unknown,True,,Wikipedia,"https://en.wikipedia.org/wiki/Xavi_(footballer,_born_1980)",2026-08-02,1367111691
xavi-footballer-born-1980,Q17500,"Xavi (footballer, born 1980)",1980-01-25,Spain,midfielder,CM,MID,retired,2001–02,2001–02,2001,2002,split_year,21,barcelona,Barcelona,la-liga,La Liga,35,4,domestic_league,False,professional_or_unknown,True,,Wikipedia,"https://en.wikipedia.org/wiki/Xavi_(footballer,_born_1980)",2026-08-02,1367111691
xavi-footballer-born-1980,Q17500,"Xavi (footballer, born 1980)",1980-01-25,Spain,midfielder,CM,MID,retired,2002–03,2002–03,2002,2003,split_year,22,barcelona,Barcelona,la-liga,La Liga,29,2,domestic_league,False,professional_or_unknown,True,,Wikipedia,"https://en.wikipedia.org/wiki/Xavi_(footballer,_born_1980)",2026-08-02,1367111691
xavi-footballer-born-1980,Q17500,"Xavi (footballer, born 1980)",1980-01-25,Spain,midfielder,CM,MID,retired,2003–04,2003–04,2003,2004,split_year,23,barcelona,Barcelona,la-liga,La Liga,36,4,domestic_league,False,professional_or_unknown,True,,Wikipedia,"https://en.wikipedia.org/wiki/Xavi_(footballer,_born_1980)",2026-08-02,1367111691
xavi-footballer-born-1980,Q17500,"Xavi (footballer, born 1980)",1980-01-25,Spain,midfielder,CM,MID,retired,2004–05,2004–05,2004,2005,split_year,24,barcelona,Barcelona,la-liga,La Liga,36,3,domestic_league,False,professional_or_unknown,True,,Wikipedia,"https://en.wikipedia.org/wiki/Xavi_(footballer,_born_1980)",2026-08-02,1367111691
xavi-footballer-born-1980,Q17500,"Xavi (footballer, born 1980)",1980-01-25,Spain,midfielder,CM,MID,retired,2005–06,2005–06,2005,2006,split_year,25,barcelona,Barcelona,la-liga,La Liga,16,0,domestic_league,False,professional_or_unknown,True,,Wikipedia,"https://en.wikipedia.org/wiki/Xavi_(footballer,_born_1980)",2026-08-02,1367111691
xavi-footballer-born-1980,Q17500,"Xavi (footballer, born 1980)",1980-01-25,Spain,midfielder,CM,MID,retired,2006–07,2006–07,2006,2007,split_year,26,barcelona,Barcelona,la-liga,La Liga,35,3,domestic_league,False,professional_or_unknown,True,,Wikipedia,"https://en.wikipedia.org/wiki/Xavi_(footballer,_born_1980)",2026-08-02,1367111691
xavi-footballer-born-1980,Q17500,"Xavi (footballer, born 1980)",1980-01-25,Spain,midfielder,CM,MID,retired,2007–08,2007–08,2007,2008,split_year,27,barcelona,Barcelona,la-liga,La Liga,35,7,domestic_league,False,professional_or_unknown,True,,Wikipedia,"https://en.wikipedia.org/wiki/Xavi_(footballer,_born_1980)",2026-08-02,1367111691
xavi-footballer-born-1980,Q17500,"Xavi (footballer, born 1980)",1980-01-25,Spain,midfielder,CM,MID,retired,2008–09,2008–09,2008,2009,split_year,28,barcelona,Barcelona,la-liga,La Liga,35,6,domestic_league,False,professional_or_unknown,True,,Wikipedia,"https://en.wikipedia.org/wiki/Xavi_(footballer,_born_1980)",2026-08-02,1367111691
xavi-footballer-born-1980,Q17500,"Xavi (footballer, born 1980)",1980-01-25,Spain,midfielder,CM,MID,retired,2009–10,2009–10,2009,2010,split_year,29,barcelona,Barcelona,la-liga,La Liga,34,3,domestic_league,False,professional_or_unknown,True,,Wikipedia,"https://en.wikipedia.org/wiki/Xavi_(footballer,_born_1980)",2026-08-02,1367111691
xavi-footballer-born-1980,Q17500,"Xavi (footballer, born 1980)",1980-01-25,Spain,midfielder,CM,MID,retired,2010–11,2010–11,2010,2011,split_year,30,barcelona,Barcelona,la-liga,La Liga,31,3,domestic_league,False,professional_or_unknown,True,,Wikipedia,"https://en.wikipedia.org/wiki/Xavi_(footballer,_born_1980)",2026-08-02,1367111691
xavi-footballer-born-1980,Q17500,"Xavi (footballer, born 1980)",1980-01-25,Spain,midfielder,CM,MID,retired,2011–12,2011–12,2011,2012,split_year,31,barcelona,Barcelona,la-liga,La Liga,31,10,domestic_league,False,professional_or_unknown,True,,Wikipedia,"https://en.wikipedia.org/wiki/Xavi_(footballer,_born_1980)",2026-08-02,1367111691
xavi-footballer-born-1980,Q17500,"Xavi (footballer, born 1980)",1980-01-25,Spain,midfielder,CM,MID,retired,2012–13,2012–13,2012,2013,split_year,32,barcelona,Barcelona,la-liga,La Liga,30,5,domestic_league,False,professional_or_unknown,True,,Wikipedia,"https://en.wikipedia.org/wiki/Xavi_(footballer,_born_1980)",2026-08-02,1367111691
xavi-footballer-born-1980,Q17500,"Xavi (footballer, born 1980)",1980-01-25,Spain,midfielder,CM,MID,retired,2013–14,2013–14,2013,2014,split_year,33,barcelona,Barcelona,la-liga,La Liga,30,3,domestic_league,False,professional_or_unknown,True,,Wikipedia,"https://en.wikipedia.org/wiki/Xavi_(footballer,_born_1980)",2026-08-02,1367111691
xavi-footballer-born-1980,Q17500,"Xavi (footballer, born 1980)",1980-01-25,Spain,midfielder,CM,MID,retired,2014–15,2014–15,2014,2015,split_year,34,barcelona,Barcelona,la-liga,La Liga,31,2,domestic_league,False,professional_or_unknown,True,,Wikipedia,"https://en.wikipedia.org/wiki/Xavi_(footballer,_born_1980)",2026-08-02,1367111691
xavi-footballer-born-1980,Q17500,"Xavi (footballer, born 1980)",1980-01-25,Spain,midfielder,CM,MID,retired,2015–16,2015–16,2015,2016,split_year,35,al-sadd,Al Sadd,qatar-stars-league,Qatar Stars League,24,3,domestic_league,False,professional_or_unknown,True,,Wikipedia,"https://en.wikipedia.org/wiki/Xavi_(footballer,_born_1980)",2026-08-02,1367111691
xavi-footballer-born-1980,Q17500,"Xavi (footballer, born 1980)",1980-01-25,Spain,midfielder,CM,MID,retired,2016–17,2016–17,2016,2017,split_year,36,al-sadd,Al Sadd,qatar-stars-league,Qatar Stars League,26,10,domestic_league,False,professional_or_unknown,True,,Wikipedia,"https://en.wikipedia.org/wiki/Xavi_(footballer,_born_1980)",2026-08-02,1367111691
xavi-footballer-born-1980,Q17500,"Xavi (footballer, born 1980)",1980-01-25,Spain,midfielder,CM,MID,retired,2017–18,2017–18,2017,2018,split_year,37,al-sadd,Al Sadd,qatar-stars-league,Qatar Stars League,18,6,domestic_league,False,professional_or_unknown,True,,Wikipedia,"https://en.wikipedia.org/wiki/Xavi_(footballer,_born_1980)",2026-08-02,1367111691
xavi-footballer-born-1980,Q17500,"Xavi (footballer, born 1980)",1980-01-25,Spain,midfielder,CM,MID,retired,2018–19,2018–19,2018,2019,split_year,38,al-sadd,Al Sadd,qatar-stars-league,Qatar Stars League,14,2,domestic_league,False,professional_or_unknown,True,,Wikipedia,"https://en.wikipedia.org/wiki/Xavi_(footballer,_born_1980)",2026-08-02,1367111691
yaya-toure,Q184277,Yaya Touré,1983-05-13,Ivory Coast,midfielder,DM,MID,retired,2001–02,2001–02,2001,2002,split_year,18,beveren,Beveren,belgian-first-division,Belgian First Division,28,0,domestic_league,False,professional_or_unknown,True,,Wikipedia,https://en.wikipedia.org/wiki/Yaya_Touré,2026-08-02,1367352163
yaya-toure,Q184277,Yaya Touré,1983-05-13,Ivory Coast,midfielder,DM,MID,retired,2002–03,2002–03,2002,2003,split_year,19,beveren,Beveren,belgian-first-division,Belgian First Division,30,3,domestic_league,False,professional_or_unknown,True,,Wikipedia,https://en.wikipedia.org/wiki/Yaya_Touré,2026-08-02,1367352163
yaya-toure,Q184277,Yaya Touré,1983-05-13,Ivory Coast,midfielder,DM,MID,retired,2003–04,2003–04,2003,2004,split_year,20,beveren,Beveren,belgian-first-division,Belgian First Division,12,0,domestic_league,False,professional_or_unknown,True,,Wikipedia,https://en.wikipedia.org/wiki/Yaya_Touré,2026-08-02,1367352163
yaya-toure,Q184277,Yaya Touré,1983-05-13,Ivory Coast,midfielder,DM,MID,retired,2003–04,2003–04,2003,2004,split_year,20,metalurh-donetsk,Metalurh Donetsk,vyshcha-liha,Vyshcha Liha,11,1,domestic_league,False,professional_or_unknown,True,,Wikipedia,https://en.wikipedia.org/wiki/Yaya_Touré,2026-08-02,1367352163
yaya-toure,Q184277,Yaya Touré,1983-05-13,Ivory Coast,midfielder,DM,MID,retired,2004–05,2004–05,2004,2005,split_year,21,metalurh-donetsk,Metalurh Donetsk,vyshcha-liha,Vyshcha Liha,22,2,domestic_league,False,professional_or_unknown,True,,Wikipedia,https://en.wikipedia.org/wiki/Yaya_Touré,2026-08-02,1367352163
yaya-toure,Q184277,Yaya Touré,1983-05-13,Ivory Coast,midfielder,DM,MID,retired,2005–06,2005–06,2005,2006,split_year,22,olympiacos,Olympiacos,alpha-ethniki,Alpha Ethniki,20,3,domestic_league,False,professional_or_unknown,True,,Wikipedia,https://en.wikipedia.org/wiki/Yaya_Touré,2026-08-02,1367352163
yaya-toure,Q184277,Yaya Touré,1983-05-13,Ivory Coast,midfielder,DM,MID,retired,2006–07,2006–07,2006,2007,split_year,23,monaco,Monaco,ligue-1,Ligue 1,27,5,domestic_league,False,professional_or_unknown,True,,Wikipedia,https://en.wikipedia.org/wiki/Yaya_Touré,2026-08-02,1367352163
yaya-toure,Q184277,Yaya Touré,1983-05-13,Ivory Coast,midfielder,DM,MID,retired,2007–08,2007–08,2007,2008,split_year,24,barcelona,Barcelona,la-liga,La Liga,26,1,domestic_league,False,professional_or_unknown,True,,Wikipedia,https://en.wikipedia.org/wiki/Yaya_Touré,2026-08-02,1367352163
yaya-toure,Q184277,Yaya Touré,1983-05-13,Ivory Coast,midfielder,DM,MID,retired,2008–09,2008–09,2008,2009,split_year,25,barcelona,Barcelona,la-liga,La Liga,25,2,domestic_league,False,professional_or_unknown,True,,Wikipedia,https://en.wikipedia.org/wiki/Yaya_Touré,2026-08-02,1367352163
yaya-toure,Q184277,Yaya Touré,1983-05-13,Ivory Coast,midfielder,DM,MID,retired,2009–10,2009–10,2009,2010,split_year,26,barcelona,Barcelona,la-liga,La Liga,23,1,domestic_league,False,professional_or_unknown,True,,Wikipedia,https://en.wikipedia.org/wiki/Yaya_Touré,2026-08-02,1367352163
yaya-toure,Q184277,Yaya Touré,1983-05-13,Ivory Coast,midfielder,DM,MID,retired,2010–11,2010–11,2010,2011,split_year,27,manchester-city,Manchester City,premier-league,Premier League,35,8,domestic_league,False,professional_or_unknown,True,,Wikipedia,https://en.wikipedia.org/wiki/Yaya_Touré,2026-08-02,1367352163
yaya-toure,Q184277,Yaya Touré,1983-05-13,Ivory Coast,midfielder,DM,MID,retired,2011–12,2011–12,2011,2012,split_year,28,manchester-city,Manchester City,premier-league,Premier League,32,6,domestic_league,False,professional_or_unknown,True,,Wikipedia,https://en.wikipedia.org/wiki/Yaya_Touré,2026-08-02,1367352163
yaya-toure,Q184277,Yaya Touré,1983-05-13,Ivory Coast,midfielder,DM,MID,retired,2012–13,2012–13,2012,2013,split_year,29,manchester-city,Manchester City,premier-league,Premier League,32,7,domestic_league,False,professional_or_unknown,True,,Wikipedia,https://en.wikipedia.org/wiki/Yaya_Touré,2026-08-02,1367352163
yaya-toure,Q184277,Yaya Touré,1983-05-13,Ivory Coast,midfielder,DM,MID,retired,2013–14,2013–14,2013,2014,split_year,30,manchester-city,Manchester City,premier-league,Premier League,35,20,domestic_league,False,professional_or_unknown,True,,Wikipedia,https://en.wikipedia.org/wiki/Yaya_Touré,2026-08-02,1367352163
yaya-toure,Q184277,Yaya Touré,1983-05-13,Ivory Coast,midfielder,DM,MID,retired,2014–15,2014–15,2014,2015,split_year,31,manchester-city,Manchester City,premier-league,Premier League,29,10,domestic_league,False,professional_or_unknown,True,,Wikipedia,https://en.wikipedia.org/wiki/Yaya_Touré,2026-08-02,1367352163
yaya-toure,Q184277,Yaya Touré,1983-05-13,Ivory Coast,midfielder,DM,MID,retired,2015–16,2015–16,2015,2016,split_year,32,manchester-city,Manchester City,premier-league,Premier League,32,6,domestic_league,False,professional_or_unknown,True,,Wikipedia,https://en.wikipedia.org/wiki/Yaya_Touré,2026-08-02,1367352163
yaya-toure,Q184277,Yaya Touré,1983-05-13,Ivory Coast,midfielder,DM,MID,retired,2016–17,2016–17,2016,2017,split_year,33,manchester-city,Manchester City,premier-league,Premier League,25,5,domestic_league,False,professional_or_unknown,True,,Wikipedia,https://en.wikipedia.org/wiki/Yaya_Touré,2026-08-02,1367352163
yaya-toure,Q184277,Yaya Touré,1983-05-13,Ivory Coast,midfielder,DM,MID,retired,2017–18,2017–18,2017,2018,split_year,34,manchester-city,Manchester City,premier-league,Premier League,10,0,domestic_league,False,professional_or_unknown,True,,Wikipedia,https://en.wikipedia.org/wiki/Yaya_Touré,2026-08-02,1367352163
yaya-toure,Q184277,Yaya Touré,1983-05-13,Ivory Coast,midfielder,DM,MID,retired,2018–19,2018–19,2018,2019,split_year,35,olympiacos,Olympiacos,super-league-greece,Super League Greece,2,0,domestic_league,False,professional_or_unknown,True,,Wikipedia,https://en.wikipedia.org/wiki/Yaya_Touré,2026-08-02,1367352163
yaya-toure,Q184277,Yaya Touré,1983-05-13,Ivory Coast,midfielder,DM,MID,retired,2019,2019,2019,2019,calendar_year,36,qingdao-huanghai,Qingdao Huanghai,china-league-one,China League One,14,2,domestic_league,False,professional_or_unknown,True,,Wikipedia,https://en.wikipedia.org/wiki/Yaya_Touré,2026-08-02,1367352163
zlatan-ibrahimovic,Q46896,Zlatan Ibrahimović,1981-10-03,Sweden,forward,FW,FWD,retired,1999,1999,1999,1999,calendar_year,18,malmo-ff,Malmö FF,allsvenskan,Allsvenskan,6,1,domestic_league,False,professional_or_unknown,True,,Wikipedia,https://en.wikipedia.org/wiki/Zlatan_Ibrahimović,2026-08-02,1367111851
zlatan-ibrahimovic,Q46896,Zlatan Ibrahimović,1981-10-03,Sweden,forward,FW,FWD,retired,2000,2000,2000,2000,calendar_year,19,malmo-ff,Malmö FF,superettan,Superettan,26,12,domestic_league,False,professional_or_unknown,True,,Wikipedia,https://en.wikipedia.org/wiki/Zlatan_Ibrahimović,2026-08-02,1367111851
zlatan-ibrahimovic,Q46896,Zlatan Ibrahimović,1981-10-03,Sweden,forward,FW,FWD,retired,2001,2001,2001,2001,calendar_year,20,malmo-ff,Malmö FF,allsvenskan,Allsvenskan,8,3,domestic_league,False,professional_or_unknown,True,,Wikipedia,https://en.wikipedia.org/wiki/Zlatan_Ibrahimović,2026-08-02,1367111851
zlatan-ibrahimovic,Q46896,Zlatan Ibrahimović,1981-10-03,Sweden,forward,FW,FWD,retired,2001–02,2001–02,2001,2002,split_year,20,ajax,Ajax,eredivisie,Eredivisie,24,6,domestic_league,False,professional_or_unknown,True,,Wikipedia,https://en.wikipedia.org/wiki/Zlatan_Ibrahimović,2026-08-02,1367111851
zlatan-ibrahimovic,Q46896,Zlatan Ibrahimović,1981-10-03,Sweden,forward,FW,FWD,retired,2002–03,2002–03,2002,2003,split_year,21,ajax,Ajax,eredivisie,Eredivisie,25,13,domestic_league,False,professional_or_unknown,True,,Wikipedia,https://en.wikipedia.org/wiki/Zlatan_Ibrahimović,2026-08-02,1367111851
zlatan-ibrahimovic,Q46896,Zlatan Ibrahimović,1981-10-03,Sweden,forward,FW,FWD,retired,2003–04,2003–04,2003,2004,split_year,22,ajax,Ajax,eredivisie,Eredivisie,22,13,domestic_league,False,professional_or_unknown,True,,Wikipedia,https://en.wikipedia.org/wiki/Zlatan_Ibrahimović,2026-08-02,1367111851
zlatan-ibrahimovic,Q46896,Zlatan Ibrahimović,1981-10-03,Sweden,forward,FW,FWD,retired,2004–05,2004–05,2004,2005,split_year,23,ajax,Ajax,eredivisie,Eredivisie,3,3,domestic_league,False,professional_or_unknown,True,,Wikipedia,https://en.wikipedia.org/wiki/Zlatan_Ibrahimović,2026-08-02,1367111851
zlatan-ibrahimovic,Q46896,Zlatan Ibrahimović,1981-10-03,Sweden,forward,FW,FWD,retired,2004–05,2004–05,2004,2005,split_year,23,juventus,Juventus,serie-a,Serie A,35,16,domestic_league,False,professional_or_unknown,True,,Wikipedia,https://en.wikipedia.org/wiki/Zlatan_Ibrahimović,2026-08-02,1367111851
zlatan-ibrahimovic,Q46896,Zlatan Ibrahimović,1981-10-03,Sweden,forward,FW,FWD,retired,2005–06,2005–06,2005,2006,split_year,24,juventus,Juventus,serie-a,Serie A,35,7,domestic_league,False,professional_or_unknown,True,,Wikipedia,https://en.wikipedia.org/wiki/Zlatan_Ibrahimović,2026-08-02,1367111851
zlatan-ibrahimovic,Q46896,Zlatan Ibrahimović,1981-10-03,Sweden,forward,FW,FWD,retired,2006–07,2006–07,2006,2007,split_year,25,inter-milan,Inter Milan,serie-a,Serie A,27,15,domestic_league,False,professional_or_unknown,True,,Wikipedia,https://en.wikipedia.org/wiki/Zlatan_Ibrahimović,2026-08-02,1367111851
zlatan-ibrahimovic,Q46896,Zlatan Ibrahimović,1981-10-03,Sweden,forward,FW,FWD,retired,2007–08,2007–08,2007,2008,split_year,26,inter-milan,Inter Milan,serie-a,Serie A,26,17,domestic_league,False,professional_or_unknown,True,,Wikipedia,https://en.wikipedia.org/wiki/Zlatan_Ibrahimović,2026-08-02,1367111851
zlatan-ibrahimovic,Q46896,Zlatan Ibrahimović,1981-10-03,Sweden,forward,FW,FWD,retired,2008–09,2008–09,2008,2009,split_year,27,inter-milan,Inter Milan,serie-a,Serie A,35,25,domestic_league,False,professional_or_unknown,True,,Wikipedia,https://en.wikipedia.org/wiki/Zlatan_Ibrahimović,2026-08-02,1367111851
zlatan-ibrahimovic,Q46896,Zlatan Ibrahimović,1981-10-03,Sweden,forward,FW,FWD,retired,2009–10,2009–10,2009,2010,split_year,28,barcelona,Barcelona,la-liga,La Liga,29,16,domestic_league,False,professional_or_unknown,True,,Wikipedia,https://en.wikipedia.org/wiki/Zlatan_Ibrahimović,2026-08-02,1367111851
zlatan-ibrahimovic,Q46896,Zlatan Ibrahimović,1981-10-03,Sweden,forward,FW,FWD,retired,2010–11,2010–11,2010,2011,split_year,29,ac-milan-loan,AC Milan (loan),serie-a,Serie A,29,14,domestic_league,False,professional_or_unknown,True,,Wikipedia,https://en.wikipedia.org/wiki/Zlatan_Ibrahimović,2026-08-02,1367111851
zlatan-ibrahimovic,Q46896,Zlatan Ibrahimović,1981-10-03,Sweden,forward,FW,FWD,retired,2011–12,2011–12,2011,2012,split_year,30,ac-milan,AC Milan,serie-a,Serie A,32,28,domestic_league,False,professional_or_unknown,True,,Wikipedia,https://en.wikipedia.org/wiki/Zlatan_Ibrahimović,2026-08-02,1367111851
zlatan-ibrahimovic,Q46896,Zlatan Ibrahimović,1981-10-03,Sweden,forward,FW,FWD,retired,2012–13,2012–13,2012,2013,split_year,31,paris-saint-germain,Paris Saint-Germain,ligue-1,Ligue 1,34,30,domestic_league,False,professional_or_unknown,True,,Wikipedia,https://en.wikipedia.org/wiki/Zlatan_Ibrahimović,2026-08-02,1367111851
zlatan-ibrahimovic,Q46896,Zlatan Ibrahimović,1981-10-03,Sweden,forward,FW,FWD,retired,2013–14,2013–14,2013,2014,split_year,32,paris-saint-germain,Paris Saint-Germain,ligue-1,Ligue 1,33,26,domestic_league,False,professional_or_unknown,True,,Wikipedia,https://en.wikipedia.org/wiki/Zlatan_Ibrahimović,2026-08-02,1367111851
zlatan-ibrahimovic,Q46896,Zlatan Ibrahimović,1981-10-03,Sweden,forward,FW,FWD,retired,2014–15,2014–15,2014,2015,split_year,33,paris-saint-germain,Paris Saint-Germain,ligue-1,Ligue 1,24,19,domestic_league,False,professional_or_unknown,True,,Wikipedia,https://en.wikipedia.org/wiki/Zlatan_Ibrahimović,2026-08-02,1367111851
zlatan-ibrahimovic,Q46896,Zlatan Ibrahimović,1981-10-03,Sweden,forward,FW,FWD,retired,2015–16,2015–16,2015,2016,split_year,34,paris-saint-germain,Paris Saint-Germain,ligue-1,Ligue 1,31,38,domestic_league,False,professional_or_unknown,True,,Wikipedia,https://en.wikipedia.org/wiki/Zlatan_Ibrahimović,2026-08-02,1367111851
zlatan-ibrahimovic,Q46896,Zlatan Ibrahimović,1981-10-03,Sweden,forward,FW,FWD,retired,2016–17,2016–17,2016,2017,split_year,35,manchester-united,Manchester United,premier-league,Premier League,28,17,domestic_league,False,professional_or_unknown,True,,Wikipedia,https://en.wikipedia.org/wiki/Zlatan_Ibrahimović,2026-08-02,1367111851
zlatan-ibrahimovic,Q46896,Zlatan Ibrahimović,1981-10-03,Sweden,forward,FW,FWD,retired,2017–18,2017–18,2017,2018,split_year,36,manchester-united,Manchester United,premier-league,Premier League,5,0,domestic_league,False,professional_or_unknown,True,,Wikipedia,https://en.wikipedia.org/wiki/Zlatan_Ibrahimović,2026-08-02,1367111851
zlatan-ibrahimovic,Q46896,Zlatan Ibrahimović,1981-10-03,Sweden,forward,FW,FWD,retired,2018,2018,2018,2018,calendar_year,37,la-galaxy,LA Galaxy,major-league-soccer,Major League Soccer,27,22,domestic_league,False,professional_or_unknown,True,,Wikipedia,https://en.wikipedia.org/wiki/Zlatan_Ibrahimović,2026-08-02,1367111851
zlatan-ibrahimovic,Q46896,Zlatan Ibrahimović,1981-10-03,Sweden,forward,FW,FWD,retired,2019,2019,2019,2019,calendar_year,38,la-galaxy,LA Galaxy,major-league-soccer,Major League Soccer,29,30,domestic_league,False,professional_or_unknown,True,,Wikipedia,https://en.wikipedia.org/wiki/Zlatan_Ibrahimović,2026-08-02,1367111851
zlatan-ibrahimovic,Q46896,Zlatan Ibrahimović,1981-10-03,Sweden,forward,FW,FWD,retired,2019–20,2019–20,2019,2020,split_year,38,ac-milan,AC Milan,serie-a,Serie A,18,10,domestic_league,False,professional_or_unknown,True,,Wikipedia,https://en.wikipedia.org/wiki/Zlatan_Ibrahimović,2026-08-02,1367111851
zlatan-ibrahimovic,Q46896,Zlatan Ibrahimović,1981-10-03,Sweden,forward,FW,FWD,retired,2020–21,2020–21,2020,2021,split_year,39,ac-milan,AC Milan,serie-a,Serie A,19,15,domestic_league,False,professional_or_unknown,True,,Wikipedia,https://en.wikipedia.org/wiki/Zlatan_Ibrahimović,2026-08-02,1367111851
zlatan-ibrahimovic,Q46896,Zlatan Ibrahimović,1981-10-03,Sweden,forward,FW,FWD,retired,2021–22,2021–22,2021,2022,split_year,40,ac-milan,AC Milan,serie-a,Serie A,23,8,domestic_league,False,professional_or_unknown,True,,Wikipedia,https://en.wikipedia.org/wiki/Zlatan_Ibrahimović,2026-08-02,1367111851
zlatan-ibrahimovic,Q46896,Zlatan Ibrahimović,1981-10-03,Sweden,forward,FW,FWD,retired,2022–23,2022–23,2022,2023,split_year,41,ac-milan,AC Milan,serie-a,Serie A,4,1,domestic_league,False,professional_or_unknown,True,,Wikipedia,https://en.wikipedia.org/wiki/Zlatan_Ibrahimović,2026-08-02,1367111851
